-3.225454573996554, 4.606071889287967
-3.215509810468441, 4.606896333949321
-3.205565093611935, 4.607717889790426
-3.195619058722483, 4.608550757334914
-3.1856742358635937, 4.609374602802802
-3.175736914915702, 4.610507315477551
-3.165786541044914, 4.612037141209236
-3.1558125587955366, 4.613583586921613
-3.145848955935567, 4.614943089080315
-3.1358706033698454, 4.616236062825308
-3.1258729220949575, 4.617460929651201
-3.115873566433693, 4.618491135550298
-3.1058610494943752, 4.619425554697554
-3.0958405510723854, 4.620255020052139
-3.085813185393478, 4.620985184266758
-3.0757767703403402, 4.621628774296696
-3.065808020347218, 4.6217931851385705
-3.05586465870311, 4.621596116716282
-3.045920498650182, 4.621472004660155
-3.035973300856406, 4.621364964436417
-3.026023847007218, 4.621256915552432
-3.0160727530772276, 4.621145604901075
-3.006120363465086, 4.621031221801133
-2.996167047912467, 4.620914296232098
-2.9862133374715065, 4.620795341417786
-2.9762592545881237, 4.62067478434881
-2.9663048713976243, 4.62055298687617
-2.956350247961392, 4.620430251058793
-2.9463954313540253, 4.620306828336955
-2.9364404585532444, 4.620182927652753
-2.9264853587801554, 4.620058722388407
-2.9165301552615, 4.6199343562614175
-2.9065748665584956, 4.619809948301275
-2.8966195075757937, 4.61968559702807
-2.8866640903334306, 4.619561383946832
-2.8767086245619877, 4.619437376460802
-2.8667531181649304, 4.619313630294945
-2.8567975775803847, 4.619190191508741
-2.8468420080661208, 4.619067098165732
-2.8368864139254986, 4.618944381717067
-2.826930798687573, 4.618822068147206
-2.8169751652514425, 4.618700178922142
-2.807019516002427, 4.618578731773798
-2.797063852905939, 4.618457741348734
-2.7871081775836313, 4.6183372197444
-2.7771524913752854, 4.618217176952436
-2.7671967953892977, 4.618097621224978
-2.7572410905439164, 4.617978559377357
-2.747285377600988, 4.617859997038156
-2.7373296571936363, 4.6177419388558185
-2.7273739298489623, 4.61762438866929
-2.7174181960067103, 4.617507349649004
-2.7074624560346123, 4.617390824413276
-2.6975067102410195, 4.617274815124473
-2.6875509588853017, 4.617159323568446
-2.67759520218641, 4.617044351220098
-2.6676394403299573, 4.616929899297564
-2.657683673474028, 4.6168159688069315
-2.6477279017539828, 4.616702560579195
-2.6377721252864355, 4.616589675300743
-2.6278163441725075, 4.616477313538575
-2.6178605585005377, 4.616365475761075
-2.6079047683483094, 4.616254162355212
-2.5979489737848853, 4.61614337364072
-2.587993174872128, 4.616033109881813
-2.5780373716659555, 4.615923371296856
-2.5680815642173775, 4.615814158066355
-2.5581257525733454, 4.615705470339555
-2.5481699367774633, 4.615597308239888
-2.5382141168705696, 4.615489671869457
-2.528258292891217, 4.615382561312778
-2.5183024648760757, 4.615275976639818
-2.5083466328602455, 4.6151699179085455
-2.498390796877554, 4.61506438516702
-2.4884349569607562, 4.614959378455113
-2.478479113141735, 4.614854897805935
-2.468523265451641, 4.614750943247019
-2.4585674139210334, 4.61464751480129
-2.4486115585799704, 4.61454461248787
-2.438655699458108, 4.6144422363227315
-2.428699836584757, 4.614340386319251
-2.418743969988956, 4.614239062488667
-2.4087880996995095, 4.614138264840453
-2.3988322257450343, 4.614037993382616
-2.38887634815399, 4.613938248121956
-2.3789204669547037, 4.613839029064277
-2.3689645821754, 4.6137403362145575
-2.3590086938442103, 4.6136421695771
-2.349052801989198, 4.613544529155649
-2.339096906638361, 4.613447414953483
-2.3291410078196497, 4.613350826973494
-2.3191851055609765, 4.613254765218266
-2.3092291998902135, 4.613159229690111
-2.299273290835213, 4.613064220391134
-2.2893173784237946, 4.612969737323267
-2.2793614626837657, 4.612875780488285
-2.269405543642917, 4.612782349887847
-2.259449621329022, 4.612689445523503
-2.24949369576985, 4.612597067396737
-2.2395377669931595, 4.61250521550895
-2.2295818350266936, 4.612413889861491
-2.2196258998982015, 4.612323090455663
-2.2096699616354223, 4.612232817292735
-2.1997140202660885, 4.612143070373934
-2.1897580758179322, 4.61205384970047
-2.1798021283186864, 4.611965155273532
-2.169846177796074, 4.611876987094284
-2.1598902242778197, 4.611789345163873
-2.1499342677916475, 4.611702229483445
-2.1399783083652797, 4.611615640054128
-2.130022346026437, 4.611529576877045
-2.120066380802839, 4.611444039953314
-2.110110412722208, 4.611359029284041
-2.1001544418122626, 4.611274544870332
-2.090198468100718, 4.61119058671328
-2.0802424916153006, 4.611107154813995
-2.07028651238372, 4.611024249173567
-2.060330530433699, 4.610941869793087
-2.050374545792954, 4.610860016673649
-2.040418558489204, 4.61077868981634
-2.030462568550168, 4.610697889222248
-2.02050657600356, 4.61061761489246
-2.0105505808771014, 4.610537866828067
-2.0005945831985086, 4.610458645030146
-1.9906385829954993, 4.610379949499787
-1.9806825802957926, 4.61030178023808
-1.970726575127106, 4.610224137246104
-1.9607705675171572, 4.610147020524938
-1.9508145574936646, 4.610070430075671
-1.9408585450843463, 4.6099943658993885
-1.9309025303169207, 4.60991882799717
-1.920946513219107, 4.6098438163701
-1.9109904938186237, 4.609769331019263
-1.9010344721431884, 4.60969537194574
-1.891078448220521, 4.609621939150615
-1.881122422078339, 4.609549032634968
-1.871166393744363, 4.609476652399883
-1.8612103632463108, 4.609404798446446
-1.851254330611901, 4.609333470775736
-1.8412982958688553, 4.609262669388835
-1.831342259044892, 4.609192394286828
-1.82138622016773, 4.609122645470798
-1.8114301792650898, 4.609053422941825
-1.8014741363646902, 4.608984726700988
-1.7915180914942528, 4.608916556749379
-1.7815620446814955, 4.608848913088079
-1.771605995954139, 4.608781795718159
-1.7616499453399037, 4.60871520464071
-1.7516938928665107, 4.608649139856818
-1.7417378385616806, 4.608583601367555
-1.731781782453133, 4.608518589174011
-1.7218257245685886, 4.608454103277271
-1.711869664935769, 4.608390143678412
-1.7019136035823943, 4.60832671037852
-1.6919575405361862, 4.608263803378676
-1.6820014758248651, 4.608201422679961
-1.6720454094761528, 4.608139568283461
-1.6620893415177722, 4.608078240190254
-1.6521332719774429, 4.6080174384014265
-1.6421772008828863, 4.607957162918059
-1.632221128261826, 4.607897413741231
-1.622265054141982, 4.60783819087203
-1.6123089785510782, 4.6077794943115356
-1.6023529015168345, 4.607721324060835
-1.592396823066976, 4.607663680121005
-1.5824407432292238, 4.607606562493129
-1.5724846620313004, 4.607549971178296
-1.5625285795009278, 4.607493906177582
-1.5525724956658298, 4.60743836749207
-1.5426164105537286, 4.6073833551228445
-1.5326603241923473, 4.607328869070982
-1.52270423660941, 4.607274909337572
-1.5127481478326392, 4.607221475923697
-1.5027920578897584, 4.6071685688304385
-1.4928359668084905, 4.607116188058878
-1.4828798746165592, 4.607064333610099
-1.4729237813416898, 4.607013005485182
-1.4629676870116046, 4.606962203685213
-1.4530115916540283, 4.606911928211272
-1.443055495296685, 4.6068621790644455
-1.4330993979672986, 4.606812956245812
-1.4231432996935938, 4.606764259756455
-1.413187200503296, 4.606716089597461
-1.4032311004241276, 4.606668445769907
-1.3932749994838156, 4.6066213282748825
-1.3833188977100845, 4.606574737113465
-1.373362795130659, 4.6065286722867365
-1.3634066917732641, 4.606483133795786
-1.3534505876656249, 4.606438121641688
-1.3434944828354676, 4.606393635825528
-1.3335383773105174, 4.606349676348391
-1.3235822711184995, 4.606306243211358
-1.3136261642871403, 4.606263336415516
-1.3036700568441655, 4.606220955961945
-1.2937139488173022, 4.6061791018517235
-1.2837578402342746, 4.606137774085941
-1.2738017311228105, 4.606096972665677
-1.2638456215106364, 4.606056697592013
-1.2538895114254769, 4.606016948866042
-1.2439334008950622, 4.605977726488833
-1.233977289947117, 4.6059390304614745
-1.2240211786093687, 4.605900860785054
-1.214065066909544, 4.605863217460649
-1.2041089548753707, 4.605826100489342
-1.1941528425345762, 4.605789509872216
-1.1841967299148868, 4.605753445610357
-1.174240617044032, 4.605717907704852
-1.1642845039497387, 4.6056828961567735
-1.1543283906597344, 4.605648410967214
-1.144372277201748, 4.605614452137254
-1.1344161636035075, 4.605581019667975
-1.1244600498927402, 4.605548113560459
-1.1145039360971758, 4.605515733815792
-1.1045478222445433, 4.605483880435056
-1.0945917083625694, 4.605452553419336
-1.0846355944789845, 4.605421752769709
-1.074679480621518, 4.605391478487266
-1.064723366817898, 4.605361730573085
-1.0547672530958536, 4.605332509028255
-1.044811139483115, 4.60530381385385
-1.0348550260074112, 4.6052756450509635
-1.0248989126964716, 4.6052480026206695
-1.0149427995780271, 4.60522088656406
-1.0049866866798076, 4.605194296882213
-0.995030574029543, 4.605168233576214
-0.9850744616549623, 4.605142696647148
-0.975118349583797, 4.605117686096095
-0.9651622378437772, 4.605093201924139
-0.9552061264626335, 4.6050692441323635
-0.9452500154680973, 4.605045812721856
-0.9352939048878988, 4.605022907693694
-0.9253377947497693, 4.605000529048965
-0.9153816850814398, 4.604978676788752
-0.905425575910642, 4.604957350914137
-0.8954694672651075, 4.604936551426207
-0.8855133591725673, 4.60491627832604
-0.8755572516607536, 4.604896531614728
-0.8656011447573981, 4.604877311293345
-0.8556450384902328, 4.604858617362981
-0.8456889328869899, 4.604840449824721
-0.8357328279754017, 4.604822808679645
-0.8257767237832003, 4.604805693928838
-0.8158206203381191, 4.604789105573381
-0.8058645176678906, 4.604773043614363
-0.7959084158002472, 4.604757508052864
-0.7859523147629228, 4.604742498889971
-0.7759962145836498, 4.604728016126769
-0.7660401152901614, 4.604714059764334
-0.7560840169101917, 4.604700629803758
-0.7461279194714742, 4.604687726246125
-0.7361718230017423, 4.604675349092513
-0.7262157275287294, 4.604663498344009
-0.7162596330801714, 4.604652174001699
-0.7063035396838008, 4.60464137606667
-0.6963474473673519, 4.6046311045399975
-0.6863913561585593, 4.6046213594227705
-0.6764352660851581, 4.604612140716073
-0.6664791771748826, 4.604603448420989
-0.6565230894554682, 4.604595282538603
-0.6465670029546499, 4.604587643069999
-0.6366109177001624, 4.6045805300162606
-0.6266548337197411, 4.604573943378474
-0.6166987510411217, 4.604567883157725
-0.60674266969204, 4.604562349355094
-0.5967865897002311, 4.604557341971665
-0.5868305110934311, 4.604552861008525
-0.5768744338993765, 4.60454890646676
-0.5669183581458035, 4.604545478347453
-0.5569622838604482, 4.604542576651686
-0.5470062110710476, 4.604540201380549
-0.537050139805338, 4.6045383525351244
-0.5270940700910557, 4.604537030116495
-0.5171380019559383, 4.604536234125743
-0.5071819354277225, 4.604535964563957
-0.49722587053414613, 4.604536221432224
-0.48726980730294606, 4.604537004731625
-0.4773137457618598, 4.604538314463247
-0.4673576859386255, 4.604540150628172
-0.4574016278609807, 4.60454251322749
-0.4474455715566635, 4.604545402262283
-0.4374895170534121, 4.604548817733633
-0.42753346437896467, 4.604552759642629
-0.41757741356105976, 4.604557227990348
-0.407621364627436, 4.604562222777888
-0.39766531760583207, 4.604567744006328
-0.38770927252398707, 4.604573791676751
-0.3777532294096395, 4.604580365790248
-0.3677971882905292, 4.604587466347899
-0.35784114919439525, 4.604595093350788
-0.3478851121489773, 4.604603246800005
-0.337929077182015, 4.6046119266966405
-0.327973044321248, 4.604621133041765
-0.31801701359441675, 4.6046308658364765
-0.3080609850292608, 4.604641125081853
-0.2981049586535209, 4.604651910778981
-0.28814893449493717, 4.60466322292895
-0.27819291258125023, 4.604675061532844
-0.2682368929402011, 4.604687426591745
-0.25828087559953056, 4.604700318106746
-0.24832486058697953, 4.604713736078926
-0.2383688479302894, 4.604727680509371
-0.22841283765720152, 4.604742151399171
-0.21845682979545755, 4.604757148749408
-0.20850082437279896, 4.604772672561171
-0.1985448214169676, 4.604788722835543
-0.18858882095570556, 4.604805299573612
-0.1786328230167549, 4.604822402776462
-0.1686768276278582, 4.604840032445179
-0.1587208348167577, 4.604858188580851
-0.1487648446111961, 4.604876871184561
-0.13880885703891613, 4.604896080257399
-0.12885287212766083, 4.604915815800449
-0.11889688990517325, 4.6049360778148
-0.10894091039919675, 4.604956866301532
-0.09898493363747467, 4.6049781812617345
-0.08902895964775061, 4.605000022696499
-0.0790729884577683, 4.605022390606903
-0.06911702009527172, 4.605045284994041
-0.05916105458800487, 4.6050687058589945
-0.04920509196371194, 4.6050926532028535
-0.039249132250137396, 4.605117127026699
-0.029293175475025773, 4.605142127331622
-0.019337221666121833, 4.605167654118706
-0.009381270851170341, 4.60519370738904
0.0005746769420835923, 4.605220287143712
0.010530621685894853, 4.605247393383805
0.020486563352518, 4.605275026110406
0.030442501914207557, 4.605303185324606
0.04039843734321782, 4.6053318710274915
0.050354369611803, 4.605361083220141
0.06031029869221701, 4.605390821903653
0.07026622455671375, 4.605421087079109
0.08022214717754683, 4.605451878747595
0.09017806652696977, 4.605483196910199
0.10013398257723581, 4.605515041568011
0.11008989530059837, 4.605547412722117
0.12004580466931024, 4.605580310373604
0.1300017106556243, 4.605613734523551
0.13995761323179332, 4.605647685173057
0.1499135123700696, 4.605682162323207
0.15986940804270572, 4.605717165975089
0.16982530022195386, 4.605752696129784
0.17978118888006578, 4.605788752788386
0.18973707398929354, 4.6058253359519785
0.19969295552188893, 4.605862445621653
0.2096488334501034, 4.605900081798492
0.21960470774618804, 4.605938244483588
0.22956057838239427, 4.605976933678028
0.239516445330973, 4.606016149382899
0.24947230856417504, 4.606055891599291
0.2594281680542511, 4.6060961603282875
0.2693840237734518, 4.606136955570982
0.2793398756940272, 4.606178277328459
0.28929572378822777, 4.606220125601806
0.2992515680283033, 4.606262500392112
0.30920740838650396, 4.606305401700468
0.3191632448350791, 4.606348829527958
0.3291190773462781, 4.606392783875672
0.33907490589235084, 4.6064372647447005
0.3490307304455459, 4.606482272136126
0.35898655097811244, 4.606527806051043
0.3689423674622994, 4.606573866490538
0.3788981798703551, 4.606620453455695
0.38885398817452815, 4.606667566947613
0.398809792347067, 4.606715206967371
0.4087655923602197, 4.606763373516063
0.4187213881862344, 4.606812066594777
0.42867717979735864, 4.6068612862046
0.43863296716584, 4.606911032346621
0.4485887502639257, 4.606961305021927
0.45854452906386334, 4.607012104231611
0.4685003035378998, 4.607063429976763
0.47845607365828224, 4.607115282258469
0.48841183939725746, 4.607167661077819
0.49836760072707187, 4.607220566435902
0.5083233576199715, 4.607273998333806
0.5182791100482029, 4.607327956772624
0.5282348579840122, 4.607382441753441
0.5381906013996454, 4.607437453277346
0.5481463402673478, 4.607492991345435
0.5581020745593652, 4.607549055958797
0.5680578042479428, 4.607605647118518
0.578013529305326, 4.607662764825685
0.5879692497037591, 4.607720409081391
0.5979249654154875, 4.607778579886728
0.607880676412756, 4.607837277242779
0.6178363826678084, 4.607896501150646
0.6277920841528893, 4.607956251611405
0.637747780840243, 4.608016528626155
0.6477034727021128, 4.608077332195982
0.6576591597107435, 4.60813866232198
0.6676148418383777, 4.608200519005232
0.6775705190572594, 4.608262902246834
0.6875261913396314, 4.608325812047881
0.6974818586577369, 4.608389248409455
0.7074375209838188, 4.608453211332644
0.7173931782901198, 4.608517700818546
0.727348830548882, 4.608582716868252
0.7373044777323479, 4.60864825948285
0.7472601198127597, 4.608714328663428
0.7572157567623596, 4.60878092441108
0.7671713885533888, 4.608848046726897
0.7771270151580895, 4.608915695611966
0.7870826365487025, 4.608983871067383
0.7970382526974694, 4.609052573094237
0.8069938635766313, 4.609121801693619
0.8169494691584287, 4.609191556866618
0.8269050694151026, 4.609261838614328
0.836860664318893, 4.609332646937839
0.8468162538420413, 4.609403981838241
0.8567718379567867, 4.6094758433166305
0.8667274166353695, 4.609548231374092
0.8766829898500291, 4.609621146011721
0.8866385575730054, 4.609694587230608
0.8965941197765376, 4.609768555031849
0.9065496764328649, 4.609843049416531
0.9165052275142266, 4.609918070385744
0.926460772992861, 4.609993617940582
0.9364163128410076, 4.6100696920821385
0.946371847030904, 4.610146292811503
0.9563273755347889, 4.6102234201297705
0.9662828983249001, 4.6103010740380315
0.9762384153734754, 4.610379254537373
0.9861939266527532, 4.610457961628896
0.9961494321349706, 4.610537195313689
1.0061049317923652, 4.610616955592843
1.016060425597174, 4.610697242467453
1.0260159135216338, 4.61077805593861
1.035971395537982, 4.610859396007406
1.0459268716184535, 4.610941262674932
1.0558823417352863, 4.611023655942287
1.0658378058607167, 4.611106575810556
1.0757932639669807, 4.611190022280841
1.085748716026313, 4.611273995354225
1.09570416201095, 4.611358495031805
1.1056596018931275, 4.611443521314677
1.1156150356450796, 4.611529074203932
1.1255704632390424, 4.611615153700661
1.1355258846472513, 4.611701759805959
1.145481299841939, 4.61178889252092
1.1554367087953428, 4.611876551846639
1.165392111479695, 4.611964737784207
1.17534750786723, 4.612053450334711
1.1853028979301816, 4.612142689499254
1.1952582816407837, 4.612232455278931
1.2052136589712705, 4.612322747674833
1.2151690298938747, 4.6124135666880495
1.2251243943808299, 4.612504912319677
1.2350797524043684, 4.612596784570812
1.2450351039367231, 4.612689183442541
1.2549904489501265, 4.612782108935965
1.2649457874168117, 4.612875561052178
1.2749011193090103, 4.612969539792273
1.284856444598955, 4.61306404515734
1.2948117632588774, 4.613159077148482
1.304767075261008, 4.61325463576679
1.3147223805775794, 4.613350721013358
1.3246776791808221, 4.613447332889277
1.3346329710429672, 4.613544471395645
1.3445882561362459, 4.613642136533555
1.3545435344328893, 4.613740328304102
1.3644988059051273, 4.613839046708385
1.3744540705251902, 4.613938291747495
1.3844093282653076, 4.614038063422528
1.39436457909771, 4.614138361734581
1.4043198229946259, 4.614239186684749
1.4142750599282865, 4.614340538274124
1.4242302898709198, 4.614442416503806
1.4341855127947547, 4.614544821374886
1.4441407286720207, 4.614647752888458
1.4540959374749465, 4.614751211045625
1.4640511391757605, 4.614855195847475
1.4740063337466904, 4.614959707295109
1.4839615211599646, 4.615064745389622
1.4939167013878119, 4.61517031013211
1.5038718744024584, 4.6152764015236665
1.5138270401761322, 4.615383019565388
1.523782198681061, 4.615490164258371
1.5337373498894713, 4.6155978356037135
1.5436924937735899, 4.615706033602512
1.553647630305644, 4.61581475825586
1.5636027594578592, 4.615924009564857
1.5735578812024635, 4.616033787530597
1.5835129955116811, 4.6161440921541805
1.5934681023577384, 4.616254923436696
1.6034232017128613, 4.616366281379247
1.6133782935492746, 4.61647816598293
1.6233333778392038, 4.616590577248842
1.6332884545548738, 4.616703515178078
1.6432435236685106, 4.616816979771735
1.6531985851523379, 4.616930971030911
1.6631536389785804, 4.6170454889567045
1.6731086851194619, 4.617160533550212
1.6830637235472068, 4.61727610481253
1.6930187542340385, 4.617392202744755
1.702973777152181, 4.6175088273479865
1.7129287922738576, 4.617625978623325
1.7228837995712902, 4.617743656571864
1.7328387990167045, 4.617861861194703
1.7427937905823216, 4.617980592492937
1.7527487742403633, 4.61809985046767
1.7627037499630536, 4.618219635119996
1.7726587177226143, 4.618339946451011
1.7826136774912666, 4.618460784461817
1.7925686292412333, 4.618582149153508
1.8025235729447342, 4.618704040527192
1.8124785085739925, 4.618826458583957
1.822433436101229, 4.618949403324906
1.8323883554986635, 4.619072874751138
1.8423432667385187, 4.619196872863754
1.852298169793013, 4.619321397663846
1.8622530646343671, 4.619446449152518
1.872207951234802, 4.619572027330869
1.8821628295665374, 4.619698132200003
1.8921176996017917, 4.619824763761005
1.9020725613127858, 4.619951922014985
1.9120274146717382, 4.6200796069630385
1.9219822596508676, 4.620207818606269
1.9319370962223934, 4.620336556945773
1.9418919243585344, 4.620465821982649
1.9518467440315075, 4.620595613717997
1.9618015552135317, 4.62072593215292
1.971756357876827, 4.620856777288514
1.9817111519936104, 4.620988149125888
1.9916659375360959, 4.621120047666128
2.001620714476505, 4.621252472910347
2.0115754827870536, 4.621385424859636
2.021530242439958, 4.621518903515099
2.031484993407435, 4.621652908877837
2.0414397356617013, 4.621787440948952
2.0513944691749724, 4.62192249972954
2.061349193919465, 4.622058085220707
2.0713039098673955, 4.622194197423549
2.0812586169909784, 4.622330836339168
2.09121331526243, 4.622468001968665
2.101168004653965, 4.622605694313143
2.111122685137799, 4.6227439133737045
2.1210773566861447, 4.622882659151446
2.131032019271221, 4.623021931647472
2.1409866728652376, 4.623161730862881
2.1509413174404104, 4.623302056798777
2.160895952968953, 4.623442909456264
2.1708505794230795, 4.623584288836436
2.1808051967750033, 4.623726194940401
2.190759804996938, 4.62386862776926
2.2007144040610958, 4.6240115873241185
2.2106689939396893, 4.62415507360607
2.220623574604931, 4.624299086616223
2.2305781460290337, 4.624443626355674
2.2405327081842112, 4.624588692825536
2.2504872610426725, 4.624734286026904
2.2604418045766295, 4.624880405960875
2.2703963387582964, 4.62502705262856
2.2803508635598826, 4.625174226031062
2.2903053789536, 4.62532192616948
2.300259884911659, 4.6254701530449225
2.3102143814062694, 4.625618906658487
2.3201688684096435, 4.625768187011278
2.3301233458939885, 4.625917994104398
2.3400778138315164, 4.6260683279389525
2.350032272194437, 4.626219188516042
2.359986720954958, 4.626370575836768
2.369941160085291, 4.6265224899022455
2.379895589557643, 4.62667493071357
2.389850009344224, 4.626827898271848
2.3998044194172437, 4.626981392578176
2.409758819748908, 4.627135413633665
2.4197132103114263, 4.627289961439418
2.4296675910770076, 4.627445035996541
2.439621962017857, 4.62760063730613
2.4495763231061836, 4.6277567653692975
2.459530674314194, 4.627913420187145
2.4694850156140946, 4.628070601760778
2.479439346978094, 4.628228310091302
2.4893936683783977, 4.6283865451798185
2.4993479797872133, 4.628545307027435
2.509302281176745, 4.628704595635259
2.519256572519199, 4.628864411004389
2.5292108537867826, 4.629024753135935
2.5391651249516984, 4.629185622031006
2.549119385986156, 4.629347017690701
2.5590736368623532, 4.629508940116124
2.569027877552504, 4.629671389308386
2.5789821080288076, 4.629834365268589
2.5889363282634688, 4.629997867997843
2.5988905382286904, 4.630161897497248
2.6088447378966775, 4.630326453767915
2.618798927239635, 4.630491536810946
2.6287531062297624, 4.630657146627449
2.638707274839267, 4.630823283218533
2.648661433040352, 4.6309899465852995
2.6586155808052174, 4.63115713672886
2.6685697181060672, 4.631324853650318
2.6785238449151025, 4.631493097350779
2.688477961204525, 4.631661867831353
2.6984320669465367, 4.631831165093147
2.7083861621133405, 4.632000989137264
2.7183402466771374, 4.632171339964817
2.7282943206101233, 4.632342217576907
2.7382483838845073, 4.632513621974646
2.748202436472486, 4.632685553159141
2.7581564783462618, 4.632858011131499
2.768110509478031, 4.633030995892825
2.7780645298399955, 4.633204507444231
2.7880185394043537, 4.633378545786822
2.7979725381433083, 4.633553110921708
2.8079265260290573, 4.633728202849995
2.817880503033798, 4.633903821572792
2.8278344691297304, 4.634079967091209
2.8377884242890516, 4.6342566394063525
2.8477423684839613, 4.63443383851933
2.857696301686657, 4.63461156443125
2.867650223869338, 4.634789817143226
2.877604135004198, 4.634968596656362
2.8875580350634382, 4.635147902971772
2.8975119240192533, 4.635327736090557
2.9074658018438413, 4.635508096013835
2.9174196685093983, 4.635688982742708
2.9273735239881207, 4.63587039627829
2.937327368252206, 4.636052336621689
2.9472812012738467, 4.636234803774015
2.957235023025241, 4.636417797736374
2.9671888334785845, 4.636601318509883
2.9771426326060713, 4.636785366095646
2.9870964203798973, 4.636969940494777
2.997050196772258, 4.637155041708381
3.0070039617553452, 4.637340669737575
3.0169577153013543, 4.637526824583464
3.0269114573824774, 4.6377135062471595
3.036865187970914, 4.637900714729775
3.0468189070388525, 4.638088450032415
3.0567726145584877, 4.6382767121561965
3.066726310502012, 4.638465501102229
3.0766799948416175, 4.6386548168716235
3.086633667549498, 4.638844659465488
3.096587328597846, 4.639035028884939
3.106540977958854, 4.639225925131086
3.116494615604712, 4.639417348205039
3.126448241507611, 4.63960929810791
3.1364018556397446, 4.639801774840813
3.146355457973305, 4.639994778404854
3.1563090484804794, 4.640188308801151
3.1662626271334586, 4.640382366030817
3.1762161939044335, 4.6405769500949585
3.186169748765596, 4.640772060994692
3.196123291689137, 4.640967698731129
3.2060768226472405, 4.6411638633053816
3.216030341612103, 4.641360554718561
3.225983848555907, 4.64155777297178
3.2359373434508445, 4.6417555180661525
3.245890826269105, 4.641953790002791
3.2558442969828736, 4.642152588782812
3.2657977555643414, 4.642351914407327
3.275751201985696, 4.642551766877446
3.2857046362191245, 4.642752146194284
3.295658058236814, 4.642953052358957
3.305611468010952, 4.643154485372577
3.315564865513724, 4.643356445236254
3.325518250717318, 4.643558931951109
3.33547162359392, 4.643761945518256
3.345424984115719, 4.6439654859388035
3.355378332254896, 4.644169553213868
3.3653316679836394, 4.644374147344566
3.375284991274132, 4.644579268332009
3.3852383020985637, 4.644784916177311
3.3951916004291154, 4.644991090881589
3.405144886237973, 4.645197792445957
3.4150981594973215, 4.645405020871536
3.425051420179344, 4.645612776159431
3.4350046682562243, 4.645821058310762
3.4449579037001468, 4.646029867326644
3.454911126483294, 4.646239203208194
3.46486433657785, 4.646449065956529
3.4748175339559975, 4.646659455572756
3.484770718589917, 4.646870372058
3.4947238904517937, 4.647081815413373
3.5046770495138087, 4.647293785639994
3.5146301957481443, 4.647506282738977
3.5245833291269797, 4.647719306711435
3.5345364496224994, 4.64793285755849
3.5444895572068833, 4.648146935281253
3.554442651852312, 4.648361539880849
3.5643957335309673, 4.64857667135839
3.5743488022150296, 4.648792329714988
3.5843018578766763, 4.649008514951767
3.594254900488088, 4.649225227069842
3.604207930021446, 4.649442466070332
3.6141609464489286, 4.649660231954349
3.6241139497427137, 4.649878524723016
3.634066939874981, 4.6500973443774525
3.64401991681791, 4.650316690918772
3.653972880543679, 4.650536564348094
3.6639258310244633, 4.650756964666534
3.673878768232445, 4.650977891875212
3.6838316921397984, 4.651199345975245
3.693784602718704, 4.651421326967753
3.7037374999413344, 4.6516438348538545
3.7136903837798667, 4.651866869634673
3.723643254206479, 4.65209043131131
3.7335961111933496, 4.652314519884903
3.7435489547126517, 4.652539135356565
3.753501784736561, 4.652764277727416
3.7634546012372567, 4.652989946998573
3.7734074041869077, 4.653216143171161
3.783360193557692, 4.65344286624629
3.7933129693217844, 4.653670116225087
3.8032657314513596, 4.653897893108666
3.813218479918591, 4.654126196898153
3.8231712146956522, 4.654355027594665
3.833123935754717, 4.654584385199323
3.8430766430679597, 4.654814269713252
3.85302933660755, 4.6550446811375625
3.862982016345667, 4.655275619473381
3.87293468225448, 4.655507084721829
3.882887334306159, 4.655739076884028
3.892839972472879, 4.655971595961092
3.9027925967268096, 4.656204641954149
3.9127452070401243, 4.656438214864319
3.922697803384994, 4.656672314692721
3.932650385733589, 4.6569069414404805
3.942602954058079, 4.657142095108716
3.952555508330635, 4.657377775698549
3.9625080485234294, 4.657613983211101
3.9724605746086272, 4.657850717647497
3.982413086558401, 4.658087979008859
3.9923655843449217, 4.658325767296309
4.002318067940357, 4.658564082510965
4.012270537316875, 4.658802924653953
4.022222992446646, 4.659042293726397
4.032175433301838, 4.659282189729416
4.042127859854616, 4.6595226126641345
4.052080272077152, 4.65976356253168
4.062032669941611, 4.660005039333171
4.0719850534201605, 4.660247043069732
4.081937422484966, 4.66048957374249
4.091889777108198, 4.660732631352557
4.101842117262024, 4.660976215901068
4.111794442918598, 4.661220327389146
4.121746754050099, 4.6614649658179115
4.131699050628687, 4.6617101311884905
4.141651332626531, 4.661955823502006
4.151603600015794, 4.662202042759583
4.161555852768635, 4.662448788962347
4.171508090857231, 4.662696062111421
4.181460314253737, 4.662943862207934
4.191412522930318, 4.6631921892529995
4.20136471685914, 4.6634410432477535
4.211316896012364, 4.663690424193321
4.221269060362155, 4.663940332090827
4.231221209880676, 4.664190766941394
4.241173344540085, 4.664441728746146
4.2511254643125485, 4.664693217506214
4.261077569170231, 4.664945233222721
4.271029659085292, 4.665197775896792
4.280981734029889, 4.665450845529556
4.290933793976193, 4.665704442122135
4.300885838896355, 4.665958565675657
4.310837868762541, 4.666213216191252
4.320789883546909, 4.666468393670044
4.330741883221619, 4.666724098113165
4.340693867758831, 4.666980329521731
4.350645837130709, 4.667237087896879
4.360597791309405, 4.667494373239731
4.370549730267085, 4.667752185551416
4.3805016539759, 4.6680105248330666
4.390453562408018, 4.668269391085805
4.4004054555355845, 4.668528784310757
4.41035733333077, 4.668788704509051
4.420309195765728, 4.66904915168182
4.430261042812612, 4.669310125830193
4.440212874443581, 4.6695716269552925
4.4501646906307935, 4.669833655058248
4.460116491346407, 4.670096210140194
4.470068276562571, 4.670359292202257
4.4800200462514495, 4.6706229012455625
4.489971800385194, 4.670887037271243
4.499923538935963, 4.671151700280427
4.509875261875911, 4.671416890274237
4.519826969177186, 4.671682607253814
4.5297786608119495, 4.671948851220284
4.539730336752355, 4.672215622174775
4.549681996970553, 4.6724829201184175
4.559633641438702, 4.672750745052343
4.569585270128951, 4.673019096977677
4.579536883013457, 4.673287975895554
4.5894884800643725, 4.673557381807106
4.5994400612538495, 4.67382731471346
4.609391626554037, 4.674097774615748
4.61934317593709, 4.674368761515106
4.629294709375161, 4.674640275412656
4.639246226840399, 4.674912316309537
4.649197728304956, 4.675184884206875
4.6591492137409825, 4.675457979105805
4.669100683120633, 4.675731601007456
4.679052136416051, 4.6760057499129655
4.689003573599391, 4.676280425823461
4.698954994642801, 4.676555628740073
4.7089063995184315, 4.676831358663937
4.71885778819843, 4.67710761559619
4.728809160654948, 4.677384399537953
4.738760516860129, 4.677661710490369
4.748711856786126, 4.677939548454564
4.758663180405088, 4.6782179134316735
4.76861448768916, 4.678496805422828
4.778565778610489, 4.678776224429169
4.788517053141224, 4.679056170451823
4.798468311253506, 4.679336643491927
4.808419552919493, 4.679617643550613
4.818370778111323, 4.679899170629018
4.828321986801143, 4.680181224728272
4.838273178961099, 4.680463805849505
4.84822435456334, 4.680746913993861
4.858175513580005, 4.681030549162472
4.868126655983242, 4.68131471135647
4.878077781745196, 4.6815994005769905
4.888028890838008, 4.68188461682517
4.897979983233825, 4.682170360102142
4.907931058904793, 4.6824566304090425
4.917882117823047, 4.6827434277470115
4.92783315996074, 4.68303075211718
4.937784185290007, 4.683318603520681
4.947735193782991, 4.683606981958652
4.957686185411838, 4.683895887432233
4.967637160148687, 4.684185319942556
4.977588117965681, 4.684475279490761
4.987539058834961, 4.68476576607798
4.997489982728668, 4.685056779705356
5.007440889618943, 4.685348320374016
5.017391779477932, 4.685640388085106
5.0273426522777624, 4.685932982839759
5.037293507990584, 4.686226104639115
5.04724434658853, 4.686519753484305
5.057195168043744, 4.686813929376479
5.067145972328365, 4.687108632316763
5.077096759414532, 4.687403862306302
5.08704752927438, 4.687699619346226
5.096998281880051, 4.687995903437684
5.106949017203679, 4.688292714581806
5.116899735217403, 4.688590052779734
5.126850435893359, 4.688887918032599
5.136801119203685, 4.689186310341549
5.146751785120517, 4.689485229707722
5.156702433615992, 4.6897846761322555
5.166653064662245, 4.690084649616289
5.1766036782314115, 4.690385150160964
5.186554274295627, 4.690686177767413
5.196504852827026, 4.69098773243678
5.206455413797748, 4.691289814170208
5.216405957179923, 4.691592422968837
5.226356482945681, 4.691895558833802
5.236306991067168, 4.692199221766249
5.246257481516505, 4.692503411767315
5.256207954265831, 4.69280812883814
5.266158409287276, 4.693113372979868
5.276108846552977, 4.693419144193637
5.28605926603506, 4.6937254424805905
5.296009667705664, 4.694032267841869
5.305960051536919, 4.694339620278613
5.315910417500955, 4.694647499791966
5.3258607655698995, 4.6949559063830675
5.335811095715891, 4.695264840053064
5.3457614079110565, 4.695574300803092
5.3557117021275245, 4.695884288634297
5.365661978337423, 4.696194803547818
5.375612236512886, 4.696505845544804
5.3855624766260455, 4.69681741462639
5.395512698649023, 4.697129510793726
5.4054629025539525, 4.697442134047952
5.415413088312954, 4.697755284390211
5.425363255898167, 4.698068961821648
5.435313405281712, 4.698383166343401
5.44526353643572, 4.6986978979566185
5.455213649332315, 4.699013156662444
5.465163743943625, 4.699328942462023
5.4751138202417815, 4.699645255356501
5.485063878198902, 4.699962095347015
5.495013917787118, 4.70027946243472
5.504963938978552, 4.700597356620751
5.514913941745329, 4.700915777906259
5.5248639260595755, 4.7012347262923875
5.534813891893416, 4.701554201780277
5.544763839218976, 4.701874204371079
5.554713768008376, 4.7021947340659365
5.564663678233744, 4.702515790865995
5.574613569867205, 4.702837374772401
5.584563442880876, 4.7031594857862995
5.594513297246885, 4.70348212390884
5.604463132937351, 4.703805289141164
5.6144129499243975, 4.7041289814844225
5.624362748180145, 4.704453200939759
5.634312527676716, 4.7047779475083225
5.644262288386231, 4.70510322119126
5.6542120302808145, 4.705429021989715
5.664161753332581, 4.705755349904838
5.6741114575136535, 4.706082204937776
5.684061142796153, 4.706409587089679
5.694010809152199, 4.7067374963616935
5.703960456553911, 4.707065932754963
5.713910084973406, 4.707394896270643
5.723859694382804, 4.707724386909878
5.733809284754223, 4.708054404673811
5.743758856059783, 4.708384949563602
5.753708408271594, 4.708716021580394
5.763657941361785, 4.709047620725339
5.773607455302469, 4.70937974699958
5.783556950065758, 4.709712400404265
5.7935064256237725, 4.710045580940554
5.8034558819486275, 4.710379288609591
5.813405319012442, 4.710713523412524
5.823354736787329, 4.711048285350505
5.833304135245401, 4.711383574424687
5.843253514358772, 4.7117193906362145
5.853202874099565, 4.712055733986241
5.863152214439888, 4.712392604475919
5.873101535351856, 4.7127300021063965
5.883050836807583, 4.713067926878821
5.893000118779182, 4.713406378794358
5.902949381238765, 4.713745357854145
5.912898624158445, 4.7140848640593385
5.922847847510337, 4.714424897411085
5.932797051266546, 4.714765457910546
5.942746235399193, 4.715106545558867
5.952695399880384, 4.715448160357206
5.962644544682229, 4.7157903023067105
5.972593669776841, 4.7161329714085305
5.98254277513633, 4.716476167663822
5.992491860732807, 4.716819891073739
6.0024409265383785, 4.717164141639437
6.012389972525158, 4.717508919362063
6.022338998665256, 4.717854224242774
6.032288004930773, 4.718200056282723
6.042236991293825, 4.718546415483062
6.0521859577265165, 4.718893301844951
6.06213490420096, 4.719240715369541
6.072083830689256, 4.719588656057978
6.082032737163515, 4.719937123911429
6.091981623595845, 4.7202861189310426
6.101930489958347, 4.7206356411179735
6.111879336223135, 4.72098569047338
6.12182816236231, 4.721336266998416
6.131776968347979, 4.721687370694235
6.141725754152244, 4.722039001561994
6.151674520149347, 4.722391159619373
6.16162326472616, 4.722743844916414
6.1715719865482335, 4.723097057424906
6.181520685886026, 4.723450797156461
6.19146936272863, 4.7238050641169504
6.201418017048912, 4.724159858307896
6.211366648818974, 4.724515179729824
6.221315258010882, 4.724871028383031
6.231263844596717, 4.725227404267759
6.241212408548562, 4.725584307384205
6.251160949838513, 4.725941737732527
6.261109468438664, 4.7262996953128775
6.271057964321124, 4.726658180125378
6.2810064374579975, 4.727017192170139
6.290954887821402, 4.727376731447253
6.300903315383446, 4.727736797956801
6.310851720116249, 4.728097391698868
6.3208001019919315, 4.728458512673514
6.330748460982613, 4.728820160880805
6.340696797060418, 4.729182336320796
6.35064511019747, 4.729545038993541
6.360593400365889, 4.729908268899085
6.3705416675378, 4.73027202603748
6.3804899116853315, 4.73063631040877
6.390438132780606, 4.731001122013004
6.400386330795748, 4.731366460850207
6.410334505702884, 4.731732326920434
6.420282657474143, 4.732098720223712
6.430230786081649, 4.732465640760088
6.440178891497528, 4.732833088529594
6.450126973693905, 4.733201063532265
6.460075032642909, 4.73356956576814
6.470023068316664, 4.733938595237255
6.479971080687298, 4.734308151939643
6.489919069726933, 4.734678235875339
6.4998670354076955, 4.735048847044382
6.509814977701715, 4.7354199854468035
6.519762896581112, 4.7357916510826366
6.529710792018014, 4.736163843951918
6.539658663984553, 4.7365365640546795
6.5496065124528435, 4.736909811390957
6.5595543373950145, 4.7372835859607845
6.569502138783191, 4.737657887764196
6.579449916589495, 4.738032716801228
6.589397670786057, 4.73840807307191
6.5993454013449995, 4.738783956576278
6.6092931082384405, 4.739160367314368
6.619271682768965, 4.7397720678545365
6.629296896259789, 4.740730902025116
6.639343549340655, 4.741701005475037
6.6493810215509965, 4.742531630902643
6.659416225043988, 4.743191896989964
6.669457418689154, 4.743742681107554
6.679503438026566, 4.744195576405984
6.689555883935476, 4.7445627839653355
6.6996087611028505, 4.7448245086884855
6.709662802318088, 4.7449868703889715
6.719720985829988, 4.745062556953049
6.729776747039116, 4.745032157845715
6.739830977662079, 4.74490189574863
6.749886890239573, 4.744684476468382
6.759937186135515, 4.744360799619993
6.769982831200778, 4.7439371250999525
6.780027420408294, 4.743426156072884
6.790063239405281, 4.742809027507589
6.800091423176483, 4.742091981608047
6.810116052874902, 4.741287671246747
6.820128847633997, 4.740377483096203
6.830131108387678, 4.739367597636391
6.840127289941368, 4.73827060480777
6.850108586233021, 4.737068137037119
6.859927918324039, 4.735420937751225
6.8696673493893075, 4.73339303103091
6.8794210808414, 4.731345180011317
6.8891861213322345, 4.729299491888522
6.898945669263269, 4.727242412542672
6.908704339713263, 4.725180474362279
6.918471013482261, 4.723125418725661
6.928231832783484, 4.721061459644581
6.937991546699222, 4.718994585014962
6.947759126491505, 4.7169362087132285
6.9575207870687334, 4.7148702968474785
6.967281303707716, 4.712802577995794
6.977049662882582, 4.710744266827097
6.986812116453126, 4.708679196669427
6.99657343992977, 4.706612943838572
7.006342608628269, 4.704556601328438
7.016105890152576, 4.702493923839823
7.0258680553561765, 4.700430405900398
7.035638068270602, 4.698377075737689
7.0454022073177525, 4.6963176428909135
7.055165239455697, 4.694257558391945
7.064936121632721, 4.692207819027451
7.074701141256991, 4.6901521068806975
7.0844650612393005, 4.688095848977094
7.094236831106982, 4.686050025131049
7.104002746099834, 4.683998299249539
7.113767565779501, 4.681946085861559
7.1235402332126885, 4.679904357122706
7.133308098367884, 4.677913599873972
7.143079580491405, 4.675989839967098
7.152850425320809, 4.6740784757213705
7.162621447326989, 4.6721699483139885
7.17239264820607, 4.670262633551951
7.182164008305333, 4.668356209327807
7.191935515934384, 4.666450577994236
7.2017071627700755, 4.664545686894364
7.211478942250118, 4.662641497201555
7.221250849048105, 4.660737977625278
7.231022878806464, 4.658835102451827
7.24079502794965, 4.656932850466041
7.250567293538567, 4.655031204150544
7.260339673153799, 4.653130149039244
7.2701121648011195, 4.651229673185702
7.279884766834732, 4.649329766724383
7.289657477894714, 4.647430421508358
7.299430296855939, 4.645531630810008
7.3092032227863095, 4.64363338907387
7.318976254912518, 4.641735691712499
7.328749392591966, 4.639838534937866
7.338522635289707, 4.637941915622136
7.348295982559484, 4.636045831182651
7.3580694340281365, 4.634150279486989
7.367842989382778, 4.632255258774533
7.37761664836021, 4.630360767591699
7.387390410738235, 4.628466804738461
7.397164276328467, 4.626573369224185
7.406938244970409, 4.624680460231135
7.41671231652659, 4.62278807708438
7.4264864908785295, 4.620896219226899
7.43626076792343, 4.619004886199041
7.4460351475714175, 4.6171140776215704
7.455809629743316, 4.615223793181665
7.465584214368747, 4.613334032621321
7.47535890138462, 4.61144479572783
7.485133690733834, 4.609556082325869
7.49490858236426, 4.6076678922710075
7.5046835762278565, 4.605780225444297
7.514458672279954, 4.603893081747865
7.524233870478683, 4.602006461101212
7.534009170784468, 4.600120363438217
7.543784573159634, 4.598234788704598
7.553560077568079, 4.596349736855878
7.563428944134043, 4.594687027773194
7.573426312789384, 4.593351982052437
7.583438610937558, 4.592022700534692
7.593401208091783, 4.590558092892348
7.603316790180512, 4.588929520643179
7.613215993459651, 4.587194100443721
7.623097737199405, 4.58536260129349
7.632966497583188, 4.583447175988534
7.6428118155370734, 4.581429822288021
7.652635491253185, 4.579316075125004
7.662443467891343, 4.577117986724122
7.672224847267381, 4.57481800149833
7.681981655151109, 4.5724216935662
7.691720202491534, 4.569941081530712
7.701429112085251, 4.567359027315317
7.711110603966673, 4.564681067968616
7.720771344332597, 4.561919138972947
7.730399467265958, 4.559056486668279
7.73999737377506, 4.556098567954114
7.749572079213652, 4.553057203149748
7.759111229850984, 4.549916011454454
7.768617399821644, 4.546680343525077
7.778097947804389, 4.54336188028023
7.78754003791949, 4.539944614577015
7.79694641031066, 4.536433773783035
7.806324759381716, 4.532840879121917
7.815661775609971, 4.529150305197041
7.824960363172199, 4.52536714878248
7.834228547184274, 4.521502756033585
7.84345255339841, 4.517541894124224
7.852635445185466, 4.513489521794558
7.861785571147962, 4.509356794478395
7.870888702635071, 4.505128884934532
7.879948057154702, 4.500810609327781
7.888972298295233, 4.496412917325238
7.897946755171094, 4.491921401481729
7.906874796601047, 4.487340733395208
7.915765393145681, 4.482681642613357
7.924603426553236, 4.477930129026526
7.9333923484079385, 4.47309059611073
7.942141387081923, 4.468173482171724
7.95089365853421, 4.463121952521401
7.959449737019122, 4.458114689548951
7.967981001931851, 4.453040200422173
7.976434731397199, 4.447890097473464
7.984871907315328, 4.442578844077133
7.993260444384189, 4.437215571594901
8.001581870120054, 4.431763784454536
8.009853529664483, 4.42623254021406
8.01807333117109, 4.4206235155573115
8.026235696044198, 4.41493237481201
8.034333230510901, 4.409154854845911
8.042388268985563, 4.403307041509966
8.05037179101783, 4.397370704841503
8.058300165510833, 4.39135671187339
8.06617186811416, 4.385267035534907
8.073980779527828, 4.379098005565925
8.081719671531348, 4.372845754511632
8.089411388620812, 4.366525243310828
8.09702628156423, 4.360119954187427
8.104580993517303, 4.35363997644191
8.112074452986098, 4.347087245581839
8.11949995746973, 4.340458643106009
8.126850470891075, 4.333750626128288
8.134149261582397, 4.326976937446221
8.141366137733593, 4.320122752423366
8.148517962985842, 4.313197355867149
8.155604124512735, 4.306202583540795
8.162617364672384, 4.29913588980599
8.169550871283716, 4.291994053363042
8.176428271514256, 4.284789544492958
8.183218902234092, 4.277509241845039
8.189939829047324, 4.270161627440219
8.196590871628091, 4.262748388893336
8.203164270416979, 4.2552675772720026
8.209653449970158, 4.247716303552383
8.216082349566875, 4.240105720062722
8.222419903698633, 4.232424443061432
8.228683377506085, 4.224680144444213
8.234872976874179, 4.216874334861303
8.24098051406125, 4.20900567680388
8.246999648757836, 4.201071629670848
8.252954592340025, 4.19308197320453
8.25881393194136, 4.185027098563118
8.264595144500754, 4.176913846861267
8.270298761172485, 4.168743540276027
8.275916258503194, 4.1605154637298885
8.281441517187963, 4.152227448743301
8.286898995491041, 4.143887846037741
8.292256986521856, 4.1354888718218605
8.297533196307988, 4.127036495888914
8.302728399221753, 4.118531842774704
8.307833824431816, 4.109974794410867
8.312843540853196, 4.101363572482344
8.317782224607031, 4.092705029892564
8.322191831606766, 4.083783943530954
8.326375203409743, 4.074799546253517
8.330537371013358, 4.065850865626733
8.33466484748058, 4.056880038021997
8.338772355245025, 4.047895039854996
8.342883629305884, 4.0389049008467195
8.346971015103778, 4.029905932356116
8.351052250836657, 4.020901037490807
8.355131556488885, 4.011893851002717
8.359461736986155, 4.003001320758322
8.364129459743816, 3.9942146124154685
8.368812696562607, 3.9853842905409436
8.373424633815608, 3.9765157950503123
8.377853432740805, 3.967580347236454
8.382201480076452, 3.9586062840820633
8.386462779087964, 3.9495910689533757
8.390629138214168, 3.9405348026365825
8.394724810149366, 3.9314410775301636
8.398716704547171, 3.922306739450899
8.402622523490654, 3.9131345902009405
8.40644287521732, 3.903925280083411
8.410168418396385, 3.8946796055739883
8.413793160612197, 3.8853967750517318
8.417341947101006, 3.876079233912716
8.420782251643445, 3.866726078333566
8.424132450530502, 3.857339423432766
8.427393449842672, 3.847919977484334
8.43055632953116, 3.8384693006608988
8.433131458556684, 3.8288579151946225
8.43545044905518, 3.8192270522166734
8.437837285956636, 3.8096583381053506
8.440158681208265, 3.8000621658971974
8.442458178755874, 3.790454120205976
8.444761509705943, 3.780840802407807
8.447040616729401, 3.771224466296316
8.449314127950403, 3.7616037618574487
8.451586073921101, 3.7519820822494028
8.4538474850211, 3.7423579691224305
8.456094976577155, 3.732732850271512
8.45835362271534, 3.723104969790704
8.46059333683737, 3.713477043460821
8.46283208945657, 3.703846328270896
8.465073132758414, 3.6942163933915517
8.467307016191517, 3.684584979609993
8.469529545640162, 3.674953699083253
8.471765835088881, 3.665320155354031
8.473985012410136, 3.655687307014762
8.476204835923355, 3.6460519925498134
8.478428274799786, 3.636417916976508
8.480645681536455, 3.626782589376229
8.482852579985584, 3.617147724133181
8.485074098128463, 3.6075107039673493
8.487279103992599, 3.597874610894794
8.489485284268689, 3.588236136062081
8.491695512509255, 3.5785990383541364
8.493900080930782, 3.56896075704542
8.496094420234913, 3.559323052118954
8.498303662418156, 3.5496832104300524
8.500496589819104, 3.5400443837427584
8.502690867935794, 3.5304031973022054
8.504889338633353, 3.520763430839816
8.507082275771221, 3.51112250373466
8.509265077880299, 3.501482200679057
8.51146287941115, 3.49183975217496
8.51364443329612, 3.4821983624334143
8.515827399428524, 3.4725546173242243
8.518014608473987, 3.46291230599527
8.52047507557234, 3.453259597995949
8.523184978608779, 3.4438735966926433
8.525927833740193, 3.434363275578652
8.528608178699697, 3.4249064248774945
8.531317479987793, 3.4151953250450098
8.533333089492004, 3.405415501000953
8.535060628924938, 3.395656527124847
8.53691162170784, 3.3859741448216494
8.538673101737979, 3.376263001451334
8.540413703540311, 3.366532912508164
8.542151733420948, 3.356801763943719
8.543879267063424, 3.3470685658797543
8.545592885914772, 3.3373352630046016
8.547312426754473, 3.327613507153535
8.54902517915099, 3.317784314195965
8.550724238826037, 3.30796872156742
8.552432346571146, 3.298154830511112
8.554129739222846, 3.2883402137050686
8.555822663694599, 3.2785244963152995
8.55752532887575, 3.2687077271430534
8.559217513339066, 3.258890730082257
8.560905549911407, 3.24907295940349
8.562603644068538, 3.2392543878245084
8.564291490982065, 3.2294358092090816
8.565975371137757, 3.2196166401751047
8.567669486962766, 3.209796808284743
8.569353486951814, 3.1999770926210194
8.571033622169356, 3.190156888516224
8.572724093553276, 3.1803360966904792
8.574404525063274, 3.170515491080478
8.57608115108332, 3.1606944545348648
8.577768171247117, 3.150872870665101
8.57944519521776, 3.141051513470007
8.581118447829848, 3.1312297582375295
8.582802127972206, 3.1214074768373843
8.584475837357855, 3.111585446184772
8.586145795396114, 3.1017630367035944
8.587826200555583, 3.091940111506412
8.589496650159024, 3.0821174519957486
8.591163360506863, 3.072294425228453
8.592840529832433, 3.062470887226773
8.594805767490678, 3.0526936078413893
8.597169829911342, 3.042938705007666
8.599529490478519, 3.0330295358379757
8.60163473371059, 3.0235676336537933
8.60371307350299, 3.014067438915422
8.605687190927325, 3.0042438748647786
8.607553881083836, 2.994436777796089
8.608867678260225, 2.9846162551511344
8.609954093551766, 2.9747906313183536
8.611059826800458, 2.964995928788687
8.61210486083877, 2.9551946865143788
8.613119143796604, 2.9453071855895714
8.61411297733829, 2.9353860072245346
8.615112687035014, 2.92547373932336
8.616101244606954, 2.915560216323417
8.617084930140152, 2.905645051603695
8.618077902564291, 2.8957274274304114
8.619060240303183, 2.8858097046409075
8.620038369698177, 2.875891101933848
8.621026478391439, 2.865970613031411
8.622004473050533, 2.8560505177016213
8.62297866830475, 2.8461299550934838
8.623963252413386, 2.8362078157477075
8.624938027988795, 2.826286336184766
8.625909242020857, 2.8163646112210396
8.62689107734167, 2.8064414759294034
8.627863276610034, 2.796519146356395
8.628832047650505, 2.7865966933624526
8.629811569566607, 2.7766729208388288
8.63078155240684, 2.7667500352563996
8.631748183325866, 2.756827094025896
8.632725639181016, 2.7469028814827414
8.633693611444974, 2.736979597015741
8.634658275540124, 2.7270562912294096
8.635633806603245, 2.7171317399226464
8.63659988612192, 2.7072081461445094
8.637562681904917, 2.6972845552972284
8.63853636827769, 2.687359734301433
8.639500621294989, 2.6774358869604624
8.640461604827566, 2.667512055545077
8.641433492699981, 2.6575870014957133
8.642395958025084, 2.647662930749703
8.643355162386428, 2.6377388834910156
8.644325279278197, 2.6278136169115913
8.645285980313908, 2.617889339689631
8.646243425721199, 2.607965090496727
8.647211788749077, 2.598039622985815
8.64817074029202, 2.588115148932532
8.64912643973051, 2.5781907058268683
8.6500930601221, 2.5682650441658206
8.651050272091338, 2.5583403789836376
8.652004234464771, 2.5484157467593107
8.652969120139026, 2.538489895050208
8.653924599719995, 2.528565042235986
8.654876831644506, 2.5186402238807544
8.655839988665338, 2.508714184725823
8.656793741510269, 2.498789146541461
8.657744248318375, 2.4888641440314117
8.658705681708167, 2.478937919192609
8.659657712607931, 2.4690126972079183
8.660606498910555, 2.4590875119519473
8.661566213105589, 2.4491611027199247
8.662516526365788, 2.4392356981162986
8.663463596366762, 2.429310331204778
8.664421595472069, 2.4193837386052883
8.665370195123492, 2.4094581523456147
8.666315552795602, 2.399532604689502
8.667271840727643, 2.3896058295989024
8.668218730644082, 2.3796800625226218
8.669162379827615, 2.3697543349322525
8.6701169603935, 2.359827378151794
8.67106214435544, 2.3499014310517863
8.672004088809627, 2.339975524314788
8.672956965750577, 2.3300483866204518
8.673900447487762, 2.3201222602449407
8.674840690933443, 2.310196175085204
8.675791867960449, 2.300268857192176
8.67673365117444, 2.290342552246355
8.677672197305409, 2.2804162893620363
8.678621678104594, 2.2704887919682766
8.679561766475091, 2.2605623091429834
8.680498618965636, 2.250635869219988
8.681446407205966, 2.2407081930128254
8.682384804397229, 2.2307815329896856
8.68331996690757, 2.220854916705904
8.684266066245232, 2.210927062365559
8.68520277590973, 2.2010002258198873
8.686136252089032, 2.1910734338475653
8.687080666169898, 2.18114540204912
8.688015691950293, 2.171218389651544
8.688947485438355, 2.161291422658623
8.68989021789934, 2.1513632140731334
8.690823563429653, 2.141436026490508
8.691753677857882, 2.131508885141368
8.692694732327732, 2.1215805004364836
8.69362640123402, 2.1116531383324073
8.694554840225939, 2.1017258232882954
8.695494220325665, 2.091797263128614
8.696424216226308, 2.081869727163723
8.69735098339789, 2.0719422390829942
8.69828869274103, 2.06201350413027
8.699217019247016, 2.0520857949624016
8.700142118206855, 2.0421581345006596
8.701078160399597, 2.032229225413912
8.702004821114574, 2.0223013436982105
8.702928255463974, 2.0123735115083847
8.70386263410525, 2.0024444289439747
8.704787632625651, 1.992516375332946
8.70570940595871, 1.9825883720653505
8.706642124640256, 1.9726591166770246
8.707565464555323, 1.9627308918205741
8.708796521104453, 1.9528178955486701
8.7104233838881, 1.942898641226872
8.712061999511883, 1.932954984810898
8.71351175768479, 1.9230181444350396
8.714914456548707, 1.9130558733547405
8.716233274973652, 1.9030219835648488
8.717353640133773, 1.8932402185356296
8.71838816935263, 1.8832977860380222
8.719316636611024, 1.8733792234912165
8.720156330867308, 1.8634521066812877
8.720906712036253, 1.8535181071622087
8.721559369826604, 1.843579277555163
8.722107738159474, 1.8336384559474728
8.722081715832525, 1.8237665655201734
8.721780420911507, 1.8138167235062743
8.721571829013739, 1.8038682744297747
8.721371432096118, 1.793927321263391
8.721167386164572, 1.7839830456237065
8.720958745577578, 1.7740358373544403
8.720746059674784, 1.764086301399485
8.720530024794177, 1.7541349097082073
8.720311268218632, 1.7441819058362142
8.720090379942722, 1.7342282221717464
8.719867840606378, 1.7242747175094817
8.719644015917526, 1.7143212709965314
8.719419218312801, 1.704367872710789
8.719193707478624, 1.6944145178813386
8.718967698814987, 1.684461200934815
8.718741370872399, 1.6745079159392522
8.718514871561384, 1.664554657075484
8.718288323346627, 1.6546014189084424
8.71806182758445, 1.6446481965201496
8.717835468136164, 1.6346949855565502
8.717609314372194, 1.6247417822230301
8.717383423666012, 1.6147885832511455
8.717157843191853, 1.604835374280914
8.716932615656622, 1.5948822023605391
8.716707774204776, 1.5849290828861835
8.716483344809529, 1.5749759976210174
8.716259349113162, 1.565022937432606
8.716035804944573, 1.5550698950989243
8.715812727021717, 1.5451168646606983
8.715590127503656, 1.5351638411906021
8.715368016436532, 1.5252108206159491
8.715146402120237, 1.5152577995720928
8.714925291411227, 1.5053047752807591
8.71470468997277, 1.4953517454491176
8.71448460248184, 1.4853987081861135
8.714265032800112, 1.4754456619331273
8.714045984115309, 1.4654926054065616
8.713827459058107, 1.4555395375502926
8.71360945979868, 1.4455864574963246
8.713391988126578, 1.43563336453223
8.713175045516708, 1.4256802580742118
8.7129586331839, 1.4157271376448257
8.712742752128014, 1.4057740028545482
8.712527403171233, 1.395820853386543
8.712312586988816, 1.3858676889840589
8.71209830413464, 1.3759145094400123
8.711884555062213, 1.3659613145883733
8.711671340142082, 1.3560081042970489
8.711458659676234, 1.3460548784619943
8.71124651390996, 1.3361016370023482
8.711034903041739, 1.32614837985641
8.710823827231273, 1.3161951069783153
8.710613286606298, 1.3062418183352904
8.710403281268052, 1.296288513905377
8.710193811295943, 1.286335193675558
8.709984876751266, 1.2763818576402055
8.709776477680398, 1.2664285057997946
8.709568614117352, 1.2564751381598502
8.709361286085926, 1.2465217547300624
8.709154493601494, 1.2365683555235705
8.708948236672443, 1.2266149405563578
8.708742515301408, 1.2166615098467632
8.70853732948624, 1.2067080634150662
8.708332679220868, 1.196754601283152
8.708128564495953, 1.1868011234742344
8.70792498529948, 1.1768476300126198
8.70772194161719, 1.1668941209235215
8.707519433433003, 1.156940596232898
8.707317460729316, 1.1469870559673252
8.707116023487263, 1.137033500153888
8.706915121686938, 1.1270799288200917
8.706714755307592, 1.1171263419937867
8.706514924327754, 1.1071727397031104
8.706315628725378, 1.0972191219764333
8.70611686847792, 1.0872654888423225
8.705918643562459, 1.0773118403295023
8.705720953955716, 1.0673581764668287
8.705523799634161, 1.0574044972832646
8.705327180574024, 1.0474508028078626
8.705131096751353, 1.0374970930697467
8.704935548142057, 1.0275433680981008
8.704740534721886, 1.0175896279221541
8.704546056466521, 1.0076358725711771
8.704352113351526, 0.9976821020744703
8.704158705352425, 0.987728316461362
8.703773494603633, 0.9678207000033412
8.703581691804695, 0.957866869217167
8.703390424023187, 0.9479130234320604
8.703199691234396, 0.9379591626774133
8.703009493413601, 0.9280052869826232
8.702819830536077, 0.9180513963770909
8.70263070257706, 0.9080974908902197
8.70244210951178, 0.8981435705514147
8.702254051315471, 0.8881896353900804
8.702066527963348, 0.878235685435621
8.701879539430614, 0.8682817207174394
8.70169308569247, 0.8583277412649372
8.70150716672413, 0.8483737471075141
8.701321782500791, 0.838419738274567
8.701136932997642, 0.82846571479549
8.700952618189872, 0.8185116766996741
8.700768838052674, 0.8085576240165081
8.700585592561248, 0.7986035567753768
8.700402881690778, 0.7886494750056613
8.700220705416449, 0.7786953787367398
8.70003906370688, 0.7687412677640502
8.699857956649112, 0.7587871426737139
8.699677384434578, 0.7488330079649717
8.699497347016733, 0.7388788628642561
8.699317844376997, 0.7289247073345749
8.699138876491824, 0.7189705414014194
8.698960443335649, 0.7090163650936779
8.698782544882429, 0.6990621784404315
8.69860518110596, 0.6891079814707769
8.698428351979977, 0.6791537742138122
8.698252057478136, 0.6691995566986347
8.698076297574046, 0.6592453289543417
8.69790107224129, 0.6492910910100275
8.697726381453407, 0.6393368428947852
8.69755222518391, 0.6293825846377046
8.697378603406293, 0.6194283162678725
8.697205516094018, 0.609474037814373
8.697032963220561, 0.5995197493062869
8.696860944759361, 0.5895654507726916
8.69668946068386, 0.5796111422426601
8.696518510967481, 0.569656823745262
8.696348095583646, 0.559702495309563
8.696178214505778, 0.5497481569646244
8.696008867707281, 0.5397938087395044
8.695840055161565, 0.5298394506632567
8.695671776842033, 0.5198850827649301
8.695504032722097, 0.5099307050735704
8.695336822775145, 0.49997631761821787
8.695170146974583, 0.49002192042790943
8.695004005293814, 0.4800675135316776
8.694838397706231, 0.4701130969585505
8.694673324185235, 0.4601586707375521
8.694508784704219, 0.4502042348977016
8.694344779236584, 0.44024978946801463
8.694181307755725, 0.4302953344775015
8.694018370235035, 0.420340869955169
8.693855966647918, 0.4103863959300191
8.693694096967766, 0.4004319124310495
8.693532761167981, 0.39047741948725406
8.69337195922195, 0.3805229171276213
8.69321169110308, 0.3705684053811365
8.693051956784767, 0.36061388427677965
8.692892756240406, 0.350659353843527
8.692734089443404, 0.3407048141103501
8.69257595636715, 0.3307502651062162
8.692418356985062, 0.3207957068600881
8.692261291270519, 0.31084113940092456
8.692104759196935, 0.3008865627576796
8.691948760737702, 0.2909319769593032
8.691793295866226, 0.2809773820347405
8.691638364555915, 0.27102277801293295
8.691483966780165, 0.26106816492281715
8.691330102512381, 0.25111354279332526
8.691176771725972, 0.24115891165338552
8.69102397439434, 0.2312042715319214
8.690871710490875, 0.2212496224578522
8.690719979989, 0.21129496446009288
8.690568782862114, 0.20134029756755398
8.690418119083631, 0.1913856218091418
8.690267988626948, 0.18143093721375794
8.690118391465484, 0.17147624381029988
8.689969327572635, 0.16152154162766083
8.689820796921818, 0.1515668306947295
8.689672799486432, 0.14161211104039031
8.689525335239892, 0.13165738269352342
8.689378404155617, 0.1217026456830043
8.689232006207005, 0.11174790003770443
8.689086141367481, 0.10179314578649057
8.688940809610443, 0.09183838295822544
8.688796010909316, 0.08188361158176721
8.688651745237504, 0.07192883168596992
8.688508012568422, 0.061974043299682965
8.68836481287548, 0.05201924645175165
8.688222146132109, 0.04206444117101671
8.688080012311701, 0.032109627486314685
8.687938411387686, 0.022154805426477693
8.687797343333484, 0.012199975020333587
8.687656808122497, 0.0022451362967057394
8.687516805728158, -0.007709710715586792
8.687377336123872, -0.01766456598772924
8.687238399283066, -0.027619429490911205
8.687099995179166, -0.03757430119632661
8.686962123785582, -0.04752918107517395
8.686824785075725, -0.05748406909865575
8.686687979023025, -0.06743896523797896
8.68655170560091, -0.07739386946435503
8.686415964782796, -0.0873487817489996
8.686280756542109, -0.0973037020631328
8.686146080852263, -0.1072586303779788
8.68601193768669, -0.11721356666476658
8.685878327018818, -0.12716851089472897
8.685745248822053, -0.13712346303910364
8.685612703069843, -0.147078423069132
8.685480689735607, -0.1570333909560603
8.685349208792768, -0.166988366671139
8.685218260214752, -0.17694335018562304
8.68508784397499, -0.18689834147077122
8.684957960046907, -0.19685334049784733
8.684828608403933, -0.20680834723811875
8.684699789019502, -0.21676336166285787
8.684571501867039, -0.22671838374334122
8.684443746919978, -0.23667341345084927
8.684316524151741, -0.24662845075666723
8.684189833535775, -0.2565834956320848
8.684063675045506, -0.2665385480483957
8.683938048654362, -0.27649360797689787
8.683812954335789, -0.28644867538889374
8.683688392063203, -0.2964037502556905
8.683564361810053, -0.3063588325485988
8.683440863549773, -0.3163139222389347
8.683317897255797, -0.32626901929801755
8.683195462901555, -0.33622412369717153
8.68307356046049, -0.34617923540772516
8.682952189906043, -0.3561343544010112
8.682831351211648, -0.3660894806483667
8.682711044350746, -0.37604461412113305
8.682591269296775, -0.3859997547906562
8.682472026023172, -0.3959549026282861
8.682353314503388, -0.405910057605377
8.68223513471086, -0.4158652196932881
8.682117486619028, -0.425820388863382
8.682000370201338, -0.4357755650870262
8.681883785431225, -0.4457307483355926
8.681767732282138, -0.4556859385804573
8.68165221072753, -0.4656411357930004
8.681537220740825, -0.4755963399446067
8.681422762295488, -0.4855515510066651
8.681308835364955, -0.4955067689505688
8.68119543992269, -0.5054619937477156
8.681082575942115, -0.5154172253695074
8.680970243396693, -0.5253724637873507
8.68085844225987, -0.5353277089726554
8.680747172505097, -0.5452829608968374
8.680636434105825, -0.5552382195313154
8.680526227035498, -0.565193484847513
8.680416551267571, -0.5751487568168578
8.680307406775494, -0.5851040354107824
8.680198793532726, -0.5950593206007233
8.680090711512719, -0.6050146123581207
8.67998316068892, -0.6149699106544204
8.679876141034788, -0.624925215461072
8.679769652523778, -0.6348805267495284
8.679663695129342, -0.6448358444912478
8.679558268824941, -0.6547911686576929
8.679453373584037, -0.6647464992203304
8.679349009380074, -0.6747018361506312
8.679245176186514, -0.6846571794200702
8.679141873976828, -0.6946125290001277
8.679039102724467, -0.7045678848622874
8.678936862402884, -0.7145232469780373
8.678835152985556, -0.7244786153188696
8.678733974445928, -0.7344339898562814
8.678633326757472, -0.7443893705617741
8.67853320989364, -0.7543447574068526
8.678433623827914, -0.7643001503630271
8.67833456853374, -0.7742555494018116
8.678236043984587, -0.7842109544947248
8.678138050153931, -0.7941663656132886
8.678040587015223, -0.8041217827290299
8.677943654541933, -0.8140772058134809
8.67784725270754, -0.8240326348381762
8.677751381485502, -0.8339880697746561
8.677656040849287, -0.8439435105944647
8.677561230772364, -0.8538989572691505
8.677466951228203, -0.8638544097702656
8.677373202190282, -0.8738098680693679
8.677279983632069, -0.8837653321380187
8.677187295527025, -0.8937208019477831
8.677095137848633, -0.9036762774702309
8.677003510570366, -0.913631758676937
8.676912413665699, -0.9235872455394796
8.676821847108098, -0.9335427380294421
8.676731810871049, -0.9434982361184109
8.67664230492802, -0.9534537397779768
8.676553329252492, -0.9634092489797367
8.676464883817932, -0.97336476369529
8.676376968597832, -0.9833202838962408
8.676289583565655, -0.9932758095541981
8.676202728694895, -1.0032313406407745
8.676116403959028, -1.0131868771275876
8.676030609331532, -1.0231424189862584
8.675945344785886, -1.0330979661884123
8.67586061029557, -1.0430535187056795
8.675776405834076, -1.0530090765096947
8.675692731374882, -1.0629646395720957
8.675609586891476, -1.0729202078645268
8.675526972357337, -1.0828757813586343
8.675444887745943, -1.0928313600260693
8.675363333030798, -1.102786943838487
8.675282308185372, -1.1127425327675486
8.675201813183161, -1.1226981267849183
8.675121847997648, -1.1326537258622642
8.67504241260233, -1.1426093299712592
8.67496350697069, -1.1525649390835802
8.67488513107622, -1.162520553170909
8.674807284892411, -1.1724761722049304
8.674729968392754, -1.182431796157336
8.674653181550735, -1.1923874249998194
8.674576924339855, -1.2023430587040789
8.6745011967336, -1.2122986972418166
8.674425998705468, -1.2222543405847393
8.67435133022896, -1.2322099887045603
8.674277191277552, -1.2421656415729934
8.67420358182476, -1.2521212991617596
8.67413050184408, -1.2620769614425829
8.674057951309008, -1.2720326283871917
8.67398593019303, -1.2819882999673182
8.673914438469655, -1.2919439761547005
8.673843476112387, -1.301899656921078
8.673773043094718, -1.3118553422381976
8.673703139390144, -1.321811032077809
8.673633764972182, -1.3317667264116655
8.673564919814329, -1.3417224252115265
8.673496603890081, -1.351678128449154
8.673428817172953, -1.3616338360963147
8.673361559636437, -1.3715895481247806
8.67329483125405, -1.381545264506325
8.67322863199929, -1.3915009852127302
8.673162961845676, -1.4014567102157784
8.6730978207667, -1.4114124394872587
8.673033208735871, -1.4213681729989631
8.672969125726715, -1.4313239107226883
8.672905571712729, -1.4412796526302354
8.672842546667416, -1.4512353986934101
8.672780050564299, -1.4611911488840208
8.672718083376894, -1.471146903173882
8.672656645078705, -1.4811026615348115
8.672595735643247, -1.4910584239386315
8.67253535504403, -1.5010141903571694
8.672475503254566, -1.5109699607622553
8.672416180248387, -1.5209257351257235
8.672357385998993, -1.5308815134194145
8.6722991204799, -1.5408372956151715
8.672241383664648, -1.550793081684843
8.672184175526729, -1.5607488716002793
8.672127496039673, -1.5707046653333383
8.672071345176999, -1.5806604628558802
8.672015722912228, -1.590616264139769
8.671960629218882, -1.6005720691568752
8.67190606407048, -1.6105278778790713
8.671852027440547, -1.620483690278235
8.671798519302609, -1.6304395063262487
8.67174553963018, -1.6403953259949973
8.671693088396797, -1.650351149256372
8.671641165575982, -1.6603069760822668
8.671589771141267, -1.6702628064445817
8.671538905066168, -1.6802186403152195
8.67148856732422, -1.6901744776660863
8.67143875788895, -1.7001303184690952
8.671389476733877, -1.7100861626961616
8.671340723832543, -1.7200420103192058
8.671292499158477, -1.7299978613101512
8.671244802685214, -1.7399537156409273
8.671197634386283, -1.7499095732834657
8.671150994235218, -1.759865434209704
8.67110488220554, -1.769821298391585
8.6710592982708, -1.7797771658010522
8.671014242404523, -1.7897330364100568
8.670969714580266, -1.7996889101905515
8.670925714771538, -1.8096447871144952
8.67088224295189, -1.8196006671538494
8.670839299094869, -1.8295565502805833
8.670796883173999, -1.8395124364666666
8.67075499516282, -1.8494683256840734
8.67071363503489, -1.8594242179047848
8.670672802763727, -1.8693801131007834
8.670632498322895, -1.8793360112440567
8.670592721685917, -1.8892919123065985
8.670553472826349, -1.8992478162604045
8.670514751717732, -1.9092037230774752
8.670476558333618, -1.9191596327298153
8.670438892647537, -1.9291155451894342
8.670401754633062, -1.9390714604283448
8.67036514426371, -1.9490273784185652
8.670329061513048, -1.9589832991321168
8.670293506354625, -1.9689392225410245
8.670258478761982, -1.978895148617321
8.67022397870868, -1.988851077333038
8.670190006168262, -1.9988070086602157
8.670156561114284, -2.0087629425708977
8.670123643520304, -2.0187188790371318
8.67009125335987, -2.028674818030967
8.67005939060653, -2.0386307595244597
8.670028055233853, -2.048586703489669
8.669997247215385, -2.058542649898661
8.669966966524681, -2.0684985987235036
8.669937213135306, -2.0784545499362674
8.669907987020814, -2.0884105035090297
8.669879288154771, -2.0983664594138722
8.669851116510724, -2.1083224176228796
8.66982347206225, -2.1182783781081422
8.669796354782907, -2.128234340841753
8.669769764646249, -2.138190305795809
8.66974370162584, -2.148146272942413
8.669718165695254, -2.1581022422536726
8.669693156828043, -2.168058213701696
8.669668674997778, -2.178014187258599
8.66964472017803, -2.187970162896501
8.669621292342356, -2.1979261405875237
8.669598391464332, -2.207882120303796
8.669576017517526, -2.2178381020174465
8.669554170475502, -2.2277940857006135
8.669532850311837, -2.2377500713254377
8.669512057000103, -2.247706058864063
8.669491790513865, -2.257662048288634
8.669472050826698, -2.2676180395713073
8.669452837912175, -2.277574032684238
8.669434151743868, -2.287530027599589
8.669415992295372, -2.2974860242895243
8.669398359540239, -2.3074420227262133
8.66938125345205, -2.3173980228818296
8.669364674004388, -2.3273540247285496
8.669348621170837, -2.337310028238559
8.669333094924962, -2.3472660333840416
8.669318095240351, -2.357222040137187
8.669303622090593, -2.367178048470192
8.669289675449248, -2.3771340583552547
8.669276255289914, -2.3870900697645774
8.66926336158617, -2.3970460826703683
8.6692509943116, -2.4070020970448405
8.669239153439793, -2.4169581128602067
8.669227838944334, -2.4269141300886883
8.669217050798808, -2.4368701487025106
8.669206788976796, -2.4468261686739
8.669197053451898, -2.4567821899750872
8.669187844197694, -2.466738212578312
8.669179161187778, -2.476694236455814
8.66917100439574, -2.4866502615798387
8.669163373795165, -2.496606287922636
8.669156269359657, -2.5065623154564594
8.669149691062804, -2.516518344153566
8.669143638878197, -2.5264743739862183
8.66913811277943, -2.536430404926682
8.669133112740107, -2.5463864369472247
8.669128638733824, -2.556342470020124
8.669124690734163, -2.5662985041176576
8.66912126871473, -2.576254539212109
8.669118372649129, -2.5862105752757634
8.669116002510961, -2.596166612280914
8.669114158273818, -2.606122650199856
8.66911283991131, -2.616078689004889
8.669112047397034, -2.626034728668316
8.669111780704602, -2.6359907691624445
8.669112039807604, -2.645946810459589
8.669112824679658, -2.6559028525320643
8.669114135294363, -2.665858895352191
8.669115971625322, -2.675814938892294
8.669118333646148, -2.6857709831247014
8.66912122133045, -2.695727028021747
8.669124634651828, -2.7056830735557686
8.669128573583897, -2.715639119699105
8.669133038100275, -2.725595166424106
8.669138028174563, -2.7355512137031184
8.669143543780391, -2.745507261508496
8.669149584891347, -2.7554633098125993
8.669156151481056, -2.7654193585877884
8.66916324352314, -2.7753754078064308
8.669170860991207, -2.785331457440898
8.669179003858874, -2.7952875074635632
8.669187672099767, -2.8052435578468073
8.669196865687498, -2.8151996085630118
8.669206584595678, -2.8251556595845657
8.669216828797941, -2.835111710883861
8.669227598267907, -2.8450677624332905
8.669238892979187, -2.855023814205257
8.669250712905411, -2.8649798661721637
8.6692630580202, -2.8749359183064183
8.669275928297186, -2.884891970580433
8.669289323709984, -2.894848022966626
8.669303244232223, -2.9048040754374163
8.669317689837538, -2.9147601279652298
8.66933266049955, -2.9247161805224957
8.669348156191885, -2.9346722330816495
8.669364176888173, -2.9446282856151256
8.669380722562058, -2.9545843380953656
8.669397793187153, -2.9645403904948173
8.669415388737109, -2.9744964427859277
8.669433509185536, -2.984452494941154
8.66945215450609, -2.9944085469329544
8.669471324672394, -3.00436459873379
8.66949101965808, -3.0143206503161273
8.669511239436794, -3.0242767016524366
8.669531983982179, -3.034232752715195
8.669553253267852, -3.0441888034768803
8.669575047267474, -3.0541448539099765
8.66959736595467, -3.064100903986969
8.669620209303094, -3.074056953680353
8.669643577286385, -3.0840130029626205
8.66966746987818, -3.0939690518062735
8.669716828781864, -3.113881148067756
8.669742295041043, -3.123837195430606
8.669768285803306, -3.1337932422448818
8.669794801042306, -3.1437492884831033
8.669821840731698, -3.1537053341177983
8.669849404845117, -3.1636613791214936
8.669877493356216, -3.173617423466725
8.669906106238646, -3.183573467126027
8.669935243466055, -3.1935295100719427
8.66996490501211, -3.203485552277016
8.66999509085045, -3.213441593713796
8.67002580095474, -3.22339763435484
8.67005703529863, -3.2333536741727036
8.670088793855776, -3.2433097131399498
8.670121076599838, -3.253265751229145
8.670153883504467, -3.263221788412861
8.670187214543327, -3.273177824663669
8.670221069690076, -3.28313385995415
8.670255448918379, -3.2930898942568883
8.670290352201894, -3.3030459275444692
8.670325779514286, -3.3130019597894855
8.67036173082922, -3.3229579909645284
8.670398206120353, -3.332914021042202
8.670435205361358, -3.3428700499951085
8.670472728525898, -3.3528260777958563
8.670510775587635, -3.3627821044170574
8.670549346520248, -3.3727381298313253
8.670588441297399, -3.382694154011284
8.670628059892762, -3.392650176929555
8.670668202280005, -3.4026061985587686
8.670708868432797, -3.412562218871558
8.670750058324817, -3.4225182378405576
8.670791771929736, -3.432474255438409
8.670834009221231, -3.4424302716377597
8.670876770172976, -3.4523862864112567
8.670920054758634, -3.462342299731554
8.670963862951906, -3.4722983115713064
8.671008194726449, -3.48225432190318
8.671053050055956, -3.4922103306998387
8.671098428914107, -3.5021663379339505
8.671144331274576, -3.512122343578191
8.671190757111049, -3.522078347605239
8.6712377063972, -3.532034349987775
8.671285179106723, -3.541990350698488
8.6713331752133, -3.551946349710067
8.671381694690616, -3.561902346995205
8.671430737512358, -3.5718583425266046
8.671480303652217, -3.5818143362769668
8.671530393083875, -3.5917703282189968
8.671581005781023, -3.601726318325409
8.671632141717359, -3.611682306568916
8.671683800866553, -3.6216382929222397
8.671735983202323, -3.6315942773581003
8.671788688698351, -3.6415502598492284
8.67184191732832, -3.6515062403683545
8.671895669065941, -3.661462218888213
8.671949943884908, -3.6714181953815483
8.672004741758911, -3.6813741698211015
8.672060062661647, -3.6913301421796203
8.672115906566825, -3.7012861124298593
8.672172273448135, -3.711242080544573
8.672229163279288, -3.7211980464965237
8.672286576033978, -3.7311540102584755
8.672344511685907, -3.7411099718031964
8.672402970208784, -3.7510659311034598
8.67246195157631, -3.7610218881320443
8.672521455762192, -3.770977842861728
8.672581482740132, -3.7809337952653
8.672642032483841, -3.7908897453155466
8.672703104967018, -3.8008456929852623
8.67276470016339, -3.8108016382472467
8.672826818046659, -3.8207575810743
8.672889458590536, -3.830713521439228
8.672952621768728, -3.8406694593148396
8.673016307554956, -3.8506253946739495
8.673080515922921, -3.8605813274893763
8.673145246846355, -3.8705372577339423
8.673210500298964, -3.880493185380475
8.67327627625447, -3.890449110401803
8.67334257468659, -3.9004050327707636
8.673409395569035, -3.9103609524601923
8.673476738875532, -3.920316869442933
8.673544604579805, -3.9302727836918336
8.673846768212577, -3.9402690598168166
8.674494834552137, -3.950326207373981
8.67515396581208, -3.960401461736631
8.675690445071172, -3.970461163891017
8.676033467698746, -3.9804972272055408
8.676271376665634, -3.990536846724763
8.676424529590742, -4.000581380488392
8.676472734946461, -4.010623207250442
8.676422055796658, -4.020663284411148
8.676284970535033, -4.030705270074051
8.676042140913, -4.040742296410468
8.675699789418081, -4.050775382589911
8.67527044180971, -4.060808449233876
8.674735104048562, -4.0708339878911834
8.674100049465602, -4.0808531057059705
8.673377796410131, -4.090870027345639
8.672549653244543, -4.100876645425649
8.671621883201956, -4.110874177951714
8.670606945641897, -4.1208671715214065
8.66948642352083, -4.130846952113552
8.668266542345021, -4.140814882865539
8.666959696270622, -4.150775862317442
8.665547739614919, -4.1607206686541955
8.664036832780312, -4.170650811126809
8.662439284560758, -4.180571543087713
8.66073722717542, -4.190473121962324
8.658936738171656, -4.200357209429195
8.6570500260782, -4.2102294134610805
8.655059510514425, -4.22007948372291
8.65297114507762, -4.229909341730839
8.650797137135754, -4.239724512206215
8.64852029599504, -4.24951406218429
8.646146515724597, -4.259279881169373
8.643687846594297, -4.26902816139668
8.641127313275344, -4.27874765929666
8.638470668145768, -4.288440614290673
8.635729784244491, -4.298113667082867
8.632888151723058, -4.307754656122553
8.629951593015587, -4.317365578605225
8.626931888839545, -4.326953409103391
8.623812734892502, -4.3365059279052405
8.620599625215199, -4.346025756655723
8.617304179586585, -4.355520173015257
8.613910455397752, -4.364976466239187
8.610423809114911, -4.37439742660949
8.60685568805549, -4.383790671218904
8.603190521273426, -4.393143017398006
8.599433523105716, -4.4024574203892275
8.595595954110044, -4.411741826312157
8.591662628700563, -4.420982591928297
8.58763861651687, -4.430182835592839
8.583534982871356, -4.43935082770738
8.579336942195413, -4.448472476714675
8.575049415893679, -4.457551058003629
8.570683251156842, -4.466595150740098
8.566223962146388, -4.475590161283705
8.56167623783038, -4.484539489512897
8.557050685045061, -4.493452002793444
8.552333373129628, -4.502312764980217
8.547528934785863, -4.511125368156781
8.542560091698727, -4.520024482129131
8.537749074854622, -4.528481927754593
8.532913166689294, -4.536988137404199
8.527924695565403, -4.545468960507128
8.522835195262449, -4.553904813736514
8.517659367228033, -4.562292021876702
8.51240115674571, -4.570629968925469
8.507058639193064, -4.578907896291034
8.501635445404327, -4.587130717526699
8.496136395206833, -4.595310970470085
8.490554946856932, -4.603429692233805
8.48489409790785, -4.611490807517264
8.479158336771302, -4.619507035609509
8.473341693323645, -4.627459237880573
8.467447087709017, -4.63535145272331
8.461478671819412, -4.6431965148694045
8.455431061439201, -4.65097510021136
8.44930707755217, -4.658691362657223
8.443110508605276, -4.66635824157088
8.436836549317539, -4.673956251049774
8.430487907116428, -4.6814896556828325
8.424068015942291, -4.688971474395815
8.417572661398808, -4.696382068108621
8.411004429806615, -4.703725805454178
8.404366382318788, -4.711015780674552
8.397654891186757, -4.71823222878719
8.390872413864042, -4.7253796182292644
8.384021632513175, -4.732471103044563
8.377099510858452, -4.739486812056711
8.370108369625706, -4.746431307468105
8.363050508086687, -4.7533177914236475
8.35592348703734, -4.760126307233221
8.348729489776218, -4.766861502934702
8.341470425325491, -4.773536617353095
8.326753611745866, -4.786651276477909
8.319299422324734, -4.793108812741261
8.311780647927566, -4.7994841811691344
8.304199189096868, -4.8057821806327174
8.296556170202244, -4.812016087021621
8.288850956756244, -4.818165823305831
8.281085304834761, -4.824236254319016
8.2732599445769, -4.830240659088358
8.265374848258757, -4.836158965432446
8.257431627562632, -4.841996095767008
8.24943061916465, -4.847765320858947
8.241372404263725, -4.8534465935422375
8.233258453049487, -4.859044884532298
8.225088703726625, -4.864573447486566
8.216864340690655, -4.870012286034323
8.208586691397583, -4.87536641350777
8.200255297218353, -4.880649055345169
8.191871945937242, -4.885840286248203
8.183437824010534, -4.890945153865317
8.174952076296679, -4.8959768453460555
8.1664170890382, -4.90091552887303
8.157833908101596, -4.905766279485552
8.149201283168418, -4.910542236071308
8.140522198846043, -4.91522367768677
8.131797564386972, -4.919815694707144
8.123025734123877, -4.924331367644926
8.114210281275932, -4.928751112362575
8.105351376361357, -4.933088236873246
8.096450425191374, -4.937340107081608
8.087506820145956, -4.94150845252116
8.078523539262157, -4.9455776830368885
8.069498216004519, -4.94956956215091
8.060434046212158, -4.9534676080513735
8.051331374682585, -4.957277156186979
8.042192885152803, -4.960987533051791
8.033014996546278, -4.964617019098707
8.023802419376784, -4.9681520111165325
8.0145569733501, -4.9715867194709835
8.005274551805984, -4.974939309293262
7.995962199211652, -4.978192991533367
7.986614578021637, -4.981363140849029
7.977238927215875, -4.984430689232484
7.967829964206296, -4.987413286221727
7.958395079295458, -4.9902927034766265
7.948928591945439, -4.9930865201323025
7.9394382724834305, -4.995776652608566
7.929918114250871, -4.998380574113699
7.920376220079971, -5.000880352174251
7.910806325053362, -5.0032941112723
7.901214465931509, -5.005610037328091
7.891599412931042, -5.007831431115103
7.881963949192129, -5.009953048562115
7.872306805215823, -5.011983637762599
7.862630511782622, -5.013917829980779
7.852936962616381, -5.015751917678328
7.843183035986747, -5.016962616298378
7.833471532016602, -5.017919652539003
7.823818371805274, -5.018958410447194
7.814176405778211, -5.019902965152773
7.804524857815003, -5.02085526815191
7.794865021715639, -5.0218681562648175
7.7852067086472365, -5.022806554814583
7.775538486544091, -5.023804440720558
7.765878054232052, -5.024724292621503
7.756222724352944, -5.025726426012849
7.74657307893424, -5.026727189993775
7.736922263769652, -5.027718810273847
7.727270689929078, -5.028701795551981
7.717618628928639, -5.029677190986085
7.707966180684938, -5.030645990430807
7.698313427971286, -5.0316090705238095
7.6886604365111895, -5.032567197673755
7.679007257934546, -5.033521041295055
7.6693539330751035, -5.0344711858910784
7.659700494367038, -5.035418141726285
7.650046967683675, -5.036362354194686
7.640393373758203, -5.037304212026761
7.630739729282415, -5.038244054471586
7.621086047758583, -5.039182177577674
7.61143234016174, -5.040118839682551
7.6017786154560465, -5.041054266208868
7.592124880998654, -5.041988653853254
7.58247114285666, -5.042922174243949
7.572817406056724, -5.043854977133985
7.563163674782406, -5.044787193188483
7.553509952530839, -5.04571893641741
7.543856242237566, -5.0466503062986705
7.534202546376551, -5.047581389630859
7.524548867040582, -5.048512262149985
7.514895206006247, -5.049442989940201
7.505241564786698, -5.050373630664718
7.495587944674685, -5.051304234639816
7.48593434677783, -5.05223484577193
7.476280772047674, -5.053165502375218
7.466627221303723, -5.054096237884914
7.456973695253395, -5.055027081479681
7.447320194508701, -5.055958058624587
7.437666719600216, -5.05688919154485
7.42801327098881, -5.057820499639109
7.418359849075582, -5.058751999840051
7.4087064542102485, -5.059683706928963
7.399053086698294, -5.060615633810216
7.389399746807055, -5.061547791750692
7.379746434770917, -5.062480190588702
7.370093150795764, -5.063412838916229
7.360439895062811, -5.064345744237938
7.350786667731892, -5.065278913109889
7.34113346894428, -5.066212351260554
7.331480298825148, -5.067146063696402
7.321827157485676, -5.068080054794027
7.3121740450248724, -5.069014328380488
7.302520961531163, -5.0699488878034265
7.292867907083776, -5.070883735992239
7.283214881753921, -5.071818875511426
7.273561885605813, -5.0727543086071565
7.263908918697594, -5.073690037247871
7.254255981082116, -5.074626063159731
7.244603072807593, -5.075562387857515
7.2349501939182295, -5.076499012671606
7.225297344454708, -5.0774359387715
7.215644524454655, -5.078373167186346
7.205991733953029, -5.079310698822846
7.196338972982458, -5.080248534480892
7.18668624157354, -5.08118667486718
7.177033539755105, -5.082125120607106
7.167380867554437, -5.08306387225515
7.157728224997471, -5.084002930303904
7.148075612108972, -5.0849422951920005
7.138423028912675, -5.085881967310968
7.128770475431427, -5.0868219470112646
7.119117951687295, -5.087762234607508
7.1094654577016705, -5.088702830383056
7.099812993495346, -5.089643734593997
7.090160559088604, -5.090584947472624
7.080508154501279, -5.091526469230485
7.070855779752813, -5.0924683000610145
7.061203434862308, -5.093410440141869
7.051551119848568, -5.09435288963692
7.04189883473015, -5.095295648698033
7.032246579525373, -5.096238717466588
7.022594354252372, -5.097182096074828
7.012942158929108, -5.098125784647025
7.003289993573398, -5.099069783300495
6.993637858202932, -5.10001409214649
6.983985752835293, -5.1009587112909855
6.974333677487972, -5.10190364083533
6.964681632178372, -5.10284888087686
6.955029616923826, -5.103794431509411
6.945377631741614, -5.104740292823758
6.93572567664896, -5.105686464908012
6.9260737516630435, -5.106632947847969
6.916421856801014, -5.107579741727394
6.9067699920799805, -5.108526846628295
6.897118157517034, -5.109474262631143
6.887466353129238, -5.110421989815071
6.87781457893364, -5.111370028258053
6.868162834947271, -5.112318378037038
6.858511121187156, -5.1132670392281
6.848859437670308, -5.11421601190656
6.839207784413728, -5.115165296147043
6.82955616143442, -5.1161148920236155
6.819904568749383, -5.117064799609835
6.81025300637561, -5.118015018978826
6.800601474330098, -5.118965550203327
6.790949972629844, -5.119916393355759
6.781298501291847, -5.120867548508243
6.771647060333108, -5.121819015732672
6.761995649770632, -5.122770795100715
6.752344269621426, -5.123722886683863
6.742692919902505, -5.124675290553452
6.73304160063089, -5.1256280067806825
6.7233903118236045, -5.1265810354366375
6.713739053497674, -5.127534376592305
6.704087825670142, -5.1284880303185885
6.694436628358053, -5.129441996686317
6.684785461578451, -5.130396275766274
6.675134325348398, -5.131350867629179
6.665483219684962, -5.132305772345714
6.655832144605209, -5.13326098998653
6.646181100126222, -5.134216520622256
6.636530086265092, -5.135172364323499
6.626879103038916, -5.136128521160844
6.617228150464799, -5.1370849912048655
6.607577228559849, -5.138041774526134
6.597926337341191, -5.138998871195216
6.5882754768259515, -5.139956281282677
6.578624647031272, -5.140914004859078
6.568973847974292, -5.141872041994988
6.5593230796721755, -5.142830392760983
6.549672342142075, -5.143789057227638
6.540021635401168, -5.144748035465543
6.5303709594666355, -5.145707327545293
6.520720314355668, -5.146666933537501
6.511069700085456, -5.147626853512787
6.501419116673212, -5.148587087541778
6.491768564136148, -5.1495476356951215
6.482118042491488, -5.150508498043487
6.472467551756466, -5.151469674657538
6.462817091948327, -5.152431165607965
6.453166663084315, -5.153392970965474
6.44351626518169, -5.154355090800787
6.4338658982577215, -5.155317525184641
6.424215562329684, -5.156280274187787
6.414565257414862, -5.157243337880992
6.404914983530551, -5.158206716335046
6.395264740694054, -5.159170409620751
6.385614528922684, -5.160134417808929
6.37596434823376, -5.161098740970414
6.366314198644613, -5.162063379176067
6.35666408017258, -5.163028332496762
6.3470139928350084, -5.163993601003386
6.337363936649256, -5.1649591847668495
6.327713911632685, -5.16592508385808
6.318063917802677, -5.166891298348022
6.308413955176604, -5.1678578283076355
6.298764023771865, -5.168824673807905
6.289114123605857, -5.1697918349198275
6.27946425469599, -5.170759311714423
6.2698144170596875, -5.171727104262725
6.26016461071437, -5.172695212635787
6.25051483567748, -5.173663636904682
6.240865091966456, -5.1746323771405
6.231215379598758, -5.1756014334143465
6.22156569859185, -5.176570805797355
6.211916048963201, -5.1775404943606675
6.2022664307302975, -5.178510499175448
6.1926168439106215, -5.179480820312881
6.182967288521675, -5.180451457844162
6.173317764580971, -5.181422411840513
6.163651076354851, -5.182589874772077
6.153961119786772, -5.184004622984514
6.144241059624787, -5.185416551362628
6.134504113991505, -5.186775921440136
6.124753272187439, -5.188072619786182
6.114989932291937, -5.189301256696577
6.105215299753887, -5.19045743518895
6.09543042552773, -5.191537336545329
6.085598740974154, -5.191933438273507
6.075839899614139, -5.192144222759007
6.066129657557054, -5.192407132963952
6.056438814863725, -5.192649625826132
6.046728847522812, -5.192877912932433
6.0370288286954645, -5.193122140955662
6.02729574716294, -5.1933577831570705
6.017532722050395, -5.193528674910619
6.00774657546358, -5.193680650615688
5.9979622876111485, -5.193820426359084
5.9881715920859095, -5.19396072848238
5.978383067644342, -5.19408735433925
5.9685950398634615, -5.194205831729821
5.958800992782319, -5.194327804619326
5.94900998357887, -5.194438699476467
5.939219932760286, -5.1945437358888835
5.929424210449903, -5.19465426350406
5.919631834245858, -5.194755464672054
5.909840607791957, -5.194852334458942
5.900043882467845, -5.194956015720886
5.89025067892412, -5.19505151314336
5.880458737336348, -5.195143665845349
5.870661404031575, -5.195243482630675
5.860867697650197, -5.1953358550787145
5.851075318356818, -5.195425524196796
5.841277610770228, -5.195523412545202
5.831483593365504, -5.195614338515782
5.82169094264398, -5.195702978203602
5.811893002410829, -5.195800200300051
5.802098791579559, -5.195890770331148
5.792305972664192, -5.195979321728805
5.782507889577945, -5.196076689698525
5.772713560618673, -5.196167605888077
5.762920639327444, -5.1962566768034
5.753122470407116, -5.1963547163525465
5.743328071016582, -5.196446433609546
5.733535089180259, -5.1965364177778355
5.723736870807346, -5.196635469390958
5.7139424314975455, -5.196728282281736
5.704149415957804, -5.196819434592335
5.694351171538768, -5.196919718620872
5.684556711983155, -5.197013817714033
5.674763680088412, -5.197106303000711
5.664965424784064, -5.197207961876603
5.655170957752571, -5.197303470286558
5.645377920787379, -5.19739739497162
5.635579664479517, -5.19750052058654
5.625785198315535, -5.197597517675321
5.6159921636689205, -5.197692950293912
5.606193912842869, -5.19779760175764
5.596399453038836, -5.197896138508171
5.586606425587712, -5.197993123020643
5.576808184536297, -5.198099338179571
5.567013734742987, -5.198199447167173
5.557220717740194, -5.198298011593898
5.547422489337842, -5.198405814502305
5.537628052014001, -5.198507516362578
5.527835047660591, -5.198607678384797
5.518036833862749, -5.198717084151038
5.508242410694538, -5.198820391775193
5.498449420509624, -5.198922162367988
5.488651222675697, -5.1990331802979535
5.478856814848034, -5.199138101554103
5.469063839908181, -5.1992414873428965
5.459265659010681, -5.199354122979009
5.449471267383031, -5.199460662477359
5.439678308477411, -5.199565667266493
5.429880145237532, -5.199679923710323
5.420085770457909, -5.199788083948139
5.410292828188896, -5.199894709712367
5.400494683164455, -5.200010588482528
5.390700325743339, -5.200120370586836
5.3809074005918065, -5.200228618114474
5.371109274234313, -5.200346119703142
5.361314934592665, -5.200457523912481
5.351522026960362, -5.200567393222581
5.341723919652059, -5.2006865174564405
5.331929598152469, -5.200799543433378
5.322136708389518, -5.200911034046342
5.312338620467435, -5.201031780320738
5.302544317434336, -5.201146427354541
5.292751445857102, -5.201259538467652
5.282953377628668, -5.201381905898475
5.273159093361492, -5.201498173036626
5.263366240264166, -5.201612903637898
5.253568192017338, -5.201736891160106
5.243773926799023, -5.2018547772935655
5.233981092461174, -5.201971126235615
5.224183064471032, -5.2020967326671315
5.214388818573581, -5.202216236585681
5.204596003265027, -5.202334202633635
5.19479799579805, -5.202461426716809
5.185003769486116, -5.202582547144928
5.175210973470107, -5.202702129007481
5.1654129867869445, -5.202830969435977
5.155618780320161, -5.202953705056126
5.145826003855448, -5.203074901405722
5.136028038212727, -5.203205356841954
5.126233851847248, -5.203329706309668
5.116441095189417, -5.203452515795563
5.106643150840917, -5.20358458488202
5.096848984830381, -5.203710546835711
5.087056248232728, -5.203834968092459
5.077258325430137, -5.203968649459039
5.067464180026318, -5.204096222526347
5.057671463740411, -5.204222254179314
5.047873562733823, -5.204357546448082
5.038079438187047, -5.204486729250007
5.02828674246309, -5.204614369918914
5.018488863501322, -5.204751271707205
5.0086947600607425, -5.20488206286076
4.9989020851478285, -5.205011311162022
4.989104228478643, -5.205149821084429
4.9793101463924, -5.2052822192044
4.969517492538651, -5.205413073752622
4.95971965840888, -5.205553190422305
4.949925597924239, -5.205687194122352
4.940132965376924, -5.205819653531308
4.93033515403256, -5.205961375560838
4.920541115395964, -5.20609698345424
4.910748504401546, -5.206231046337499
4.9009507160878085, -5.2063743723394
4.891156699544947, -5.206511583039541
4.881364110349148, -5.20664724801088
4.871566345310505, -5.206792176597989
4.861772351106332, -5.206930988718642
4.851979783954145, -5.20706825439231
4.842182042434359, -5.207214784178008
4.832388070813124, -5.2073551963335545
4.822595525948846, -5.2074940613244545
4.812797808190974, -5.207642190922815
4.803003859396235, -5.207784201728353
4.793211337063459, -5.207924664652157
4.783413643309878, -5.2080743926780535
4.773619717584499, -5.208218000749506
4.763827218026147, -5.20836006022271
4.754029548518551, -5.2085113852918585
4.744235646104725, -5.208656589246022
4.734443169563042, -5.208800243886011
4.724645524542444, -5.208953164615033
4.714851645681691, -5.209099963069599
4.705059192398245, -5.209245211494676
4.695261572104997, -5.209399726501118
4.685467717038168, -5.209548118074722
4.675675287253866, -5.209694958904125
4.665877691927649, -5.209851066806473
4.65608386089493, -5.210001050118685
4.64629145485001, -5.210149481972599
4.636493884729841, -5.210307181390295
4.626700077970748, -5.21045875506165
4.616907695904783, -5.2106087765612195
4.6071101512290165, -5.21076806611467
4.597316368982419, -5.2109212287666695
4.587524011134319, -5.2110728385340135
4.577726492140655, -5.211233716844594
4.567932734644742, -5.211388467099704
4.558140401252765, -5.211541663757907
4.548342908178239, -5.211704129447967
4.538549175670556, -5.21186046592963
4.528756866972296, -5.212015248102744
4.518959400053281, -5.212179299795608
4.5091656927707024, -5.212337221128238
4.4993734090030975, -5.212493587441304
4.489575968475316, -5.212659223761272
4.4797822866540775, -5.212818728570266
4.469990028053408, -5.212976677649292
4.46019261415193, -5.213143897221645
4.450398958027601, -5.213304984133382
4.440606724829497, -5.213464514605364
4.430809337788735, -5.213633316056372
4.42101570759623, -5.213795983698203
4.411223500035668, -5.213957094191114
4.401426140089382, -5.2141274761480245
4.39163253606297, -5.2142917231482935
4.381840354374268, -5.214454412291094
4.372043021755568, -5.214626373382136
4.362249444128866, -5.214792198370162
4.352457288545704, -5.214956464792789
4.342659983487051, -5.215130003647178
4.332866432493024, -5.215297405253272
4.323074303248418, -5.215463247586655
4.31327702598162, -5.215638362834597
4.303483501852588, -5.21580733969005
4.293691399178915, -5.215974756566095
4.283894149935141, -5.216151446838781
4.274100652902771, -5.216321997575878
4.264308577031763, -5.216490987627483
4.25451135604153, -5.216669251557094
4.244717886336843, -5.216841374809099
4.23492583749958, -5.217011936670149
4.225128644992764, -5.21719177288985
4.215335202846148, -5.217365467291019
4.2055431812730735, -5.217537599596394
4.195746017478901, -5.217719006740343
4.185952603120091, -5.217894270925921
4.176160609040993, -5.218067972311484
4.166363474188051, -5.218250949014831
4.1565700878461405, -5.218427781621061
4.146778121490181, -5.218603050723668
4.13698101580642, -5.218787595622556
4.127187657709859, -5.218965995286659
4.117395719305549, -5.219142830744152
4.107598643018272, -5.219328942475716
4.097805313394883, -5.21950890783592
4.088013403170095, -5.219687308287139
4.078216356505974, -5.219874985489505
4.068423055582928, -5.220056515185018
4.058631173764905, -5.220236479269792
4.0488341569499715, -5.220425720582081
4.039040884953806, -5.220608813253113
4.029249031769139, -5.220790339612273
4.019452045028787, -5.220981143674607
4.009658802185408, -5.221165797962364
3.9998669778600666, -5.221348885237724
3.990070021419055, -5.221541250691213
3.9802768079537305, -5.221727465237887
3.9704850127130435, -5.221912112072266
3.9606880867955008, -5.222106037559025
3.950894902932864, -5.222293811007818
3.9411031370015284, -5.222480016045024
3.9313062418309492, -5.222675500208168
3.921513087795004, -5.222864831203263
3.911721351397083, -5.223052593088114
3.9019244871963314, -5.223249634571742
3.892131363210452, -5.22344052175834
3.882339656569381, -5.223629839136638
3.8725428235606882, -5.223828436585862
3.862749729847613, -5.224020878610148
3.8529580531861964, -5.224211750128697
3.8431612515911695, -5.224411902189629
3.833368188373015, -5.224605897698795
3.823576541913428, -5.2247983220054035
3.8137797719530426, -5.225000027325146
3.803986739451293, -5.225195574967381
3.7941951234150872, -5.225389550710864
3.784398385309696, -5.225592807937533
3.7746053837452127, -5.22578990636203
3.764813798353313, -5.225985432192187
3.755017092322641, -5.2261902399749
3.7452241219156575, -5.2263888878318525
3.7354325673883606, -5.226585962399498
3.725635893651511, -5.226792319388369
3.7158429546216416, -5.226992515328974
3.7060514311786252, -5.227191137285923
3.696254789954078, -5.22739904213208
3.6864618825203137, -5.227600784808541
3.676670390380633, -5.2278009528076135
3.666873781886246, -5.228010404163178
3.6570809062669514, -5.228213692228698
3.6472894456490383, -5.2284154049237115
3.6374928701020544, -5.2286264014418204
3.62770002651498, -5.228831233550617
3.6179085976366494, -5.229034489596403
3.608112055253684, -5.229247029931198
3.598319243915961, -5.229453404738482
3.5885278469944075, -5.229658202790871
3.5787313379914645, -5.229872285597499
3.5689385591196037, -5.230080201759493
3.5591471943714055, -5.230286540475329
3.5493507189638724, -5.230502164409948
3.5395579727737716, -5.230711620583886
3.5297666404148913, -5.230919498621013
3.519970198817535, -5.231136662340788
3.5101774855244745, -5.2313476571849185
3.5003861857702607, -5.231557073202193
3.4905897781972417, -5.231775775365306
3.480797098015889, -5.2319883075388685
3.4710058310810745, -5.2321992601961576
3.4612094577459356, -5.232419499461788
3.4514168108903465, -5.232633567625043
3.4416255769890536, -5.232846055583218
3.431829238104727, -5.233067830611561
3.4220366247883454, -5.233283433425785
3.4122454241340856, -5.233497455346734
3.4024491199128946, -5.2337207647989965
3.3926565403485514, -5.233937900926464
3.382865373154226, -5.234153455473082
3.3730691038078837, -5.234378298011485
3.3632765582078052, -5.234596966115491
3.3534854246857075, -5.234814051951686
3.3436891904253194, -5.235040426239468
3.3338966790011226, -5.2352606249843125
3.3241055793629344, -5.235479240775007
3.314309380398999, -5.235707145476412
3.3045169033616952, -5.23592887352742
3.2947258378184987, -5.236149017938545
3.2849296743609107, -5.236378451718837
3.275137231920902, -5.236601707742336
3.2653462006831706, -5.236823379440838
3.255550072941217, -5.237054340966297
3.2457576653083064, -5.237279123629634
3.235966668585908, -5.237502321283478
3.226170576768277, -5.237734809221394
3.216378204151663, -5.23796111719293
3.2065872421538666, -5.238185839471089
3.1967911864686425, -5.238419852489774
3.186998849076919, -5.238647684438891
3.1772079220123897, -5.238873930011358
3.1674119026670553, -5.239109466780134
3.1576196007082196, -5.239338821377223
3.1478287087850254, -5.239566588915007
3.138032725986466, -5.23980364810422
3.128240459667916, -5.240034524020695
3.118449603093522, -5.240263812195822
3.108653657048024, -5.240502392476841
3.098861426576558, -5.240734788385128
3.0890706055578345, -5.240965595870641
3.0792746964710855, -5.241205695915841
3.069482502052904, -5.24143961048939
3.059691716796123, -5.241671935959351
3.049895844873218, -5.241913554442135
3.040103686713927, -5.242148986355408
3.030312937424766, -5.2423828284848994
3.0205171028702043, -5.242625964079688
3.0107249811748167, -5.2428629120081744
3.000934268058361, -5.243098269473289
2.991138471076046, -5.2433429208555244
2.98134638604898, -5.243581383475734
2.9715557093097162, -5.243818254953596
2.961759950102965, -5.244064420799747
2.9519679019480454, -5.244304396789204
2.942177261789875, -5.2445427809579535
2.9323815405614075, -5.244790459945501
2.922589529481871, -5.245031947982747
2.912798926108099, -5.245271843521551
2.903003243060049, -5.245521034329008
2.893211269258541, -5.24576403309362
2.883420702871889, -5.246005438682651
2.873625058205798, -5.246256139989545
2.8638331218843773, -5.246500648162117
2.8540425926869717, -5.246743562482584
2.8442469866038, -5.246995772969472
2.8344550879639363, -5.247241789231613
2.8246645961573233, -5.247486210965748
2.8148690288574407, -5.2477399293142115
2.8050771681000177, -5.247987452348562
2.7952867138851536, -5.248233380179616
2.785491185568345, -5.2484886050722555
2.775699362893662, -5.248737633562484
2.7659089464709203, -5.248985066174728
2.7561134573363866, -5.2492417962951725
2.7463216729495583, -5.249492328919691
2.736531294532239, -5.249741264984809
2.72673584482278, -5.249999498942147
2.7169440989751577, -5.250251534300623
2.7071537588029844, -5.250501972433336
2.697358348748626, -5.2507617088553244
2.687566641648577, -5.251015245618328
2.6777763399214747, -5.251267184507307
2.667980969718907, -5.2515284220836715
2.6581893015642035, -5.251783458942405
2.648399038480056, -5.252036897279879
2.6385539101766904, -5.25255073924093
2.6286939848665325, -5.25335772506602
2.6188163017399337, -5.254170948155113
2.608926467026707, -5.254935810744529
2.599027274928873, -5.255641268723731
2.5891673786301364, -5.25626226611169
2.5793234844371873, -5.256809880352505
2.5694924909175914, -5.257280897052363
2.5596618100861974, -5.257068988234441
2.5499123871212808, -5.256675756926292
2.5402072326760416, -5.256335424763992
2.530522079201105, -5.255976523035644
2.5208194257005743, -5.255602942776945
2.5111248022587516, -5.255246140886634
2.501398131922206, -5.254879454862198
2.491645435016516, -5.254445870447245
2.4818703163340525, -5.253991613789234
2.472097484873715, -5.253525566104563
2.462318094575435, -5.253059941423557
2.452541572249366, -5.252581108244531
2.442765935570388, -5.252094442716031
2.432983951449262, -5.2516111143355255
2.423205556662742, -5.251117182361847
2.413428422960185, -5.250617688955743
2.403645238447491, -5.250123502409415
2.3938658758940057, -5.249620453923965
2.3840878875678944, -5.249113360763809
2.3743039588692127, -5.2486128834908214
2.364523971905337, -5.248104680084983
2.354745423867153, -5.2475934133913595
2.3449610024628202, -5.24708960950817
2.335180596626535, -5.246578812008322
2.325401665817172, -5.2460655860285925
2.3156169005114475, -5.245560372119514
2.305836191877515, -5.245048641048734
2.296056979295962, -5.244534892941397
2.2862719568073127, -5.244029513838416
2.2764910159974705, -5.243517927102315
2.266711583493594, -5.243004590852412
2.2569263560609554, -5.242499857438613
2.2471452257883056, -5.241989115339825
2.2373656118458647, -5.241476795442653
2.227580213399378, -5.2409732293365705
2.217798921697291, -5.240463782647111
2.2080191512239518, -5.239952869220457
2.198233603514873, -5.239450807805753
2.1884521682715308, -5.2389429483549605
2.1786722572468213, -5.238433693887537
2.1688865743123023, -5.237933355450057
2.159105007128049, -5.237427271977654
2.149324965966906, -5.236919839692591
2.1395391570003572, -5.23642136527063
2.129757465516606, -5.235917179650728
2.1199773011127947, -5.235411674871278
2.1101913722307555, -5.2349151553976
2.1004095615687874, -5.23441294613245
2.0906292785669764, -5.233909436625194
2.080843233915575, -5.2334149305313655
2.0710613075803854, -5.232914747989663
2.0612809091795237, -5.232413277159552
2.0514947516361133, -5.231920821794651
2.0417127120908365, -5.231422698095659
2.0319322005565836, -5.230923293544879
2.0221459321785074, -5.230432912582251
2.012363781212377, -5.2299368680072105
2.0025831582061304, -5.229439547086998
1.992796780519391, -5.228951255328792
1.983014519484688, -5.2284573024798
1.9732337862757927, -5.227962075891748
1.9634473004614508, -5.227475882385457
1.9536649304266187, -5.22698402888324
1.9438840880296275, -5.226490903015366
1.9340974950444647, -5.226006813075504
1.924315016893275, -5.225517063309395
1.9145340661569021, -5.225026041751542
1.9047473668116541, -5.224544058271049
1.8949647813075345, -5.224056414534202
1.8851837229723711, -5.223567499061019
1.8753969179825034, -5.223087623361956
1.8656142258102988, -5.22260208658771
1.8558330605463016, -5.222115277796337
1.8460461505649934, -5.221637510181716
1.8362633523580978, -5.22115408042129
1.8264820807889393, -5.220669378144983
1.816695066428509, -5.2201937182567555
1.806912162786497, -5.21971239498911
1.797130785505391, -5.21922979856559
1.7873436673512317, -5.218756245616847
1.7775606588513244, -5.218277027949715
1.767779176431319, -5.217796536395207
1.7579919550509475, -5.217325089320815
1.7482088422554651, -5.216847976121063
1.7384272552561306, -5.216369588243233
1.7286399312050789, -5.215900245797554
1.7188567146662896, -5.215425235775801
1.709075023638068, -5.214948950246987
1.6992875974637125, -5.21448171106727
1.6895042777269813, -5.214008802832739
1.6797224832140176, -5.213534618237469
1.6699349554580638, -5.2130694808849665
1.6601515330639047, -5.212598672981092
1.6503696356058846, -5.212126587846925
1.6405820068059915, -5.211663550833567
1.6307984822914001, -5.211194841761078
1.6210164824247475, -5.210724854578587
1.6112287531155767, -5.210263916384299
1.6014451270148988, -5.2097973046162185
1.5916630252735542, -5.209329413851961
1.5818751959874573, -5.208870572935887
1.5720914688329517, -5.208406056927235
1.5623092657488755, -5.207940261032189
1.5525213370163395, -5.20748351583997
1.5427375093385456, -5.207021094034075
1.5329552054420512, -5.206557391449088
1.523167177791985, -5.206102740417601
1.5133832501199636, -5.205642411250207
1.5036008459399324, -5.205180800409541
1.4938127198998599, -5.20472824196997
1.484028692761346, -5.2042700038718746
1.4742461888253624, -5.203810483205521
1.4644579649215437, -5.203360015785334
1.4546738388430502, -5.202903867184128
1.4448912356774974, -5.202446435119287
1.4351029144350074, -5.201998057143553
1.4253186899418895, -5.201543996464737
1.415535988072006, -5.201088651426803
1.4057475700147906, -5.200642361319003
1.3959632476312898, -5.200190386986715
1.3861804475812105, -5.199737127399893
1.3763919332321173, -5.1992929235825125
1.3666075134813902, -5.198843034020006
1.3568246157741681, -5.19839185830774
1.3470360056549713, -5.197949739202578
1.3372514890591083, -5.1975019328325285
1.3274684942167356, -5.197052839417761
1.3176797888481464, -5.1966128034461985
1.3078951759281836, -5.196167078690917
1.298112084471602, -5.195720065996279
1.288323284373285, -5.19528211157942
1.278538575649212, -5.194838466860971
1.2687553880983167, -5.194393533308872
1.2589664937888914, -5.193957658867639
1.2491816897796593, -5.193516092607945
1.239398406653309, -5.193073236620678
1.2296094186503586, -5.192639440575895
1.2198245198738782, -5.1921999511967805
1.2100411416898933, -5.191759171196562
1.200252060509964, -5.191327451968983
1.1904670674831157, -5.190890037892227
1.180683594758287, -5.190451332301234
1.170894420916892, -5.19002168831159
1.161109334155523, -5.1895863479589455
1.1513257674056083, -5.189149715199334
1.1415365014172285, -5.188722144868353
1.1317513214361563, -5.188288876661576
1.1219676611758853, -5.187854315155511
1.1121783035539732, -5.187428816903916
1.1023930308669871, -5.186997619264775
1.0926092776100593, -5.186565127434437
1.0828198288670388, -5.186141699682985
1.0730344639868985, -5.1857125710332745
1.0632506182459873, -5.185282147300874
1.0534610788932532, -5.184860788470356
1.0436756223316925, -5.184433727231902
1.0338916846184443, -5.1840053700196895
1.0241020551663642, -5.1835860785309285
1.0143165074340912, -5.1831610831256025
1.0045324782591278, -5.182734790855865
0.9947427592170438, -5.182317565129741
0.984957120823741, -5.181894633979462
0.9751730006966584, -5.1814704050745455
0.9653831925728873, -5.181055243531985
0.9555974640272119, -5.180634375058728
0.9458132534565826, -5.1802122079410315
0.9360233567584159, -5.179799109003025
0.9262375385680023, -5.17938030162883
0.916453238061375, -5.178960194720817
0.9066632532950809, -5.1785491568084225
0.8968773459665402, -5.178132408955399
0.8870929560304421, -5.177714360679605
0.8773028837012659, -5.177305382213952
0.867516887740186, -5.176890692304274
0.8577324088801216, -5.176474701083308
0.8479422494922854, -5.176067780485604
0.8381561654032345, -5.175655146941539
0.8283715981236877, -5.175241211198089
0.8185813521803922, -5.174836346889625
0.8087951804669157, -5.1744257681335055
0.7990105252713493, -5.174013886290351
0.789220193274775, -5.173611076692503
0.7794339344393992, -5.173202551146767
0.7696491918302572, -5.172792721626772
0.7598587742815633, -5.172391965161015
0.7500724288257956, -5.171985491248189
0.7402875993045032, -5.171577712474319
0.7304970967038302, -5.171179007562227
0.7207106651281583, -5.17077458370494
0.7109257491951213, -5.170368854100254
0.7011351620415912, -5.169972199163502
0.6913486448454861, -5.169569823784489
0.6815636430000945, -5.16916614177216
0.6717729717918107, -5.168771535232534
0.6619863694737254, -5.168371206754632
0.6522012822143521, -5.167969570757948
0.6424105274484012, -5.16757701103735
0.6326238405057728, -5.167178727883521
0.6228386683297743, -5.166779136325878
0.6130478305022264, -5.166388621846327
0.6032610594314759, -5.165992382439655
0.5934758028351946, -5.165594833744578
0.5836848824411046, -5.165206362928222
0.5738980277376392, -5.164812165691908
0.5641126872164025, -5.164416658283047
0.55432168474981, -5.16403022955216
0.5445347469080228, -5.163638072909544
0.5347493229561453, -5.163244605210677
0.5249582389100763, -5.162860216987671
0.5151712184233457, -5.162470099362231
0.5053857115341285, -5.162078669797285
0.49559454640059586, -5.16169632050471
0.48580744376128954, -5.161308240320057
0.476021854427022, -5.160918847313091
0.4662306086970256, -5.160538535373642
0.4564434243964989, -5.160152491053537
0.44665775310845934, -5.159765133028758
0.4368664272719875, -5.159386856865283
0.42707916180058514, -5.15900284683364
0.4172934090490416, -5.158617522215417
0.4075020035950724, -5.158241280250919
0.39771465744212875, -5.157859302931801
0.3879288237163398, -5.157476010144654
0.3781373391328407, -5.157101800802291
0.368349912786681, -5.156721854619935
0.35856399857489646, -5.156340592088537
0.34877243534882596, -5.155968413791644
0.3389849292967675, -5.155590497170442
0.32919893508622894, -5.1552112633196545
0.3194072937035372, -5.154841114491722
0.30961970843188913, -5.154465225856243
0.29983363470883184, -5.15408801911109
0.29004191565446136, -5.153719898175792
0.28025425164852663, -5.153346035950777
0.2704680988981787, -5.152970854736454
0.26067630265606506, -5.1526047601176455
0.25088856040014035, -5.152232922728025
0.24110232910672497, -5.151859765469915
0.23131045615979853, -5.151495695591632
0.22152263613717518, -5.151125881462511
0.21173632678391094, -5.150754746586185
0.2019443776140966, -5.1503926998726595
0.19215648030706226, -5.150024907429345
0.18237009337616378, -5.149655793360567
0.17257806846438226, -5.14929576823622
0.1627900943542211, -5.1489299959042
0.1530036303269002, -5.148562901068927
0.14321153015306884, -5.148204895958382
0.13342347972006183, -5.147841142163363
0.12363693907652863, -5.147476064987765
0.11384476411956249, -5.147120078315841
0.10405663784298987, -5.146758341483728
0.09427002106245272, -5.1463952803941595
0.08447777180026517, -5.146041310585907
0.07468957015840574, -5.145681589142802
0.06490287771907315, -5.14532054256585
0.05511055462857672, -5.144968588046505
0.045322278098709534, -5.14461088041874
0.035535510477790105, -5.1442518467811995
0.025743114034897787, -5.143901905976236
0.015954763093302637, -5.143546210590362
0.0061679207670066825, -5.143189188319247
-0.003624548553368032, -5.142841259654358
-0.013412973431409262, -5.142487574937145
-0.023199889987869135, -5.142132562459699
-0.032992431711810606, -5.141786644360805
-0.042780930052013874, -5.141434968739258
-0.05256792036442215, -5.141081964482953
-0.06236053401901166, -5.140738055376208
-0.0721491053480887, -5.140388387277555
-0.08193616894322571, -5.140037389670098
-0.0917288540565415, -5.139695487981896
-0.10151749790220019, -5.139347825833614
-0.11130463430784117, -5.138998833302957
-0.12109739040895638, -5.1386589374599305
-0.13088610629989902, -5.138313279689735
-0.14067331504481348, -5.137966290664064
-0.15046614166379615, -5.137628399093094
-0.16025492912971875, -5.137284744128957
-0.17004220974366968, -5.136939757036715
-0.17983510641158115, -5.1366038681649355
-0.18962396498317274, -5.136262214435067
-0.19941131699691517, -5.135919227704949
-0.20920428324580986, -5.135585339959748
-0.2189932124547515, -5.135245685892627
-0.22878063540003227, -5.134904697953594
-0.23857367076295605, -5.13457280976262
-0.24836267014191932, -5.134235153786981
-0.2581501635514754, -5.133896163068238
-0.26794326756246534, -5.1335662728594125
-0.27773233664511304, -5.13323061340426
-0.2875199000526716, -5.132893618335295
-0.2973130722467547, -5.132565724536799
-0.3071022105677377, -5.132232060031407
-0.3168898435080141, -5.131897059041979
-0.32668308342120633, -5.131571160082279
-0.3364722905161642, -5.131239488956199
-0.3462599925248616, -5.1309064804763365
-0.3560532996941671, -5.130582574784168
-0.36584257509972723, -5.130252895467231
-0.3756303457135362, -5.129921877927254
-0.38542371967694594, -5.129599963931644
-0.3952130629307215, -5.12927227485396
-0.40500090168731806, -5.128943246684463
-0.4147943419838095, -5.128623322814722
-0.4245837526243993, -5.128297622406694
-0.43437165906244496, -5.127970582038574
-0.44416516523198124, -5.127652646724311
-0.4539546427989685, -5.127328933416643
-0.4637426164581081, -5.127003879281083
-0.4735361880416359, -5.1266879309521975
-0.4833257320755884, -5.126366203175881
-0.4931137724964501, -5.126043133704364
-0.5029074090359004, -5.125729170791064
-0.5126970190783672, -5.1254094269773995
-0.5224851258025617, -5.125088340601711
-0.5322788268408472, -5.124776361534507
-0.5420685024343602, -5.124458600115095
-0.5518566750044794, -5.12413949526734
-0.5616504400854944, -5.12382949847705
-0.5714401807735653, -5.123513717883809
-0.5812284187331808, -5.12319659299639
-0.5910222474018006, -5.122888576914156
-0.6008120527289218, -5.122574775579319
-0.610600355622585, -5.122259629084962
-0.6203942474246633, -5.121953592142239
-0.6301841169363052, -5.121641768498357
-0.6399724843095461, -5.121328598830116
-0.649766438791917, -5.121024539458679
-0.6595563720345277, -5.120714691938633
-0.6693448034338525, -5.120403497529872
-0.6791388201443259, -5.120101414161839
-0.6889288166653317, -5.119793541198832
-0.6987173116382235, -5.119484320483259
-0.7085113901255872, -5.119184211551064
-0.7183014494733891, -5.118878311578636
-0.7280900075683069, -5.118571062990288
-0.7378841473823231, -5.118272926926711
-0.7476742691062971, -5.117968998378743
-0.7574628898726741, -5.1176637203519935
-0.767257090564081, -5.117367555590156
-0.7770472742145778, -5.117065596900864
-0.7868359572028197, -5.116762287870436
-0.796630218323328, -5.1164680928438
-0.80642046345167, -5.116168102447748
-0.8162092082131565, -5.115866760848707
-0.8260035293154504, -5.115574533991091
-0.8357938354739329, -5.115276510323194
-0.8455826415610143, -5.114977134590956
-0.8553770221987491, -5.114686874336524
-0.8651673889406379, -5.114390815832056
-0.8749562559066346, -5.1140934044023965
-0.8847506956344369, -5.113805109185675
-0.8945411225139686, -5.113511014280259
-0.9043300499131708, -5.113215565589313
-0.9141245482866357, -5.112929233845193
-0.9239150348590138, -5.112637100974827
-0.9337040222466805, -5.112343613459087
-0.943498578822372, -5.112059243622825
-0.95328912464377, -5.111769071223867
-0.9630781715761272, -5.1114775433202
-0.972872785911579, -5.111195133827425
-0.9826633905391368, -5.110906920336599
-0.9924524965733765, -5.11061735048225
-1.0022471682270857, -5.1103368997689635
-1.0120378312189087, -5.110050643623386
-1.0218269959131887, -5.109763030255967
-1.0316217244446195, -5.1094845367585435
-1.041412445359778, -5.109200236395702
-1.0512016682732215, -5.108914577953207
-1.0609964532428027, -5.108638040108418
-1.0707872316413303, -5.108355693966173
-1.080576512334022, -5.10807198888699
-1.090371353303146, -5.107797405131985
-1.1001621887460402, -5.107517011648605
-1.1099515267790292, -5.1072352583715
-1.119746423310051, -5.106962627143826
-1.1295373153592707, -5.106684184757954
-1.1393267102945652, -5.106404381722092
-1.1491216619508002, -5.106133701459685
-1.1589126101692648, -5.105857208610374
-1.1687020615698336, -5.105579354255311
-1.1784970679155593, -5.105310623396511
-1.1882880718671474, -5.105036078523204
-1.1980775792969207, -5.104760171288907
-1.2078726398973725, -5.104493388272458
-1.2176636991469234, -5.104220789815012
-1.2274532621707865, -5.10394682814185
-1.2372483765921585, -5.103681991406901
-1.247039490705467, -5.103411337805574
-1.2568291088892656, -5.103139320134323
-1.2666242766987101, -5.102876428120434
-1.276415445242528, -5.102607717815903
-1.2862051181530612, -5.10233764258775
-1.2960003389186845, -5.102076693734905
-1.3057915614607207, -5.101809925168249
-1.315581288665744, -5.101541790824808
-1.3253765619566105, -5.101282783573403
-1.3351678380655265, -5.101017955186144
-1.3449576191337491, -5.100751760169438
-1.3547529445198747, -5.100494692960298
-1.364544273765286, -5.100231803194362
-1.3743341082663691, -5.099967545946851
-1.3841294853187247, -5.099712417221222
-1.3939208672712002, -5.099451464518973
-1.4037107547757581, -5.099189143483542
-1.4135061830662656, -5.098935951683111
-1.4232976172973224, -5.098676934487343
-1.4330875573769193, -5.098416548107305
-1.4428830364784513, -5.098165291674185
-1.4526745225605606, -5.097908208428132
-1.4624645147877127, -5.097649755147239
-1.4722600442740907, -5.097400432523992
-1.4820515817806705, -5.09714528167132
-1.4918416257288387, -5.096888759933774
-1.5016372051748355, -5.096641369563393
-1.5114287936802528, -5.09638814954822
-1.5212188889238494, -5.09613355779866
-1.5310145179051837, -5.095888098124597
-1.540806156984752, -5.095636807391482
-1.550596303099134, -5.095384144074996
-1.5603919811924718, -5.095140613541152
-1.5701836704224508, -5.094891250535118
-1.57997386698392, -5.094640514097247
-1.5897695937668723, -5.094398911147972
-1.599561332724465, -5.094151474314482
-1.6093515793102693, -5.093902663201225
-1.619147354361391, -5.093662986281335
-1.6289391426247477, -5.093417474066319
-1.638729438813077, -5.093170586724135
-1.6485252617118684, -5.092932834278903
-1.658317098860079, -5.092689245128756
-1.6681074442300654, -5.092444280004566
-1.6779033145569664, -5.092208450479737
-1.6876952001700636, -5.091966782841314
-1.6974855943017806, -5.091723738382513
-1.7072815116381737, -5.091489830224297
-1.7170734452971297, -5.0912500825449305
-1.7268638877715907, -5.0910089571993735
-1.7366598516997982, -5.090776968854459
-1.7464518329865253, -5.090539139581952
-1.7562423233856828, -5.090299931797976
-1.7660383334889662, -5.090069861713526
-1.7758303619863167, -5.089833949296164
-1.78562089989306, -5.089596657522593
-1.7954169557556183, -5.089368504146249
-1.8052090310473785, -5.089134507032794
-1.8149996160455355, -5.088899129718926
-1.824795717252504, -5.088672891498825
-1.834587838923397, -5.08844080813853
-1.8443784705977297, -5.088207343734145
-1.8541746167351798, -5.087983019118908
-1.8639667843708643, -5.087752847961509
-1.8737574623070696, -5.08752129491689
-1.883553652962007, -5.087298882355622
-1.8933458661490765, -5.087070621851359
-1.9031365899337844, -5.086840978617264
-1.9129328246941488, -5.086620476559577
-1.9227250830201288, -5.086394125159175
-1.9325158522409012, -5.086166390186883
-1.9423121306955644, -5.085947797082888
-1.9521044337489113, -5.085723353237577
-1.9618952479942444, -5.085497524978856
-1.9716915697330069, -5.0852808392791635
-1.9814839171031062, -5.085058301440678
-1.9912747759624194, -5.084834378347795
-2.0010711405760135, -5.084619598503524
-2.0108635318531847, -5.084398965124101
-2.0206544349168323, -5.084176945649845
-2.030450841996922, -5.083964070112621
-2.040243276772408, -5.083745339645014
-2.0500342236316698, -5.083525222242675
-2.0598306727708433, -5.083314249464651
-2.0696231506368163, -5.083097420362131
-2.0794141408838995, -5.082879203485517
-2.089210631675672, -5.082670131919354
-2.0990031522252313, -5.082455202635703
-2.108794185453269, -5.082238884739149
-2.1185907174920806, -5.082031712838023
-2.1283832803192477, -5.081818681827549
-2.1381743561222946, -5.081604261365898
-2.1479709290035123, -5.081398987583526
-2.157763533703235, -5.081187853301067
-2.16755465167627, -5.080975328729698
-2.1773512649961817, -5.080771951520313
-2.1871439111643274, -5.0805627124212265
-2.1969350709032542, -5.080352082196047
-2.206731724259073, -5.080150600014418
-2.2165626201450377, -5.080190688653013
-2.226443671301098, -5.080531327939694
-2.2363523397228686, -5.080879477025286
-2.2462692289316823, -5.081179246548108
-2.2561919348357597, -5.081419369907625
-2.2660705564621533, -5.081576601660759
-2.275929018965247, -5.081661168591892
-2.2857706859257743, -5.0816701747104664
-2.2956127113320326, -5.081599380124165
-2.3054537770707273, -5.0814461502409465
-2.3153068051249672, -5.08115305451769
-2.3251590207025497, -5.080734985722655
-2.3350173453224414, -5.080220154273827
-2.344867324697287, -5.079613246184628
-2.3547077964235577, -5.078913156584672
-2.3645412924359537, -5.078122218659243
-2.3743620071624276, -5.077232186832832
-2.3841796771056067, -5.076258023955312
-2.3939799446633674, -5.075182207948418
-2.4037708551588586, -5.074014209126179
-2.413548558635802, -5.072750776942997
-2.4233107970313497, -5.071391476104955
-2.433060037057482, -5.06993907619377
-2.442793971835076, -5.068390709978462
-2.4525109630947255, -5.066746566080902
-2.462208580466957, -5.06500498463425
-2.4718899872407016, -5.063170218552584
-2.481551060284984, -5.061239709041081
-2.491189400157436, -5.0592113424747645
-2.500810208503746, -5.0570907993475505
-2.5104120276556228, -5.054879000822165
-2.5199874045206605, -5.052568664852304
-2.5295368458537957, -5.050161720925946
-2.5390622417917013, -5.047661274047497
-2.5485635083697664, -5.045067981206596
-2.5580369767559565, -5.04237903769912
-2.5674834841061336, -5.039597826523277
-2.576901715273193, -5.03672235139579
-2.586290237506706, -5.033753030151813
-2.5956475498610128, -5.030690188456588
-2.604970110266447, -5.027532899717602
-2.6142603963110136, -5.02428291670372
-2.6235215326362815, -5.020943048487819
-2.6327511606893754, -5.017512657414107
-2.641937987899029, -5.01398327386245
-2.6510858105869066, -5.010361670715379
-2.660205491516956, -5.006654386260274
-2.6692752700463798, -5.002849348983854
-2.6783133738106293, -4.9989563462650874
-2.687307830633228, -4.994970918613051
-2.696263466149076, -4.990897330493742
-2.7051699956858974, -4.986728571355822
-2.714037594844021, -4.982473594234444
-2.7228671446626835, -4.978131680016093
-2.7316469045955944, -4.973699461394351
-2.740373227618896, -4.969172839945106
-2.7490610962490463, -4.964561459617326
-2.7576952344417744, -4.959859718719838
-2.7662789034327995, -4.955070849606669
-2.7747839361694977, -4.950223514294669
-2.7834764458372936, -4.9450376380356
-2.79208702274372, -4.939798460123232
-2.800512124180586, -4.934582788055003
-2.8089160918865437, -4.929263876813443
-2.8172747152748476, -4.923866789120325
-2.8255768836618276, -4.9183804121216115
-2.8338165098299735, -4.912814846221853
-2.842015885418683, -4.907167858820164
-2.8501452468954156, -4.9014397006059465
-2.858220426052671, -4.895626004501997
-2.8662432464167544, -4.889739318796672
-2.8742042896953954, -4.883766111374592
-2.8820977328083504, -4.877716962576329
-2.889945888458961, -4.871588203543832
-2.897718884507143, -4.865382104980685
-2.9054325491013993, -4.859093316673919
-2.9130891929813605, -4.852734448179051
-2.9206788373120336, -4.846292461837705
-2.9281961179052027, -4.839778404300895
-2.9356632432455894, -4.833187154017013
-2.9430503418932235, -4.826522918835523
-2.9503730733522353, -4.819779277275788
-2.957634270569896, -4.812968825599057
-2.964823375093988, -4.806079065671983
-2.971935556699005, -4.799121452601768
-2.97899279145873, -4.792089433266784
-2.9859653802005557, -4.784989138878819
-2.992868715537132, -4.777813120414412
-2.9997062078857266, -4.770573901777483
-3.006466696799114, -4.763259588354701
-3.0131459609097724, -4.755881977370182
-3.0197656238655117, -4.748433128746478
-3.0262963234853695, -4.740921061192301
-3.03275307841511, -4.733337348743354
-3.0391399291729577, -4.725694372396526
-3.0454451062806673, -4.717980920645554
-3.051308005865649, -4.710012976199123
-3.056910960328492, -4.7018616989355735
-3.0624807700790213, -4.6937232489072676
-3.068041229496719, -4.685564318526204
-3.0735977282947826, -4.67739867189088
-3.079140462316374, -4.669216624192023
-3.0846677073426427, -4.661030969349662
-3.090201489499597, -4.652833316555019
-3.0957152954700784, -4.6446337499982935
-3.1012248009170684, -4.636422880584969
-3.1067355573382742, -4.628213509704959
-3.1122370679123095, -4.619994259136545
-3.117727370136571, -4.611776838375315
-3.123227669201057, -4.603551655044724
-3.1287113485315183, -4.595328144938654
-3.134193459694633, -4.58709609988056
-3.1399370887585416, -4.579004613494012
-3.1459821329425797, -4.571088673591075
-3.1520334329004718, -4.5631515845407735
-3.158053972816797, -4.555159704120664
-3.1639541248131793, -4.547096120162136
-3.169711908959837, -4.5389543707031486
-3.1754020181018845, -4.530765548352608
-3.181010025423143, -4.52251828860874
-3.186532387132497, -4.514224682869051
-3.191988527815347, -4.505872828202088
-3.197350014623339, -4.49747444866596
-3.2026299609758997, -4.4890184109671045
-3.207833778339476, -4.4805160080371245
-3.2129477939495135, -4.47195755007166
-3.2179700744418676, -4.463355134922228
-3.2229199562062534, -4.45469630235221
-3.22777019878597, -4.445994753538625
-3.232533650279458, -4.437239059006359
-3.237216667367101, -4.428440323513592
-3.2418053190152922, -4.419590091453858
-3.246298641692838, -4.410700635545432
-3.2507153682570538, -4.4017586395690165
-3.255029323319569, -4.392779471543921
-3.259252741088011, -4.383751191753692
-3.263392789417003, -4.374684470405057
-3.2674351183764525, -4.365571963862548
-3.271379641410064, -4.356425909937347
-3.274771383317383, -4.347087691246958
-3.2778877223146616, -4.3376887310476
-3.281054942005368, -4.328340951395628
-3.2841772172588097, -4.318973399773234
-3.2872842181843054, -4.309590386030395
-3.2903744253892726, -4.3002078410610824
-3.2934667975460616, -4.290812585867406
-3.2965389541709356, -4.281420687714349
-3.2996032031457485, -4.2720196721736965
-3.302668957928711, -4.262619497751114
-3.305722646993226, -4.253213036980079
-3.3087660276995576, -4.243811122656191
-3.3118167374364056, -4.234399632461864
-3.314851999582935, -4.224994002253996
-3.31788321017611, -4.2155811496437305
-3.3209192572771498, -4.2061705716648685
-3.3239459372505626, -4.196754916534328
-3.326964666273699, -4.187344732531032
-3.3299925630880605, -4.177925722883906
-3.333006718903476, -4.168513198249497
-3.336314230127282, -4.159118244472462
-3.3399617441198295, -4.14983391779354
-3.3436108296906735, -4.140534514665151
-3.347207209286485, -4.131207504358654
-3.3506545962277543, -4.121833004318809
-3.3539504313880557, -4.1124325637555295
-3.3571653138175246, -4.102993803686287
-3.3603004918010524, -4.09352815982072
-3.3633389959409126, -4.084030440756352
-3.366281483500646, -4.074511973081656
-3.369143328626851, -4.06495668163468
-3.3719010081222196, -4.0553832778475565
-3.374563864967094, -4.045778290898354
-3.3771407211512487, -4.036150221235541
-3.379615608642006, -4.026494672577854
-3.3819904462847656, -4.016823040629085
-3.3837655075866078, -4.007057670312225
-3.385272638247396, -3.997276784042035
-3.386875666055481, -3.987544310207543
-3.38841378061874, -3.9777948534823255
-3.389930073034151, -3.9680297082314833
-3.391431082937343, -3.9582681809531732
-3.3929335092464212, -3.9484943777466244
-3.3944179957620664, -3.93872711206953
-3.395887408459386, -3.928973783611498
-3.3973660278952127, -3.919087848451773
-3.3988232315996405, -3.909235051650999
-3.400276107400862, -3.899382873538089
-3.401737658662972, -3.8895253391402824
-3.403188765269406, -3.879669916583214
-3.40463577588381, -3.8698142845827994
-3.4060918763618737, -3.85995391845483
-3.4075380059851588, -3.8500961002778142
-3.408980431854751, -3.8402384229227615
-3.4104322585632154, -3.8303763027228395
-3.4118743885389398, -3.8205169708095412
-3.4133130397936737, -3.8106579724800484
-3.4147612676828136, -3.8007946905010987
-3.416199953731675, -3.790934330459546
-3.4176352871195363, -3.7810744106355667
-3.419080295932721, -3.7712102937562926
-3.420515851132, -3.761349174097602
-3.4219481263756073, -3.751488554285343
-3.423390134043447, -3.7416237843548172
-3.424822739160594, -3.7317620547855364
-3.426252106019364, -3.7219008587716558
-3.4279988385709514, -3.7120401815390776
-3.4301305414449237, -3.7022221282068046
-3.4322762097521378, -3.6923851310182907
-3.434221682786264, -3.6825395057834402
-3.4361162920209347, -3.672675859665861
-3.437864535634564, -3.6631474316229773
-3.4394982820962015, -3.6532258677293634
-3.4410386424347132, -3.6433744003413455
-3.4419946079090153, -3.6335093717676497
-3.4426997379842, -3.6236306745180413
-3.4434143050658057, -3.613794180606071
-3.444185105376161, -3.603850345357238
-3.444969346510588, -3.59393818308127
-3.44575195061912, -3.5840250284748185
-3.4465316227144656, -3.5741097794940173
-3.4473086470784877, -3.564192841063623
-3.4480834907880418, -3.5542745466527403
-3.448856587960454, -3.544355158979931
-3.4496283111198744, -3.5344348885294243
-3.4503989740350103, -3.524513905067576
-3.4511688393222064, -3.514592346028248
-3.4519381260821396, -3.5046703229949636
-3.4527070167275955, -3.494747926795097
-3.453475662894963, -3.4848252315295203
-3.4542441904908485, -3.4749022977748822
-3.455012703964397, -3.4649791751394052
-3.4557812899035114, -3.455055904311144
-3.4565500200495043, -3.445132518706007
-3.457318953816475, -3.435209045798568
-3.4580881403919386, -3.425285508200317
-3.4588576204852077, -3.4153619245358495
-3.4596274277806267, -3.405438310156731
-3.4603975901441664, -3.3955146777244165
-3.461168130624435, -3.3855910376871923
-3.461939068282559, -3.3756673986710473
-3.462710418879835, -3.365743767800489
-3.4634821954472907, -3.355820150962142
-3.4642544087572613, -3.3458965530215883
-3.4650270677137414, -3.335972978001878
-3.465800179675435, -3.326049429230603
-3.466573750723042, -3.316125909461132
-3.467347785880372, -3.3062024209725984
-3.468122289297276, -3.2962789656524096
-3.468897264400921, -3.286355545064346
-3.4696727140209185, -3.2764321605047817
-3.470448640492798, -3.266508813049123
-3.4712250457435685, -3.256585503590157
-3.47277929865952, -3.2367390015049677
-3.4735571487137973, -3.226815810009828
-3.47433548241353, -3.2168926588130606
-3.475114300489123, -3.2069695482729377
-3.4758936035405026, -3.197046478689482
-3.4766733920597286, -3.1871234503145582
-3.477453666449678, -3.1772004633602187
-3.478234427039498, -3.1672775180055974
-3.4790156740973828, -3.157354614402621
-3.479797407841135, -3.147431752680713
-3.4805796284468995, -3.1375089329506984
-3.481362336056372, -3.12758615530802
-3.4821455307827804, -3.1176634198354107
-3.4829292127158116, -3.107740726605086
-3.483713381925687, -3.097818075680567
-3.484498038466547, -3.087895467118194
-3.4852831823792276, -3.077972900968357
-3.48606881369357, -3.0680503772765366
-3.486854932430325, -3.058127896084151
-3.4876415386027286, -3.0482054574292543
-3.4884286322178033, -3.038283061347122
-3.4892162132774382, -3.0283607078707377
-3.490004281779277, -3.018438397031181
-3.4907928377174544, -3.008516128857958
-3.4915818810831993, -2.998593903379279
-3.4923714118653497, -2.988671720622274
-3.4931614300507556, -2.9787495806131883
-3.493951935624631, -2.9688274833775288
-3.494742928570834, -2.958905428940194
-3.4955344088721048, -2.9489834173255787
-3.4963263765102566, -2.9390614485576587
-3.4971188314663406, -2.9291395226600683
-3.4979117737207743, -2.9192176396561496
-3.498705203253454, -2.909295799569013
-3.499499120043843, -2.899374002421571
-3.500293524071049, -2.8894522482365708
-3.501088415313887, -2.8795305370366266
-3.5018837937509297, -2.869608868844239
-3.5026796593605445, -2.8596872436818193
-3.5034760121209345, -2.849765661571694
-3.5042728520101702, -2.8398441225361277
-3.505070179006204, -2.8299226265973347
-3.5058679930869014, -2.8200011737774795
-3.506666294230048, -2.810079764098689
-3.507465082413363, -2.800158397583061
-3.50826435761452, -2.7902370742526643
-3.5090641198111485, -2.7803157941295455
-3.509864368980839, -2.7703945572357327
-3.5106651051011575, -2.7604733635932353
-3.511466328149645, -2.7505522132240525
-3.512268038103825, -2.740631106150167
-3.513070234941203, -2.7307100423935537
-3.5138729186392768, -2.7207890219761777
-3.514676089175526, -2.710868044919994
-3.5154797465274306, -2.700947111246953
-3.516283890672458, -2.691026220978999
-3.517088521588076, -2.6811053741380677
-3.517893639251744, -2.671184570746091
-3.5186992436409197, -2.6612638108249955
-3.519505334733061, -2.651343094396704
-3.52031191250562, -2.641422421483132
-3.5211189769360502, -2.631501792106196
-3.521926528001806, -2.6215812062878046
-3.52273456568034, -2.611660664049863
-3.523543089949107, -2.6017401654142773
-3.5243521007855567, -2.591819710402942
-3.5251615981671454, -2.581899299037755
-3.5259715820713264, -2.571978931340608
-3.5267820524755567, -2.56205860733339
-3.527593009357294, -2.5521383270379876
-3.5284044526939935, -2.5422180904762826
-3.5292163824631158, -2.5322978976701553
-3.530028798642122, -2.522377748641484
-3.530841701208472, -2.5124576434121426
-3.5319005563082913, -2.502520690227002
-3.533301130288516, -2.4925531769358944
-3.534710847358854, -2.4825630321256527
-3.5359758316276966, -2.4725782935488048
-3.537062782526922, -2.4626065265998704
-3.537691641813007, -2.4526999194831682
-3.5379414237616125, -2.442765493773301
-3.5382691373991713, -2.4328275572016436
-3.538613090721152, -2.4228874648785323
-3.538956766212855, -2.412944941636913
-3.5392980528365974, -2.4030006084590925
-3.539637049124187, -2.393054861474056
-3.539974156592361, -2.383107981972806
-3.5403097669206574, -2.373160188497889
-3.5406442175082864, -2.3632116553839286
-3.540977791786695, -2.353262522895622
-3.541310726234467, -2.3433129043861354
-3.541643217616046, -2.3333628917653235
-3.541975429393171, -2.3234125597686828
-3.5423074972124535, -2.313461969318618
-3.542639533546216, -2.3035111701861855
-3.5429716315928927, -2.2935602031095805
-3.5433038694674246, -2.283609082951914
-3.5436363127383927, -2.273657950955202
-3.5439690122705, -2.263706853015418
-3.544302011777081, -2.2537557792368235
-3.5446353475208308, -2.2438047279561566
-3.5449690494261317, -2.2338536981498494
-3.5453031422189554, -2.22390268897204
-3.5456376463378136, -2.2139516997126587
-3.545972578677386, -2.204000729778041
-3.5463079532019255, -2.19404977867425
-3.546643781452416, -2.184098845992227
-3.5469800729660457, -2.1741479313947254
-3.5473168356231493, -2.1641970346049986
-3.5476540759341506, -2.1542461553970678
-3.5479917992768466, -2.1442952935874415
-3.548330010092617, -2.134344449028097
-3.5486687120486677, -2.1243936216005648
-3.5490079081721766, -2.114442811210965
-3.5493476009611915, -2.1044920177858453
-3.549687792476346, -2.0945412412687148
-3.550028484416656, -2.0845904816171394
-3.5503696781821867, -2.074639738800346
-3.5507113749258856, -2.0646890127972095
-3.5510535755964017, -2.054738303594599
-3.551396280973497, -2.044787611185996
-3.5517394916973313, -2.0348369355703504
-3.552083208292647, -2.024886276751139
-3.5524274311887862, -2.014935634735577
-3.552772160736226, -2.0049850095339723
-3.5531173972202432, -1.9950344011591874
-3.553463140872227, -1.9850838096261971
-3.553809391879008, -1.9751332349517206
-3.554156150390592, -1.9651826771539163
-3.554503416526542, -1.9552321362521357
-3.554851190381257, -1.94528161226671
-3.5551994720283284, -1.9353311052187845
-3.5555482615241507, -1.925380615130173
-3.555897558910907, -1.9154301420232405
-3.556247364219026, -1.9054796859208112
-3.5565976774692207, -1.8955292468460825
-3.556948498674181, -1.8855788248225633
-3.557299827839955, -1.8756284198740167
-3.557651664967104, -1.865678032024418
-3.558004010051657, -1.8557276612979139
-3.5583568630858897, -1.8457773077187958
-3.558710224058983, -1.8358269713114688
-3.559064092957555, -1.8258766521004366
-3.559418469766108, -1.8159263501102816
-3.5597733544673966, -1.8059760653656491
-3.5601287470427203, -1.7960257978912373
-3.560484647472193, -1.786075547711787
-3.5608410557349366, -1.7761253148520741
-3.5611979718092543, -1.766175099336903
-3.561555395672785, -1.7562249011911
-3.5619133273025954, -1.7462747204395086
-3.562271766675306, -1.736324557106986
-3.5626307137671462, -1.7263744112184032
-3.562990168554035, -1.7164242827986373
-3.5633501310116356, -1.7064741718725724
-3.5637106011153885, -1.696524078465097
-3.564071578840567, -1.6865740026011031
-3.564433064162293, -1.6766239443054851
-3.56479505705557, -1.6666739036031366
-3.565157557495298, -1.6567238805189537
-3.5655205654563, -1.6467738750778298
-3.5658840809133308, -1.6368238873046592
-3.566248103841086, -1.6268739172243327
-3.566612634214222, -1.6169239648617404
-3.5669776720073516, -1.6069740302417708
-3.567343217195063, -1.597024113389308
-3.5677092697519135, -1.5870742143292351
-3.568075829652441, -1.5771243330864313
-3.5684428968711717, -1.5671744696857741
-3.5688104713826134, -1.557224624152136
-3.5691785531612643, -1.5472747965103866
-3.569547142181613, -1.5373249867853946
-3.5699162384181435, -1.527375195002022
-3.570285841845333, -1.5174254211851295
-3.570655952437651, -1.5074756653595736
-3.5710265701695674, -1.4975259275502069
-3.571397695015552, -1.4875762077818793
-3.571769326950067, -1.4776265060794367
-3.5721414659475776, -1.4676768224677208
-3.5725141119825454, -1.4577271569715713
-3.5728872650294345, -1.4477775096158225
-3.5732609250627054, -1.4378278804253066
-3.5736350920568243, -1.42787826942485
-3.574009765986253, -1.4179286766392774
-3.5743849468254516, -1.4079791020934094
-3.5747606345488916, -1.3980295458120624
-3.575136829131032, -1.3880800078200501
-3.575513530546345, -1.3781304881421799
-3.5758907387692966, -1.36818098680326
-3.576268453774354, -1.3582315038280914
-3.576646675535985, -1.3482820392414725
-3.577025404028666, -1.3383325930681975
-3.5774046392268684, -1.3283831653330578
-3.5777843811050634, -1.3184337560608395
-3.578164629637728, -1.3084843652763272
-3.5785453847993387, -1.2985349930043009
-3.5789266465643728, -1.288585639269536
-3.5793084149073127, -1.2786363040968063
-3.5796906898026357, -1.2686869875108784
-3.5800734712248268, -1.2587376895365194
-3.5804567591483663, -1.2487884101984894
-3.5808405535477426, -1.2388391495215478
-3.5812248543974423, -1.2288899075304462
-3.581609661671953, -1.2189406842499364
-3.5819949753457645, -1.2089914797047643
-3.582380795393369, -1.1990422939196734
-3.5827671217892583, -1.1890931269194027
-3.5831539545079254, -1.1791439787286886
-3.5835412935238673, -1.1691948493722621
-3.5839291388115826, -1.1592457388748518
-3.584317490345567, -1.1492966472611823
-3.5847063481003225, -1.1393475745559736
-3.5850957120503524, -1.1293985207839428
-3.5854855821701554, -1.1194494859698052
-3.585875958434239, -1.1095004701382694
-3.5862668408171103, -1.0995514733140412
-3.5866582292932767, -1.0896024955218233
-3.5870501238372454, -1.0796535367863143
-3.587442524423529, -1.0697045971322099
-3.5878354310266407, -1.0597556765842011
-3.588228843621093, -1.0498067751669755
-3.588622762181401, -1.0398578929052171
-3.5890171866820793, -1.0299090298236067
-3.5894121170976514, -1.0199601859468208
-3.5898075534026326, -1.0100113612995318
-3.590203495571545, -1.0000625559064096
-3.590599943578914, -0.99011376979212
-3.590996897399262, -0.9801650029813245
-3.591394357007115, -0.9702162554986818
-3.591792322377, -0.9602675273688466
-3.5921907934834465, -0.9503188186164693
-3.592589770300987, -0.9403701292661978
-3.592989252804151, -0.9304214593426756
-3.5933892409674715, -0.9204728088705424
-3.5937897347654864, -0.9105241778744346
-3.5941907341727313, -0.9005755663789851
-3.5945922391637435, -0.8906269744088228
-3.594994249713061, -0.8806784019885731
-3.595396765795226, -0.870729849142857
-3.5957997873847836, -0.860781315896293
-3.596203314456275, -0.8508328022734952
-3.596607346984248, -0.8408843082990747
-3.59701188494325, -0.8309358339976379
-3.5974169283078274, -0.8209873793937883
-3.597822477114839, -0.8110389438479632
-3.5982285313520066, -0.8010905325347626
-3.5986350909282265, -0.7911421462626127
-3.5990421558241015, -0.7811937848568767
-3.599449726019412, -0.7712454483322947
-3.5998578014915155, -0.7612971367130569
-3.60026638221718, -0.7513488500237434
-3.6006754681730304, -0.7414005882889313
-3.601085059335629, -0.7314523515331761
-3.601495155681495, -0.7215041397810149
-3.6019057571871165, -0.711555953056966
-3.602316863828954, -0.7016077913855342
-3.60272847558345, -0.6916596547912109
-3.603140592427023, -0.6817115432984765
-3.6035532143360824, -0.6717634569318016
-3.603966341287026, -0.6618153957156478
-3.604379973256239, -0.6518673596744691
-3.604794110220104, -0.641919348832712
-3.6052087521549914, -0.6319713632148175
-3.6056238990372766, -0.6220234028452194
-3.606039550843317, -0.6120754677483473
-3.6064557075494807, -0.6021275579486253
-3.6068723691321245, -0.5921796734704717
-3.6072895355676087, -0.5822318143383016
-3.6077072068322935, -0.5722839805765253
-3.6081253829025317, -0.5623361722095479
-3.608544063754681, -0.5523883892617721
-3.6089632493650994, -0.5424406317575955
-3.6093829397101427, -0.5324928997214124
-3.6098031347661674, -0.5225451931776125
-3.6102238345095317, -0.5125975121505829
-3.6106450389165907, -0.502649856664706
-3.6110667479637053, -0.49270222674436126
-3.611488961627233, -0.4827546224139245
-3.6119116798835353, -0.4728070436977673
-3.6123349027089744, -0.46285949062025883
-3.612758630079912, -0.4529119632057635
-3.613182861972711, -0.4429644614786432
-3.613607598363735, -0.43301698546325607
-3.6140328392293486, -0.4230695351839566
-3.6144585845459214, -0.4131221106650963
-3.6148848342898168, -0.4031747119310223
-3.615311588437406, -0.39322733900607937
-3.6157388469650575, -0.3832799919146083
-3.6161666098491434, -0.3733326706809464
-3.616594877066034, -0.36338537532942766
-3.6170236485921032, -0.3534381058843827
-3.617452924403726, -0.34349086237013865
-3.6178827044772777, -0.3335436448110193
-3.618312988789136, -0.3235964532313449
-3.618743777315676, -0.31364928765543243
-3.6191750700332808, -0.3037021481075954
-3.6196068669183266, -0.2937550346121438
-3.6200391679471973, -0.2838079471933845
-3.6204719730962727, -0.2738608858756207
-3.6209052823419414, -0.2639138506831526
-3.6213390956605864, -0.2539668416402762
-3.621773413028595, -0.24401985877128501
-3.6222082344223545, -0.23407290210046852
-3.6226435598182523, -0.22412597165211304
-3.6230793891926805, -0.21417906745050141
-3.623515722522028, -0.20423218951991334
-3.623952559782687, -0.1942853378846249
-3.6243899009510527, -0.1843385125689087
-3.6248277460035214, -0.17439171359703412
-3.625266094916486, -0.16444494099326706
-3.6257049476663457, -0.15449819478187005
-3.6261443042294985, -0.14455147498710216
-3.6265841645823427, -0.1346047816332192
-3.627024528701282, -0.1246581147444736
-3.627465396562715, -0.11471147434511414
-3.6279067681430477, -0.1047648604593866
-3.628348643418685, -0.09481827311153311
-3.628791022366031, -0.0848717123257924
-3.629233904961494, -0.07492517812639986
-3.629677291181483, -0.06497867053758764
-3.6301211810024046, -0.055032189583584155
-3.6305655744006717, -0.04508573528861482
-3.6310104713526963, -0.035139307676901474
-3.6314558718348913, -0.02519290677266246
-3.6319017758236694, -0.015246532600113048
-3.6323481832954494, -0.005300185183464946
-3.6327950942266463, 0.004646135453073607
-3.6332425085936757, 0.014592429285297725
-3.63369042637296, 0.024538696289005728
-3.6341388475409198, 0.034484936439999544
-3.6345877720739757, 0.044431149714084274
-3.6350371999485502, 0.054377336087068524
-3.635487131141071, 0.0643234955347644
-3.63593756562796, 0.07426962803298712
-3.6363885033856436, 0.08421573355755535
-3.6368399443905512, 0.09416181208429135
-3.6372918886191115, 0.10410786358902041
-3.6377443360477537, 0.11405388804757155
-3.638197286652911, 0.12399988543577697
-3.6386507404110153, 0.13394585572947218
-3.6391046972985013, 0.14389179890449644
-3.639559157291804, 0.1538377149366918
-3.6400141203673586, 0.16378360380190407
-3.6404695865016055, 0.17372946547598225
-3.6409255556709836, 0.18367529993477913
-3.6413820278519293, 0.1936211071541502
-3.6418390030208867, 0.2035668871099549
-3.642296481154298, 0.21351263977805585
-3.6427544622286074, 0.2234583651343188
-3.643212946220261, 0.2334040631546132
-3.6436719331057015, 0.24334973381481184
-3.6441314228613795, 0.2532953770907907
-3.6445914154637444, 0.2632409929584292
-3.645051910889245, 0.2731865813936101
-3.645512909114335, 0.28313214237221956
-3.6459744101154614, 0.2930776758701471
-3.6464364138690835, 0.3030231818632859
-3.6468989203516555, 0.31296866032753207
-3.6473619295396316, 0.32291411123878516
-3.6478254414094717, 0.3328595345729482
-3.6482894559376327, 0.3428049303059274
-3.648753973100574, 0.35275029841363265
-3.6492189928747587, 0.3626956388719767
-3.6496845152366504, 0.37264095165687655
-3.6501505401627115, 0.38258623674425163
-3.6506170676294065, 0.392531494110025
-3.6510840976132024, 0.4024767237301235
-3.651551630090567, 0.412421925580477
-3.652019665037966, 0.42236709963701846
-3.6524882024318726, 0.43231224587568445
-3.652957242248759, 0.44225736427241497
-3.653426784465096, 0.4522024548031536
-3.6538968290573566, 0.4621475174438467
-3.6543673760020194, 0.4720925521704447
-3.654838425275556, 0.4820375589589005
-3.655309976854446, 0.4919825377851707
-3.6557820307151667, 0.5019274886252161
-3.6562545868341996, 0.5118724114549993
-3.656727645188026, 0.5218173062504877
-3.657201205753129, 0.5317621729876513
-3.657675268505992, 0.5417070116424633
-3.658149833423097, 0.5516518221909006
-3.658624900480935, 0.5615966046089438
-3.6591004696559906, 0.5715413588725757
-3.6595765409247534, 0.5814860849577838
-3.660053114263713, 0.5914307828405583
-3.660530189649363, 0.6013754524968923
-3.661007767058193, 0.6113200939027832
-3.6608630038018175, 0.6213930157447703
-3.6604952426482686, 0.6313768445469318
-3.6603541460153126, 0.6412625064096189
-3.6603255100934833, 0.6511412173502696
-3.660392955370518, 0.6610165310489853
-3.6605549192706612, 0.6708883485056598
-3.6608120116658425, 0.6807561037641833
-3.6611650418755275, 0.6906192002047655
-3.6616147154787173, 0.7004769970222172
-3.6621616063553133, 0.7103288043347975
-3.6628061714242035, 0.7201738861802663
-3.6635487690977393, 0.7300114655742127
-3.6643896753568357, 0.7398407298897558
-3.665790847402129, 0.7496191446632162
-3.667995211104431, 0.7593630152995512
-3.6703322231155866, 0.7691527558510011
-3.6726221456632997, 0.7789675567860012
-3.6748321241749218, 0.7888029458528025
-3.6768666739972935, 0.7986434102917032
-3.6788091742151554, 0.8085096790715743
-3.680720020779418, 0.8184900980552209
-3.6823974347411337, 0.8282112683693924
-3.683972602956233, 0.8380660677722924
-3.6854673196770955, 0.847927065154398
-3.686861604058407, 0.8577900381085107
-3.6881617782594533, 0.8676696323872888
-3.6893774856194304, 0.877559573357345
-3.6904914588515947, 0.8874614153332209
-3.6915069589375076, 0.8973648627706519
-3.692436181583521, 0.9072879763484464
-3.693259998607476, 0.9172085992687324
-3.6939919763776703, 0.9271439255156563
-3.6946013210055795, 0.9370699194944971
-3.69393242622723, 0.9469036743445286
-3.6928785333634626, 0.9568106580380992
-3.692129618617376, 0.966663862636024
-3.691498830362802, 0.9765177353924476
-3.6909594911245645, 0.9863832872372625
-3.690509164880887, 0.9962541610070514
-3.6901489952729887, 1.006126265947313
-3.6898805324626562, 1.015998053132697
-3.6897052711174845, 1.0258693096695537
-3.689624464814339, 1.0357395589799172
-3.6896391406997644, 1.0456082617790583
-3.689750134136361, 1.0554748216927556
-3.689958121044528, 1.0653385866757374
-3.6902636454692215, 1.075198853275416
-3.6906671423419866, 1.08505487220227
-3.6911689559934233, 1.0949058541872883
-3.692004464419233, 1.1047403747373068
-3.6932892102693593, 1.1145626587603057
-3.6946878499560163, 1.12439987793767
-3.6961130654978813, 1.1342451192775163
-3.6975480810488617, 1.144091279535887
-3.6989891373628265, 1.153937414789881
-3.7004344859639136, 1.1637817185256898
-3.70188328254436, 1.173624757969861
-3.703334852215631, 1.1834667308721862
-3.7047886371879164, 1.1933077983366642
-3.7062441758119693, 1.2031481046725923
-3.7077010864660065, 1.2129877771475577
-3.709159054015537, 1.2228269263299782
-3.7106178183912135, 1.232665647223937
-3.7120771650271154, 1.2425040207891038
-3.713536916909773, 1.2523421155848722
-3.714996927995674, 1.2621799893884087
-3.716457077775986, 1.2720176907056178
-3.7179172667950384, 1.2818552601366004
-3.7193774129576695, 1.2916927315827444
-3.720837448487248, 1.3015301332973708
-3.7222973174195424, 1.311367488789917
-3.7237569735376126, 1.3212048175974982
-3.7252163786695975, 1.3310421359390596
-3.7266755012851838, 1.3408794572672036
-3.7281343153379907, 1.350716792731868
-3.7295927993104807, 1.3605541515687305
-3.73105093542576, 1.370391541423746
-3.73250870899694, 1.3802289686237756
-3.7339661078899438, 1.3900664384019024
-3.734801064728139, 1.4001163946437154
-3.7353980678798306, 1.4100895190624272
-3.736213762958396, 1.419929718620885
-3.7371411731241313, 1.429756923199617
-3.738164886976076, 1.4395741505441924
-3.7392833045161655, 1.4493804776256736
-3.7404969482689783, 1.4591746964914678
-3.7418063341275056, 1.4689549200680418
-3.7432121397547324, 1.4787206148516312
-3.7447148854515775, 1.4884710212070569
-3.7463149685394215, 1.498205330875934
-3.748012685479465, 1.5079227058405194
-3.7498082475663623, 1.5176222822346563
-3.751701793632143, 1.5273031736938103
-3.753693400563275, 1.5369644746296163
-3.755783138651619, 1.5466053828465305
-3.757970876557879, 1.5562244678854928
-3.760256472765858, 1.5658205766278135
-3.762639825629014, 1.5753927655054687
-3.7651207909796565, 1.584940053327721
-3.767699195969471, 1.5944614569760176
-3.770374843559833, 1.603955994475291
-3.773147585412751, 1.6134228082643751
-3.776016922021392, 1.6228600654946033
-3.7789825009137976, 1.6322666181991072
-3.7820440424714716, 1.6416415223715053
-3.7852012413760483, 1.650983810052167
-3.788453776934708, 1.6602925163475186
-3.7918013152295433, 1.669566681494816
-3.7952435099771535, 1.6788053509519743
-3.7987800031050862, 1.6880075753401163
-3.8024104252139797, 1.6971724103904025
-3.806134395965724, 1.7062989169073393
-3.809951524414199, 1.715386160747338
-3.813861409289317, 1.7244332128101014
-3.817863639242641, 1.733439149040594
-3.8219577930612356, 1.7424030504396697
-3.8261434398552354, 1.7513240030817498
-3.8304201392235693, 1.7602010981381917
-3.834787441401509, 1.7690334319052206
-3.839244887393002, 1.7778201058354737
-3.8437920090902233, 1.7865602265723823
-3.848428329382311, 1.7952529059867408
-3.8531533622549072, 1.8038972612149422
-3.8579666128817744, 1.8124924146984478
-3.8628675777095824, 1.8210374942241714
-3.8679366766494114, 1.8296448284931452
-3.8728884005628283, 1.8379014441179888
-3.877951489711202, 1.8461503078205637
-3.8830970823897655, 1.8543475108276668
-3.8883803245228, 1.8625593798047138
-3.8937459954353772, 1.8707113034046399
-3.899191901970262, 1.8788026866233516
-3.904725879674999, 1.8868422321814369
-3.9103391442287876, 1.8948206757932564
-3.916039179174785, 1.9027456749763094
-3.9218168691147977, 1.9106080381794066
-3.92768000667663, 1.9184152590037689
-3.933619234911745, 1.926158310213857
-3.9396426279230172, 1.9338445330414833
-3.9457405927475766, 1.941465066366214
-3.951921455849598, 1.9490271000570363
-3.9581753936936077, 1.956521940844161
-3.9645109623510075, 1.9639566274721727
-3.970918114055458, 1.9713226368818648
-3.977405616283258, 1.978626856366607
-3.9839632040153816, 1.9858609358229597
-3.9905998410952317, 1.9930316103071872
-3.9973050526737914, 2.0001307056432713
-4.004087986122672, 2.0071648035069014
-4.010937964503769, 2.0141259087470487
-4.0178643074056275, 2.021020448244759
-4.024856143778392, 2.027840609033254
-4.031922955176248, 2.034592661584283
-4.039053684599465, 2.041268978294826
-4.046257966049586, 2.047875671466413
-4.053524564891548, 2.054405302032301
-4.060863258559353, 2.060863822258039
-4.068262643230919, 2.067243984760175
-4.0757326310990925, 2.0735515798290756
-4.083261657726177, 2.079779554872746
-4.09085976161635, 2.0859335362179388
-4.098515226405002, 2.09200666912277
-4.1062382086038935, 2.0980044139320206
-4.114016848724211, 2.103920116753537
-4.121861413066214, 2.1097590699182405
-4.129759907931184, 2.1155148233146894
-4.137722701230898, 2.1211924992295508
-4.145737674080073, 2.1267858541839932
-4.153815287836675, 2.1322998384064737
-4.16194330755759, 2.1377284178116307
-4.170132279872017, 2.143076368587989
-4.178369863008033, 2.148337868699668
-4.186666680667199, 2.153517518363176
-4.195010293571119, 2.1586097101271378
-4.2034113942624645, 2.1636188663731946
-4.2118574553628845, 2.168539596629955
-4.220359229989, 2.1733761436726518
-4.228904112141728, 2.1781233362445485
-4.237502907209445, 2.182785235859153
-4.246142940110385, 2.187356892524242
-4.254835060172435, 2.1918421849803047
-4.263566532811486, 2.1962363863378673
-4.272456876048079, 2.2005893933619896
-4.2811072972232616, 2.2047277801973575
-4.289801686452591, 2.208755582892307
-4.29857573112995, 2.2127186494971225
-4.307385469437272, 2.2165951115064026
-4.316232334101063, 2.220383793014422
-4.325116096372476, 2.2240842199215214
-4.334035929761341, 2.2276957198653626
-4.342991045705483, 2.2312176764490608
-4.351980634775518, 2.2346495122985854
-4.36100386381038, 2.2379906818766937
-4.370059879953831, 2.241240669078386
-4.379147812931564, 2.2443989848268964
-4.38826677703424, 2.2474651649415054
-4.39741587287721, 2.2504387682804943
-4.40659418893978, 2.2533193751164307
-4.415800802912546, 2.2561065857146048
-4.425034782877431, 2.258800019089517
-4.4342951883417125, 2.26139931191744
-4.443581071145017, 2.2639041175859744
-4.452891476255887, 2.26631410536379
-4.46222544247255, 2.268628959675945
-4.471582003040618, 2.270848379471909
-4.480960186198892, 2.2729720776749938
-4.490359015662919, 2.2749997807032525
-4.499777511054743, 2.2769312280530976
-4.509214688286146, 2.278766171937943
-4.518669559901683, 2.280504376975052
-4.528141135386957, 2.2821456199146244
-4.537628421446889, 2.283689689405818
-4.547130422258018, 2.2851363857950644
-4.5566461396983104, 2.2864855209525325
-4.566174573557596, 2.287736918123148
-4.575714721731091, 2.288890411798947
-4.585265580398358, 2.289945847609928
-4.59482614418958, 2.2909030822309417
-4.604395406340837, 2.2917619833023926
-4.614015886764194, 2.292140615710936
-4.623705189262076, 2.2919173730138724
-4.633444920896698, 2.2916073319734513
-4.64321189605657, 2.2913095036000226
-4.653001181641955, 2.2910410001204506
-4.662807402846712, 2.2908106022592167
-4.672626109193287, 2.290625863102169
-4.682453829333019, 2.290493651450233
-4.692287796510276, 2.290420152113119
-4.70212576443267, 2.2904108710883495
-4.711965869271609, 2.290470668621781
-4.721806525029475, 2.2906038080821878
-4.731646345077554, 2.290814011491268
-4.741484083769073, 2.291104516195259
-4.751325244174672, 2.291486229950649
-4.761164691266545, 2.29201946041203
-4.771010251432093, 2.2926647388931163
-4.780851162549532, 2.2934040586155224
-4.790683487173534, 2.2942326396143504
-4.800506198009604, 2.2951541895008307
-4.8103181828238215, 2.2961691964944717
-4.820115980085778, 2.2972797606459685
-4.829902514544839, 2.29848278866323
-4.839678408722277, 2.299778122846269
-4.849434157035057, 2.3011722127911356
-4.859178764647468, 2.3026579200103856
-4.868911780518919, 2.30423382336728
-4.87862450475327, 2.3059087728800103
-4.888318832999697, 2.3076791987181875
-4.897991331764174, 2.3095466160656914
-4.907649229649819, 2.311505876297135
-4.917280317624239, 2.313564022630577
-4.926894060345347, 2.3157142102109414
-4.936489979336331, 2.3179549924282683
-4.946055991933697, 2.320296716303067
-4.955603100010309, 2.3227285109997258
-4.965120423099582, 2.3252577879796554
-4.974613413116496, 2.3278806394236993
-4.984077585346633, 2.3305980877667074
-4.993515778014011, 2.333407444432036
-5.002925412669902, 2.3363108455443373
-5.012305063439563, 2.3393079640600756
-5.021653225977934, 2.3423984747122524
-5.030966359409717, 2.3455833020654446
-5.040246944501282, 2.3488607046686054
-5.049498112410936, 2.3522278869658955
-5.058717503505485, 2.3556854877642834
-5.06789380331328, 2.3592419400948543
-5.077030825317862, 2.3628904907022372
-5.086139448453894, 2.3666246386842458
-5.095197884195264, 2.3704563928429727
-5.104224381132997, 2.3743760188304015
-5.113206956293309, 2.378387945550123
-5.122150143451362, 2.382488693769632
-5.13104314941246, 2.3866843287855914
-5.139899041448857, 2.390964787929079
-5.1487095678450805, 2.3953357480646105
-5.157479688470877, 2.399792961470742
-5.166195185561196, 2.404342718154707
-5.174869639529967, 2.4089797215351942
-5.183489715942011, 2.4137069684104
-5.19198387922162, 2.418461880728008
-5.200650181326794, 2.423488412920056
-5.209289201603815, 2.4286793965692053
-5.217833730669094, 2.4339006357824284
-5.226260234482994, 2.4391474448948536
-5.234645725934127, 2.4444889764410767
-5.242993344791616, 2.4499134943566774
-5.251273311153967, 2.455420700147025
-5.259501527338733, 2.461014440162304
-5.267679611710902, 2.4666822049486026
-5.275798348721777, 2.472437811293587
-5.283851714714082, 2.478270942343273
-5.2918620253021205, 2.484184619368958
-5.2997994492959775, 2.490177462105036
-5.307679833978782, 2.4962543590436232
-5.315505266456187, 2.5024027176911328
-5.323266036434391, 2.508635788808121
-5.330956573391867, 2.5149427179314583
-5.338599150002737, 2.5213279705090264
-5.346163871228982, 2.527788212256637
-5.353666480394161, 2.5343293896718846
-5.361109567279535, 2.5409388939793343
-5.368482836224088, 2.547629476102129
-5.375781207075537, 2.554389859219308
-5.383026776990265, 2.5612259555470205
-5.390189750975267, 2.568132494640169
-5.397285655129402, 2.5751164654496166
-5.4043176318774195, 2.5821653024997726
-5.411274792840215, 2.5892911833289074
-5.418152632992045, 2.596482457720316
-5.424972950216462, 2.6037464476979495
-5.431706210521379, 2.611075980408302
-5.438367614206478, 2.6184790485710097
-5.444960910862286, 2.625943196036288
-5.451474605661299, 2.6334799517809397
-5.457904841662981, 2.6410773591775016
-5.464272999329719, 2.6487440961240445
-5.470549971433346, 2.6564711303374686
-5.4767505286770355, 2.6642673996194426
-5.482879077958958, 2.6721206360476626
-5.488923514097775, 2.6800416423356728
-5.494880689036437, 2.6880182346452854
-5.50077145112808, 2.696060385957059
-5.50656727582907, 2.7041572685183115
-5.512282407701147, 2.712318696828093
-5.517921955372199, 2.720532670378454
-5.523473210667179, 2.7288091830247603
-5.528933790196039, 2.7371359056537408
-5.534323908914519, 2.745524033283539
-5.53961577020037, 2.7539610209964143
-5.544822997981183, 2.762457495266888
-5.5499514183329755, 2.7710018324302252
-5.554987732575235, 2.779603146317569
-5.559930354695501, 2.7882490545703296
-5.564798776127128, 2.796951895838642
-5.569566062380999, 2.805697503207259
-5.574245154087589, 2.814497211695998
-5.578842624826275, 2.8233398543936215
-5.58334461990725, 2.832233587348133
-5.587750386319896, 2.841166050738434
-5.592078615860476, 2.850150634124277
-5.596303359670299, 2.8591716505577223
-5.600436792863918, 2.868241075338748
-5.6044862372963005, 2.8773482959121135
-5.608437315653576, 2.8865004446503804
-5.612290102129163, 2.8956852717045707
-5.61606240419151, 2.904917142469708
-5.6197293512855175, 2.914178971732769
-5.623302296115852, 2.923483283362958
-5.6267892943416955, 2.932820102229758
-5.630175493800368, 2.942195477781123
-5.633461789427733, 2.95159736544181
-5.636665053471742, 2.9610410244891514
-5.639761586013549, 2.9705080773005306
-5.642761875557083, 2.980011511301083
-5.645674679542139, 2.989542091546693
-5.648484727731213, 2.9991047315474213
-5.651183123203613, 3.0086874703060515
-5.653792981862414, 3.01830123237717
-5.65628801943007, 3.0279333492398743
-5.6587097496833385, 3.03759804756151
-5.661001460210836, 3.0472765594815354
-5.663213742976117, 3.0569834950269743
-5.665333113900857, 3.066712449443691
-5.667341956564785, 3.0764628773517444
-5.669262383693133, 3.0862251334213213
-5.671075190562098, 3.096015551345631
-5.6727905408038035, 3.105814421751039
-5.6744223989380504, 3.11563924091882
-5.675928588894137, 3.12546777869783
-5.677346459782258, 3.135317695254016
-5.678676728188721, 3.1451772036157113
-5.679902050390313, 3.155057798904576
-5.681019542440635, 3.164939424406705
-5.682044383951358, 3.1748368099263513
-5.6829734003662695, 3.184737479050605
-5.683797957877584, 3.194655965534613
-5.684520992028641, 3.2045719247573827
-5.6851506612561025, 3.2145010987321934
-5.685685792520764, 3.2244309354182055
-5.68610823597389, 3.2343684458564357
-5.6864368778253285, 3.244304962027413
-5.686672057796132, 3.2542478091127545
-5.686814051223747, 3.264193637690908
-5.686846133493305, 3.274141328345437
-5.686779459895069, 3.2840807312719638
-5.686623386378083, 3.2940242603570926
-5.686357803192463, 3.3039629355584816
-5.68597987654068, 3.3140123555657115
-5.685513374248987, 3.3240377975716195
-5.684941546331452, 3.3340545048735737
-5.684269276596739, 3.344064932494711
-5.683507871703668, 3.354076969844698
-5.68264096475433, 3.36407654060338
-5.6816740705977455, 3.374066537479162
-5.680618303195821, 3.384055306636563
-5.679457670391969, 3.3940283346746134
-5.678197600247385, 3.403988713162853
-5.676848980512101, 3.413945179128736
-5.675396205388671, 3.4238827795573687
-5.673844614485651, 3.4338047804128817
-5.67220484328342, 3.4437202651518364
-5.67046167781804, 3.453613829438729
-5.668620364789809, 3.463488898379411
-5.666691279996581, 3.4733548854945697
-5.664659624603444, 3.483195950082199
-5.662530514054196, 3.4930157592243627
-5.660314228288284, 3.502823442239725
-5.6579964067318, 3.512602794859009
-5.655582225610013, 3.522357171814883
-5.653081465477014, 3.5320967340140905
-5.650480229552605, 3.5418048231147172
-5.64778351543131, 3.551485238571052
-5.64500082160332, 3.5611482937395125
-5.642118916809722, 3.570776442001173
-5.639142854626586, 3.5803733240901208
-5.636081768745413, 3.589949751465234
-5.632922744516983, 3.5994882943085815
-5.629670595360799, 3.6089929699466494
-5.626334141756389, 3.6184748013527126
-5.622900973961112, 3.6279159968031065
-5.619375786230976, 3.6373207028183634
-5.615767063520752, 3.646700195416731
-5.612062909237226, 3.656036337985311
-5.60826789300566, 3.665333401231146
-5.604390156035402, 3.6746029005832344
-5.600418324723658, 3.6838263707231045
-5.596356841404507, 3.693008205743925
-5.592213501042636, 3.702160151253436
-5.5879774616383475, 3.7112634274846994
-5.58365303289683, 3.7203225469094474
-5.579247614707515, 3.729349444977912
-5.574750771090356, 3.7383249735396067
-5.570166631423349, 3.747253744543426
-5.565502278341016, 3.75614792962158
-5.560747958520992, 3.7649881556160083
-5.555907712274018, 3.7737791642575114
-5.550917409479377, 3.7825935071084733
-5.546156422607654, 3.791015965669002
-5.541247967683165, 3.7995285376391403
-5.536215300931727, 3.807987266494758
-5.531089962399649, 3.8164075739674312
-5.52587450498794, 3.8247673303395584
-5.520582140333115, 3.833081790574989
-5.515204293151655, 3.8413364351014705
-5.509744894175203, 3.849537178369276
-5.5042127681270525, 3.8576936454592605
-5.498596517576786, 3.865788013894933
-5.49289998091804, 3.8738259416986596
-5.487131709634892, 3.8818173740244113
-5.481280875658616, 3.889744186527392
-5.475351165945445, 3.8976121385258224
-5.469350879180585, 3.9054314119990425
-5.463269755086121, 3.913183589262336
-5.457111309080911, 3.9208745297557073
-5.450883557852414, 3.928514651444063
-5.444576803392857, 3.936085257377437
-5.438194391812399, 3.943592296710291
-5.431744057181154, 3.951046405229506
-5.425216675363927, 3.9584286104477
-5.418615415079022, 3.9657449533784956
-5.411947701411168, 3.9730062858341046
-5.405204986378832, 3.980193379765796
-5.398390259272881, 3.9873123650105953
-5.391510623426335, 3.9943742954944614
-5.384558113069672, 4.001359702517052
-5.377535535886578, 4.008274803965571
-5.37044966237339, 4.015130844521807
-5.363293120006513, 4.021908128888611
-5.356068535256256, 4.028612961731484
-5.348782329671689, 4.0352567674006705
-5.341427730648051, 4.041819642836205
-5.334007182175731, 4.048307979332655
-5.326526751258674, 4.054733366582522
-5.318980278000674, 4.061075707444863
-5.311370024680715, 4.06734147788191
-5.303701691296219, 4.073542420590255
-5.295969733495662, 4.079658264979343
-5.288176230237919, 4.085695573541117
-5.280326509501264, 4.091666229328539
-5.272415653219279, 4.097549805177973
-5.264445556344127, 4.103352949032301
-5.256421169857843, 4.109087669342929
-5.248338212346046, 4.114733398419109
-5.2401983925289155, 4.120296868774632
-5.23200627338127, 4.125790203089112
-5.223758213130569, 4.131192715405161
-5.2154557316024155, 4.136511222264303
-5.20710300136308, 4.141757945682026
-5.198697028074423, 4.146912098860567
-5.190239139848559, 4.151980580671413
-5.18173311500315, 4.156975699279983
-5.173176608663926, 4.161876587301768
-5.164570755687001, 4.166690224210031
-5.155918937696224, 4.171428989628541
-5.147219468077447, 4.176071950243333
-5.1384732849412265, 4.180626160488756
-5.129683369731671, 4.185104059765088
-5.120848691379112, 4.18948467693136
-5.111971042225666, 4.193787504684653
-5.103051624877096, 4.198003707979736
-5.094089506803461, 4.202123289960766
-5.085087648347103, 4.206159942766521
-5.076046271884961, 4.210113330735759
-5.066965057764804, 4.213974730815607
-5.0578459929280575, 4.2177357989889535
-5.04869018232952, 4.221416767261039
-5.039497458243987, 4.225004230853629
-5.030270001598369, 4.2284902992743785
-5.021008053456552, 4.231894912646193
-5.011712224249782, 4.235205970003851
-5.0023847956034535, 4.238421873889455
-4.9930242496724615, 4.241548796814218
-4.983634335357446, 4.244577749657923
-4.9742133846274115, 4.247516848052841
-4.964764995442615, 4.250357382974354
-4.955287410689278, 4.253107477160435
-4.945784377828257, 4.255758456995752
-4.936141639638108, 4.257770870973208
-4.926543533941648, 4.259584162007129
-4.917015129884295, 4.261429563826551
-4.9074859813465945, 4.263201853316498
-4.8979550141717905, 4.26500750274431
-4.888405602706896, 4.266813063595734
-4.878867407041103, 4.2686107762529195
-4.8693103543776335, 4.270383515036282
-4.8597669729684, 4.272176577264771
-4.85023404227644, 4.2740064945566
-4.840701902095245, 4.275828499267615
-4.831167804419546, 4.27764090323727
-4.821632517579673, 4.2794446155218235
-4.812096294155844, 4.281240745365293
-4.802559302939619, 4.283030309533
-4.793021686195593, 4.284814200864923
-4.783483560060809, 4.2865932006341305
-4.77394501982199, 4.288367991989345
-4.76440614409938, 4.290139172023051
-4.754866998058071, 4.291907262463371
-4.745327635950776, 4.293672719087642
-4.735788103137738, 4.295435939991825
-4.726248437697715, 4.297197272844503
-4.716708671718743, 4.298957021243245
-4.707168832337181, 4.300715450279831
-4.697628942578086, 4.302472791409588
-4.688089022038169, 4.3042292467098315
-4.678549087443504, 4.305984992602498
-4.6690091531071065, 4.307740183107466
-4.659469231306144, 4.309494952684966
-4.649929332594284, 4.311249418718532
-4.6403894660615155, 4.313003683683617
-4.630849639551174, 4.314757837041395
-4.621309859841927, 4.316511956892441
-4.611770132801022, 4.318266111420596
-4.602230463513715, 4.320020360153548
-4.592690856393004, 4.321774755063352
-4.5831513152729295, 4.323529341527139
-4.573611843488112, 4.325284159165771
-4.564072443941773, 4.327039242575928
-4.554533119163973, 4.3287946219691
-4.5449938713616715, 4.330550323729382
-4.53545470246175, 4.33230637090033
-4.5259156141481105, 4.334062783609903
-4.516376607893694, 4.335819579441373
-4.5068376849881435, 4.337576773757061
-4.497298846561752, 4.339334379980897
-4.487760093606203, 4.341092409845028
-4.4782214269925555, 4.342850873605067
-4.468682847486857, 4.34460978022796
-4.45914435576369, 4.346369137555943
-4.449605952417961, 4.348128952449656
-4.440067637975154, 4.349889230913038
-4.430529412900218, 4.351649978202326
-4.420991277605347, 4.353411198921203
-4.411453232456727, 4.355172897103843
-4.401915277780429, 4.356935076287353
-4.392377413867521, 4.358697739575057
-4.382839640978545, 4.360460889691662
-4.373301959347415, 4.362224529031467
-4.363764369184819, 4.363988659700392
-4.35422687068116, 4.365753283552688
-4.344689464009161, 4.367518402222949
-4.335152149326107, 4.369284017154087
-4.32561492677582, 4.3710501296217075
-4.316077796490372, 4.372816740755419
-4.306540758591575, 4.374583851557403
-4.297003813192291, 4.376351462918645
-4.287466960397582, 4.378119575633081
-4.277933464162269, 4.380076773338688
-4.268400991403513, 4.3822868682133835
-4.258835987878573, 4.384498973287469
-4.2492473891286515, 4.386661264785051
-4.239638698952771, 4.38876301040145
-4.230011114119324, 4.390798635400482
-4.220365581270687, 4.392763624429115
-4.210702926104782, 4.394654051372031
-4.201023900802135, 4.396466483785033
-4.191240288838584, 4.397611888311093
-4.181518817062356, 4.398541884583699
-4.171851942109524, 4.399520886356413
-4.1622045945844, 4.400489863912446
-4.15253495731428, 4.401423303046734
-4.142878271719604, 4.402400897411034
-4.133177257880416, 4.403339673558265
-4.123445155105198, 4.404225830267863
-4.113696128973566, 4.405098360339812
-4.103945009026957, 4.405971498797364
-4.094194020995522, 4.406826633431621
-4.084440737227031, 4.407672293781251
-4.074684170255508, 4.408522661984686
-4.064928689514809, 4.4093580980904825
-4.055171821602735, 4.41018670232259
-4.045412321057995, 4.411022454327059
-4.035654392306705, 4.411845323834353
-4.025895478261573, 4.412663128439924
-4.0161342571350005, 4.413489710333855
-4.006374864961107, 4.414304769334792
-3.996614724183932, 4.415115917985677
-3.986852472644346, 4.415936902465689
-3.9770922048984128, 4.4167472446400255
-3.967331329830527, 4.417554428501302
-3.9575684617552653, 4.418372139832232
-3.947807672375758, 4.419179784801391
-3.9380463611938, 4.419984763973258
-3.9282831320542404, 4.4208007141471155
-3.9185220407386345, 4.421606969541066
-3.9087604815995975, 4.4224108763409316
-3.898997052439846, 4.423226041450441
-3.8892357979912235, 4.424031752830636
-3.8794741097640384, 4.4248353212621705
-3.869710583447432, 4.425650333276543
-3.8599492563145423, 4.426456044483541
-3.850187521899988, 4.4272597343959506
-3.8404239667855173, 4.42807499644648
-3.8306626268623476, 4.428881055624213
-3.8209008946231835, 4.429685176616429
-3.811137351783611, 4.4305009571428045
-3.801376033414313, 4.431307599382087
-3.7916143322897278, 4.432112357335872
-3.781850827543095, 4.432928831593838
-3.7720895529267224, 4.433736209360112
-3.7623279016561813, 4.43454173775234
-3.752564451713244, 4.435359019322076
-3.742803235232456, 4.436167231385549
-3.7330416459654474, 4.436973616647735
-3.723278261667735, 4.437791779031687
-3.71351711265948, 4.438600889271366
-3.7037555932878683, 4.43940818726489
-3.6939885423867693, 4.440478678030272
-3.6842059397283453, 4.441839754558132
-3.6743938367737687, 4.443208186841358
-3.664565490515714, 4.444529207064039
-3.654723872252294, 4.445791517980746
-3.64490789382167, 4.446969173473828
-3.6351091436765017, 4.448071825863007
-3.6253194560844095, 4.449096948486945
-3.61548550783079, 4.44945921169941
-3.605725614209827, 4.449609673199546
-3.596015220371137, 4.449815951806546
-3.586320494818837, 4.450008906181002
-3.576608396844322, 4.450190446018486
-3.566908033085147, 4.450376330148361
-3.557180623486047, 4.450569369860722
-3.5474202423257433, 4.450689641734034
-3.537634002177702, 4.450788593663925
-3.527847501708961, 4.450875614864909
-3.518057231832055, 4.4509655929543985
-3.5082685309408586, 4.451039510140371
-3.498478584460525, 4.451105494804964
-3.48868510793771, 4.451177463361132
-3.4788939851232907, 4.451235922063784
-3.469102113682226, 4.451288653956464
-3.459307055455647, 4.451349405952593
-3.449514593790959, 4.4513983676141375
-3.4397216016245014, 4.451443073433756
-3.429925595277694, 4.451497144946054
-3.4201323187365946, 4.451540545795101
-3.4103386435579357, 4.45158064063774
-3.4005420597978877, 4.451630972188851
-3.390748285452705, 4.451671356570421
-3.380954190070763, 4.4517090515621955
-3.37115724782793, 4.451757550860032
-3.3613631630072325, 4.4517965736926
-3.3515688032310162, 4.451833311020253
-3.341771636120845, 4.4518812196297155
-3.331977355333104, 4.451919956790475
-3.32218282842971, 4.451956668552916
-3.3123855206146375, 4.452004787415075
-3.302591116962827, 4.45204393170426
