-3.222476176135399, 4.456606253264051
-3.2126832052386542, 4.456710266972435
-3.2028850293354556, 4.456823534377198
-3.193090642705655, 4.456930708309311
-3.183297688917252, 4.457036349953592
-3.1734995316232655, 4.457151245821245
-3.1637051626586126, 4.457260047044501
-3.1539122262404007, 4.457367315261902
-3.144114087815703, 4.457483838223285
-3.134319736776183, 4.457594265364787
-3.12452681798783, 4.457703158778847
-3.114728698690503, 4.457821307453069
-3.104934365834318, 4.457933359129899
-3.095141464933831, 4.458043876355598
-3.0853433650204205, 4.458163649354504
-3.075549050604362, 4.458277324177577
-3.065756167848425, 4.458389463824692
-3.055958087574237, 4.458510859755752
-3.046163791853947, 4.458626156332317
-3.03637092749815, 4.458739917007569
-3.0167785903475726, 4.45897985141101
-3.006985744646548, 4.4590952317194885
-2.9971877044126636, 4.459219869328441
-2.9873934468469874, 4.45933840522663
-2.977600620054511, 4.459455403772693
-2.9678026002199447, 4.459581660125595
-2.958008362111418, 4.459701813590618
-2.948215554480467, 4.459820428978479
-2.9384175552969407, 4.459948302678511
-2.928623336897753, 4.46007007231442
-2.9188305486805457, 4.460190303148551
-2.9090325703990274, 4.460319792799237
-2.899238371960629, 4.460443177210503
-2.8894456034086544, 4.4605650220958655
-2.8796476462793925, 4.460696126301285
-2.869853468052517, 4.460821124092999
-2.8600607194165497, 4.460944581635212
-2.8502627836890815, 4.461077299000155
-2.8404686259237564, 4.461203908778141
-2.830675897453868, 4.4613289775835945
-2.8208779833770294, 4.461463306713634
-2.811083846322593, 4.461591527084539
-2.801291138268165, 4.46171820576045
-2.791493246090106, 4.461854145262013
-2.7816991299952014, 4.461983974833333
-2.7719064426049282, 4.462112261987804
-2.7621085725731125, 4.462249810468221
-2.7523144776857027, 4.462381247848361
-2.7425218112075913, 4.462511142090402
-2.7327239635687945, 4.462650298157903
-2.722929890136159, 4.4627833419562
-2.7131372448175424, 4.462914841895748
-2.7033394198178717, 4.463055604159507
-2.6935453680866153, 4.463190252986223
-2.683752744174146, 4.463323357234161
-2.673954942059027, 4.463465724304301
-2.6641609122750736, 4.4636019767706525
-2.6543683100147275, 4.463736683938804
-2.6445705310289105, 4.4638806544264
-2.634776523437515, 4.464018509144558
-2.6249839430745974, 4.464154817845711
-2.615186187462161, 4.464300390362792
-2.605392202307905, 4.464439845945885
-2.5955996440870455, 4.464577754793791
-2.585801912091397, 4.4647249279533545
-2.5760079496181882, 4.464865983015481
-2.566215413783351, 4.465005490624847
-2.55641770564723, 4.465154263040855
-2.546623766098311, 4.465296916197076
-2.5368312528927883, 4.46543802118358
-2.5270335688582666, 4.465588391470965
-2.5172396524762086, 4.465732641337308
-2.5074471621426255, 4.465875342317593
-2.497649502451101, 4.466027309092261
-2.487855609477811, 4.466173154285726
-2.478063142258125, 4.466317449877416
-2.468265507150337, 4.4664710117562345
-2.4584716378270532, 4.466618450894787
-2.4486791939625596, 4.466764339716475
-2.43888158367858, 4.466919495317296
-2.4290877382458813, 4.467068527019885
-2.419295317977208, 4.467216007691125
-2.409497732756449, 4.467372755632769
-2.3997039114542456, 4.467523378519314
-2.3899115150213617, 4.467672449660646
-2.380113955102569, 4.467830788562912
-2.3703201581701165, 4.467983001254301
-2.3605277858123284, 4.468133661487232
-2.35073025143359, 4.46829358997089
-2.340936479109476, 4.468447391088999
-2.3311441310654284, 4.468599639036023
-2.32134662246417, 4.468761155722834
-2.311552874986329, 4.468916543890507
-2.30176055149401, 4.469070378175087
-2.2919630689070067, 4.469233481687775
-2.2821693465127137, 4.469390455528841
-2.2723770478094534, 4.469545874775416
-2.2625795914728157, 4.469710563737699
-2.2527858943986865, 4.469869121876962
-2.242993620721158, 4.470026124710965
-2.2331961908703444, 4.470192397747531
-2.223402519352345, 4.470352538810775
-2.213610270936566, 4.470511123858604
-2.203812867806379, 4.470678979595132
-2.1940192220798154, 4.4708407022091246
-2.184226999161154, 4.471000868098167
-2.1744296229857456, 4.471170305161311
-2.1646360032852767, 4.471333607953808
-2.1548438060984423, 4.471495353312434
-2.1450464571113113, 4.471666370329837
-2.135252863670938, 4.471831251929565
-2.125460692449994, 4.471994575387126
-2.115663370883989, 4.472167170987415
-2.1058698039370674, 4.472333630024095
-2.096077658915426, 4.472498530210927
-2.086280365002744, 4.472672703023718
-2.07648682478198, 4.472840738128059
-2.066694706192401, 4.47300721367548
-2.0568974401645965, 4.473182962331375
-2.0471039269020457, 4.473352572135059
-2.037311834976646, 4.473520621675378
-2.0275145970646222, 4.473697944805962
-2.017721110991697, 4.473869127941671
-2.0079290459619474, 4.474038750108184
-1.998131836395961, 4.47421764634603
-1.9883383777434258, 4.474390401447428
-1.9785463398401482, 4.474561594874415
-1.9687491588498176, 4.474742062853096
-1.958955727847794, 4.474916388554835
-1.9491637173011696, 4.475089151877572
-1.9393665651154655, 4.475271190231637
-1.9295731619934318, 4.475447085169364
-1.9197811790329973, 4.475621417024113
-1.9099840558802494, 4.475805024389117
-1.9001906808670423, 4.475982487199466
-1.8903987257216963, 4.47615838622348
-1.880601631829593, 4.47634356123596
-1.87080828515341, 4.476522590556557
-1.8610163580514067, 4.47670005538808
-1.8512192936470002, 4.47688679668557
-1.8414259755353983, 4.4770673911550425
-1.8316340767043575, 4.477246420433309
-1.8218370420140586, 4.477434726654336
-1.8120437526939577, 4.477616884912291
-1.8022518823608589, 4.477797477277533
-1.7924548776104434, 4.477987347061624
-1.782661617308127, 4.478171067748666
-1.7728697756993144, 4.478353221842112
-1.7630206622400655, 4.478795546391055
-1.7531543776543232, 4.479531063363629
-1.7432705127308041, 4.4802727454487625
-1.7333750691832084, 4.480965983302325
-1.7235324317454774, 4.48110809956065
-1.713776213761795, 4.4809997784416415
-1.7040473114644838, 4.480990085605811
-1.694296330257651, 4.4808852143181985
-1.6845130748785777, 4.480763284297116
-1.6746548436799136, 4.4808885059785535
-1.6648445250868926, 4.480971086624103
-1.6551102315308475, 4.480769630645131
-1.6454077097498292, 4.480657642684602
-1.6357108506262488, 4.480549834020801
-1.626013585985277, 4.480434707614583
-1.6163163030729233, 4.480312248961515
-1.6066191240912988, 4.480183306052953
-1.5969220573541851, 4.480048703748821
-1.5872251086275908, 4.479909171328245
-1.577528278476968, 4.479765346120948
-1.5678315635151492, 4.479617784379721
-1.5581349579302857, 4.47946697149476
-1.5484384544834526, 4.479313330986044
-1.5387420452102432, 4.479157232371048
-1.5290457219090605, 4.478998998039358
-1.51934947647198, 4.478838909256537
-1.5096533011012163, 4.478677211405882
-1.4999571884431604, 4.478514118563784
-1.4902611316636782, 4.478349817492752
-1.480565124482167, 4.4781844711258225
-1.4708691611772138, 4.4780182216068525
-1.4611732365732653, 4.4778511929431515
-1.4514773460150896, 4.477683493319782
-1.4417814853349424, 4.477515217118592
-1.432085650815882, 4.477346446679686
-1.4223898391536567, 4.477177253838061
-1.4029982730200816, 4.47683784363354
-1.3933025136698003, 4.476667728646762
-1.3836067673516357, 4.476497397919793
-1.3739110322909172, 4.4763268877602735
-1.3642153069275558, 4.476156229844931
-1.3545195898915159, 4.475985451810503
-1.344823879980742, 4.475814577769249
-1.3351281761413747, 4.475643628758681
-1.3254324774500936, 4.475472623133912
-1.3157367830984175, 4.475301576909914
-1.3060410923787744, 4.475130504060127
-1.2963454046721774, 4.4749594167769455
-1.2866497194373405, 4.474788325698979
-1.27695403620108, 4.4746172401093185
-1.2672583545498683, 4.474446168108475
-1.2575626741224015, 4.474275116765283
-1.247866994603078, 4.474104092248538
-1.2381713157162706, 4.473933099941834
-1.2284756372213061, 4.473762144543742
-1.2187799589080655, 4.473591230155232
-1.2090842805931312, 4.473420360355906
-1.1993886021164135, 4.473249538270532
-1.189692923338201, 4.473078766627072
-1.17999724413658, 4.472908047807316
-1.1703015644051793, 4.472737383891044
-1.1606058840511952, 4.472566776694569
-1.1509102029936724, 4.47239622780435
-1.1412145211619968, 4.472225738606319
-1.131518838494579, 4.472055310311471
-1.1218231549377087, 4.471884943978171
-1.1121274704445514, 4.4717146405316495
-1.1024317849742724, 4.47154440078097
-1.092736098491272, 4.4713742254338715
-1.0830404109645215, 4.471204115109678
-1.0733447223669774, 4.471034070350591
-1.0636490326750752, 4.470864091631525
-1.053953341868285, 4.4706941793686985
-1.044257649928725, 4.470524333927114
-1.0345619568408242, 4.470354555627103
-1.0248662625910272, 4.470184844750023
-1.0151705671675368, 4.470015201543229
-1.005474870560091, 4.469845626224413
-0.9957791727597659, 4.4696761189853875
-0.9860834737588057, 4.469506679995392
-0.976387773550472, 4.46933730940397
-0.9666920721289166, 4.469168007343481
-0.956996369489066, 4.468998773931302
-0.9473006656265244, 4.46882960927173
-0.9376049605374849, 4.468660513457655
-0.9279092542186558, 4.468491486572012
-0.9182135466671946, 4.468322528689063
-0.9085178378806504, 4.468153639875493
-0.8988221278569158, 4.467984820191377
-0.8891264165941797, 4.4678160696910325
-0.8794307040908922, 4.467647388423743
-0.8697349903457301, 4.467478776434415
-0.8600392753575682, 4.467310233764121
-0.8503435591254545, 4.467141760450597
-0.8406478416485882, 4.466973356528678
-0.830952122926299, 4.466805022030648
-0.8212564029580331, 4.466636756986586
-0.8115606817433352, 4.466468561424631
-0.8018649592818375, 4.46630043537124
-0.7921692355732496, 4.466132378851401
-0.7824735106173475, 4.465964391888821
-0.7727777844139649, 4.465796474506087
-0.7630820569629864, 4.4656286267248175
-0.7533863282643406, 4.465460848565774
-0.7436905983179956, 4.4652931400489795
-0.7339948671239525, 4.4651255011938105
-0.7242991346822416, 4.464957932019082
-0.7146034009929207, 4.464790432543121
-0.7049076660560686, 4.4646230027838145
-0.6952119298717834, 4.464455642758687
-0.6855161924401815, 4.464288352484937
-0.675820453761394, 4.464121131979482
-0.6661247138355654, 4.463953981258984
-0.6564289726628508, 4.463786900339896
-0.6467332302434158, 4.4636198892384895
-0.6370374865774354, 4.46345294797086
-0.6273417416650922, 4.463286076552972
-0.6176459955065747, 4.46311927500067
-0.6079502481020784, 4.462952543329678
-0.5982544994518026, 4.462785881555639
-0.5885587495559528, 4.462619289694107
-0.5788629984147379, 4.462452767760578
-0.5691672460283701, 4.4622863157704735
-0.5594714923970647, 4.462119933739175
-0.5497757375210403, 4.4619536216820075
-0.540079981400518, 4.461787379614262
-0.5303842240357197, 4.461621207551196
-0.520688465426871, 4.461455105508038
-0.5109927055741981, 4.46128907349999
-0.5012969444779296, 4.461123111542235
-0.4916011821382944, 4.460957219649939
-0.48190541855552327, 4.460791397838247
-0.4722096537298482, 4.460625646122293
-0.46251388766150175, 4.460459964517206
-0.4528181203507177, 4.460294353038096
-0.44312235179773046, 4.460128811700073
-0.43342658200277545, 4.459963340518237
-0.42373081096608856, 4.4597979395076806
-0.4140350386879064, 4.459632608683501
-0.4043392651684664, 4.459467348060783
-0.39464349040800584, 4.459302157654612
-0.3849477144067632, 4.459137037480079
-0.375251937164977, 4.458971987552261
-0.36555615868288677, 4.458807007886248
-0.35586037896073186, 4.45864209849712
-0.3461645979987525, 4.4584772593999595
-0.3364688157971891, 4.458312490609858
-0.3267730323562823, 4.4581477921418955
-0.3170772476762733, 4.457983164011159
-0.30738146175740394, 4.457818606232738
-0.2976856745999154, 4.457654118821726
-0.28798988620405047, 4.457489701793212
-0.2782940965700514, 4.457325355162298
-0.2685983056981612, 4.457161078944073
-0.25890251358862276, 4.456996873153639
-0.24920672024167995, 4.456832737806099
-0.23951092565757603, 4.456668672916557
-0.22981512983655533, 4.456504678500116
-0.22011933277886214, 4.456340754571893
-0.21042353448474113, 4.456176901147001
-0.20072773495443721, 4.456013118240549
-0.19103193418819558, 4.455849405867662
-0.1813361321862618, 4.455685764043459
-0.17164032894888168, 4.455522192783057
-0.16194452447630112, 4.4553586921015995
-0.1522487187687667, 4.455195262014203
-0.1425529118265248, 4.455031902536005
-0.13285710364982273, 4.454868613682145
-0.12316129423890726, 4.454705395467762
-0.11346548359402613, 4.454542247907999
-0.10376967171542686, 4.454379171018
-0.09407385860335768, 4.4542161648129115
-0.08437804425806679, 4.45405322930789
-0.07468222867980286, 4.453890364518093
-0.06498641186881464, 4.453727570458672
-0.055290593825351314, 4.4535648471448
-0.045594774549662306, 4.453402194591626
-0.03589895404199722, 4.453239612814328
-0.026203132302606146, 4.453077101828083
-0.01650730933173923, 4.452914661648049
-0.006811485129646994, 4.452752292289417
0.002884340303419821, 4.452589993767365
0.012580166967210007, 4.452427766097076
0.02227599486147242, 4.452265609293734
0.03197182398595527, 4.452103523372533
0.041667654340406826, 4.4519415083486695
0.051363485924574834, 4.451779564237335
0.06105931873820689, 4.451617691053735
0.07075515278105028, 4.451455888813068
0.08045098805285192, 4.451294157530542
0.09014682455335857, 4.4511324972213675
0.09984266228231677, 4.450970907900759
0.10953850123947265, 4.450809389583928
0.11923434142457215, 4.450647942286095
0.12893018283736077, 4.450486566022491
0.1386260254775839, 4.45032526080833
0.14832186934498678, 4.4501640266588485
0.15801771443931398, 4.45000286358928
0.16771356076031005, 4.449841771614855
0.17740940830771945, 4.449680750750813
0.18710525708128597, 4.449519801012402
0.19680110708075307, 4.44935892241486
0.2064969583058644, 4.449198114973442
0.21619281075636312, 4.4490373787033946
0.22588866443199213, 4.448876713619978
0.23558451933249394, 4.448716119738446
0.24528037545761064, 4.448555597074064
0.25497623280708454, 4.44839514564209
0.2646720913806572, 4.448234765457798
0.28406381219906435, 4.4479142188933425
0.2937596744433809, 4.447754052543733
0.30345553791076035, 4.447593957502903
0.31315140260094326, 4.447433933786147
0.32284726851366924, 4.447273981408746
0.33254313564867855, 4.447114100385994
0.34223900400571056, 4.44695429073318
0.35193487358450415, 4.446794552465605
0.3616307443847984, 4.446634885598569
0.3713266164063321, 4.446475290147371
0.38102248964884355, 4.446315766127325
0.39071836411207106, 4.4461563135537405
0.4004142397957521, 4.44599693244193
0.4101101166996245, 4.4458376228072085
0.4198059948234252, 4.445678384664895
0.42950187416689145, 4.445519218030315
0.4391977547297599, 4.445360122918791
0.4488936365117666, 4.445201099345659
0.45858951951264804, 4.445042147326249
0.4682854037321401, 4.444883266875897
0.47798128916997845, 4.4447244580099445
0.48767717582589803, 4.44456572074373
0.49737306369963397, 4.444407055092603
0.5070689527909209, 4.44424846107191
0.5167648430994933, 4.444089938697006
0.5264607346250858, 4.44393148798325
0.5361566273674315, 4.443773108945991
0.5458525213262639, 4.4436148016005985
0.5555484165013168, 4.443456565962438
0.565244312892323, 4.443298402046875
0.5749402104990157, 4.443140309869287
0.5846361093211265, 4.442982289445043
0.594332009358388, 4.442824340789524
0.6040279106105324, 4.442666463918116
0.6137238130772908, 4.442508658846197
0.6234197167583946, 4.442350925589162
0.6331156216535746, 4.442193264162398
0.6428115277625627, 4.442035674581302
0.6525074350850883, 4.441878156861273
0.6622033436208817, 4.441720711017712
0.6718992533696729, 4.44156333706602
0.6815951643311916, 4.441406035021609
0.6912910765051667, 4.44124880489989
0.7009869898913278, 4.441091646716276
0.710682904489403, 4.440934560486187
0.7203788202991208, 4.440777546225043
0.7300747373202099, 4.4406206039482665
0.7397706555523977, 4.440463733671289
0.7494665749954124, 4.440306935409539
0.7591624956489805, 4.440150209178451
0.76885841751283, 4.439993554993461
0.7785543405866867, 4.439836972870009
0.7882502648702776, 4.439680462823543
0.7979461903633287, 4.439524024869508
0.8076421170655654, 4.4393676590233575
0.8173380449767144, 4.439211365300543
0.8270339740965, 4.439055143716518
0.8367299044246477, 4.43889899428675
0.8464258359608821, 4.438742917026697
0.8561217687049278, 4.4385869119518295
0.8658177026565079, 4.438430979077617
0.8755136378153482, 4.438275118419529
0.8852095741811707, 4.438119329993051
0.8949055117536987, 4.437963613813655
0.904601450532656, 4.4378079698968325
0.9142973905177652, 4.4376523982580585
0.9239933317087482, 4.437496898912834
0.9336892741053273, 4.437341471876648
0.9433852177072245, 4.4371861171649964
0.9530811625141613, 4.4370308347933785
0.9627771085258585, 4.436875624777298
0.9724730557420376, 4.436720487132263
0.9821690041624195, 4.436565421873786
0.9918649537867235, 4.436410429017374
1.0015609046146698, 4.436255508578545
1.0112568566459794, 4.436100660572819
1.0209528098803708, 4.435945885015719
1.0306487643175644, 4.43579118192277
1.0403447199572773, 4.435636551309506
1.0500406767992296, 4.4354819931914555
1.059736634843139, 4.435327507584159
1.0694325940887246, 4.435173094503148
1.0791285545357026, 4.4350187539639725
1.088824516183791, 4.434864485982176
1.098520479032707, 4.434710290573308
1.1082164430821675, 4.43455616775292
1.117912408331889, 4.434402117536572
1.1276083747815882, 4.434248139939821
1.1373043424309814, 4.434094234978228
1.1470003112797833, 4.433940402667357
1.1566962813277093, 4.433786643022778
1.1663922525744752, 4.433632956060064
1.176088225019795, 4.433479341794795
1.1857841986633844, 4.433325800242548
1.1954801735049565, 4.433172331418902
1.2051761495442264, 4.433018935339442
1.2148721267809068, 4.432865612019764
1.2245681052147115, 4.43271236147545
1.2342640848453543, 4.432559183722107
1.2439600656725465, 4.432406078775327
1.253656047696001, 4.432253046650713
1.2633520309154305, 4.43210008736387
1.273048015330546, 4.431947200930411
1.2827440009410598, 4.431794387365943
1.2924399877466832, 4.431641646686084
1.3021359757471271, 4.431488978906452
1.3118319649421013, 4.431336384042673
1.3215279553313175, 4.431183862110367
1.3312239469144858, 4.431031413125166
1.3409199396913154, 4.430879037102699
1.3506159336615156, 4.430726734058605
1.3603119288247951, 4.430574504008518
1.3700079251808648, 4.430422346968082
1.3797039227294317, 4.430270262952941
1.3893999214702049, 4.430118251978748
1.3990959214028917, 4.4299663140611525
1.4087919225272008, 4.429814449215811
1.4184879248428386, 4.4296626574583815
1.428183928349513, 4.429510938804523
1.4378799330469303, 4.4293592932699095
1.4475759389347969, 4.429207720870198
1.4572719460128194, 4.429056221621062
1.4669679542807037, 4.428904795538186
1.4766639637381567, 4.428753442637243
1.4863599743848812, 4.428602162933911
1.4960559862205849, 4.428450956443881
1.5057519992449713, 4.428299823182839
1.5154480134577437, 4.428148763166476
1.5251440288586073, 4.427997776410494
1.534840045447266, 4.427846862930584
1.5445360632234226, 4.427696022742453
1.5542320821867819, 4.4275452558618005
1.5639281023370468, 4.42739456230434
1.5736241236739188, 4.427243942085778
1.5833201461971005, 4.427093395221838
1.5930161699062935, 4.42694292172823
1.6027121948011998, 4.426792521620679
1.6124082208815214, 4.426642194914912
1.6221042481469592, 4.426491941626653
1.6318002765972133, 4.426341761771639
1.6414963062319858, 4.426191655365603
1.6511923370509762, 4.426041622424285
1.660888369053884, 4.4258916629634255
1.6705844022404086, 4.4257417769987715
1.6802804366102508, 4.42559196454607
1.689976472163108, 4.425442225621075
1.6996725088986795, 4.425292560239537
1.7093685468166642, 4.425142968417224
1.7190645859167595, 4.424993450169888
1.7287606261986632, 4.424844005513295
1.7384566676620736, 4.424694634463217
1.748152710306688, 4.424545337035427
1.7578487541322023, 4.424396113245704
1.767544799138314, 4.424246963109816
1.7772408453247186, 4.424097886643555
1.7869368926911113, 4.423948883862704
1.7966329412371902, 4.423799954783046
1.8063289909626485, 4.423651099420378
1.816025041867183, 4.423502317790494
1.8257210939504864, 4.423353609909196
1.835417147212255, 4.423204975792281
1.8451132016521836, 4.42305641545556
1.8548092572699646, 4.422907928914836
1.8645053140652916, 4.422759516185928
1.8742013720378576, 4.422611177284648
1.8838974311873569, 4.422462912226816
1.8935934915134809, 4.4223147210282505
1.9032895530159222, 4.422166603704781
1.912985615694373, 4.422018560272237
1.922681679548525, 4.421870590746448
1.9323777445780694, 4.4217226951432504
1.9420738107826983, 4.421574873478488
1.9517698781621007, 4.421427125767995
1.9614659467159685, 4.421279452027624
1.971162016443992, 4.421131852273222
1.9808580873458603, 4.420984326520642
1.990554159421262, 4.420836874785739
2.0002502326698886, 4.420689497084371
2.009946307091428, 4.420542193432407
2.0196423826855696, 4.420394963845708
2.029338459452, 4.420247808340143
2.0390345373904086, 4.420100726931586
2.048730616500483, 4.419953719635913
2.058426696781909, 4.419806786469005
2.0681227782343754, 4.4196599274467445
2.077818860857571, 4.4195131425850125
2.08751494465118, 4.419366431899703
2.0972110296148867, 4.41921979540671
2.1069071157483803, 4.41907323312193
2.116603203051343, 4.41892674506126
2.126299291523463, 4.4187803312406055
2.1359953811644234, 4.418633991675872
2.1456914719739113, 4.418487726382971
2.1553875639516082, 4.418341535377811
2.165083657097199, 4.418195418676317
2.1747797514103677, 4.418049376294397
2.184475846890798, 4.417903408247986
2.194171943538172, 4.417757514553007
2.2038680413521736, 4.417611695225388
2.2135641403324837, 4.417465950281065
2.223260240478785, 4.41732027973597
2.232956341790762, 4.417174683606048
2.2426524442680926, 4.4170291619072435
2.2523485479104615, 4.416883714655505
2.262044652717545, 4.416738341866777
2.271740758689026, 4.4165930435570155
2.281436865824585, 4.416447819742181
2.2911329741239035, 4.4163026704382276
2.300829083586659, 4.416157595661127
2.3105251942125316, 4.416012595426841
2.320221306001199, 4.415867669751344
2.3299174189523404, 4.415722818650609
2.339613533065637, 4.415578042140611
2.3493096483407627, 4.415433340237335
2.359005764777399, 4.415288712956762
2.3687018823752193, 4.415144160314882
2.3783980011339056, 4.414999682327683
2.3880941210531312, 4.414855279011162
2.397790242132573, 4.414710950381319
2.4074863643719073, 4.414566696454154
2.417182487770811, 4.414422517245668
2.426878612328959, 4.414278412771873
2.4365747380460276, 4.414134383048782
2.4462708649216904, 4.413990428092404
2.45596699295562, 4.413846547918763
2.4656631221474945, 4.413702742543875
2.475359252496987, 4.413559011983772
2.48505538400377, 4.413415356254482
2.494751516667517, 4.413271775372032
2.5044476504879016, 4.41312826935246
2.5141437854645963, 4.412984838211803
2.5238399215972733, 4.412841481966103
2.533536058885607, 4.412698200631408
2.5432321973292646, 4.4125549942237665
2.5529283369279194, 4.41241186275923
2.5626244776812435, 4.412268806253857
2.5723206195889077, 4.412125824723697
2.582016762650582, 4.411982918184826
2.5917129068659372, 4.411840086653303
2.601409052234643, 4.411697330145197
2.611105198756369, 4.41155464867658
2.620801346430783, 4.411412042263536
2.630497495257555, 4.411269510922133
2.6401936452363524, 4.411127054668461
2.6498897963668466, 4.410984673518608
2.6595859486487026, 4.41084236748866
2.6692821020815893, 4.410700136594711
2.6789782566651743, 4.410557980852861
2.6886744123991226, 4.410415900279204
2.698370569283104, 4.410273894889848
2.7080667273167807, 4.410131964700897
2.7177628864998225, 4.409990109728463
2.727459046831894, 4.409848329988662
2.737155208312659, 4.409706625497614
2.7468513709417848, 4.409564996271432
2.7565475347189348, 4.409423442326243
2.766243699643774, 4.409281963678175
2.7759398657159644, 4.4091405603433556
2.7856360329351744, 4.408999232337923
2.7953322013010626, 4.408857979678014
2.8050283708132966, 4.408716802379771
2.814724541471534, 4.408575700459337
2.8244207132754404, 4.40843467393286
2.834116886224678, 4.408293722816489
2.8438130603189093, 4.4081528471263836
2.853509235557795, 4.408012046878702
2.8632054119409944, 4.407871322089599
2.8729015894681713, 4.407730672775251
2.8825977681389863, 4.407590098951819
2.892293947953097, 4.407449600635476
2.9019901289101644, 4.4073091778424
2.911686311009848, 4.407168830588767
2.921382494251807, 4.407028558890759
2.9310786786357026, 4.406888362764571
2.9407748641611917, 4.406748242226377
2.9504710508279315, 4.406608197292381
2.96016723863558, 4.40646822797877
2.9698634275837965, 4.406328334301757
2.9795596176722383, 4.406188516277535
2.9892558089005616, 4.4060487739223095
2.9989520012684228, 4.405909107252295
3.008648194775478, 4.4057695162837005
3.018344389421385, 4.405630001032747
3.028040585205797, 4.405490561515652
3.037736782128371, 4.4053511977486375
3.0474329801887614, 4.405211909747935
3.0571291793866235, 4.405072697529771
3.0668253797216103, 4.404933561110383
3.076521581193377, 4.404794500506007
3.0862177838015774, 4.404655515732887
3.095913987545863, 4.4045166068072605
3.105610192425888, 4.404377773745383
3.1153063984413083, 4.4042390165634995
3.125002605591773, 4.4041003352778665
3.134698813876936, 4.403961729904743
3.1443950232964473, 4.403823200460388
3.1540912338499587, 4.403684746961071
3.163787445537121, 4.403546369423055
3.1734836583575854, 4.403408067862615
3.1831798723110025, 4.4032698422960275
3.1928760873970217, 4.403131692739572
3.2025723036152938, 4.402993619209524
3.2122685209654676, 4.4028556217221775
3.221964739447193, 4.402717700293818
3.231660959060118, 4.402579854940737
3.2413571798038916, 4.402442085679235
3.2510534016781616, 4.402304392525605
3.2607496246825756, 4.402166775496154
3.27044584881678, 4.4020292346071885
3.280142074080424, 4.401891769875019
3.289838300473154, 4.401754381315957
3.2995345279946156, 4.401617068946318
3.3092307566444563, 4.401479832782425
3.3189269864223205, 4.4013426728406
3.3286232173278534, 4.40120558913717
3.3383194493607027, 4.401068581688474
3.348015682520511, 4.400931650510835
3.357711916806923, 4.400794795620599
3.367408152219583, 4.4006580170341
3.377104388758137, 4.400521314767685
3.386800626422225, 4.400384688837706
3.396496865211491, 4.400248139260507
3.40619310512558, 4.4001116660524495
3.4158893461641324, 4.399975269229895
3.4255855883267903, 4.3998389488091965
3.435281831613196, 4.399702704806722
3.4449780760229913, 4.3995665372388455
3.454674321555818, 4.399430446121935
3.464370568211317, 4.39929443147236
3.4740668159891266, 4.399158493306513
3.4837630648888886, 4.39902263164077
3.4934593149102438, 4.3988868464915205
3.5031555660528304, 4.3987511378751485
3.5128518183162862, 4.398615505808047
3.5225480717002524, 4.398479950306624
3.5322443262043666, 4.398344471387267
3.5419405818282663, 4.398209069066382
3.5516368385715906, 4.398073743360383
3.5613330964339767, 4.3979384942856745
3.57102935541506, 4.397803321858674
3.580725615514478, 4.397668226095796
3.5904218767318685, 4.397533207013462
3.6001181390668666, 4.397398264628099
3.6098144025191075, 4.397263398956132
3.6195106670882287, 4.397128610013994
3.629206932773866, 4.396993897818124
3.638903199575651, 4.396859262384955
3.6485994674932183, 4.396724703730928
3.658295736526205, 4.396590221872495
3.667992006674241, 4.3964558168261005
3.6776882779369626, 4.3963214886082005
3.6873845503140013, 4.396187237235249
3.697080823804991, 4.396053062723701
3.706777098409565, 4.395918965090026
3.7164733741273532, 4.395784944350687
3.7261696509579885, 4.395651000522156
3.7358659289011005, 4.395517133620899
3.7455622079563247, 4.395383343663405
3.7552584881232884, 4.3952496306661475
3.7649547694016214, 4.395115994645611
3.7746510517909555, 4.394982435618284
3.78434733529092, 4.394848953600657
3.7940436199011427, 4.394715548609219
3.8037399056212537, 4.394582220660478
3.8134361924508826, 4.394448969770931
3.8231324803896585, 4.394315795957081
3.8328287694372056, 4.394182699235442
3.842525059593154, 4.394049679622522
3.8522213508571332, 4.393916737134836
3.8619176432287676, 4.393783871788902
3.8716139367076847, 4.393651083601243
3.88131023129351, 4.393518372588389
3.8910065269858687, 4.393385738766864
3.900702823784387, 4.393253182153206
3.910399121688692, 4.393120702763949
3.920095420698406, 4.392988300615631
3.9297917208131565, 4.3928559757248
3.9394880220325623, 4.392723728108
3.9491843243562545, 4.392591557781781
3.9588806277838504, 4.3924594647626956
3.9685769323149764, 4.392327449067309
3.978273237949257, 4.392195510712177
3.9879695446863135, 4.392063649713865
3.9976658525257656, 4.391931866088942
4.007362161467235, 4.391800159853975
4.017058471510348, 4.391668531025542
4.026754782654724, 4.391536979620222
4.036451094899977, 4.391405505654604
4.046147408245735, 4.391274109145265
4.055843722691615, 4.391142790108794
4.065540038237242, 4.391011548561788
4.075236354882226, 4.390880384520844
4.084932672626194, 4.390749298002559
4.094628991468762, 4.390618289023534
4.104325311409549, 4.390487357600378
4.11402163244817, 4.390356503749705
4.123717954584247, 4.390225727488123
4.133414277817398, 4.3900950288322536
4.1431106021472335, 4.389964407798717
4.152806927573376, 4.389833864404139
4.1625032540954425, 4.389703398665142
4.172199581713045, 4.38957301059836
4.181895910425799, 4.389442700220432
4.19159224023332, 4.389312467547994
4.201288571135226, 4.38918231259769
4.210984903131127, 4.38905223538616
4.220681236220642, 4.3889222359300595
4.230377570403385, 4.388792314246041
4.240073905678965, 4.388662470350757
4.249770242046998, 4.38853270426087
4.259466579507096, 4.388403015993041
4.269162918058871, 4.388273405563939
4.278859257701937, 4.388143872990231
4.2885555984359005, 4.388014418288595
4.29825194026038, 4.387885041475708
4.307948283174983, 4.387755742568249
4.317644627179318, 4.387626521582905
4.327340972273006, 4.387497378536366
4.337037318455647, 4.387368313445316
4.3467336657268545, 4.387239326326456
4.356430014086234, 4.387110417196483
4.366126363533395, 4.3869815860721
4.375822714067947, 4.38685283297001
4.385519065689503, 4.386724157906929
4.395215418397662, 4.386595560899567
4.404911772192036, 4.386467041964638
4.414608127072233, 4.386338601118863
4.4243044830378615, 4.386210238378964
4.434000840088526, 4.386081953761671
4.4436971982238305, 4.385953747283717
4.453393557443382, 4.385825618961831
4.463089917746789, 4.385697568812751
4.472786279133655, 4.385569596853223
4.482482641603582, 4.385441703099988
4.4921790051561805, 4.3853138875697955
4.501875369791049, 4.385186150279399
4.5115717355077924, 4.385058491245551
4.521268102306015, 4.384930910485015
4.5309644701853165, 4.384803408014545
4.540660839145303, 4.384675983850917
4.5503572091855755, 4.3845486380109
4.56005358030574, 4.38442137051126
4.5697499525053935, 4.384294181368781
4.579446325784137, 4.384167070600238
4.589142700141574, 4.384040038222417
4.598839075577302, 4.383913084252104
4.608535452090919, 4.383786208706096
4.618231829682033, 4.3836594116011875
4.627928208350235, 4.383532692954171
4.63762458809513, 4.383406052781849
4.647320968916314, 4.383279491101033
4.657017350813384, 4.383153007928526
4.666713733785942, 4.383026603281141
4.676410117833585, 4.382900277175695
4.686106502955906, 4.38277402962901
4.695802889152504, 4.382647860657908
4.705499276422976, 4.382521770279214
4.715195664766919, 4.3823957585097615
4.724892054183927, 4.3822698253663805
4.734588444673599, 4.382143970865908
4.744284836235527, 4.382018195025192
4.753981228869303, 4.38189249786107
4.763677622574527, 4.381766879390397
4.773374017350793, 4.381641339630019
4.783070413197689, 4.381515878596796
4.7927668101148155, 4.381390496307582
4.802463208101759, 4.381265192779243
4.812159607158116, 4.381139968028644
4.82185600728348, 4.381014822072655
4.83155240847744, 4.380889754928151
4.841248810739586, 4.380764766612006
4.850945214069512, 4.380639857141102
4.860641618466808, 4.380515026532323
4.870338023931064, 4.380390274802556
4.880034430461869, 4.380265601968692
4.889730838058814, 4.380141008047627
4.8994272467214905, 4.380016493056261
4.909123656449484, 4.379892057011493
4.918820067242389, 4.3797676999302295
4.928516479099788, 4.379643421829383
4.938212892021269, 4.3795192227258575
4.94790930600642, 4.379395102636575
4.957605721054831, 4.379271061578462
4.967302137166085, 4.379147099568432
4.97699855433977, 4.379023216623418
4.986694972575474, 4.378899412760345
4.996391391872783, 4.378775687996152
5.00608781223128, 4.3786520423477775
5.015784233650549, 4.378528475832156
5.025480656130177, 4.378404988466239
5.035177079669747, 4.378281580266973
5.0448735042688435, 4.378158251251313
5.054569929927048, 4.3780350014362135
5.064266356643951, 4.377911830838633
5.073962784419129, 4.3777887394755375
5.083659213252164, 4.3776657273638895
5.09335564314264, 4.377542794520658
5.103052074090136, 4.377419940962821
5.112748506094235, 4.377297166707362
5.122444939154519, 4.3771744717712515
5.132141373270572, 4.377051856171477
5.141837808441967, 4.376929319925026
5.151534244668288, 4.376806863048892
5.161230681949112, 4.37668448556007
5.170927120284021, 4.376562187475566
5.180623559672591, 4.376439968812373
5.190320000114404, 4.376317829587498
5.200016441609039, 4.3761957698179605
5.209712884156067, 4.376073789520765
5.219409327755071, 4.3759518887129305
5.2291057724056245, 4.375830067411479
5.238802218107308, 4.375708325633433
5.248498664859696, 4.375586663395824
5.258195112662361, 4.375465080715678
5.267891561514882, 4.375343577610036
5.2775880114168325, 4.375222154095933
5.287284462367788, 4.375100810190412
5.296980914367323, 4.374979545910522
5.306677367415013, 4.3748583612733105
5.316373821510433, 4.37473725629583
5.32607027665315, 4.374616230995142
5.335766732842739, 4.374495285388298
5.345463190078775, 4.3743744194923755
5.355159648360826, 4.374253633324431
5.3648561076884675, 4.374132926901539
5.374552568061272, 4.374012300240776
5.3842490294788075, 4.373891753359222
5.393945491940648, 4.373771286273952
5.40364195544636, 4.373650899002061
5.4133384199955135, 4.373530591560638
5.423034885587677, 4.373410363966769
5.432731352222427, 4.3732902162375575
5.442427819899323, 4.3731701483901
5.45212428861794, 4.373050160441504
5.461820758377842, 4.372930252408871
5.471517229178596, 4.372810424309319
5.481213701019774, 4.372690676159961
5.490910173900941, 4.372571007977915
5.500606647821665, 4.372451419780304
5.510303122781508, 4.3723319115842525
5.519999598780037, 4.372212483406894
5.529696075816822, 4.372093135265358
5.539392553891425, 4.371973867176777
5.549089033003408, 4.371854679158299
5.558785513152334, 4.371735571227064
5.568481994337773, 4.371616543400225
5.578178476559288, 4.371497595694928
5.587874959816438, 4.371378728128325
5.597571444108788, 4.371259940717586
5.607267929435903, 4.371141233479863
5.61696441579734, 4.3710226064323265
5.626660903192667, 4.370904059592141
5.636357391621439, 4.370785592976484
5.646053881083218, 4.370667206602534
5.655750371577565, 4.37054890048747
5.665446863104043, 4.370430674648475
5.67514335566221, 4.370312529102736
5.684839849251625, 4.3701944638674455
5.694536343871844, 4.370076478959798
5.70423283952243, 4.369958574396995
5.713929336202945, 4.3698407501962375
5.723625833912938, 4.369723006374732
5.733322332651972, 4.3696053429496855
5.743018832419601, 4.3694877599383135
5.752715333215381, 4.369370257357831
5.762411835038872, 4.369252835225459
5.772108337889629, 4.369135493558423
5.781804841767207, 4.369018232373952
5.791501346671162, 4.368901051689281
5.801197852601048, 4.368783951521638
5.810894359556422, 4.368666931888263
5.820590867536839, 4.368549992806402
5.830287376541847, 4.368433134293298
5.839983886571, 4.368316356366206
5.849680397623859, 4.36819965904237
5.859376909699969, 4.3680830423390535
5.8690734227988814, 4.367966506273521
5.878769936920148, 4.367850050863034
5.888466452063324, 4.367733676124856
5.89816296822796, 4.367617382076266
5.90785948541361, 4.367501168734536
5.917556003619817, 4.367385036116946
5.927252522846131, 4.367268984240779
5.936949043092109, 4.367153013123319
5.946645564357293, 4.367037122781863
5.956342086641235, 4.366921313233697
5.966038609943484, 4.3668055844961255
5.975735134263585, 4.36668993658644
5.985431659601087, 4.3665743695219605
5.995128185955541, 4.366458883319981
6.004824713326487, 4.366343477997821
6.014521241713475, 4.366228153572797
6.024217771116054, 4.366112910062223
6.0339143015337635, 4.365997747483426
6.043610832966152, 4.365882665853734
6.053307365412763, 4.365767665190474
6.063003898873144, 4.365652745510988
6.072700433346837, 4.365537906832605
6.082396968833386, 4.365423149172672
6.092093505332335, 4.365308472548535
6.101790042843227, 4.365193876977538
6.1114865813656065, 4.365079362477038
6.12118312089901, 4.364964929064391
6.130879661442986, 4.364850576756957
6.14057620299707, 4.364736305572097
6.150272745560808, 4.36462211552718
6.159969289133734, 4.364508006639576
6.169665833715392, 4.364393978926665
6.179362379305325, 4.36428003240582
6.189058925903071, 4.364166167094425
6.198755473508165, 4.3640523830098665
6.20845202212015, 4.363938680169538
6.218148571738563, 4.363825058590825
6.227845122362945, 4.36371151829113
6.23754167399283, 4.363598059287848
6.247238226627754, 4.3634846815983925
6.256934780267256, 4.363371385240168
6.266631334910869, 4.363258170230581
6.276327890558133, 4.363145036587053
6.286024447208582, 4.363031984326996
6.295721004861751, 4.362919013467839
6.305417563517177, 4.362806124027011
6.31511412317439, 4.362693316021937
6.324810683832929, 4.362580589470052
6.334507245492328, 4.362467944388791
6.344203808152115, 4.362355380795597
6.353900371811827, 4.362242898707917
6.3635969364709934, 4.362130498143205
6.373293502129147, 4.3620181791189045
6.38299006878582, 4.361905941652471
6.3926866364405415, 4.361793785761372
6.402383205092848, 4.361681711463069
6.412079774742266, 4.361569718775023
6.421776345388327, 4.3614578077147135
6.431472917030564, 4.36134597829961
6.441169489668501, 4.361234230547195
6.450866063301669, 4.361122564474948
6.460562637929594, 4.3610109801003505
6.470259213551807, 4.3608994774408965
6.479955790167835, 4.360788056514078
6.489652367777205, 4.360676717337397
6.499348946379443, 4.360565459928347
6.509045525974074, 4.360454284304438
6.51874210656063, 4.3603431904831735
6.5284386881386345, 4.360232178482069
6.5381352707076115, 4.360121248318638
6.547831854267088, 4.360010400010398
6.557528438816586, 4.3598996335748765
6.567225024355634, 4.3597889490296
6.576921610883748, 4.359678346392096
6.5866181984004575, 4.359567825679901
6.596314786905284, 4.359457386910551
6.606011376397749, 4.359347030101587
6.615707966877379, 4.359236755270552
6.625404558343689, 4.359126562435001
6.635101150796206, 4.3590164516124865
6.644797744234447, 4.358906422820564
6.65449433865794, 4.358796476076788
6.664190934066195, 4.358686611398728
6.673887530458737, 4.358576828803949
6.6835841278350845, 4.3584671283100285
6.693280726194761, 4.3583575099345335
6.702977325537277, 4.3582479736950495
6.712673925862158, 4.358138519609155
6.722370527168919, 4.358029147694437
6.732067129457074, 4.357919857968488
6.741763732726142, 4.357810650448898
6.751460336975641, 4.357701525153263
6.76115694220509, 4.357592482099191
6.770853548414, 4.357483521304283
6.780550155601888, 4.357374642786146
6.790246763768271, 4.357265846562401
6.799943372912659, 4.357157132650655
6.809639983034569, 4.357048501068532
6.819336594133517, 4.356939951833654
6.829033206209016, 4.356831484963652
6.838729819260575, 4.356723100476152
6.848426433287708, 4.35661479838879
6.858123048289927, 4.356506578719207
6.867819664266746, 4.356398441485044
6.877516281217674, 4.3562903867039475
6.887212899142226, 4.356182414393569
6.89690951803991, 4.356074524571557
6.916302758752711, 4.355858992463278
6.925999380566848, 4.355751350212336
6.9356960033521515, 4.355643790520417
6.945392627108136, 4.355536313405193
6.95508925183431, 4.3554289188843365
6.9647858775301765, 4.355321606975535
6.974482504195245, 4.355214377696466
6.984179131829023, 4.355107231064816
6.993875760431015, 4.355000167098285
7.003572390000732, 4.354893185814555
7.013269020537675, 4.35478628723134
7.022965652041347, 4.354679471366329
7.03266228451126, 4.354572738237235
7.0423589179469115, 4.354466087861762
7.052055552347812, 4.35435952025763
7.061752187713458, 4.354253035442558
7.071448824043359, 4.354146633434258
7.081145461337017, 4.354040314250462
7.090842099593932, 4.353934077908895
7.100538738813605, 4.353827924427298
7.110235378995544, 4.3537218538234
7.119932020139246, 4.353615866114936
7.129628662244211, 4.353509961319659
7.13932530530994, 4.353404139455317
7.1490219493359355, 4.353298400539655
7.158718594321695, 4.353192744590432
7.168415240266717, 4.3530871716254005
7.1781118871705, 4.352981681662336
7.187808535032545, 4.3528762747189935
7.197505183852345, 4.352770950813149
7.207201833629407, 4.352665709962575
7.21689848436322, 4.3525605521850474
7.226595136053281, 4.35245547749835
7.236291788699086, 4.3523504859202635
7.245988442300133, 4.352245577468582
7.2556850968559194, 4.3521407521611
7.275078408829685, 4.351931351049909
7.284775066246656, 4.3518267752818085
7.294471724616338, 4.351722282729112
7.304168383938232, 4.351617873409637
7.313865044211829, 4.351513547341192
7.323561705436616, 4.3514093045415985
7.333258367612093, 4.3513051450286815
7.3429550307377465, 4.3512010688202665
7.3526516948130745, 4.351097075934185
7.362348359837561, 4.350993166388269
7.372045025810696, 4.350889340200358
7.381741692731977, 4.350785597388298
7.391438360600888, 4.350681937969928
7.401135029416918, 4.350578361963103
7.4108316991795595, 4.350474869385673
7.420528369888298, 4.350371460255498
7.430225041542622, 4.350268134590432
7.439921714142018, 4.350164892408346
7.449618387685978, 4.35006173372711
7.459315062173987, 4.349958658564595
7.469011737605525, 4.349855666938676
7.478708413980087, 4.34975275886723
7.48840509129715, 4.349649934368145
7.498101769556205, 4.349547193459305
7.507798448756735, 4.349444536158602
7.517495128898227, 4.349341962483937
7.5271918099801605, 4.349239472453201
7.536888492002024, 4.349137066084307
7.546585174963297, 4.349034743395152
7.556281858863459, 4.348932504403643
7.565978543701998, 4.348830349127706
7.575675229478394, 4.348728277585252
7.585371916192128, 4.348626289794206
7.595068603842685, 4.348524385772486
7.604765292429539, 4.348422565538028
7.614461981952173, 4.348320829108764
7.624158672410066, 4.348219176502631
7.633855363802696, 4.348117607737569
7.643552056129543, 4.348016122831524
7.653248749390087, 4.347914721802442
7.6629454435838085, 4.347813404668278
7.672687434702991, 4.347905834512503
7.682483557857659, 4.3482421670812315
7.692306194894296, 4.34857220072644
7.702136552451437, 4.348847803021444
7.711972252287688, 4.349059235361842
7.721811636185433, 4.349201265001743
7.731653182346667, 4.349269627156435
7.741495569522586, 4.34926062666226
7.751337607580113, 4.349171051204911
7.76118258889027, 4.348984720024801
7.771031377350853, 4.348650591215269
7.78088945745188, 4.348206154016067
7.790744738159854, 4.347667946173082
7.800593876485336, 4.347041178971186
7.81043400420276, 4.346319994758323
7.820265377552297, 4.345505081072575
7.830085682964009, 4.344596012102695
7.839893295676591, 4.343590050732693
7.849692529580526, 4.342492565429594
7.859483445164951, 4.341305080464927
7.869257602075836, 4.3400182845032615
7.879015957353107, 4.338634126911866
7.888761653348028, 4.3371569755429915
7.898491187349715, 4.335583940819789
7.908202256836721, 4.333914840085772
7.91789741576465, 4.332152451242321
7.927574284514897, 4.330294100392464
7.937231183661082, 4.328340078172759
7.946865624938026, 4.326288861715849
7.956480903716048, 4.324144670250451
7.966068851046957, 4.321901684117048
7.975641798682922, 4.319569766307768
7.985184346270215, 4.317138749773061
7.994708005296795, 4.314619063860319
8.004199408459982, 4.311999160938217
8.013667040626215, 4.30928777936002
8.023106652634887, 4.306482028230002
8.032516966362786, 4.303582243509466
8.041895687818617, 4.300588711770439
8.051245759006866, 4.2975038434232005
8.060564508507936, 4.2943256415871325
8.06985051928505, 4.291054456700522
8.079102291501833, 4.28769066509128
8.088316277049119, 4.28423343921321
8.097491604792355, 4.280679082299618
8.106636032685483, 4.27703889520622
8.115742689468263, 4.273306943425929
8.124812450354254, 4.269484432153712
8.133834102243615, 4.2655671106526825
8.142827985455733, 4.2615656518402405
8.151765546883441, 4.257464004381536
8.160665776927425, 4.253276044889458
8.169527817578535, 4.249000647608087
8.178340821199587, 4.244634294672521
8.18710854340922, 4.240179047893759
8.195822456148454, 4.235628949318899
8.204498326379134, 4.230995450609629
8.21312033829551, 4.226271645275548
8.22161642184568, 4.221520121500191
8.230284759556104, 4.21649705926179
8.238912986958915, 4.2113189348078945
8.247488287817315, 4.2060792484075025
8.255905259354773, 4.200841880213627
8.264297489598503, 4.19550017559323
8.272642548545752, 4.1900820122505005
8.280930988984386, 4.184574733339983
8.289156679333512, 4.1789884217416375
8.297341906319264, 4.173320769191553
8.30545688652414, 4.1675720894789485
8.313517466330262, 4.161737990294868
8.321525490552952, 4.155831027237822
8.329471518036428, 4.149837686647748
8.337349743058567, 4.143768567994174
8.34518247685284, 4.137619939901516
8.352939848261983, 4.131394159187161
8.360637677330711, 4.125085825265971
8.368278294205052, 4.118707546336427
8.375851695635948, 4.112246305288788
8.383352538162514, 4.105713166267703
8.390803022965201, 4.099102946158591
8.39817328235285, 4.092419933746141
8.40547896679704, 4.085657663159922
8.412722932812258, 4.078828729213456
8.419894596785149, 4.0719206576512414
8.426989151904571, 4.0649449187041515
8.43402856186305, 4.057894899529132
8.44098313841559, 4.050776811202449
8.44786826057226, 4.04358316239464
8.454687364136948, 4.036326472474417
8.461429263168004, 4.028994873818515
8.468089763394607, 4.021600176626776
8.474690470920915, 4.01413438392324
8.481202041310732, 4.006605592365045
8.487639475373308, 3.9990053361589646
8.49400684114822, 3.9913459885149543
8.500292343525262, 3.9836163682575823
8.506492469692482, 3.975828554435836
8.512628352961762, 3.967973223478308
8.518671154164528, 3.9600603018285354
8.524635392363805, 3.9520804082678276
8.530525809986475, 3.9440456851383296
8.536330002972724, 3.935945716562677
8.542045198537256, 3.927792771839396
8.547691952719408, 3.9195762745321336
8.553242084593327, 3.911307913242064
8.558709543045703, 3.9029774646728232
8.56409978273515, 3.894596751784916
8.569399800885414, 3.886156202778999
8.574607603201713, 3.877668181703303
8.579743056719943, 3.869120918722147
8.584778773194394, 3.8605277703300778
8.58972804460527, 3.851877744088264
8.594597063357972, 3.843182248298979
8.599372252964095, 3.8344326349926443
8.604052439110605, 3.825641293317154
8.608656727788624, 3.8167953558998695
8.613158656210661, 3.8079097484189735
8.617570798740648, 3.7989728071573086
8.621900101755143, 3.7899954425537974
8.626132451166143, 3.7809700024925927
8.630267500323928, 3.7719088022927036
8.63432351194163, 3.762797953180089
8.638275055676415, 3.753653840923088
8.642133908846986, 3.74446421178768
8.645907756050196, 3.7352393807560755
8.649581977485846, 3.725972743357918
8.653157052893274, 3.716676458408452
8.656650336695687, 3.707335709938759
8.660037526756158, 3.697968233133772
8.663329553518082, 3.688561262643795
8.666534823596201, 3.6791244193893
8.669638271426617, 3.6696522090490755
8.672641191943033, 3.6601565494605413
8.675559976248865, 3.6506217717996274
8.678371525630148, 3.641066848655243
8.681079147488106, 3.631478701048159
8.683688186549146, 3.621872463356227
8.686191148848772, 3.6122335166588653
8.688606631519953, 3.6025785993879635
8.690911331639802, 3.592893319490336
8.693135000393234, 3.583191482664219
8.695251578762662, 3.5734593953004063
8.697263875568524, 3.563715399807159
8.699194509760018, 3.5539460958104625
8.701004563649446, 3.544165135166499
8.702728206184913, 3.5343599142674345
8.704353147969373, 3.524544503282125
8.705871590959307, 3.51470854232341
8.70729592403103, 3.5048647092426455
8.708634635468895, 3.4949975890865055
8.709856008096578, 3.485125791402622
8.710980760523071, 3.4752387647469782
8.712010242472182, 3.4653479696887812
8.71294696090312, 3.4554388779196112
8.713769627961748, 3.4455300805343065
8.714498626900832, 3.435606904827441
8.715134782419302, 3.425685840133327
8.715674743548202, 3.415746368059716
8.716097580818445, 3.405817118275821
8.716431074985021, 3.3958761108137607
8.716677348046185, 3.38593513274925
8.716817681877124, 3.375984627852085
8.71685139143041, 3.3660449735551716
8.716792061037836, 3.3560999522867117
8.716638109359435, 3.346161958587187
8.716379171841162, 3.3362392929448106
8.716005493480317, 3.3261812969520386
8.715543002043704, 3.316155427089318
8.714975284832507, 3.306138642319084
8.714307149902, 3.2961280333541656
8.713549868798687, 3.2861157709355067
8.71268707251047, 3.276115922165513
8.711381578912215, 3.2662911704589757
8.709706489611415, 3.256503175610795
8.708103342328432, 3.24668285972705
8.706517706038664, 3.2368578911717636
8.704930285916825, 3.227032963259081
8.703338998244389, 3.217209881015379
8.701744194915406, 3.207388674930305
8.700146473670358, 3.1975689410006796
8.698546423589788, 3.187750445712035
8.696944547333866, 3.177932988316566
8.695341264130926, 3.1681163926926583
8.693736921662143, 3.1583005061411074
8.692131807669236, 3.148485197668909
8.690526160048206, 3.1386703558038604
8.688920175380465, 3.1288558862617397
8.687314016064747, 3.1190417096683407
8.68570781624605, 3.1092277594444444
8.68410168672886, 3.0994139799030873
8.682495719041043, 3.089600324573575
8.680889988791552, 3.0797867547469973
8.679284558443193, 3.0699732382274725
8.67767947960172, 3.0601597482686373
8.67607479490547, 3.0503462626733975
8.674470539585375, 3.0405327630354617
8.672866742752953, 3.0307192341027194
8.671263428463796, 3.0209056632443967
8.669660616595936, 3.011092040006138
8.668058323575254, 3.0012783557391844
8.666456562974794, 2.991464603291778
8.664855346009862, 2.9816507767526614
8.66325468194708, 2.9718368712380694
8.66165457844242, 2.9620228827150177
8.660055041820566, 2.9522088078547704
8.658456077305761, 2.9423946439113955
8.656857689212602, 2.93258038862119
8.655259881103769, 2.9227660401193747
8.653662655920337, 2.91295159687115
8.652066016089552, 2.903137057614632
8.650469963613881, 2.8933224213136373
8.648874500144647, 2.883507687118622
8.647279627042868, 2.873692854334366
8.645685345429591, 2.863877922393255
8.644091656227452, 2.854062890833177
8.6424985601951, 2.8442477592792463
8.640906057955567, 2.8344325274286946
8.639314150019816, 2.8246171950383663
8.63772283680612, 2.8148017619143957
8.636132118656146, 2.8049862279036635
8.634541995848227, 2.7951705928867288
8.632952468608341, 2.7853548567719986
8.63136353711917, 2.775539019490893
8.629775201527616, 2.7657230809938613
8.628187461950985, 2.755907041247081
8.626600318482128, 2.7460909002297282
8.625013771193668, 2.7362746579317268
8.623427820141524, 2.7264583143518837
8.621842465367783, 2.7166418694963457
8.6202577069031, 2.706825323377331
8.618673544768708, 2.697008676012067
8.617089978977997, 2.687191927421934
8.615507009537918, 2.6773750776317327
8.613924636450076, 2.6675581266690975
8.612342859711672, 2.6577410745639973
8.610761679316237, 2.647923921348341
8.609181095254314, 2.6381066670556303
8.60760110751392, 2.628289311720683
8.606021716081035, 2.618471855379416
8.604442920939906, 2.608654298068635
8.602864722073392, 2.5988366398258953
8.601287119463176, 2.5890188806893613
8.599710113089976, 2.579201020697709
8.59813370293372, 2.5693830598900287
8.596557888973662, 2.5595649983057527
8.594982671188522, 2.5497468359846005
8.593408049556551, 2.539928572966521
8.591834024055652, 2.53011020929166
8.590260594663402, 2.5202917450003213
8.588687761357116, 2.5104731801329327
8.587115524113909, 2.5006545147300328
8.585543882910713, 2.490835748832246
8.58397283772432, 2.4810168824802687
8.582402388531404, 2.471197915714853
8.58083253530853, 2.461378848576801
8.579263278032181, 2.451559681106951
8.577694616678764, 2.44174041334617
8.576126551224634, 2.431921045335352
8.57455908164612, 2.4221015771154084
8.572992207919478, 2.4122820087272676
8.571425930020954, 2.4024623402118648
8.569860247926748, 2.392642571610149
8.568295161613042, 2.382822702963074
8.566730671056014, 2.373002734311597
8.565166776231793, 2.363182665696678
8.563603477116526, 2.3533624971592793
8.562040773686332, 2.3435422287403607
8.560478665917318, 2.3337218604808823
8.55891715378559, 2.323901392421805
8.557356237267236, 2.314080824604085
8.555795916338354, 2.3042601570686774
8.554236190975017, 2.294439389856532
8.552677061153304, 2.284618523008598
8.551118526849281, 2.27479755656582
8.549560588039014, 2.2649764905691354
8.548003244698572, 2.2551553250594836
8.546446496804018, 2.245334060077792
8.544890344331392, 2.2355126956649913
8.543334787256754, 2.2256912318620032
8.541779825556166, 2.2158696687097432
8.54022545920566, 2.2060480062491266
8.538671688181289, 2.196226244521059
8.53711851245908, 2.1864043835664466
8.535565932015084, 2.176582423426187
8.534013946825336, 2.166760364141172
8.53246255686587, 2.1569382057522906
8.530911762112712, 2.1471159483004247
8.5293615625419, 2.1372935918264555
8.52781195812946, 2.127471136371255
8.526262948851418, 2.117648581975691
8.524714534683785, 2.1078259286806245
8.523166715602589, 2.0980031765269147
8.521619491583849, 2.088180325555416
8.520072862603584, 2.078357375806973
8.518526828637796, 2.0685343273224324
8.516981389662512, 2.0587111801426294
8.515436545653728, 2.048887934308395
8.51389229658746, 2.039064589860558
8.51234864243971, 2.0292411468399396
8.510805583186485, 2.019417605287357
8.50926311880378, 2.0095939652436217
8.507721249267595, 1.9997702267495403
8.506179974553932, 1.989946389845916
8.504639294638778, 1.9801224545735423
8.503099209498133, 1.970298420973212
8.501559719107982, 1.9604742890857105
8.50002082344432, 1.9506500589518183
8.498482522483128, 1.9408257306123116
8.496944816200388, 1.931001304107962
8.495407704572091, 1.9211767794795338
8.493871187574205, 1.911352156767788
8.492335265182716, 1.9015274360134795
8.490799937373595, 1.8917026172573586
8.489265204122821, 1.8818777005401688
8.487731065406368, 1.8720526859026516
8.486197521200197, 1.8622275733855405
8.484664571480279, 1.8524023630295652
8.483132216222579, 1.842577054875451
8.481600455403068, 1.8327516489639162
8.48006928899769, 1.822926145335674
8.478538716982424, 1.8131005440314345
8.477008739333213, 1.8032748450919014
8.475479356026023, 1.7934490485577719
8.473950567036798, 1.7836231544697407
8.472422372341498, 1.7737971628684965
8.470894771916058, 1.7639710737947212
8.469367765736429, 1.7541448872890941
8.467841353778567, 1.744318603392287
8.466315536018406, 1.7344922221449686
8.464172586827459, 1.7246882757408317
8.461833906358368, 1.7149899996149924
8.459714037392681, 1.7053382848105545
8.457930488927651, 1.6956019513948553
8.456579778480974, 1.6857579827216271
8.455333503418217, 1.6758942213856436
8.454108184678397, 1.6660276489565446
8.452888951952522, 1.6561589477514318
8.451672842124944, 1.6462884275267677
8.450458969307686, 1.6364164100271765
8.449246855242357, 1.626543172456066
8.448036142414624, 1.616668942873135
8.44682653873407, 1.606793907355231
8.445009079211435, 1.5969223051542842
8.442947313295752, 1.5871599108624892
8.44112063991659, 1.57745984645852
8.439645694164609, 1.5676819900985388
8.43859977221523, 1.557807226502068
8.437656100241217, 1.5479131256743268
8.436733811002133, 1.5380156790509154
8.435818572013446, 1.5281160309956217
8.434292172401141, 1.5181912827228559
8.432565186024119, 1.5083663655919606
8.431055147456892, 1.4986032915566827
8.429887756348528, 1.488779819890009
8.429160705994363, 1.478876591790182
8.428540431352163, 1.4689550472547088
8.427942188587341, 1.4590294664177297
8.427350949043275, 1.4491010704917453
8.426763612585923, 1.4391704049013252
8.426179165470403, 1.4292379016234895
8.425597018213715, 1.4193039088258372
8.425016718620688, 1.4093687071145269
8.424437894785285, 1.3994325230721656
8.423860237113816, 1.389495540111498
8.423283487759175, 1.3795579070767507
8.4227074322581, 1.3696197450516308
8.422131892468318, 1.3596811527572927
8.42155672057419, 1.3497422108449166
8.420981794023739, 1.339802985321225
8.420407011274087, 1.329863530292253
8.419832288230284, 1.3199238901692172
8.419257555273388, 1.3099841014482194
8.41868275478553, 1.3000441941508447
8.418107839092407, 1.2901041929937507
8.417532768754688, 1.2801641183407666
8.416957511150667, 1.2702239869797485
8.41638203930125, 1.2602838127577471
8.415806330896446, 1.250343607101241
8.415230367489091, 1.2404033794428688
8.41465413382741, 1.2304631375719222
8.414077617302555, 1.2205228879225183
8.413500807491477, 1.2105826358107648
8.412923695778723, 1.2006423856300803
8.412346275043594, 1.190702141012168
8.411768539401383, 1.1807619049597484
8.411190483989346, 1.170821679956053
8.410612104789726, 1.1608814680551842
8.4100333984834, 1.150941270956711
8.409454362328868, 1.1410010900672598
8.408874994062174, 1.131060926551379
8.408295291814198, 1.121120781373563
8.407715254042222, 1.1111806553329653
8.407134879473393, 1.101240549092079
8.406554167057964, 1.0913004632004397
8.405973115930603, 1.0813603981142155
8.405391725378482, 1.0714203542123915
8.404809994814826, 1.0614803318101516
8.404227923757064, 1.05154033116994
8.403645511808778, 1.0416003525105968
8.403062758644781, 1.0316603960149233
8.402479663998763, 1.0217204618359172
8.401896227653095, 1.0117805501019457
8.401312449430371, 1.0018406609210107
8.400728329186471, 0.9919007943842755
8.400143866804774, 0.9819609505689864
8.399559062191374, 0.9720211295408807
8.398973915271178, 0.9620813313561817
8.39838842598463, 0.9521415560632469
8.397802594285023, 0.9422018037039314
8.397216420136246, 0.9322620743147128
8.396629903510988, 0.9223223679276246
8.396043044389193, 0.9123826845710243
8.395455842756785, 0.9024430242702308
8.394868298604669, 0.8925033870480499
8.394280411927841, 0.8825637729252113
8.393692182724681, 0.8726241819207262
8.392463104013773, 0.8626322915056946
8.391007189000906, 0.8527534272227602
8.389788495003868, 0.8429555835927532
8.38868358755648, 0.833156297465729
8.387675341054305, 0.8233491164451628
8.386762118964427, 0.8135343451419923
8.385944531636676, 0.803712571787945
8.385223413538515, 0.793884427450837
8.38459951395781, 0.7840505909552753
8.384073465452644, 0.7742117888732046
8.383645795455557, 0.7643687915451082
8.38331694220035, 0.7545224080306059
8.383332228494506, 0.7446541349367655
8.383788234256054, 0.7347552762837473
8.384353265593814, 0.724838366066163
8.384944073361105, 0.7149145529828888
8.385545490173733, 0.7049866712789455
8.386153990644313, 0.6950558381795602
8.386768158835988, 0.6851227276470497
8.3873870801948, 0.6751876145345551
8.388010019135601, 0.6652517305173792
8.388636333280585, 0.6553158391619224
8.389265531792171, 0.6453798324840647
8.389897201319249, 0.6354437421695788
8.390530997797105, 0.6255075976354069
8.391166636582398, 0.6155714204727741
8.39180389126837, 0.6056351905347098
8.392442553693524, 0.5956993838870497
8.393082459985964, 0.5857639397140714
8.393723480186345, 0.5758287928198567
8.39436550657573, 0.5658938986617172
8.395008450074661, 0.5559592205129698
8.395652237115474, 0.546024727779628
8.396296806949925, 0.5360903949993809
8.396942109408528, 0.52615620100677
8.397588103051042, 0.5162221282263751
8.398234753641846, 0.5062881620765077
8.398882032892985, 0.49635429046803614
8.39952991742767, 0.4864205033844685
8.400178387925108, 0.47648679253100257
8.400827428414855, 0.46655315104179607
8.40147702569425, 0.45661957323619246
8.402127168847478, 0.44668605441598325
8.402777848848345, 0.43675259069697464
8.403429058232183, 0.42681917886917686
8.404080790824848, 0.4168858162808321
8.40473304151876, 0.4069525007422745
8.405385806087876, 0.3970192304462657
8.406039081034821, 0.38708600390201
8.406692863464464, 0.37715281988051863
8.407347150979545, 0.3672196773693791
8.40800194159432, 0.35728657553532334
8.40865723366324, 0.3473535136932522
8.409313025821955, 0.3374204912806091
8.409969316938605, 0.32748750783617814
8.410626106073487, 0.31755456298254875
8.411283392445764, 0.30762165641160943
8.411941175405943, 0.29768878787255343
8.412599454413089, 0.2877559571619571
8.413258229016032, 0.2778231641155758
8.413917498837801, 0.26789040860155927
8.414577263562753, 0.2579576905148424
8.415237522925963, 0.2480250097725056
8.41589827670444, 0.2380923663099399
8.416559524709836, 0.22815976007767433
8.417221266782462, 0.21822719103875435
8.417883502786323, 0.2082946591665729
8.418546232604989, 0.19836216444307883
8.419209456138242, 0.18842970685729343
8.419873173299218, 0.17849728640408505
8.420537384012151, 0.1685649030831563
8.421202088210407, 0.15863255689820543
8.42186728583491, 0.1487002478562347
8.422532976832844, 0.13876797596697693
8.423199161156562, 0.12883574124242167
8.423865838762689, 0.11890354369642424
8.424533009611386, 0.10897138334438228
8.425200673665733, 0.09903926020296747
8.42586883089122, 0.0891071742899047
8.426537481255341, 0.07917512562378899
8.427206624727248, 0.06924311422393387
8.427876261277449, 0.059311140110247344
8.428546390877575, 0.04937920330312695
8.429217013500198, 0.03944730382337598
8.429888129118671, 0.029515441692131533
8.430559737706977, 0.019583616930806656
8.431231839239624, 0.009651829561041837
8.431904433691551, -0.0002799203953350042
8.432577521038075, -0.010211632916341076
8.43325110125481, -0.020143307979866416
8.4339251743176, -0.030074945563696807
8.434599740202508, -0.04000654564553176
8.435274798885768, -0.04993810820300007
8.435950350343752, -0.059869633213672946
8.436626394552937, -0.06980112065507449
8.437302931489919, -0.07973257050468978
8.437979961131354, -0.08966398273997345
8.43865748345397, -0.09959535733835362
8.439335498434557, -0.10952669427723875
8.440014006049948, -0.119457993534021
8.44069300627701, -0.12938925508607915
8.441372499092642, -0.13932047891078211
8.44205248447376, -0.1492516649854906
8.442732962397333, -0.15918281328755957
8.443413932840317, -0.16911392379433945
8.444095395779707, -0.1790449964831772
8.444777351192485, -0.18897603133141902
8.445459799055666, -0.19890702831640833
8.44614273934627, -0.20883798741548876
8.44682617204132, -0.21876890860600473
8.447510097117847, -0.22869979186530068
8.448194514552895, -0.23863063717072222
8.448879424323502, -0.24856144449961629
8.449564826406718, -0.25849221382933235
8.45025072077959, -0.2684229451372208
8.450937107419188, -0.2783536384006346
8.45162398630256, -0.28828429359692964
8.452311357406773, -0.2982149107034631
8.45299922070889, -0.3081454896975959
8.453687576185972, -0.318076030556691
8.454376423815093, -0.328006533258114
8.45506576357332, -0.3379369977792333
8.455755595437743, -0.3478674240974203
8.456445919385416, -0.35779781219004975
8.45713673539343, -0.36772816203449843
8.457828043438866, -0.37765847360814636
8.458519843498786, -0.38758874688837686
8.459212135550292, -0.397518981852576
8.459904919570462, -0.40744917847813256
8.460598195536376, -0.4173793367424392
8.46129196342514, -0.4273094566228905
8.461986223213815, -0.43723953809688515
8.462680974879516, -0.4471695811418241
8.463376218399322, -0.45709958573511145
8.464071953750334, -0.46702955185415485
8.46476818090964, -0.4769594794763647
8.465464899854341, -0.4868893685791537
8.466162110561532, -0.49681921913993937
8.466859813008314, -0.5067490311361407
8.46755800717179, -0.5166788045451799
8.46825669302906, -0.5266085393444829
8.468955870557235, -0.5365382355114793
8.469655539733413, -0.5464678930236003
8.470355700534698, -0.5563975118582808
8.471056352938206, -0.5663270919929588
8.471757496921041, -0.5762566334050754
8.472459132460324, -0.5861861360720741
8.473161259533166, -0.5961155999714032
8.473863878116674, -0.606045025080512
8.47456698818797, -0.6159744113768545
8.475270589724165, -0.6259037588378861
8.475974682702391, -0.6358330674410668
8.476679267099756, -0.64576233716386
8.477384342893385, -0.6556915679837295
8.478089910060406, -0.665620759878145
8.478795968577941, -0.6755499128245784
8.479502518423114, -0.6854790268005039
8.48020955957305, -0.6954081017833994
8.480917092004885, -0.7053371377507462
8.481625115695751, -0.7152661346800272
8.482333630622787, -0.7251950925487305
8.483042636763107, -0.735124011334346
8.483752134093857, -0.7450528910143667
8.484462122592177, -0.754981731566289
8.485172602235204, -0.7649105329676116
8.485883573000077, -0.7748392951958366
8.486595034863932, -0.7847680182284705
8.487306987803922, -0.794696702043021
8.488019431797182, -0.8046253466170001
8.488732366820862, -0.8145539519279218
8.489445792852106, -0.8244825179533044
8.490159709868063, -0.8344110446706675
8.490874117845888, -0.8443395320575355
8.491589016762733, -0.8542679800914347
8.49230440659575, -0.8641963887498955
8.493020287322093, -0.8741247580104504
8.49373665891892, -0.8840530878506353
8.494453521363383, -0.8939813782479898
8.495170874632642, -0.9039096291800557
8.495888718703862, -0.9138378406243771
8.496607053554202, -0.9237660125585037
8.497325879160831, -0.9336941449599848
8.49804519550091, -0.9436222378063764
8.498765002551613, -0.9535502910752349
8.499485300290097, -0.9634783047441207
8.500206088693538, -0.9734062787905974
8.500927367739106, -0.9833342131922311
8.501649137403975, -0.9932621079265916
8.502371397665316, -1.0031899629712515
8.503094148500312, -1.013117778303787
8.503817389886128, -1.0230455539017747
8.504541121799951, -1.0329732897427963
8.50526534421897, -1.0429009858044391
8.50599005712035, -1.052828642064289
8.506715260481274, -1.062756258499936
8.50744095427894, -1.0726838350889758
8.50816713849052, -1.0826113718090045
8.508893813093213, -1.092538868637622
8.50962097806421, -1.1024663255524314
8.51034863338069, -1.1123937425310384
8.511076779019852, -1.122321119551051
8.511805414958895, -1.1322484565900826
8.512534541175015, -1.1421757536257477
8.513264157645391, -1.1521030106356653
8.513994264347241, -1.1620302275974554
8.51472486125776, -1.1719574044887429
8.515455948354138, -1.181884541287155
8.516187525613587, -1.1918116379703219
8.516919593013313, -1.201738694515876
8.517652150530518, -1.2116657109014541
8.518385198142413, -1.221592687104696
8.51911873582621, -1.2315196231032435
8.519852763559102, -1.2414465188747423
8.52058728131832, -1.2513733743968412
8.521322289081066, -1.2613001896471903
8.522057786824558, -1.2712269646034462
8.522793774526015, -1.2811536992432653
8.523530252162658, -1.2910803935443083
8.5242672197117, -1.3010070474842386
8.525004677150367, -1.3109336610407238
8.525742624455875, -1.3208602341914313
8.526481061605448, -1.3307867669140363
8.52721998857632, -1.3407132591862125
8.527959405345715, -1.3506397109856392
8.528699311890863, -1.3605661222899978
8.529439708188988, -1.370492493076975
8.53018059421732, -1.380418823324256
8.530921969953102, -1.390345113009533
8.531663835373557, -1.4002713621104996
8.532406190455928, -1.4101975706048522
8.53314903517745, -1.4201237384702918
8.533892369515364, -1.4300498656845197
8.534636193446914, -1.439975952225243
8.53538050694934, -1.4499019980701704
8.536125309999884, -1.4598280031970132
8.53687060257579, -1.4697539675834872
8.53761638465431, -1.4796798912073093
8.538362656212696, -1.4896057740462012
8.53910941722819, -1.4995316160778864
8.539856667678034, -1.5094574172800928
8.540604407539492, -1.5193831776305489
8.541352636789824, -1.5293088971069895
8.542101355406277, -1.539234575687149
8.542850563366112, -1.5491602133487674
8.543600260646587, -1.5590858100695872
8.544350447224959, -1.5690113658273526
8.545101123078501, -1.5789368805998125
8.545852288184461, -1.5888623543647173
8.546603942520115, -1.598787787099821
8.54735608606273, -1.6087131787828814
8.548108718789567, -1.618638529391658
8.5488618406779, -1.6285638389039137
8.549615451704998, -1.638489107297415
8.55036955184814, -1.6484143345499318
8.55112414108459, -1.6583395206392357
8.551879219391635, -1.6682646655431004
8.552634786746546, -1.6781897692393055
8.553390843126605, -1.6881148317056316
8.554147388509087, -1.6980398529198633
8.55490442287128, -1.7079648328597885
8.555661946190462, -1.7178897715031967
8.556419958443922, -1.72781466882788
8.557178459608949, -1.7377395248116363
8.557937449662822, -1.7476643394322626
8.558696928582837, -1.7575891126675618
8.559456896346278, -1.76751384449534
8.560217352930447, -1.777438534893405
8.560978298312634, -1.7873631838395674
8.561739732470143, -1.7972877913116418
8.562501655380256, -1.8072123572874457
8.56326406702028, -1.8171368817447984
8.564026967367518, -1.827061364661523
8.564790356399264, -1.836985806015447
8.565554234092838, -1.8469102057843978
8.566318600425527, -1.8568345639462085
8.567083455374643, -1.8667588804787134
8.567848798917497, -1.8766831553597516
8.568614631031398, -1.8866073885671641
8.569380951693653, -1.8965315800787936
8.570147760881579, -1.9064557298724882
8.570915058572483, -1.9163798379260983
8.571682844743687, -1.9263039042174757
8.572451119372506, -1.9362279287244764
8.573219882436266, -1.9461519114249612
8.57398913391228, -1.9560758522967903
8.574758873777865, -1.9659997513178296
8.575529102010352, -1.9759236084659464
8.576299818587069, -1.985847423719013
8.577071023485338, -1.995771197054902
8.577842716682484, -2.0056949284514913
8.578614898155848, -2.0156186178866595
8.57938756788275, -2.0255422653382897
8.58016072584052, -2.035465870784269
8.580934372006503, -2.0453894342024843
8.581708506358028, -2.0553129555708316
8.582483128872441, -2.0652364348672014
8.583258239527071, -2.075159872069492
8.584033838299263, -2.0850832671556043
8.584809925166361, -2.0950066201034456
8.585586500105698, -2.104929930890918
8.586363563094631, -2.114853199495933
8.5871411141105, -2.1247764258964037
8.587919153130658, -2.1346996100702453
8.588697680132457, -2.1446227519953753
8.589476695093236, -2.154545851649717
8.590256197990358, -2.164468909011195
8.591036188801178, -2.174391924057737
8.591816667503043, -2.1843148967672694
8.592597634073321, -2.1942378271177287
8.59337908848937, -2.2041607150870535
8.594161030728545, -2.214083560653181
8.594943460768208, -2.2240063637940537
8.595726378585722, -2.233929124487617
8.59650978415846, -2.2438518427118193
8.597293677463789, -2.253774518444613
8.598078058479064, -2.26369715166395
8.598862927181672, -2.27361974234779
8.599648283548976, -2.2835422904740903
8.600434127558348, -2.293464796020815
8.601220459187166, -2.303387258965932
8.602007278412804, -2.3133096792874093
8.602794585212637, -2.3232320569632186
8.603582379564056, -2.333154391971336
8.604370661444431, -2.3430766842897364
8.605159430831142, -2.3529989338964055
8.60594868770158, -2.3629211407693247
8.60673843203313, -2.372843304886481
8.607528663803178, -2.3827654262258644
8.608319382989114, -2.3926875047654668
8.609110589568324, -2.4026095404832843
8.609902283518199, -2.412531533357318
8.610694464816152, -2.422453483365564
8.611487133439553, -2.4323753904860332
8.612280289365813, -2.4422972546967294
8.613073932572316, -2.4522190759756652
8.613868063036467, -2.4621408543008503
8.614662680735675, -2.472062589650307
8.615457785647338, -2.4819842820020512
8.616253377748865, -2.491905931334104
8.617049457017657, -2.501827537624491
8.617846023431124, -2.5117491008512434
8.61864307696667, -2.5216706209923894
8.619440617601715, -2.531592098025964
8.620238645313652, -2.5415135319300086
8.621037160079913, -2.5514349226825552
8.621836161877908, -2.561356270261653
8.622635650685057, -2.571277574645346
8.623435626478779, -2.5811988358116817
8.624236089236486, -2.5911200537387145
8.625037038935606, -2.601041228404497
8.62583847555357, -2.610962359787086
8.626640399067787, -2.6208834478645464
8.627442809455683, -2.630804492614938
8.628245706694699, -2.6407254940163294
8.629049090762255, -2.6506464520467894
8.629852961635786, -2.6605673666843894
8.630657319292727, -2.670488237907208
8.63146216371051, -2.680409065693321
8.632267494866566, -2.6903298500208086
8.633073312738336, -2.7002505908677574
8.633879617303263, -2.7101712882122544
8.63468640853878, -2.7200919420323877
8.63549368642233, -2.7300125523062517
8.636301450931368, -2.739933119011943
8.637109702043333, -2.74985364212756
8.637918439735662, -2.7597741216312035
8.638727663985813, -2.769694557500979
8.63953737477123, -2.7796149497149956
8.64034757206937, -2.789535298251362
8.641158255857688, -2.7994556030881927
8.641969426113638, -2.8093758642036044
8.642781082814667, -2.819296081575716
8.64359322593824, -2.8292162551826494
8.644405855461809, -2.839136385002533
8.645218971362851, -2.8490564710134874
8.64603257361882, -2.858976513193652
8.646846662207183, -2.8688965115211564
8.647661237105398, -2.87881646597414
8.648476298290946, -2.8887363765307414
8.64929184574128, -2.8986562431691043
8.65010787943388, -2.9085760658673747
8.650924399346218, -2.918495844603702
8.651741405455764, -2.928415579356235
8.65255889773999, -2.9383352701031313
8.653376876176374, -2.9482549168225463
8.654195340742405, -2.95817451949264
8.655014291415563, -2.9680940780915797
8.655833728173317, -2.9780135925975273
8.65665365099315, -2.987933062988654
8.657474059852557, -2.997852489243132
8.658294954729023, -3.0077718713391355
8.659116335600041, -3.0176912092548434
8.659938202443083, -3.027610502968435
8.660760555235655, -3.037529752458096
8.661583393955244, -3.047448957702012
8.662406718579346, -3.0573681186783745
8.663230529085451, -3.0672872353653755
8.66405482545107, -3.077206307741208
8.664879607653702, -3.087125335784072
8.665704875670833, -3.0970443194721704
8.666530629479967, -3.1069632587837046
8.667356869058617, -3.116882153696883
8.668183594384281, -3.126801004189917
8.669010805434471, -3.136719810241017
8.669838502186703, -3.146638571828402
8.67066668461848, -3.156557288930287
8.671495352707307, -3.1664759615248967
8.672324506430709, -3.1763945895904553
8.673154145766192, -3.18631317310519
8.673984270691278, -3.1962317120473287
8.674814881183483, -3.2061502063951086
8.675645977220327, -3.2160686561267644
8.676477558779336, -3.2259870612205352
8.67730962583803, -3.2359054216546643
8.678142178373934, -3.2458237374073953
8.678975216364568, -3.2557420084569766
8.67980873978747, -3.2656602347816586
8.680642748620158, -3.2755784163596937
8.681477242840176, -3.2854965531693425
8.682312222425049, -3.295414645188863
8.683147687352315, -3.305332692396516
8.68398363759951, -3.315250694770567
8.684820073144172, -3.325168652289284
8.685656993963832, -3.33508656493094
8.686494400036034, -3.345004432673807
8.687577779671448, -3.3549383119755753
8.689002946438137, -3.364901878235893
8.690437321839433, -3.3748882665539357
8.691726983483667, -3.384869731851057
8.692472753905406, -3.394769798361172
8.692827673545422, -3.4047104234595102
8.693165790247228, -3.41466408813768
8.693510915748988, -3.4246277513161543
8.693845078248431, -3.434589458765881
8.694174750571303, -3.4445519556585387
8.694512892312552, -3.4545210706828855
8.694841342276517, -3.4644872036323107
8.695166260463258, -3.4744533098932417
8.695500351965887, -3.4844253505710707
8.695825394174747, -3.4943938713596197
8.69614744387288, -3.504361938985271
8.696479100380106, -3.514335583220364
8.696802083888796, -3.5243054157429334
8.697122383762064, -3.5342745619376097
8.697452534458469, -3.544249089233687
8.697774223472313, -3.554219648282158
8.698404394159557, -3.564232230892927
8.699431562840322, -3.5742479950291117
8.70047695194196, -3.584275870884129
8.701314683515074, -3.5942799191258907
8.702116745481828, -3.6043133690243265
8.702829068209288, -3.614358688787925
8.703353232698083, -3.624378626293137
8.70378253276649, -3.6344110533104406
8.704107481934825, -3.644443024131955
8.704332975921437, -3.65447556155101
8.704470693642055, -3.6645158509845066
8.704502959523502, -3.67455170218067
8.704435319133205, -3.6845858127410844
8.704279382810318, -3.6946256698956566
8.7040178942787, -3.704658462465008
8.703656405284784, -3.714686967610979
8.703206383622982, -3.7247189704397408
8.7026509631985, -3.734741092015577
8.701995652918292, -3.7447562052771257
8.701251739617588, -3.754772402873072
8.700402749673232, -3.7647757737332865
8.69945414332535, -3.7747693269904508
8.698417003265575, -3.7847614823087175
8.697275244520037, -3.7947378211136895
8.696034264124576, -3.804701494403179
8.694704929533698, -3.8146612606587986
8.693271563671162, -3.824602223163968
8.691739486624083, -3.83452767073736
8.690119329123632, -3.8444466875843353
8.68839582506942, -3.8543439156475094
8.68657421120841, -3.864222785828695
8.684664868055881, -3.874092701801354
8.68265295414735, -3.883937862039364
8.680543583644589, -3.893761935828403
8.67834702583878, -3.9035740861660417
8.67604889991749, -3.913358097543571
8.673654370954706, -3.9231173474078584
8.671173245767303, -3.9328619470353288
8.668591590094781, -3.942575270160768
8.66591441169071, -3.9522610955648667
8.663151206820574, -3.9619297821442396
8.660288676192993, -3.971563871484811
8.657331923036214, -3.981166872381099
8.65429010417877, -3.9907495863897293
8.651150268258235, -4.000294610728963
8.647917235959, -4.009805953247398
8.64459985033869, -4.0192946188307115
8.6411856657122, -4.02874283996607
8.63767938430138, -4.0381547540417815
8.63408951432111, -4.047541619790313
8.630404122916351, -4.056885324095506
8.626627788550238, -4.066190129157306
8.62276867598016, -4.075467533629881
8.618815374672478, -4.084699094465574
8.614772335851466, -4.093889197320779
8.610647378797164, -4.103049572227662
8.606429624169104, -4.112161460798273
8.602123391002742, -4.121229367368234
8.59773612372931, -4.130265224533048
8.59325735148537, -4.139249903060005
8.588691193873297, -4.148187997104336
8.58404475448816, -4.157091663581748
8.579308241028626, -4.165941549314762
8.574485703409316, -4.1747423880591334
8.569487433318535, -4.18363477538926
8.564711582771825, -4.19204502184407
8.559844526248446, -4.200556146531533
8.554832074105143, -4.209025373398143
8.549721667784395, -4.217450572577213
8.544527188118645, -4.225826132443081
8.53925182792982, -4.234151673502666
8.533890706977893, -4.242417208291325
8.528447963582321, -4.250629026375313
8.522932428756045, -4.258796734827083
8.517332671889172, -4.266902522037439
8.511652540413332, -4.274952039529813
8.505900602070398, -4.282955215894365
8.500065988668867, -4.290893947568907
8.494152397968259, -4.298773986727421
8.488168146792841, -4.306605499106121
8.48210293488997, -4.314370086898927
8.475960291819915, -4.322073602235759
8.469748252609632, -4.329726446714612
8.463457078845735, -4.337309943498322
8.457090128549579, -4.344830036224023
8.450655156164878, -4.352297344960404
8.44414299770292, -4.359692915566906
8.43755683448711, -4.367022782573472
8.430904113424944, -4.374297783231452
8.424176245712838, -4.381498706911981
8.417376233441324, -4.38863167734055
8.410511202856801, -4.395707734566478
8.403573147245895, -4.402707426144942
8.39656488656463, -4.409636963935957
8.389493214907866, -4.4165075798142475
8.38235071833418, -4.423299593658287
8.375140036142783, -4.43001930387841
8.36786761439807, -4.436678122739343
8.36052663828481, -4.443256161181486
8.353119564329951, -4.449759804566243
8.345652484206914, -4.4562006316495175
8.338119195383248, -4.4625585582226
8.330521973149839, -4.468840054093599
8.322866543509704, -4.475056851644916
8.315147318342056, -4.481188691791255
8.307366389481327, -4.487242131154468
8.29952911119286, -4.4932290433645115
8.291630521545033, -4.499129011528302
8.28367252787116, -4.504948677853288
8.275660107670165, -4.5107000426237756
8.267588935309313, -4.516362547170771
8.259460732839262, -4.521942917760824
8.251280090209825, -4.527453269696327
8.243043320737941, -4.532872924831467
8.234751957582139, -4.538208693785832
8.226410200507908, -4.5434727921339295
8.218015009915419, -4.548644439530721
8.209567727526624, -4.553730529086912
8.201072159303868, -4.5587433632981
8.192525914838443, -4.563662079846148
8.183930142249189, -4.568493652816798
8.175288250978047, -4.573250457416696
8.166598508453824, -4.5779115647022985
8.157861866768421, -4.582484023079595
8.149081335714207, -4.586980267910079
8.140255838170955, -4.591379330357117
8.131387427082977, -4.595697182494938
8.122476364044593, -4.599933533430728
8.113523595533568, -4.604077946503497
8.104529346831226, -4.608127525292688
8.095496140743355, -4.612099364738348
8.086423205739852, -4.6159796364862515
8.077311829994562, -4.619759263296344
8.068164190045575, -4.623459487660797
8.058978629138752, -4.627064900311457
8.049759681243891, -4.6305707722780305
8.04050400114911, -4.63399015253808
8.031214693454668, -4.63732444522762
8.021893994753782, -4.6405558323476885
8.012540073072246, -4.643706135548312
8.003156540095661, -4.6467509560458815
7.993741696756659, -4.649713560534067
7.984299399688361, -4.652570100415112
7.9748274209231935, -4.6553438078198575
7.96533017441865, -4.658010920176536
7.955804917840592, -4.66059462826546
7.9462565821343665, -4.663071250275751
7.936681897476238, -4.665466694005426
7.927085145599412, -4.667758227567134
7.917466167878762, -4.669951342925153
7.907824301151416, -4.672060347478345
7.898162690633447, -4.674068035144176
7.888482464816772, -4.675978721146639
7.878783069667643, -4.677795031446915
7.869067040086883, -4.679508942296453
7.859333532845437, -4.681130658223485
7.849532728309298, -4.682111310201042
7.839797218924253, -4.68287440226382
7.830122689860109, -4.683682796183488
7.82042154893266, -4.684708302208703
7.81068979052579, -4.686049733123863
7.800881663053026, -4.686815245251194
7.79113825960025, -4.687358347293718
7.781439922878288, -4.68794178975918
7.771760882429887, -4.68851674246968
7.762062618655413, -4.689068895458087
7.752374842639463, -4.6896424882445595
7.742655937239294, -4.690214256134108
7.732905989906816, -4.6907076147593685
7.723129801690233, -4.691186456820004
7.713351317998762, -4.691666305428595
7.703574051812187, -4.692128703024067
7.693794814969615, -4.692582072326924
7.684012108247355, -4.6930404784167505
7.674231101160926, -4.693484390426321
7.664449004553518, -4.6939217918783545
7.654663975905198, -4.694366571928136
7.644881027763519, -4.694798832596285
7.635097314342744, -4.6952262826356606
7.625310925956712, -4.695662675065597
7.615526818777536, -4.696087851007097
7.605742135576654, -4.696509323346144
7.595954933184429, -4.696940750948281
7.586170133439694, -4.6973618040591365
7.576384870895283, -4.697779871162758
7.566597181057573, -4.698208554603019
7.55681196724872, -4.698627412845604
7.547026358297035, -4.699043756057938
7.537238380766023, -4.699471141961742
7.5274529240932075, -4.699889058265373
7.5176671147242065, -4.70030476248682
7.507878974702992, -4.700731783995507
7.49809338353152, -4.701149565608205
7.488307466410207, -4.701565331605784
7.478519243342403, -4.701992593068601
7.468733586476554, -4.702410763457739
7.4589476205963505, -4.70282704555672
7.449159365156422, -4.7032549386812486
7.439373686574907, -4.70367383703451
7.429587709728854, -4.704090929564469
7.419799454449766, -4.704519708057215
7.410013782441934, -4.7049395540084005
7.40022781962707, -4.7053576464796745
7.390439586237404, -4.7057874734101555
7.38065394064198, -4.706208406283291
7.370868009660799, -4.706627617185759
7.361079812548339, -4.707058597062672
7.351294205308419, -4.707480708263864
7.341508315673112, -4.707901118819128
7.331720163154155, -4.70833332107343
7.3219346014291835, -4.708756670883357
7.312148759152871, -4.709178333744693
7.3023606566763215, -4.70961180305836
7.292575145164296, -4.71003643021657
7.28278935419542, -4.710459379170215
7.273001305345283, -4.710894144151702
7.263215847143796, -4.711320073407205
7.253430110093812, -4.711744329985044
7.243642117244771, -4.712180408803038
7.2338567144131956, -4.712607655818019
7.224071033026015, -4.713033233592745
7.214283097767779, -4.713470637635419
7.204497751691431, -4.7138992121702925
7.194712127147554, -4.714326119545295
7.184924250559937, -4.714764855797035
7.175138962186189, -4.715194763779213
7.165353395299992, -4.7156230058006035
7.1555655781314265, -4.7160630783857895
7.145780348122969, -4.716494323253408
7.13599483947078, -4.716923902787021
7.126207082254216, -4.717365313972732
7.1164219110885965, -4.7177978975474195
7.106636461091886, -4.7182288160433
7.096848764220066, -4.718671566890613
7.087063652254347, -4.719105489944401
7.077278261233783, -4.719537747933345
7.067490625008185, -4.719981838720354
7.05770557252096, -4.720417101343889
7.047920240731524, -4.720850698759996
7.03813266539414, -4.721296129256597
7.028347672612852, -4.721732731098307
7.018562400266688, -4.7221676674884465
7.008774886020692, -4.7226144371348
6.998989953139372, -4.723052377556243
6.989204740420605, -4.723488652216133
6.979417287443783, -4.723936760238597
6.9696324146345905, -4.724376038415359
6.9598472617089895, -4.724813650477962
6.950059870162482, -4.72526309596438
6.940275057583209, -4.725703710951619
6.93048996460446, -4.726142659444525
6.920702634638423, -4.7265934413931365
6.910917882437369, -4.727035392168148
6.901132849551139, -4.7274756760508865
6.891345581308443, -4.72792779340209
6.881560889627588, -4.72837107889196
6.871775916974189, -4.728812697080203
6.861988710592818, -4.7292661487372
6.852204079569883, -4.729710767836766
6.8424191672860015, -4.730153719218074
6.832632022900611, -4.730608504060257
6.82284745267039, -4.731054455643775
6.813062600890191, -4.731498739087795
6.803275518633123, -4.731954855979467
6.793491009328373, -4.73240213890818
6.7837062181842365, -4.732847753273306
6.773919198186184, -4.733305201069325
6.76413474993817, -4.733753814196392
6.754350019561174, -4.7342007583340555
6.744563061951602, -4.734659535883509
6.734778674890483, -4.735109478057204
6.724994005410704, -4.73555775081469
6.715207110318131, -4.7360178569632785
6.705422784573196, -4.736469127029066
6.6956381761199095, -4.736918727251322
6.685851343672102, -4.737380160842914
6.6760670793719195, -4.737832757644784
6.6662825320737324, -4.7382836841756
6.6564957623978085, -4.738746444053234
6.6467115596703366, -4.7392003664346
6.636927073655275, -4.739652618117384
6.627140366877787, -4.740116703123926
6.61735622585044, -4.740571949928175
6.6075718012459985, -4.741025525606442
6.597785157492976, -4.741490934585003
6.58800107829266, -4.741947504655877
6.578216715225853, -4.742402403173582
6.56843013462285, -4.742869134967803
6.558646117375999, -4.743327027149628
6.548861815973367, -4.74378324735137
6.539075298645479, -4.744251300805594
6.529291343478073, -4.744710513943447
6.519507103865714, -4.7451680546746084
6.5097206499375915, -4.7456374286339935
6.499936756975163, -4.7460979615738
6.490152579278728, -4.746556821680633
6.480366188874584, -4.747027514991238
6.47058235824224, -4.74748936657983
6.460798242586957, -4.747949544909514
6.4510119158305725, -4.748421556418338
6.44122814765299, -4.748884725503509
6.431444094163661, -4.7493462209041795
6.421657831178395, -4.7498195494591995
6.411874125579825, -4.750284034889722
6.402090134380821, -4.750746846210521
6.392303935289616, -4.751221490660712
6.38252029239389, -4.751687291286361
6.372736363609171, -4.7521514173774175
6.362950228534548, -4.752627376572766
6.35316664846508, -4.753094491244323
6.343382782218174, -4.753559930956796
6.333596711282235, -4.754037203748295
6.323813194162018, -4.754505631317571
6.314029390576054, -4.7549723835036275
6.30424338390049, -4.755450968743307
6.294459929852105, -4.755920708063131
6.28467618904979, -4.75638877157597
6.274890246755882, -4.75686866811688
6.265106855901498, -4.757339718041103
6.255323178005124, -4.757809091734952
6.245537300213733, -4.758290298431174
6.235753972675109, -4.7587626578146835
6.22597035780656, -4.759233340544794
6.216184544638141, -4.759715856251443
6.206401280536619, -4.760189523950158
6.196617728817365, -4.760661514572818
6.186831980391964, -4.7611453381460285
6.177048779848476, -4.76162031301689
6.16726529139958, -4.762093610389411
6.157479607836832, -4.762578740686357
6.147696470971906, -4.76305502158734
6.137913045914016, -4.76352962456807
6.128127427333152, -4.76401606044696
6.1183443542669025, -4.76449364623708
6.108560992720262, -4.7649695536853995
6.098775439240101, -4.765457294005469
6.088992430092238, -4.765936183544757
6.079209132176686, -4.766413394321069
6.069423643915639, -4.766902437942592
6.059640698805467, -4.767382630092115
6.049857464640432, -4.767861143057862
6.040072041716516, -4.768351488842132
6.03028916076293, -4.768832982463992
6.020505990467439, -4.769312796481639
6.010720632998262, -4.769804443290992
6.000937816319759, -4.770287237248325
5.991154710012423, -4.770768351181379
5.981369418115188, -4.771261297879177
5.971586665829854, -4.77174539103614
5.961803623628903, -4.772227803749126
5.952018397420408, -4.7727220491997615
5.942235709645929, -4.773207440421543
5.932452731669169, -4.773691150780025
5.922667571265819, -4.77418669384892
5.912884948119484, -4.774673382001743
5.903102034484332, -4.775158388872307
5.893316940002123, -4.7756552284259195
5.883534381600814, -4.776143212377034
5.873751532424281, -4.776629514627304
5.863966503978818, -4.777127649533113
5.8541840104390195, -4.777616928150797
5.844401225837719, -4.778104524649416
5.834616263544209, -4.778603953775943
5.824833834982007, -4.779094525929504
5.8150511150721504, -4.779583415546148
5.805266219045393, -4.780084137762934
5.7954838555764825, -4.780576002322706
5.785701200473888, -4.781066183928089
5.775916370828294, -4.7815681981057025
5.7661340725679615, -4.782061353943051
5.756351482388052, -4.782552826408897
5.746566719237636, -4.783056131418946
5.736784486300777, -4.7835505774062685
5.72700196115857, -4.784043339605341
5.717217264616952, -4.7845479343204484
5.707435097118061, -4.785043669331162
5.697652637128189, -4.785537720137254
5.6878680073085945, -4.786043603431084
5.67808590536178, -4.786540626339637
5.6683035106384745, -4.787035964627563
5.658518947653731, -4.787543135374799
5.648736911372705, -4.788041445056668
5.638954582029808, -4.788538069702271
5.6291700859923655, -4.789046526778625
5.619388115490454, -4.789546122110307
5.609605851641414, -4.790044031990456
5.599821422663316, -4.790553774272671
5.590039518053443, -4.791054654131695
5.580257319811318, -4.79155384812429
5.5704729580042285, -4.792064874490133
5.560691119398931, -4.792567037755056
5.5509089868763875, -4.793067514739015
5.541124692351573, -4.793579824067279
5.531342919863001, -4.794083269617679
5.521560853172317, -4.794585028472947
5.511776626040658, -4.795098619643454
5.501994919780566, -4.79560334635994
5.49221291903363, -4.796106385967495
5.482428759405626, -4.796621257861092
5.472647119485395, -4.7971272646252885
5.462865184793707, -4.7976315838671315
5.453081092779467, -4.7981477353656885
5.443299519310075, -4.7986550210602585
5.433517650784748, -4.799160618819409
5.423733626493995, -4.799678048805824
5.4139521195860425, -4.800186612314441
5.404170317337807, -4.800693487474944
5.394386360879875, -4.801212194833139
5.384604920643576, -4.801722035040509
5.374823184782771, -4.802230186487438
5.365039296266621, -4.802750170102365
5.3552579228118, -4.803261285894215
5.345476253448386, -4.80377071251366
5.335692432982588, -4.8042919712712875
5.3259111264186965, -4.804804361534364
5.316129523662252, -4.805315062213454
5.306345771354996, -4.80583759500078
5.296564531791092, -4.80635125862286
5.286782995750808, -4.806863232249732
5.2769993117099006, -4.807387037954768
5.26721813925467, -4.807901973824651
5.257436670039355, -4.8084152192884675
5.247653054372229, -4.808940296800261
5.237871949133972, -4.809456503807767
5.228090546852061, -4.809971019998711
5.218306999665766, -4.810497368207323
5.208525961752403, -4.8110148452432915
5.198744626511948, -4.811530631052576
5.188961147913152, -4.812058248849099
5.179180177432225, -4.812576994805391
5.169398909340895, -4.813094049125242
5.159615499435895, -4.8136229354017805
5.149821746084941, -4.814389958227278
5.14000033949296, -4.815460918657813
5.130183468655637, -4.816088943126817
5.120386167135836, -4.816454615875178
5.110612467604076, -4.816843169577303
5.1008298370480585, -4.81722280656048
5.091043969057438, -4.817607159681767
5.081260065170067, -4.817976972126832
5.071475053599601, -4.818340224545623
5.06168703386617, -4.818710788116555
5.051901175283064, -4.819068812984158
5.042114577818858, -4.819421998177239
5.032325222467372, -4.8197840844378055
5.022538223731694, -4.820134955857923
5.012750671804653, -4.820482113384326
5.002960514819852, -4.8208392009877
4.993172833515566, -4.821185928991153
4.983384710410865, -4.821529671610416
4.973594072082782, -4.821884015675128
4.963805980808497, -4.822228557368206
4.954017514278095, -4.822570591703
4.944226589495002, -4.822923661454195
4.934438255232697, -4.823267290543208
4.924649587094455, -4.823608720039048
4.9148584978030865, -4.823961463849582
4.905070026165868, -4.824305000292059
4.895281246759174, -4.8246465366879
4.885490070358978, -4.824999568373177
4.875701528367219, -4.825343543803345
4.8659126951115095, -4.8256856484925805
4.856121480917774, -4.826039365841222
4.8463329113782105, -4.826384124701232
4.836544061038852, -4.826727096560629
4.826752840699729, -4.827081757188749
4.816964271141335, -4.827427522488114
4.807175427405833, -4.827771554968873
4.797384221346621, -4.828127325561344
4.787595669565259, -4.828474241535122
4.777806847787889, -4.828819459651604
4.768015669505109, -4.8291764476792585
4.758227147587951, -4.829524606632313
4.748438359213482, -4.829871088244767
4.738647217947094, -4.830229361807618
4.7288587340182175, -4.830578822471748
4.719069985409039, -4.830926619670688
4.7092788865962, -4.831286223780319
4.699490445201392, -4.8316370253848175
4.689701740184265, -4.8319861723748465
4.679910687317249, -4.83234713598829
4.670122291475792, -4.832699303577724
4.660333632594459, -4.833049822141512
4.650542627996286, -4.833412163633294
4.640754279725488, -4.833765713041317
4.630965668688632, -4.834117616894133
4.621174713924172, -4.834481347765884
4.611386414590766, -4.834836288844166
4.601597852564758, -4.8351895864619365
4.591806948706431, -4.835554713751767
4.582018699254457, -4.83591105246711
4.572230187053246, -4.836265748923242
4.562439334853386, -4.836632276770629
4.55265113595211, -4.836990016567001
4.542862674160471, -4.837346114725346
4.533071874163272, -4.837714045387494
4.523283726303222, -4.8380731880706795
4.513495315356829, -4.838430689360369
4.5037045679710195, -4.8388000238723246
4.493916471526384, -4.839160570184484
4.484128111763817, -4.8395194751031845
4.474337417309926, -4.839890213706577
4.464549372579099, -4.840252163699413
4.454761064275662, -4.840612472140154
4.444970423016704, -4.840984614561649
4.435182430248648, -4.8413479678387885
4.425394173638319, -4.8417096793022765
4.415603585799754, -4.842083224934455
4.405815645211113, -4.842447980808858
4.3960274405008555, -4.842811094541333
4.386236906283562, -4.8431860425601405
4.376449018069812, -4.843552200156351
4.366660865448838, -4.843916715239159
4.356870385037537, -4.844293064680213
4.347082549380215, -4.844660623000767
4.337294449026036, -4.845026538408507
4.32750402259478, -4.845404288216641
4.317716239666189, -4.845773246185179
4.307928191748537, -4.846140560823498
4.298137819464273, -4.846519709884949
4.2883500894305415, -4.846890066374259
4.278562094113915, -4.847258779104365
4.268771776138792, -4.847639326267666
4.258984099161884, -4.848011080117854
4.249196156607216, -4.84838118977248
4.239405893100114, -4.848763133862057
4.229618269339092, -4.849136283892368
4.219830379704825, -4.849507789286091
4.210040170822312, -4.849891129111079
4.200252600434196, -4.85026567412758
4.190464763876987, -4.8506385740635745
4.180674609773968, -4.851023308423516
4.170887092914279, -4.851399247224078
4.161099309589453, -4.851773540498457
4.15130921041958, -4.852159668187059
4.141521747242697, -4.852536999564587
4.131734017304547, -4.852912684969257
4.121943973220497, -4.853300204776783
4.112156563879889, -4.85367892752134
4.102368887481866, -4.854056003845829
4.092578898635505, -4.854444914560683
4.082791543283881, -4.854825027460825
4.073003920578725, -4.855203493493487
4.063213987121233, -4.855593793903217
4.05342668591064, -4.855975295746906
4.043639117050464, -4.856355150275703
4.033849239132406, -4.856746839167676
4.024061992214297, -4.857129728742844
4.014274477350637, -4.857510970555833
4.00448465512201, -4.8579040467176595
3.9946974626472835, -4.858288322812591
3.984910001931126, -4.858670950698266
3.975120235541394, -4.8590654129180875
3.9653330976604257, -4.859451074321652
3.9555456912422495, -4.8598350870691505
3.945755980840365, -4.860230934135804
3.935968897703018, -4.860617979637619
3.9261815457327947, -4.861003376036876
3.9163918914672085, -4.861400606740031
3.906604863222853, -4.861789035130566
3.8968175658500637, -4.862175813972372
3.887027967868745, -4.862574427102592
3.877240994666264, -4.862964237173237
3.8674537520399053, -4.8633523972493276
3.8576642104903356, -4.863752391598126
3.847877292478132, -4.864143582141225
3.8380901047467235, -4.864533122244303
3.8283006197759106, -4.864934496604179
3.8185137571019094, -4.865327066413076
3.8087266244134934, -4.865717985336835
3.798937196167969, -4.866120738501283
3.789150388979623, -4.866514686370314
3.7793633114817666, -4.866906982909468
3.769573940107593, -4.867311113673004
3.7597871885518823, -4.867706438397536
3.7500001663916867, -4.868100111347813
3.7402108520344552, -4.868505618505981
3.7304241562578926, -4.868902318882399
3.720637189581988, -4.86929736704056
3.7108479323868226, -4.869704249389926
3.701061292535451, -4.870102324215655
3.691274381489997, -4.87049874637949
3.6814851816015586, -4.870907002717668
3.6716985978209564, -4.871306450791163
3.6619117425516508, -4.8717042457594975
3.652122600114132, -4.872113874885123
3.642336072549412, -4.872514695005872
3.6325492732014846, -4.8729138615785725
3.622760188358615, -4.873324862291327
3.6129737171544236, -4.87372705325986
3.6031869738726434, -4.874127590237824
3.593397946767694, -4.874539961338432
3.5836115320682156, -4.874943521956317
3.5738248449968872, -4.875345428141496
3.5640358757726607, -4.875759168431717
3.5542495177216202, -4.876164097501565
3.544462887004586, -4.8765673716969316
3.534673975803433, -4.876982479979566
3.5248876745440927, -4.877388776305022
3.515101100324736, -4.877793417314597
3.5053122472885425, -4.878209892393486
3.4955260029637074, -4.878617554779237
3.485739485384952, -4.879023561408087
3.475950690655147, -4.879441402088116
3.4661645034071586, -4.879850429339892
3.456378042611469, -4.880257800394109
3.446589306329024, -4.880677005481201
3.4368031762997737, -4.881087396405769
3.4270167724291554, -4.881496130692496
3.4172280947345883, -4.881916698993616
3.4074420220655015, -4.882328452398785
3.397655675261506, -4.882738548726207
3.3878670562948785, -4.88316047904936
3.378081041126935, -4.883573593743976
3.36829475153066, -4.88398505092131
3.358506191431578, -4.88440834207554
3.3487202339052944, -4.88482281686949
3.3389340016573774, -4.885235633706999
3.329145500564996, -4.885660284502394
3.3193596008204405, -4.886076118206609
3.309573426061071, -4.886490293515592
3.2997849841140923, -4.886916302763281
3.2899991422908785, -4.887333494189724
3.2802130251597927, -4.8877490267825205
3.2704246424964687, -4.888176393294668
3.260638858733762, -4.888594941256346
3.2508527993702447, -4.8890118299463365
3.241064476128375, -4.889440552536155
3.2312787505648872, -4.889860455847117
3.2214927491077727, -4.8902786994487215
3.211704485424712, -4.890708776930458
3.201918818198705, -4.891130034405789
3.1921328747863744, -4.89154963173447
3.1823446707990253, -4.891981062923413
3.172559062048314, -4.8924036733792455
3.162773176818706, -4.892824623251494
3.1529850326635294, -4.893257406963972
3.1431994825254823, -4.893681369217464
3.1334136556160868, -4.894103670450825
3.1236255714290917, -4.894537805504205
3.11384008004063, -4.894963118373562
3.1040543115884867, -4.895386769786607
3.0942662875052407, -4.895822254999305
3.084480855002839, -4.896248917303767
3.0746951451445486, -4.896673917716115
3.064907181300175, -4.897110751907575
3.0551218078198645, -4.89753876246743
3.045336156691577, -4.897965110699732
3.0355482532207545, -4.898403292690446
3.025762938898123, -4.898832650327009
3.0159773466355504, -4.899260345200966
3.0061895036725192, -4.899699873812462
2.996404248642711, -4.900130577348095
2.98661871538112, -4.900559617686437
2.976830933059677, -4.901000491741278
2.9670457374573966, -4.901432539999383
2.9572602633316154, -4.901862924625873
2.9474725417851158, -4.9023051429476725
2.9376874057446254, -4.902738534752684
2.927901990889036, -4.90317026249214
2.9181143302504005, -4.903613823905538
2.9083292539055248, -4.904048558082932
2.898543898454077, -4.904481627761197
2.888756298855786, -4.90492653109188
2.8789712823399105, -4.905362606468169
2.869185986426112, -4.905797016912133
2.8593984480002055, -4.906243260986828
2.8496134914462767, -4.906680676389561
2.8398282552031993, -4.907116426427142
2.830040778081289, -4.907564010073604
2.820255881621821, -4.908002764331373
2.810470705182097, -4.908439852791539
2.8006832894953533, -4.908888774838577
2.7908984532624213, -4.90932886678101
2.7811133367582506, -4.909767292493753
2.771325982637413, -4.910217551771205
2.7615412067626566, -4.910658980228963
2.751756150325806, -4.911098742025324
2.741968857901181, -4.911550337364064
2.732184142515808, -4.91199310116885
2.722399146277607, -4.912434197880901
2.712611915679066, -4.91288712811285
2.702827260913854, -4.913331226097403
2.6930423250052025, -4.913773656558253
2.6832551563621876, -4.9142279205163595
2.6734705623474784, -4.914673351514455
2.663685686898843, -4.915117114558254
2.6538985803403685, -4.915572711076509
2.644114047206077, -4.916019473922962
2.6343292323474974, -4.916464568384897
2.6245421880021453, -4.916921496298331
2.614757715877753, -4.917369589828993
2.6049729617388357, -4.9178160145452825
2.595185979734762, -4.918274272689958
2.585401568749326, -4.918723695741711
2.5756168754592492, -4.919171449549612
2.565829955924182, -4.919631036762639
2.5560456062063284, -4.920081788173405
2.546260973893843, -4.9205308699112145
2.536474116955084, -4.920991785030733
2.526689828633012, -4.921443863639469
2.5169052574264454, -4.921894272146517
2.507118463210871, -4.922356514011698
2.4973342364123567, -4.922809918658398
2.4875497264396067, -4.9232616527750475
2.477762995073669, -4.923725220226109
2.4679788299260643, -4.92417994975181
2.458194381314606, -4.924633008319462
2.4484077129243333, -4.925097900197647
2.438623609554561, -4.9255539534444095
2.428839222431443, -4.926008335305505
2.419052617142445, -4.926474550453108
2.4092685756770105, -4.926931926264031
2.399484250168864, -4.927387630262037
2.389697708106325, -4.927855167522373
2.379913728671309, -4.928313864741598
2.370129464904341, -4.928770889721024
2.360342986193025, -4.929239747938452
2.3505590689140883, -4.929699765411146
2.3407748670140833, -4.930158110217535
2.3309884517783366, -4.930628288237452
2.3212045967807198, -4.93108962480982
2.311420456873045, -4.931549288289749
2.301634105236797, -4.932020784958579
2.2918503126453236, -4.93248343947786
2.2820662348549248, -4.9329444204789406
2.272279946941682, -4.933417234644149
2.262496216880753, -4.933881205958621
2.2527122013321628, -4.934343503329491
2.2429259772650187, -4.934817633839574
2.2331423098586227, -4.935282920798543
2.2233583566759503, -4.9357465333888895
2.213572196577584, -4.936221979093383
2.2037885919492886, -4.936688580547189
2.1940047012562323, -4.9371535072077215
2.1842186052489065, -4.937630266957186
2.17443506352187, -4.938098181757207
2.164651235441709, -4.938564421339669
2.154865203647275, -4.93904249398571
2.1450817249442387, -4.939511720984356
2.135297959599842, -4.939979272341529
2.1255119921397325, -4.940458656736784
2.1157285765830225, -4.940929194787488
2.1059448740968425, -4.9413980567731866
2.096158971092086, -4.941878751771321
2.086375618803617, -4.942350599728565
2.0765919792976972, -4.942820771197632
2.066806140868907, -4.943302775653352
2.0570228519701867, -4.943775932372645
2.0472392755661573, -4.944247412180959
2.037453501833536, -4.944730724949993
2.0276702764456553, -4.945205189287869
2.0178867632647357, -4.945677976292336
2.00810105434808, -4.946162596231457
1.9983178925917258, -4.94663836704549
1.988534442754728, -4.947112460104058
1.9787487987734234, -4.947598386071059
1.9689657007688692, -4.948075462219852
1.9591823143961962, -4.948550860191489
1.949396735469223, -4.949038091045214
1.9396137013363377, -4.949516471388399
1.9298303785479847, -4.949993173133109
1.9200448647939177, -4.950481707733416
1.9102618946521626, -4.9509613911316634
1.900478635567717, -4.951439395510483
1.8906931871047254, -4.951929232718268
1.8809102810731557, -4.952410218033273
1.8711270858118, -4.952889523908271
1.8613417027576484, -4.953380662585467
1.8515588609549167, -4.953862948679955
1.8417757296354311, -4.954343554914231
1.83199041210748, -4.954835993923793
1.8222076346518317, -4.955319579661523
1.8124245673925887, -4.955801485119197
1.8026393155077975, -4.956295223325122
1.792856602517077, -4.956780107570881
1.7830735994360496, -4.957263311117117
1.7732884133109759, -4.957758347384422
1.763505764902626, -4.9582445290040305
1.7537228261173847, -4.958729029505012
1.7439377058681853, -4.959225362699747
1.7341551221592473, -4.959712840560053
1.7243722477869592, -4.9601986368830016
1.7145871935293913, -4.960696265872252
1.7048046746365058, -4.96118503884113
1.6950218647939406, -4.9616721298542865
1.6852368766433632, -4.9621710535061645
1.6754544226827723, -4.962661120452524
1.6656716774862996, -4.9631495050251635
1.6558867555576733, -4.963649722208808
1.64610436664522, -4.964141082002578
1.6363216862108112, -4.964630759005008
1.6265368306186996, -4.965132268590589
1.6167545068698301, -4.965624920102738
1.6069718913130602, -4.966115888406289
1.5971871021716322, -4.966618689265006
1.5874048437013966, -4.967112631367522
1.577622293137443, -4.967604889844552
1.5678375705604717, -4.968108980848637
1.5580553774835249, -4.968604212414539
1.5482728920271702, -4.969097759938437
1.5384882361280352, -4.969603139961145
1.5287061085586362, -4.970099659864481
1.5189236883242685, -4.970594495309664
1.5091390992159546, -4.971101163225276
1.499357037267969, -4.971598970341115
1.489574682369583, -4.972095092583024
1.479790160164685, -4.972603047266855
1.4700081639515865, -4.973102140471305
1.460225874502784, -4.973599548386406
1.4504414193135047, -4.974108788714795
1.4406594889483728, -4.974609166884974
1.430877265062365, -4.975107859350769
1.4210928770005147, -4.975618384201078
1.4113110125960422, -4.976120046215152
1.4015288543856455, -4.976620022110159
1.391744533562649, -4.977131830360789
1.3819627352311339, -4.977634775097925
1.3721806428087806, -4.978136033301686
1.3623963893356705, -4.978649123832057
1.3526146571890256, -4.979153350172467
1.342832630666754, -4.979655889565561
1.3330484446541775, -4.980170261256116
1.3232667788039247, -4.980675768081028
1.3134848182933878, -4.981179587545049
1.3037006998516045, -4.981695239277257
1.2939191004088808, -4.982202025468923
1.2841372060213434, -4.982707123886498
1.2743531552602265, -4.983224054542861
1.2645716223357801, -4.9837321189845625
1.2547897941821207, -4.984238495239335
1.2450058112111588, -4.98475670370337
1.235224344915354, -4.985266045279414
1.2254425831060651, -4.985773698256057
1.215658668034363, -4.9862931834123145
1.2058772684771777, -4.9868038010080245
1.196095573122369, -4.987312729592235
1.1863117260586489, -4.987833490326285
1.1765303933496798, -4.9883453828280135
1.1667487645590764, -4.988855585906504
1.1569649856116768, -4.989377621104942
1.1471837198601362, -4.989890787400065
1.1374021577430802, -4.990402263860578
1.1276184470199588, -4.990925572411024
1.1178372483346761, -4.991440011387935
1.1080557530001294, -4.991952760119244
1.0982721106088646, -4.992477340910339
1.0884909790982904, -4.992993051458459
1.0786948671965089, -4.993762229159336
1.0688728472838696, -4.99482979493233
1.0590218106104183, -4.995904409216352
1.0491568600125685, -4.996931141761168
1.0392807889910696, -4.997898757936608
1.029433618964231, -4.998782199629786
1.0196065697525425, -4.9995909838914026
1.0097910870591875, -5.0003226991125365
0.9999538914629127, -5.000390234541412
0.9901959168313759, -5.000247744735221
0.9804853807132817, -5.000161733463485
0.9707905455950211, -5.000062939005846
0.9610789983414365, -4.999952452276719
0.9513785180005845, -4.9998466163044135
0.9416509587529601, -4.999747473983846
0.9318925046818572, -4.9995742022518845
0.9221086368184699, -4.999378530242871
0.9123246898580205, -4.999170967597967
0.9025367885339304, -4.9989663418259065
0.892750872370555, -4.998745770529804
0.882963887788612, -4.9985173121425035
0.8731731120087163, -4.998294811122342
0.8633850449736462, -4.998058941793749
0.8535963773542798, -4.997817402203587
0.8438042373145709, -4.9975838605250384
0.8340150160884963, -4.9973386799352415
0.824225378907979, -4.997089308697873
0.8144324113266278, -4.996849288171986
0.8046424708569201, -4.996598754964182
0.794852224145331, -4.99634498822503
0.7850587347635388, -4.9961014474472325
0.7752683372379566, -4.995848120368639
0.7654776985560432, -4.995592178868347
0.7556838666558419, -4.995347033747252
0.7458931643040412, -4.995092573797361
0.7361022598361115, -4.994835902253225
0.7263081936545722, -4.994590397492194
0.7165172791301955, -4.994335884920285
0.7067261855720073, -4.994079423755063
0.6969319518818873, -4.993834366572272
0.6871408834079126, -4.993580499189617
0.677349650587951, -4.993324852536905
0.6675552922271817, -4.993080763594339
0.6577641069882989, -4.992827992235912
0.6479727665826173, -4.992573551247329
0.6381783107925451, -4.99233076769283
0.6283870325560348, -4.99207938421371
0.618595604891419, -4.991826402038702
0.608801069217596, -4.991585141997581
0.5990097133471838, -4.991335335148
0.5892182116093202, -4.991083975433978
0.5794236074724716, -4.990844379837595
0.5696321840030303, -4.990596271496917
0.5598406168358308, -4.990346639841994
0.5500459517503553, -4.990108799554679
0.5402544673093347, -4.9898624682303785
0.530462840446708, -4.989614632582035
0.520668119419431, -4.989378605994552
0.5108765784432049, -4.989134102062903
0.5010848957452868, -4.988888105948124
0.4912901221663538, -4.988653930388529
0.48149852767705525, -4.98841128597959
0.471706791793422, -4.988167157085891
0.46191196800762857, -4.9879348562206705
0.4521203221122369, -4.987694091629725
0.44232853490860063, -4.987451847370896
0.43253366258345527, -4.987221436005443
0.42274196679570314, -4.986982563851595
0.4129501296293903, -4.986742214977771
0.40315520999294435, -4.986513702170075
0.3933634654414841, -4.986276730093588
0.3835715793396902, -4.986038283032821
0.37377661333451745, -4.985811674113102
0.36398482089776124, -4.985576606524986
0.35419288667306303, -4.985340064902051
0.34439787505607844, -4.985115362782749
0.33460603544963946, -4.984882201999577
0.32481405377492545, -4.984647567621125
0.3150189971821502, -4.9844247736465945
0.30522711101558536, -4.984193520626601
0.29543508247268824, -4.983960794120163
0.2856399814612911, -4.983739908617831
0.2758480492749401, -4.9835105634383545
0.2660559743862157, -4.98327974466682
0.2562608294618145, -4.983060767304669
0.24646885175072586, -4.982833329471852
0.2366767309995641, -4.982604417802316
0.22688154263395874, -4.982387347820768
0.21708951986342984, -4.982161816470435
0.20729735370757849, -4.9819348109485775
0.1975021223502724, -4.981719647310909
0.187710054965946, -4.981496021338853
0.17791784384616655, -4.981270920802057
0.1681225699318507, -4.98105766229196
0.15833045836627427, -4.980835940438463
0.14853820271196672, -4.9806127435891865
0.13874288666538348, -4.980401388874036
0.12895073134227147, -4.980181569778711
0.1191584315751296, -4.979960275232067
0.10936307381423266, -4.9797508229039895
0.09957087515123665, -4.9795329051413075
0.08977853168762273, -4.979313511455949
0.0799831326256317, -4.979105960058449
0.07019089103613979, -4.978889942160832
0.060398504288628405, -4.978672447858966
0.05060306433536296, -4.9784667959041755
0.040810780229669705, -4.978252676376948
0.031018350608051165, -4.978037079957334
0.021222870170799327, -4.977833325937243
0.011430543956867054, -4.977621103268343
0.0016380718687997063, -4.9774074032147135
-0.008157448647118284, -4.977205545608424
-0.017949816563165785, -4.976995218274698
-0.027742330711731007, -4.976783413061229
-0.03753789090259536, -4.976583450339674
-0.04733030011615074, -4.976375016810965
-0.05712285592069449, -4.9761651049058235
-0.06691845538414726, -4.975967035534829
-0.07671090549191024, -4.975760494276623
-0.08650350254916488, -4.975552474144272
-0.09629914088405367, -4.975356296586543
-0.1060916314838942, -4.975151646061704
-0.11588426939172654, -4.974945516164386
-0.12567994619800396, -4.974751228880797
-0.13547247688887332, -4.974548467550656
-0.14526515524620806, -4.9743442263493804
-0.15506087012486472, -4.97415182779981
-0.16485344050673761, -4.973950954124928
-0.17464615891350693, -4.973748600080087
-0.18444191146652816, -4.973558088723964
-0.19423452114036388, -4.973359101164582
-0.20402727919747496, -4.973158632736367
-0.2138230690278116, -4.972970007033033
-0.22361571759552878, -4.972772904049371
-0.23340851490484169, -4.972574319698046
-0.24320434161639226, -4.972387578106959
-0.25299702868085255, -4.972192358159448
-0.2627898648451652, -4.9719956563455066
-0.2725857280427613, -4.971810797326433
-0.2823784532077576, -4.97161745887581
-0.29217132783079686, -4.971422638060112
-0.3019672271201961, -4.971239660073192
-0.31175998999044485, -4.9710482015806114
-0.3215529026768584, -4.970855260224447
-0.3313488376647379, -4.970674161730272
-0.3411416378458735, -4.97048458165735
-0.3509345882012263, -4.970293518222481
-0.36073055849517743, -4.97011429768214
-0.3705233955937488, -4.969926594491008
-0.38031638322451894, -4.969737407439716
-0.39011238843304524, -4.969560063314826
-0.39990526205651195, -4.969374235468138
-0.40969828657008744, -4.969186923263242
-0.4194943263026014, -4.9690114540159565
-0.4292872360593324, -4.968827499976916
-0.4390802970640096, -4.968642061081791
-0.44887637093083094, -4.968468465174828
-0.45866931643010145, -4.968286383407194
-0.4684624135350831, -4.9681028162857785
-0.47825852114743717, -4.967931092182426
-0.4880515019994281, -4.967750881150543
-0.4978446348148217, -4.967569184267344
-0.5076407757848372, -4.967399330431463
-0.5174337916006333, -4.967220988600242
-0.52722695973745, -4.967041160420357
-0.537023133678158, -4.966873175316394
-0.5468161840697456, -4.966696701151339
-0.5566093871398986, -4.966518740140443
-0.5664055936652315, -4.966352622233439
-0.576198678245498, -4.966178014200636
-0.5859919158618, -4.966001918824996
-0.5957881545865903, -4.965837666580579
-0.6055812729693233, -4.965664923146709
-0.6153745447454874, -4.96549069187319
-0.6251708152854657, -4.965328303757582
-0.6349639670853514, -4.965157423389927
-0.6447572726359893, -4.96498505468599
-0.6545535746077829, -4.964824529166022
-0.6643467594404038, -4.964655510332461
-0.6741400983810225, -4.964485002666165
-0.6839364314021561, -4.964326338209272
-0.6937296488839918, -4.964159179378288
-0.7035230208309952, -4.963990531218313
-0.7133193845198872, -4.963833726292531
-0.7231126342683115, -4.963668425933218
-0.7329060388389979, -4.963501635748835
-0.7427024328149604, -4.963346688822814
-0.7524957144482407, -4.963183245404874
-0.7622891512608013, -4.963018311665979
-0.7720855751440397, -4.962865221208989
-0.7818788882813362, -4.962703633202741
-0.7916723569548548, -4.962540554379836
-0.8014688103664651, -4.962389318861755
-0.8112621546278285, -4.9622295847381315
-0.8210556547822794, -4.962068359302344
-0.8308521373442477, -4.96191897719368
-0.8406455123506195, -4.961761095424243
-0.8504390436068668, -4.961601721847315
-0.8602355549420684, -4.961454191619193
-0.8700289603152785, -4.96129816067612
-0.8798225222950747, -4.9611406374304226
-0.8896190620272713, -4.960994957554599
-0.8994124973900367, -4.960840775910692
-0.9092060897160226, -4.960685101469232
-0.9190026574698634, -4.9605412704180925
-0.9287961224457882, -4.960388936546793
-0.9385897447414894, -4.960235109383194
-0.9483863401425086, -4.960093125629754
-0.9581798343560827, -4.9599426380051295
-0.96797348624591, -4.959790656593655
-0.9777701089205258, -4.95965051861157
-0.987563631997121, -4.959501875708324
-0.9973573131063692, -4.959351738523874
-1.0071539626818824, -4.959213444787439
-1.016947514247755, -4.959066645080919
-1.0267412242026004, -4.958918350599037
-1.036537900307193, -4.958781899583185
-1.0463314799894803, -4.958636941549372
-1.056125218416982, -4.95849048824624
-1.0659219206797172, -4.958355878426552
-1.0757155281064368, -4.95821276054208
-1.0855092946345335, -4.95806814689453
-1.0953060226853524, -4.957935376747237
-1.105099657485401, -4.957794097489386
-1.1148934517429088, -4.957651321974897
-1.124690205212631, -4.957520389976874
-1.1344838670157833, -4.957380947823575
-1.1442776886323978, -4.9572400089202775
-1.15407446715272, -4.957110913549062
-1.1638681555896273, -4.956973306978896
-1.173662004195919, -4.956834203165572
-1.183458807399413, -4.9567069428993555
-1.1932525221016022, -4.956571170391565
-1.2030463973290173, -4.956433900147663
-1.2128432248491288, -4.956308473465292
-1.222636965449, -4.956174533499774
-1.232430866929859, -4.9560390953053926
-1.2422277184009078, -4.955915500686385
-1.2520214845317366, -4.9557833917437035
-1.2618154118992324, -4.955649784079612
-1.2716122869564073, -4.955528020004146
-1.2814060782523384, -4.9553977405655285
-1.291200031140535, -4.955265961913164
-1.3009969294198982, -4.955146026862083
-1.3107907455159482, -4.955017575409432
-1.320584723559781, -4.954887624250893
-1.3303816446982637, -4.95476951670572
-1.3401754852303174, -4.954642891721594
-1.3499694880655886, -4.954514766539662
-1.3597664317009892, -4.954398484982595
-1.3695602963058011, -4.954273684950239
-1.3793543235691832, -4.954147384228357
-1.3891512893401659, -4.954032927142259
-1.398945177655356, -4.953909950545593
-1.4087392289843867, -4.953785472767896
-1.4185362165304833, -4.9536728386363205
-1.4283301281945382, -4.953551683959939
-1.4381242032276207, -4.953429027611232
-1.4479212121892269, -4.953318214918414
-1.4577151468414962, -4.953198880647605
-1.4675092452178986, -4.953078044213379
-1.4773062752362716, -4.952969051444235
-1.4871002325169707, -4.952851536064963
-1.4968943538768222, -4.952732518031399
-1.5066914045940822, -4.952625343671534
-1.5164853841442858, -4.9525096456704505
-1.5262795281285793, -4.952392444524416
-1.5360765991877081, -4.952287087060132
-1.5458706006493512, -4.952173204924579
-1.5556647668999388, -4.952057819153639
-1.565461857944777, -4.951954277071928
-1.5752558809606565, -4.951842209289951
-1.5850500691202496, -4.951728637382352
-1.5948471797954948, -4.951626909170903
-1.604641224009265, -4.951516654231232
-1.6144354337214326, -4.951404894675925
-1.62423256367264, -4.95130497882312
-1.6340266287288108, -4.9511965352151925
-1.643820859637979, -4.9510865865018365
-1.6536180085115608, -4.950988481496774
-1.663412094055499, -4.95088184771072
-1.6732063458069497, -4.950773708329662
-1.6830035132501702, -4.950677412662136
-1.692797618928097, -4.9505725871888036
-1.7025918911679647, -4.950466255631104
-1.712389076828943, -4.950371767791609
-1.7221832022879324, -4.950268749122536
-1.731977494663206, -4.9501642238799635
-1.7417746981909124, -4.950071542359717
-1.751568843078891, -4.949970328987168
-1.7613631552374107, -4.949867608552197
-1.7711603762816661, -4.949776731843122
-1.7809545402474103, -4.949677322260064
-1.790748871837867, -4.949576405125891
-1.8005461100493427, -4.949487331720631
-1.810340292742478, -4.9493897244207465
-1.820134643414412, -4.949290609081277
-1.8299318984446251, -4.949203337473189
-1.839726099515628, -4.949107530950885
-1.8495204689194265, -4.949010215900743
-1.8593177404207435, -4.948924744583902
-1.8691119595209345, -4.948830737334297
-1.8789063473078318, -4.948735221068832
-1.8887036349334638, -4.948651548538044
-1.8984978717150096, -4.948559339056984
-1.9082922775370852, -4.948465620072269
-1.918089580941088, -4.948383744823059
-1.9278838350570002, -4.948293331607116
-1.9376782585671786, -4.948201408399944
-1.9474755774044519, -4.948121328928573
-1.9572698485085864, -4.948032710475045
-1.9670642893606347, -4.94794258154294
-1.9768616232869165, -4.947864296346394
-1.9866559110339697, -4.947777471153313
-1.9964503688824944, -4.9476891349945396
-2.0062477175543663, -4.947612642570534
-2.0160420215998753, -4.947527609136659
-2.0258364961003266, -4.9474410642502065
-2.035633859175212, -4.947366363097206
-2.045428179175554, -4.9472831199220355
-2.0552226699842193, -4.947198364807633
-2.0650200471203743, -4.947125453424829
-2.074814382732763, -4.947043999008601
-2.0846088895067703, -4.94696103216671
-2.0944062803632892, -4.946889909054038
-2.1042006312457775, -4.946810241897731
-2.1139951536430894, -4.946729061829571
-2.1237925578799035, -4.946659725487711
-2.13358692369138, -4.946581844093047
-2.14338146137079, -4.9465024493005645
-2.153178878648665, -4.946434898230945
-2.1629732590488504, -4.946358801100388
-2.1727678116699947, -4.9462811900862835
-2.1825652416505292, -4.946215422791078
-2.1923596362999813, -4.946141108427845
-2.202154203523323, -4.946065279695564
-2.211951645868947, -4.9460012946777
-2.221746054429048, -4.945928761585754
-2.231540635915884, -4.94585471363951
-2.24133809028986, -4.945792509402665
-2.25113251242283, -4.9457217560867255
-2.2609271078352857, -4.945649487431462
-2.2707245739016995, -4.945589062480068
-2.280519009270586, -4.945520087445607
-2.2903136182716195, -4.945449596587038
-2.300111095695391, -4.945390949426295
-2.3099055439640663, -4.945323751179548
-2.3197001662174594, -4.9452550366241415
-2.329497654664332, -4.945198165759997
-2.339323876772814, -4.945379376607399
-2.3491979354037995, -4.945864188062049
-2.359099758776707, -4.946355078345524
-2.3690108035834605, -4.946797414235663
-2.3789286891350856, -4.947180072975895
-2.388809601462612, -4.947479044889666
-2.3986653037074306, -4.947705218190756
-2.4085059658331303, -4.947855402235821
-2.418348290768748, -4.947925756094616
-2.428190909198134, -4.947913658761673
-2.4380408704464074, -4.947763440074289
-2.447898115287333, -4.947487252953837
-2.4577633348158794, -4.947114166347476
-2.4676215011585145, -4.946648697798976
-2.4774710308287524, -4.9460902310760755
-2.487318946598601, -4.94544565177213
-2.4971534493487, -4.944699705408879
-2.5069777998129794, -4.943856392693369
-2.516795725031593, -4.94292429380664
-2.5266027578842807, -4.941896584486488
-2.5363968794820346, -4.9407743737373035
-2.5461836552207253, -4.939561801575707
-2.5559538282780982, -4.938248173230411
-2.5657065931120435, -4.936836622724476
-2.5754467058346284, -4.935332425002193
-2.5851681823643777, -4.933727627517006
-2.5948739241179113, -4.9320316989393715
-2.6045675837784437, -4.930245813207287
-2.614238365554148, -4.928359341157783
-2.62388859973456, -4.926375972015143
-2.633516553198373, -4.92429682119511
-2.6431247666384565, -4.922124561818049
-2.6527073923600923, -4.919852311376236
-2.6622680416933506, -4.917489474534292
-2.6718077584403988, -4.91503191737627
-2.6813233438197863, -4.912485816299241
-2.690805967509072, -4.909837007535765
-2.7002652067361734, -4.907097238051595
-2.7096960720184144, -4.904262955931434
-2.719096901236376, -4.901334908925006
-2.728463039224876, -4.898310292833576
-2.7378083612524913, -4.895201048942719
-2.747117248939784, -4.8919944799376625
-2.7563929248380763, -4.888695110032202
-2.7656333389864804, -4.885302754059641
-2.774833143996186, -4.881811925243326
-2.784004869870728, -4.878237709196326
-2.7931310105613685, -4.874563340377682
-2.8022301535424363, -4.870807689110298
-2.811278482656683, -4.866949205951766
-2.82029404597333, -4.863007253865489
-2.8292684535815273, -4.85897366109785
-2.838192115035328, -4.854843165356747
-2.8470804075545306, -4.850627276532718
-2.855923508704576, -4.846322095150102
-2.8647276411168376, -4.841932143373934
-2.8734817630857097, -4.837450172998273
-2.88218350809146, -4.832873953303425
-2.890845338384679, -4.828215847595931
-2.899452165699926, -4.823465542828934
-2.9078460289093457, -4.818756067048929
-2.9166376814199544, -4.813578300481481
-2.925266218339215, -4.808363438042268
-2.933764039569956, -4.803151511158664
-2.9421784506058515, -4.797877317042873
-2.950556737949898, -4.7925119784193
-2.958884493035109, -4.787067080557991
-2.967156488110885, -4.781538741689599
-2.9753653259112443, -4.775922679815299
-2.983533172008024, -4.770235416814791
-2.991631190976365, -4.764458156222903
-2.9996756660551793, -4.75860207894546
-3.0076649199711847, -4.752669183178212
-3.015593030331886, -4.746655661274367
-3.023452712846387, -4.740557564622378
-3.0312666710195035, -4.734390275482445
-3.0390054660061248, -4.728136764191886
-3.046685676045454, -4.721807413628972
-3.0543060796819006, -4.715404195615646
-3.0618601692096967, -4.708923830069825
-3.0693408423776516, -4.702362682189609
-3.0767712409375156, -4.695734910177454
-3.0841213400415857, -4.689025143137037
-3.091407940531287, -4.682242938216968
-3.0986302848269363, -4.675390176039468
-3.105781296661209, -4.668464130445128
-3.1128540885402707, -4.66146148010186
-3.119872177237909, -4.654395119848307
-3.1268050453625795, -4.647251371349937
-3.133669695667788, -4.6400389817111725
-3.140465811421576, -4.632759692283226
-3.147185791574879, -4.625411358249861
-3.1538229834424687, -4.617990981735807
-3.160401228836312, -4.610510152916993
-3.1668895867069073, -4.602956917985612
-3.1733052566480096, -4.595339216210404
-3.179648324543008, -4.587658618880221
-3.1859107339281327, -4.579913588240475
-3.192086069925969, -4.5721014677310725
-3.1981984619629396, -4.564232493424961
-3.2042166053795516, -4.556296473418589
-3.2101579014843162, -4.548300521262935
-3.2160227801164996, -4.540246018255794
-3.221802814261412, -4.5321320433622745
-3.227491816492934, -4.5239563041279345
-3.233114175192379, -4.515727633770215
-3.2386382785964463, -4.507437651621735
-3.244081751019647, -4.499092614356598
-3.249445297472869, -4.490693712561164
-3.2547202168659264, -4.482240633776802
-3.2599005134331347, -4.4737314621477795
-3.2650107985500054, -4.465173550839681
-3.2700191980183866, -4.456560377204546
-3.2749435780630685, -4.447897287611354
-3.2797848427779037, -4.439185297384467
-3.284534125012296, -4.430424690706597
-3.289185604843647, -4.421613965410398
-3.293764097230181, -4.412758946083286
-3.298237530126333, -4.40385503400312
-3.302624038428687, -4.3949066117099616
-3.3069246495997837, -4.3859145594309865
-3.3111304378283393, -4.376879719972828
-3.3152357215267774, -4.367801032387472
-3.319265446265117, -4.3586826804821985
-3.323187436089962, -4.349522097689457
-3.327020064672285, -4.340322602576267
-3.330764398024737, -4.331084976158322
-3.3344115463308555, -4.321810563068284
-3.33795591747652, -4.3124987797411505
-3.3414225683624323, -4.3031521250450355
-3.3447792669460106, -4.2937701084208655
-3.348044619759077, -4.284354889039822
-3.3512196773177836, -4.27490721240086
-3.354295686261812, -4.265428859939369
-3.3572670932449067, -4.255919762695156
-3.3601590395293286, -4.24638066939488
-3.3629392933742204, -4.236813214635132
-3.365614587274067, -4.227221372069066
-3.3681924137108212, -4.217604709824978
-3.3706696145478783, -4.20796134756478
-3.373052634377398, -4.198296429421544
-3.375332204357677, -4.188604831655486
-3.377511546248282, -4.17889461266475
-3.3790988768110184, -4.169099186474823
-3.380438323720805, -4.159298804729905
-3.381852828556243, -4.149541765984203
-3.383195344957976, -4.139765452279959
-3.384537946011924, -4.129975545285344
-3.3861454374891746, -4.120203686777218
-3.3881245531702007, -4.110398636531379
-3.390091077570966, -4.100643243329852
-3.391869899152967, -4.090837815321803
-3.39353294951488, -4.081020139963379
-3.3946196483358775, -4.071161433632726
-3.3954655753983856, -4.061296972765595
-3.396392606834444, -4.051477077667259
-3.397224280709339, -4.041664501380496
-3.398028368522108, -4.031713454626975
-3.3988284027001, -4.0217823302550935
-3.3996168533848072, -4.011851525572137
-3.4004001108304998, -4.001918544144003
-3.401192313849741, -3.991982514840239
-3.4019737069116163, -3.9820462598689703
-3.402750749768956, -3.9721089581766194
-3.403537625281418, -3.96216935545862
-3.4043143424411295, -3.9522301665244406
-3.405087237061482, -3.9422904665471017
-3.4058704869940883, -3.9323488715985766
-3.406643974524858, -3.9224080360265083
-3.407413950692502, -3.9124669760790356
-3.4081945855443494, -3.902524232643542
-3.40896568490613, -3.8925824264017868
-3.4097334495376033, -3.8826405474050785
-3.410512042507622, -3.8726971026191634
-3.411281224285264, -3.862754705181306
-3.412047167844656, -3.8528123247798987
-3.4128240350069214, -3.8428684436494605
-3.4135915628304008, -3.832925668294985
-3.41435590841685, -3.8229829586142867
-3.4151312317484246, -3.8130387833243145
-3.415897256545588, -3.8030957466645408
-3.4166601308884417, -3.793152802986892
-3.417434013650848, -3.7832084126386527
-3.4181986212092106, -3.7732651797754797
-3.418960096520995, -3.7633220554012246
-3.419732597785893, -3.7533774943067546
-3.420495837390495, -3.743434101760668
-3.421255955354847, -3.733490826635388
-3.4220271094490164, -3.7235461197325335
-3.4227890099467055, -3.7136025880940076
-3.423547795154508, -3.703659179137755
-3.42431762255026, -3.6937143405522446
-3.425078201344985, -3.6837706815174855
-3.42583566881719, -3.6738271483749125
-3.426604182229566, -3.6638821861911692
-3.4273634503180537, -3.653938406485273
-3.4281196097167927, -3.643994754733758
-3.4288868175165796, -3.6340496736580703
-3.4296447823069403, -3.624105777225947
-3.430399640292489, -3.6141620101679304
-3.431165548416386, -3.6042168130169343
-3.431922215305619, -3.5942728022480357
-3.432675776855697, -3.58432892191265
-3.433440389875776, -3.574383610444736
-3.4341957631330002, -3.5644394868571214
-3.434948032281179, -3.5544954945602307
-3.435711354003127, -3.544550069941148
-3.4364654372635135, -3.5346058345648936
-3.4372164175122872, -3.524661731222764
-3.437978451310249, -3.514716194286036
-3.438731247851571, -3.5047718478774943
-3.439480942403614, -3.494827634182112
-3.4402416914076244, -3.484881985574669
-3.440993204305043, -3.4749375287363375
-3.4417416161926306, -3.4649932052534926
-3.442501083393508, -3.455047445517162
-3.4432513156061897, -3.4451028787647466
-3.443998447763649, -3.435158445988921
-3.444756636071707, -3.4252125756060137
-3.4455055904913165, -3.4152678994059587
-3.44625144579556, -3.4053233577910387
-3.447008358073469, -3.3953773772098663
-3.447756037551298, -3.385432592000355
-3.448500618844525, -3.3754879419768145
-3.4492562579257062, -3.3655418516259648
-3.4500026652878746, -3.3555969578286744
-3.450745975390271, -3.345652199813191
-3.451500344089196, -3.3357060001095182
-3.452245482145158, -3.32576099813619
-3.4529875238620154, -3.315816132537034
-3.4537406249799782, -3.3058698238901387
-3.4544844965272805, -3.295924714146271
-3.4552252726529797, -3.2859797413663205
-3.4559771089813216, -3.276033324181047
-3.456719716808283, -3.266088107067956
-3.4574592301285354, -3.2561430275063863
-3.458209804450472, -3.2461965021842363
-3.4589511513376814, -3.2362511781002126
-3.459689404630773, -3.226305992153439
-3.460438719722188, -3.216359359094614
-3.461178808441964, -3.206413928440955
-3.461915804476716, -3.196468636513413
-3.4626638631037574, -3.1865218961273207
-3.4634026964214435, -3.1765763593071816
-3.4641384379632414, -3.1666309617955415
-3.4648852428910257, -3.1566841144779567
-3.4656228235699666, -3.146738471883527
-3.4663573133801955, -3.1367929691784133
-3.4671028673682547, -3.1268460153226973
-3.4678391981658336, -3.11690026734452
-3.4685724389999586, -3.1069546598349325
-3.4693167448019215, -3.09700759983283
-3.470051828469642, -3.0870617468598542
-3.470783823077263, -3.0771160349332116
-3.4715268834409185, -3.0671688691748886
-3.4722607227244566, -3.0572229115945033
-3.472991473849348, -3.047277095636675
-3.4737332915166723, -3.0373298245107487
-3.474465889155902, -3.0273837627087974
-3.47519539953605, -3.0174378431041196
-3.475935977243233, -3.007490466997669
-3.476667335972248, -2.997544301358472
-3.477395608339864, -2.9875982784897603
-3.478134948817328, -2.977650797788345
-3.4788650713644564, -2.9677045286947044
-3.4795921084459938, -2.95775840294326
-3.480330214418409, -2.9478108180309253
-3.4810591035062304, -2.937864445864141
-3.481784908022396, -2.927918217609772
-3.4825217822086905, -2.9179705288690516
-3.48324944055405, -2.9080240540089233
-3.4839740152198195, -2.8980777236299375
-3.4847096603331935, -2.888129931441871
-3.4854360906472093, -2.8781833542667057
-3.486159438171835, -2.868236922139927
-3.486893856919771, -2.858289026884063
-3.4876190619078486, -2.848342347770682
-3.488341184994872, -2.83839581427145
-3.489074380079148, -2.828447816325849
-3.4897983624409905, -2.8185010356495983
-3.490519263788256, -2.80855440115178
-3.4912512379049514, -2.798606300893021
-3.4919740003345683, -2.7886594190277694
-3.492693682634227, -2.778712683903762
-3.493424438473735, -2.768764481706953
-3.4941459836594504, -2.7588174990250995
-3.4948644495979773, -2.748870663645837
-3.4955939898450192, -2.738922359884614
-3.4963143204694864, -2.728975276757104
-3.497031572727688, -2.7190283414920624
-3.4977599000613178, -2.7090799365386067
-3.498479018801533, -2.699132753334925
-3.4991950600545567, -2.6891857185521286
-3.499922177148172, -2.67923721277716
-3.5006400866754785, -2.669289929865344
-3.501354919592822, -2.6593427959313742
-3.502080829114182, -2.6493941897041586
-3.502797532094281, -2.6394468074507995
-3.5035111593398067, -2.6294995747308
-3.504235863951031, -2.619550868419167
-3.5049513630439906, -2.609603387189423
-3.5056637872759353, -2.5996560560470963
-3.506387289633529, -2.589707250017434
-3.5071015874938016, -2.5797596701750276
-3.507812811364783, -2.569812240972656
-3.5085351141196273, -2.5598633355899163
-3.5092482133960523, -2.549915657497141
-3.509958239553085, -2.5399681305955792
-3.510679345350466, -2.5300191262232916
-3.5113912486862886, -2.5200713502410266
-3.512100079770783, -2.5101237259997142
-3.512819991250391, -2.500174622999983
-3.5135307012832615, -2.49022674948769
-3.514238339931052, -2.4802790282646567
-3.5149570597269975, -2.470329826998171
-3.51566657908899, -2.460381856313901
-3.51637302793033, -2.4504340384657706
-3.5170905586711467, -2.440484739291811
-3.5177988899887676, -2.4305366717922126
-3.5185041516483446, -2.4205887576742096
-3.519220495957012, -2.410639360950651
-3.5199276418512064, -2.4006911969909757
-3.520631718948157, -2.390743186956929
-3.521346879442099, -2.3807936930402476
-3.522052842528269, -2.3708454329743525
-3.522755737676183, -2.360897327376705
-3.523469716967283, -2.350947736621985
-3.524174499855284, -2.3409993808023426
-3.524876215662213, -2.331051179992153
-3.525589016356826, -2.3211014927530904
-3.5262926216509998, -2.311153041530789
-3.5269931607194778, -2.30120474585774
-3.527704785418432, -2.291254962486646
-3.52840721571759, -2.2813064162114043
-3.529106580644634, -2.271358026023805
-3.5298170319432547, -2.261408146871619
-3.5305182898407086, -2.2514595058917806
-3.5312164832178286, -2.2415110215365766
-3.531925763705935, -2.2315610469528644
-3.5326258517894944, -2.221612311615409
-3.533322876202712, -2.211663733438183
-3.5340309884646373, -2.2017136637711463
-3.534729909316631, -2.191764834421695
-3.5354257673464824, -2.181816162766672
-3.536132713961081, -2.171865998363152
-3.5368304701583595, -2.161917075345973
-3.5375251643799097, -2.1519683105560343
-3.538230947920563, -2.1420180517615153
-3.538927542034508, -2.132069035419528
-3.539621075017355, -2.1221201778362113
-3.540325698051988, -2.112169824994832
-3.541021132648526, -2.1022207156696133
-3.5417135069568175, -2.0922717656331105
-3.5424169720479037, -2.0823213190876624
-3.5431112496875175, -2.072372117119451
-3.5438024678799596, -2.0624230749686228
-3.5445047775845353, -2.0524725350605615
-3.5451979008222727, -2.0425232407882663
-3.5458879654521365, -2.0325741068606464
-3.546589122321809, -2.022623473930095
-3.5472810937072863, -2.0126740876912965
-3.547970007322421, -2.0027248623230958
-3.548670013903378, -1.9927741367088494
-3.549360835980803, -1.9828246588398055
-3.550048601123648, -1.9728753423659182
-3.5507474599566695, -1.9629245244054483
-3.5514371352648406, -1.9529749552411038
-3.5521237544724333, -1.9430255479951113
-3.5528214680929024, -1.9330746380245734
-3.5535099991652253, -1.9231249778985613
-3.554195474969208, -1.9131754802127372
-3.5548920459071165, -1.9032244785669754
-3.5555794352716106, -1.8932747278116229
-3.5562637701982482, -1.8833251400169402
-3.556959200978211, -1.8733740470294915
-3.5576454511575206, -1.863424205975827
-3.558328647727701, -1.8534745284019618
-3.5590229408689633, -1.8435233444050632
-3.5597080543803687, -1.8335734133828172
-3.5603901151096213, -1.8236236463581548
-3.5610832731260764, -1.8136723716827459
-3.5617672524815003, -1.8037223510203626
-3.562448179880004, -1.7937724948720017
-3.56314020528019, -1.7838211298477333
-3.5638230529862165, -1.7738710198723706
-3.5645028495588074, -1.7639210749261292
-3.5651937448459288, -1.7539696198813635
-3.5658754634038017, -1.7440194209189004
-3.566554131649984, -1.7340693874993223
-3.567243899321916, -1.7241178427611452
-3.5679244912275574, -1.7141675551361861
-3.5686020336415147, -1.7042174335665419
-3.569290676190814, -1.6942657994607606
-3.5699701439348317, -1.6843154234966415
-3.5706465630054365, -1.6743652140989396
-3.5713340829193565, -1.6644134909500934
-3.5720124289870507, -1.6544630269688854
-3.5726877271978728, -1.6445127300638698
-3.573374126958366, -1.6345609181952314
-3.574051353829746, -1.6246103665177478
-3.5747255336590684, -1.6146599824249115
-3.5754108157427953, -1.6047080821584965
-3.5760869258925845, -1.5947574431042955
-3.5767599898134024, -1.584806972141879
-3.5774441566917523, -1.5748549837984438
-3.5781191525894007, -1.5649042576858374
-3.578791103069444, -1.554953700170837
-3.5794741572085362, -1.545001624069891
-3.580148041318226, -1.535050811215944
-3.58081888081996, -1.525100167464116
-3.581500824680657, -1.5151480039239238
-3.5821735994613193, -1.5051971046444643
-3.58284333044196, -1.495246374970328
-3.583524166479875, -1.4852941243079143
-3.5841958343851954, -1.475343138917537
-3.5848644592967154, -1.4653923236343844
-3.585544189962225, -1.4554399861655387
-3.5862147534406548, -1.4454889149776076
-3.586882274729796, -1.4355380143975034
-3.5875609024680504, -1.4255855904367856
-3.5882303639628197, -1.4156344337634421
-3.5888967840711015, -1.4056834481972311
-3.589574311322028, -1.395730938057976
-3.590242673271143, -1.385779696210143
-3.5909079946348785, -1.3758286259674557
-3.591584423833202, -1.3658760299617787
-3.5922516886694735, -1.3559247032491655
-3.5929159137197684, -1.345973548638423
-3.593591247295013, -1.3360208670772225
-3.594257417446052, -1.326069455808327
-3.5949205486088243, -1.3161182171367418
-3.5955947889853253, -1.3061654503297093
-3.5962598668735604, -1.296213954811828
-3.596921906569542, -1.2862626323854134
-3.5975950561664614, -1.276309780641032
-3.598259044209145, -1.266358201180261
-3.5989199948538997, -1.2564067953038345
-3.599592056085223, -1.2464538589293883
-3.6002549566944424, -1.2365021958306273
-3.6009148206983714, -1.2265507068078148
-3.601585795972931, -1.216597686109393
-3.6022476115556183, -1.206645939676354
-3.6029063913239727, -1.1966943678095967
-3.603576283045454, -1.1867412630920964
-3.6042370160033945, -1.1767894336273064
-3.604894713936277, -1.1668377792178626
-3.6055635245032236, -1.156884590784995
-3.6062231772330704, -1.1469326785898
-3.606879795725457, -1.1369809419377521
-3.607547527531284, -1.1270276700920476
-3.6082061024245613, -1.1170756754666182
-3.6088616438663013, -1.1071238568708763
-3.6095282992993027, -1.0971705019136895
-3.6101857987424197, -1.087218425157027
-3.6108402655182554, -1.0772665249153337
-3.6115058469616206, -1.0673130871468446
-3.612162273335882, -1.0573609285567824
-3.6128156678254504, -1.047408946965719
-3.613480177657265, -1.0374554266849438
-3.6141355333388776, -1.0275031865581554
-3.6147878579167174, -1.0175511239131445
-3.615451298509978, -1.0075975214179351
-3.616105585870061, -0.9976452000499374
-3.616756842905633, -0.9876930566452478
-3.6174192166282597, -0.9777393722322997
-3.6180724380328604, -0.9677869699174567
-3.618722629890551, -0.95783474604621
-3.61938393910539, -0.9478809800110637
-3.620036096915485, -0.9379284970425931
-3.6206852259546167, -0.9279761929967664
-3.6213454730194576, -0.9180223456338164
-3.621996569590964, -0.9080697823037923
-3.6226446381658035, -0.8981173983742242
-3.623303825433381, -0.8881634699767192
-3.6239538631171744, -0.8782108265760789
-3.6246008735769477, -0.8682583630524718
-3.6252590033949583, -0.8583043539125225
-3.625907984536871, -0.8483516307310687
-3.626553939225767, -0.8383990879019969
-3.627211013936873, -0.8284449983105786
-3.627858940877714, -0.8184921956369855
-3.6285038421348954, -0.8085395737898965
-3.62915986407674, -0.7985854040368553
-3.6298067391522975, -0.7886325221586724
-3.630450589311915, -0.7786798215798932
-3.631105560817134, -0.7687255719539496
-3.6317513863581885, -0.758772611157608
-3.6323941877493864, -0.7488198321323485
-3.633048111145603, -0.7388655029211012
-3.6336928894779343, -0.7289124634919149
-3.6343346444248588, -0.7189596063042747
-3.6349875220347143, -0.709005197794207
-3.635631255479116, -0.6990520800163801
-3.6362719663009306, -0.689099144949349
-3.6369238004420783, -0.6791446574258319
-3.6375664913143617, -0.6691914615824619
-3.6382061603252533, -0.659238448917929
-3.638856953310372, -0.6492838826652252
-3.6394986039213775, -0.6393306090383085
-3.640137233430561, -0.629377519057063
-3.64078698756737, -0.6194228743583331
-3.6414276002229826, -0.6094695232287679
-3.6420651925347247, -0.5995163562105047
-3.6427139101259884, -0.5895616333478114
-3.6433534871271402, -0.5796082049954024
-3.643990044540751, -0.5696549612187279
-3.6446377278842883, -0.5597001604730378
-3.6452762715269715, -0.5497466551765028
-3.6459117963368293, -0.5397933349189374
-3.646558447725524, -0.5298384565701282
-3.6471959603007935, -0.5198848746070991
-3.6478304547963467, -0.509931478145082
-3.648476076518161, -0.49997652247194696
-3.6491125603121572, -0.49002286411897655
-3.649746026777933, -0.4800693917278713
-3.6503906211159123, -0.47011435900812093
-3.651026078409858, -0.4601606245406873
-3.65165851912548, -0.4502070764947844
-3.652302088357761, -0.4402519670050543
-3.6529365214279808, -0.43029815669756283
-3.653567938668166, -0.42034453327008536
-3.6542104850679933, -0.4103893472859376
-3.654843896185916, -0.4004354614117277
-3.6554742922204975, -0.3904817628748353
-3.656115818056225, -0.3805265006707649
-3.6567482094883976, -0.3705725395021138
-3.657377586582322, -0.3606187661269061
-3.6580180941174296, -0.3506634279763434
-3.6586494681255224, -0.34070939178447013
-3.659277828538871, -0.33075554384099287
-3.659917320031971, -0.32080013001630914
-3.6605476788727906, -0.3108460190713771
-3.661175024860782, -0.30089209682862444
-3.6618135025656238, -0.2909366076011361
-3.6624428484911244, -0.28098242217226116
-3.663069182304123, -0.2710284258981812
-3.663706648469613, -0.26107286153815357
-3.6643349837269032, -0.25111860189340485
-3.664960307610431, -0.2411645318549033
-3.6655967644806338, -0.2312088926315547
-3.66622409131198, -0.22125455903796057
-3.6668484075067274, -0.21130041550090492
-3.667483857320878, -0.20134470168241198
-3.6681101779637277, -0.19139029440596358
-3.668733488705563, -0.18143607763518768
-3.669367933698076, -0.171480289488688
-3.6699932503850556, -0.16152580879434364
-3.670615557905029, -0.15157151905365154
-3.67124900030551, -0.14161565684524874
-3.6718733152644383, -0.13166110299693806
-3.672494621788802, -0.12170674054910817
-3.6731270638220512, -0.11175080454387645
-3.67375037927595, -0.10179617780450444
-3.6743706870261525, -0.09184174291129407
-3.6750021309121825, -0.08188573337328127
-3.675624449079284, -0.07193103400473255
-3.676243760271995, -0.06197652692688149
-3.6768742082260357, -0.05202044411911407
-3.6774955313197917, -0.04206567238225689
-3.6781138481669005, -0.03211109337949187
-3.678743302399405, -0.022154937563978686
-3.6793636326284997, -0.012200093718669005
-3.679980957337131, -0.0022454430497076466
-3.680609420053788, 0.007710785512555757
-3.681228759622145, 0.01766570120746978
-3.6818450943946646, 0.027620423284914965
-3.6824725677964167, 0.03757672433394272
-3.683090918903204, 0.047531711620617326
-3.6837062659372295, 0.05748650484983437
-3.6843327522202642, 0.0674428781266454
-3.6849501170599144, 0.07739793674823675
-3.685564478548326, 0.08735280087351117
-3.6861899799041025, 0.09730924612012616
-3.6868063606663077, 0.10726437582078618
-3.6874197387972525, 0.1172193105873959
-3.688044257412498, 0.12717582754683252
-3.6886596562822342, 0.13713102807170544
-3.689272053239143, 0.1470860332259175
-3.689895591295872, 0.15704262164218663
-3.6905100104533997, 0.16699789273740445
-3.6911214284149905, 0.17695296802647062
-3.691743988090507, 0.18690962764457245
-3.6923574297113797, 0.1968649690572512
-3.6929678708516684, 0.20682011422940436
-3.6935894543185808, 0.21677684479532405
-3.6942019205736596, 0.22673225627355964
-3.694811387061969, 0.23668747107800936
-3.6954319964881956, 0.2466442723387135
-3.6960434895436527, 0.2565997536315778
-3.6966519835446277, 0.26655503781850676
-3.6972716210934027, 0.27651190952193944
-3.6978821431107356, 0.28646746037947673
-3.6984896667843428, 0.29642281370003687
-3.6991083346142353, 0.30637975559511504
-3.699717887750272, 0.3163353757683379
-3.700324443251813, 0.326290797974646
-3.7009421435167273, 0.3362478098112567
-3.701550729923639, 0.34620349905214143
-3.702156319403762, 0.3561589898972755
-3.702773054252952, 0.3661160714262706
-3.703380676078261, 0.3760718294877543
-3.7039853016829682, 0.3860273887257499
-3.704601073261046, 0.3959845396989437
-3.705207732647634, 0.40594036633491987
-3.7058113965182886, 0.4158959937207663
-3.70642620696523, 0.4258532138909305
-3.7070319060513497, 0.4358091088562455
-3.70763461032469, 0.4457648041458809
-3.7082484617758467, 0.45572209326674096
-3.708853202695126, 0.46567805631719006
-3.709454949503273, 0.47563381926749954
-3.7100678440893833, 0.48559117709373095
-3.7106716289708412, 0.4955472079860539
-3.711272420441304, 0.5055030383548634
-3.7118843602884963, 0.5154604646420887
-3.712487191256549, 0.5254165631339665
-3.713087029512232, 0.5353724606800412
-3.7136980167420415, 0.5453299551848247
-3.7142998959165068, 0.5552861210348763
-3.7148987830757303, 0.5652420855179151
-3.7155088198051054, 0.5751996479977601
-3.716109749301221, 0.5851558809655373
-3.716707687477723, 0.5951119121461701
-3.7173167758190266, 0.6050695423595143
-3.717916757747453, 0.6150258422054987
-3.7185137490503974, 0.6249819398452823
-3.719121891111428, 0.6349396375514942
-3.7197209275782592, 0.644896004037095
-3.7203169741122455, 0.6548521678985092
-3.7209241719962405, 0.664809932857886
-3.7215222651030113, 0.6747663657454324
-3.7221173689680844, 0.6847225955918768
-3.7227236247737303, 0.6946804275656386
-3.7233207766174297, 0.7046369266183804
-3.7239149399090903, 0.7145932222141685
-3.7245202557305297, 0.7245511209644565
-3.7251164684036047, 0.7345076859465571
-3.7257096932128153, 0.7444640470569169
-3.726314071139658, 0.7544220123467857
-3.7269093467300283, 0.7643786430233211
-3.7275016351432275, 0.7743350694143876
-3.728105077260558, 0.7842931010078064
-3.7286994178516206, 0.7942497971447591
-3.7292907719507253, 0.8042062885835722
-3.729893280339117, 0.8141643862454184
-3.7304866880097545, 0.8241211476096747
-3.7310771098721744, 0.8340777038641756
-3.731678686607686, 0.8440358673602331
-3.7322711634322845, 0.8539926937195802
-3.732860655130929, 0.8639493145586069
-3.7334613022851317, 0.8739075436555592
-3.7340528503335753, 0.8838644347786799
-3.7346414139368616, 0.8938211199719645
-3.735241133576833, 0.903779414437394
-3.7358317549145266, 0.9137363700938653
-3.7364193924863853, 0.9236931194120293
-3.737018186674725, 0.9336514790144119
-3.7376078833625948, 0.9436084989747002
-3.738194596962497, 0.9535653121892538
-3.738792467757334, 0.9635237366979582
-3.7393812418518375, 0.9734808207334149
-3.7399670335347737, 0.9834376976167482
-3.740563982989774, 0.993396186802028
-3.7411518365429144, 1.0033533346848862
-3.7417367083594284, 1.0133102750102705
-3.7423327385238117, 1.0232688286432643
-3.74291967358314, 1.033226040146636
-3.7431291458001983, 1.0431540044652463
-3.74308164496494, 1.0530828227133922
-3.7431693737867864, 1.062961691760849
-3.7433546267214095, 1.0728298165731844
-3.7436340675476214, 1.0826930131434709
-3.7440082855098873, 1.0925511160833499
-3.744478202500325, 1.1024034794734494
-3.745044648098018, 1.112249418577371
-3.745708310066904, 1.122088213182852
-3.746469744871894, 1.131919105107235
-3.7473293960250733, 1.1417412997122123
-3.7482876112803094, 1.1515539691541112
-3.749344657315505, 1.161356256245486
-3.7505007319628256, 1.1711472783892019
-3.751755974310048, 1.1809261313148995
-3.753110473018006, 1.1906918924900558
-3.7545642731644957, 1.2004436241576528
-3.7561173818786875, 1.2101803759970085
-3.7577697729851405, 1.219901187428137
-3.759521390836985, 1.2296050895915955
-3.761372153484665, 1.23929110704015
-3.7633219552992623, 1.248958259178908
-3.765370669147352, 1.258605561488618
-3.767518148196431, 1.2682320265638098
-3.7697643031368266, 1.2778368324988536
-3.772108734143123, 1.287418160383435
-3.774551186816046, 1.2969749296948785
-3.7770914516116916, 1.3065061952883692
-3.7797292898801573, 1.3160109742761323
-3.7824644473826528, 1.325488283182203
-3.785296730376661, 1.3349372095977468
-3.788225500534192, 1.3443557363866796
-3.7912504443014305, 1.3537429194124626
-3.7943712496200566, 1.3630978118523558
-3.7975875862445037, 1.372419454147695
-3.8008991123459444, 1.3817068897390605
-3.8043054756488592, 1.3909591663901635
-3.807806313754262, 1.4001753363516467
-3.8114012543178064, 1.4093544564214615
-3.815089915191078, 1.4184955879958991
-3.818871904546782, 1.427597797120986
-3.8227468209931916, 1.4366601545450866
-3.82671425368015, 1.4456817357724285
-3.83077378239808, 1.454661621117205
-3.834924977671133, 1.4635988957578825
-3.8391674008453385, 1.4724926497914663
-3.8435006041724384, 1.4813419782874748
-3.8479241308899326, 1.4901459813414402
-3.852437515297773, 1.4989037641277927
-3.857040282831984, 1.50761443695203
-3.861731950135489, 1.516277115302094
-3.8665120251262546, 1.5248909198989142
-3.8713800070629625, 1.5334549767461056
-3.8763353866082246, 1.541968417178833
-3.881333847302749, 1.5503574272973712
-3.8863422878086946, 1.5585965555932912
-3.8914879938925107, 1.5668569369600993
-3.8967526229651805, 1.5751083279463944
-3.902084133453959, 1.5832786049398466
-3.9075014127794834, 1.5913947081241435
-3.9130006232810715, 1.5994518074063275
-3.9185858049635045, 1.6074553388486315
-3.924251557628298, 1.615398574283422
-3.9300018026656622, 1.6232865507734673
-3.935831130327696, 1.6311126981071937
-3.9417435269275574, 1.638881889273401
-3.947733566474785, 1.646587720664068
-3.9538052983163183, 1.6542349183478584
-3.959953257548397, 1.6618172342954298
-3.966181554923935, 1.6693392600170387
-3.9724846688787334, 1.676794893955816
-3.979130767759464, 1.6841578293463855
-3.985781486337019, 1.690996810116473
-3.992513899212027, 1.6977669219224634
-3.9994340107626014, 1.7046506713509035
-4.006484450955976, 1.7115898502829394
-4.013520484755061, 1.7184792520823837
-4.020570410977881, 1.725358894762482
-4.027628787184034, 1.7322286856163718
-4.034699053446591, 1.739094508910039
-4.041774431992756, 1.7459526385212176
-4.0488586340302595, 1.752808443123057
-4.0559455173870225, 1.7596579943642021
-4.0630391403387645, 1.766506514768673
-4.0701337985729715, 1.773349902433204
-4.077233782793295, 1.780193252626045
-4.0843336804231924, 1.7870323125491838
-4.091437937052217, 1.7938720749861838
-4.0985413363164644, 1.8007081669613105
-4.105648427817187, 1.8075455029417615
-4.112754128623033, 1.8143796185011738
-4.119863058812361, 1.821215369960536
-4.126970227136788, 1.8280482250675272
-4.133747864741436, 1.8353380765050245
-4.140363383085017, 1.842718482758142
-4.147028763712461, 1.8499452122853774
-4.153751411020315, 1.8570860879009234
-4.160533856800146, 1.8641466813990495
-4.1673708814001165, 1.871141362505546
-4.174270749270497, 1.878076501269366
-4.181230219158604, 1.8849457499516902
-4.188254721401202, 1.8917519402294323
-4.195340009532687, 1.8984888203599526
-4.2024913574016844, 1.9051595144670654
-4.209703893652861, 1.911758146294364
-4.216982797074333, 1.9182880346274949
-4.224322695120846, 1.9247435792711036
-4.231728721343565, 1.9311282009630033
-4.2391950997881525, 1.9374365145344143
-4.246726964323916, 1.9436719847490762
-4.254318207315231, 1.949829404751194
-4.261974000756787, 1.9559122468362709
-4.269687955269123, 1.9619154594324821
-4.277465311356797, 1.9678424988193226
-4.285299431262758, 1.9736884537620334
-4.293195648290286, 1.979456748825074
-4.301147097659842, 1.9851426032916515
-4.309159225031505, 1.9907493990708478
-4.31722495151512, 1.996272479663794
-4.325349851083588, 2.001715176236927
-4.3335266378612385, 2.0070729528035063
-4.341761027342763, 2.012349083355425
-4.350045529934221, 2.0175391507360887
-4.358386013730804, 2.022646366220743
-4.366774786212658, 2.0276664314450743
-4.375217877453054, 2.0326024898203463
-4.38370739131002, 2.037450363109694
-4.392249527799704, 2.04221312178673
-4.400836185676923, 2.046886710245132
-4.409473741638395, 2.051474120814741
-4.418153887574069, 2.055971424028277
-4.426883182484157, 2.0603815286050273
-4.435722317021965, 2.064729696162437
-4.444448151381959, 2.06892096642664
-4.453119573862259, 2.0729556576392905
-4.461887058941773, 2.076931580325387
-4.470691109395976, 2.0808218772167804
-4.47953209858773, 2.0846244345614964
-4.488410102829137, 2.088338858000997
-4.497324297075055, 2.0919644702230036
-4.5062738936715885, 2.0955006452748783
-4.515258088313177, 2.0989467990320696
-4.524276052044148, 2.1023023798427105
-4.533326935658281, 2.105566866028128
-4.542409872102372, 2.108739763436392
-4.551523978504342, 2.111820603245642
-4.560668357981048, 2.114808940052495
-4.569842101220211, 2.1177043502000545
-4.5790442878649475, 2.1205064303149084
-4.588273987726244, 2.123214796027341
-4.597530261845278, 2.1258290808521094
-4.606812163424995, 2.1283489352100795
-4.616118738648032, 2.1307740255734937
-4.625449027395997, 2.1331040337197895
-4.6348020638832015, 2.135338656080746
-4.644176877216336, 2.13747760317534
-4.6535724918900145, 2.139520599116091
-4.662987928226887, 2.141467381179908
-4.672422202769816, 2.143317699435518
-4.681874328632627, 2.1450713164204975
-4.691343315815055, 2.1467280068617414
-4.70082817148676, 2.1482875574339486
-4.710327900244573, 2.1497497665513365
-4.7198415043466095, 2.1511144441883485
-4.729367983926366, 2.1523814117256435
-4.738906337189468, 2.153550501818059
-4.7484555605953735, 2.154621558281668
-4.758014649026024, 2.1555944359973425
-4.767582595943196, 2.1564690008286
-4.77715839353597, 2.1572451295517117
-4.786741032859609, 2.157922709796332
-4.796329503966997, 2.1585016399951082
-4.805922796033531, 2.1589818293408696
-4.815519897476331, 2.1593631977502437
-4.825129304317187, 2.159455597145174
-4.834750357790224, 2.15919263188872
-4.844387590188862, 2.1588336054320383
-4.854033080729723, 2.1584298755931655
-4.863685319673815, 2.1579906027985047
-4.87334278464978, 2.157520367043962
-4.8830042115611425, 2.1570229276227884
-4.892668644485457, 2.156501598652284
-4.902335355050504, 2.1559593124667975
-4.912003788097317, 2.155398655813663
-4.921673520972185, 2.1548219042199737
-4.931344232184068, 2.154231055247059
-4.94101567741971, 2.1536278597286924
-4.950687671204615, 2.1530138504737764
-4.960360072888256, 2.152390368253162
-4.970032775940827, 2.151758585091938
-4.979705699784483, 2.151119524999547
-4.98937878356305, 2.1504740823260255
-4.999051981393468, 2.14982303795583
-5.00872525874912, 2.149167073554628
-5.018398589707228, 2.148506784077316
-5.028071954855488, 2.147842688732418
-5.037745339701288, 2.147175240582072
-5.047418733463886, 2.146504834939929
-5.057092128158193, 2.145831816712521
-5.066765517900431, 2.1451564868137276
-5.076438898382521, 2.144479107767184
-5.086112266474695, 2.14379990859801
-5.09578561992545, 2.143119089103038
-5.105458957135374, 2.1424368235778855
-5.1151322769869525, 2.141753264069544
-5.124805578716775, 2.1410685432146006
-5.13447886181982, 2.1403827767157364
-5.144152125977959, 2.139696065502451
-5.153825371006756, 2.139008497616222
-5.163498596816011, 2.138320149855186
-5.1731718033807, 2.1376310892089863
-5.182844990719623, 2.1369413741105503
-5.192518158879904, 2.1362510555281236
-5.20221520286224, 2.135371678648413
-5.211943190521429, 2.134239393585337
-5.221700915397236, 2.133108293894172
-5.231473341718609, 2.1320298371723188
-5.2412575303803575, 2.1310142674797135
-5.251078388175079, 2.1305980203069774
-5.260833854567346, 2.130393679212628
-5.2705472415300525, 2.130131470178526
-5.280246439902217, 2.1298928282446905
-5.289967537959303, 2.129620633800207
-5.299723151929725, 2.1294338864978455
-5.309507653314956, 2.1292678415943764
-5.3192935745770145, 2.1291140819834586
-5.329082936163202, 2.128957545847109
-5.33887088250407, 2.1288172238945178
-5.348693558728052, 2.128423982737353
-5.358559769527313, 2.1277337040940547
-5.368454323003629, 2.127042825051139
-5.37835820624694, 2.1264060305354704
-5.388231376984978, 2.1258510260206855
-5.398081136088215, 2.1253706291606296
-5.407915117114315, 2.1249663885549643
-5.417752797963836, 2.124641742992049
-5.427593132412742, 2.124399281892644
-5.437445501219138, 2.1242767011701478
-5.447304100753235, 2.1242945032774987
-5.457174812597166, 2.124413444568289
-5.4670392608285745, 2.1246295010708693
-5.476901521006106, 2.1249344772457386
-5.486757327296673, 2.1253345548805878
-5.496612647111961, 2.1258207902007076
-5.50645869370041, 2.1264046985111946
-5.516298132920641, 2.127082129553316
-5.526127292151011, 2.1278584876576936
-5.535948545657762, 2.1287254326777885
-5.545764950071488, 2.1296826289697313
-5.555566425792394, 2.130741995097232
-5.565354707979452, 2.131897921184949
-5.575132041295099, 2.133147624220539
-5.584893285516893, 2.13449833746261
-5.594642873352667, 2.1359405318669604
-5.60437565223341, 2.137477988791159
-5.6140973574813655, 2.1391066258898594
-5.623797314098966, 2.140837494916954
-5.6334792199382875, 2.1426634521367
-5.643136845136586, 2.144591283344501
-5.652780123590648, 2.1466079872193338
-5.662402023357144, 2.148720886001746
-5.672004644886157, 2.1509236294829597
-5.6815766952304365, 2.153232865794471
-5.691135221805363, 2.155624756452154
-5.700660430719503, 2.158119630853907
-5.710162624443057, 2.160706346373798
-5.71963845902079, 2.163388446543424
-5.729081468437577, 2.166167882410751
-5.738505883875352, 2.1690324747445247
-5.747896415208507, 2.1719952622257006
-5.757256178634684, 2.1750516157805344
-5.766583124786677, 2.1782017633970527
-5.7758729721730475, 2.181448900733285
-5.785136328544415, 2.184782517020229
-5.794365417596738, 2.188208639938172
-5.8035571728695, 2.1917274682816346
-5.812708489220059, 2.1953437915399396
-5.821830634090437, 2.1990430709823765
-5.830903467212805, 2.2028442664837757
-5.839946921438477, 2.2067283825750392
-5.848949407772751, 2.2107010575854718
-5.857909009001651, 2.2147686253871592
-5.866817896427355, 2.2189339989046823
-5.875688373332575, 2.223182949211765
-5.884519244042077, 2.22751796813606
-5.8933020392060484, 2.2319451144181355
-5.902032161937107, 2.236467359402722
-5.910722749878928, 2.24107176881589
-5.9193589310316845, 2.24576870505381
-5.927946292635807, 2.250553779676024
-5.93646882256608, 2.255408251276639
-5.945153245487309, 2.260583599703592
-5.953766693950206, 2.2658194082838627
-5.962202925667979, 2.2710316594834876
-5.97060455968121, 2.276346055083908
-5.978970881763719, 2.2817361503579243
-5.98727062078307, 2.2872181968859078
-5.9955199973894295, 2.292780453945135
-6.003717066989479, 2.298420947356048
-6.01185622462498, 2.3041438531207623
-6.019930070893336, 2.3099533653135564
-6.027961005803503, 2.3158333972309757
-6.0359199584260566, 2.3218020076856813
-6.0438233386873925, 2.327848324334746
-6.051669648992423, 2.3339703502643743
-6.059452741764176, 2.340171678049705
-6.067165413088248, 2.3464561154140924
-6.07483055066198, 2.3528087593275147
-6.082418464316151, 2.3592459905098293
-6.089945821642616, 2.365757757531295
-6.097411585356116, 2.372342119139073
-6.104809017950707, 2.3790021410933067
-6.112131099775027, 2.3857413351594623
-6.119401128612783, 2.392546040557331
-6.126588877544041, 2.3994309562804084
-6.133711229340985, 2.406386845490049
-6.140767603538015, 2.4134118781876026
-6.147750707375761, 2.42050855479776
-6.1546537457669785, 2.427680070989378
-6.161500370487152, 2.434914045511781
-6.168259888345157, 2.44222347617502
-6.174949379860618, 2.449599936045152
-6.181568693729786, 2.457041747559911
-6.188110038107405, 2.464550815632757
-6.194566854942538, 2.4721300046717456
-6.200963104553765, 2.4797682563889563
-6.20726769552927, 2.487476829975013
-6.213497907858753, 2.4952481108187143
-6.219653972656403, 2.503080601105928
-6.225727675092166, 2.51097559421254
-6.231712690009683, 2.518935605664029
-6.237633246862659, 2.5269509551243003
-6.243457912306339, 2.5350311226774322
-6.249204179180049, 2.5431693266711335
-6.254872600564118, 2.5513642561686916
-6.260454631688279, 2.559616583849426
-6.265944166048629, 2.567928453219443
-6.271365677188044, 2.576291617665008
-6.276687441729746, 2.584713728276311
-6.281927180414641, 2.5931888817088744
-6.28708568238163, 2.6017159653698614
-6.2921541660782605, 2.610295052291873
-6.297126709905245, 2.6189278965656753
-6.302028005927256, 2.6276077513375955
-6.3068260940712815, 2.6363403806060455
-6.311538951768396, 2.645120802984659
-6.316167539594199, 2.653948062565414
-6.320702953408898, 2.6628216514997924
-6.3251394374831555, 2.671742902834222
-6.329501864603975, 2.6807066321476225
-6.333758117850875, 2.689716631150489
-6.337926427131327, 2.6987689291436054
-6.342007841841498, 2.7078626992479435
-6.345993436346767, 2.7169968981122814
-6.349877572374358, 2.7261723986359523
-6.353685241877482, 2.7353856729601715
-6.35738423745136, 2.744638468052317
-6.36099302610047, 2.7539279170623
-6.364512676925688, 2.7632532595481676
-6.367934343828194, 2.7726129693075907
-6.371252455294074, 2.7820074330625055
-6.374492105621133, 2.791434841401475
-6.377621055998471, 2.8008948450012343
-6.380658000898333, 2.810385765820938
-6.383603968305253, 2.8199068545396586
-6.3864502816161375, 2.8294561776934
-6.38918705944506, 2.8390311243948645
-6.39182878525589, 2.8486345875288532
-6.394365910250651, 2.858260824233138
-6.3968074015467336, 2.8679136945061434
-6.399145552061444, 2.877588609739468
-6.401407703643288, 2.8872885396050494
-6.403543531527224, 2.89700818727785
-6.405598436993048, 2.9067467502695834
-6.4075450245657, 2.9165088348258434
-6.409395040676703, 2.9262882663159053
-6.411149474313329, 2.9360828308839246
-6.412802296435069, 2.9458987437637933
-6.414354155913643, 2.955726551040259
-6.415824886149708, 2.965571294147322
-6.4171766910705745, 2.975429925264764
-6.418433024268405, 2.9852989166738495
-6.41958935394156, 2.995179027523322
-6.4206583764631135, 3.005072192735957
-6.421610039564871, 3.014973449478826
-6.422471827212578, 3.0248840992621226
-6.423233681565978, 3.0347995329013604
-6.4239079127084535, 3.0447279979050115
-6.424458471526301, 3.0546552531730233
-6.424924361148555, 3.0645910014479107
-6.4252927847870955, 3.074526168593472
-6.425572837400098, 3.0844746909991816
-6.425733688299688, 3.0944159339288957
-6.425805714440474, 3.1043592700866354
-6.42577365214985, 3.1142987835344003
-6.425653561100047, 3.1242471510219567
-6.42542686851729, 3.1341370066846364
-6.425087221583719, 3.144195730298308
-6.424656280633976, 3.1542234311259936
-6.424119271703665, 3.1642418796134355
-6.423481851490671, 3.1742554129771596
-6.422756374586177, 3.184267690658905
-6.421924304598312, 3.194270399768505
-6.420992029919433, 3.2042646273082056
-6.419972061511405, 3.2142547736302696
-6.41884608232291, 3.224232040709878
-6.417620391468318, 3.234197718218993
-6.416307418687878, 3.244156635790393
-6.4148890933390295, 3.2540995177950682
-6.413371620487852, 3.2640278399807197
-6.411767329248771, 3.2739468217960592
-6.410058396725352, 3.283846684517566
-6.408250926427808, 3.2937290762471343
-6.406357138222769, 3.3035995907595885
-6.404359479813979, 3.31344795072736
-6.402263924621685, 3.323276060768756
-6.400082655972566, 3.333089531299289
-6.397798537271089, 3.3428772989395568
-6.395417460640048, 3.3526412855843093
-6.392951482684808, 3.362387671685367
-6.390383641333332, 3.372105203245378
-6.387719690042217, 3.3817961246465997
-6.384971501446193, 3.3914670799851896
-6.382122587033487, 3.4011058734846484
-6.379178765350436, 3.4107145212200805
-6.376151810798166, 3.4203000128405536
-6.373025430184203, 3.4298501157575525
-6.369805115320943, 3.439367456587156
-6.3665024822906116, 3.4488593221055517
-6.3631015988973685, 3.4583129895405107
-6.359607818660406, 3.4677312538852445
-6.356032584586594, 3.4771217411177076
-6.352360336098926, 3.4864712565459204
-6.348596284097409, 3.495782759828424
-6.344751684317493, 3.505064205748264
-6.340811361827731, 3.51430193937362
-6.336780382627902, 3.5234990833397637
-6.332669806832218, 3.5326639164814213
-6.3284648596511675, 3.541782335647489
-6.324170458675068, 3.5508576203707527
-6.319797441922562, 3.5598983556018666
-6.315331327238892, 3.568889933413542
-6.310776808354108, 3.57783576262391
-6.306144488089386, 3.586744718535321
-6.301420448089475, 3.595601854614148
-6.296609317214586, 3.604410766946669
-6.29163369674545, 3.613306115485751
-6.28681621605891, 3.6217599048790086
-6.281973774799539, 3.630262387234803
-6.2769788016290935, 3.638739408571236
-6.271882845972583, 3.647171390909553
-6.266700603101574, 3.65555466253754
-6.261436015778929, 3.663888610889934
-6.256087166881585, 3.6721624747497525
-6.250657683131646, 3.6803811708400884
-6.2451523748793925, 3.6885572407612415
-6.239564714523401, 3.6966717157876916
-6.233897696657485, 3.704728523691235
-6.228155800189775, 3.712740386825209
-6.222333069334232, 3.720688161244031
-6.216432421106413, 3.728575888337106
-6.210457997722093, 3.7364164055738085
-6.204404429601185, 3.744190384066808
-6.1982745336786875, 3.7519019808466023
-6.1920720886388105, 3.759564137812613
-6.185792304365984, 3.7671573647336287
-6.179437885074963, 3.7746859285060403
-6.173012255004355, 3.7821628500435254
-6.166511214676558, 3.789568486682404
-6.159937346772074, 3.796907209749096
-6.153293702463487, 3.804192115192167
-6.14657666929466, 3.8114034349014703
-6.139788701028418, 3.8185456397614215
-6.132932469749337, 3.82563188522257
-6.126004954431856, 3.8326422976069585
-6.119008472199217, 3.839581441422588
-6.111945312374768, 3.8464625198164364
-6.104813051055108, 3.8532655741319806
-6.097613867812216, 3.8599952546272487
-6.090349661442289, 3.86666480090741
-6.083018605963601, 3.8732541935382354
-6.075622739146342, 3.8797681628691154
-6.068163569148575, 3.886219972445177
-6.060639875667074, 3.8925895614343973
-6.053053555418558, 3.898881730494849
-6.045405722351888, 3.905109755736647
-6.037695757791312, 3.911253560010606
-6.029925414064198, 3.9173180096940414
-6.022095411038613, 3.9233163837436895
-6.014205736668998, 3.9292286104207346
-6.006257998951403, 3.9350596134997073
-5.998252524563386, 3.940822663271101
-5.99018991023256, 3.9464977135513006
-5.982071622332647, 3.952089736376606
-5.973897588811594, 3.9576119847938416
-5.965669009723925, 3.9630444639692874
-5.957387208829369, 3.968392188240302
-5.949051717215991, 3.9736683821917524
-5.94066433831231, 3.9788531226167496
-5.93222625487785, 3.983951457966773
-5.923736601434397, 3.988976574320061
-5.915197779743917, 3.9939086425418977
-5.906610832121797, 3.998752738230762
-5.897974498008698, 4.003521998869867
-5.889291777545245, 4.008196706406345
-5.880563576330318, 4.012781951828991
-5.871788238301417, 4.017290814194374
-5.86296935195734, 4.021703713129717
-5.8541073288608425, 4.026034536580851
-5.845202722039159, 4.030282881932219
-5.836256168600219, 4.034441121409455
-5.827269553622066, 4.038504341814625
-5.81824081037211, 4.042489707242245
-5.809173731877575, 4.046382617995891
-5.800069767616074, 4.050176396056955
-5.790926053856215, 4.053889721810987
-5.781746450245289, 4.057507374746315
-5.772531154867028, 4.061035258692861
-5.763283057809709, 4.064462861181922
-5.753998027194476, 4.067808291063043
-5.744682962986685, 4.071055905657004
-5.735333084657869, 4.07421780294201
-5.725954838674081, 4.077279039439056
-5.716429708487618, 4.079738455818351
-5.706916920398229, 4.081970302019184
-5.6974760172627485, 4.084227790376392
-5.688031764502825, 4.08641012299156
-5.678587300925536, 4.088661640717287
-5.669125228188853, 4.0908412075888725
-5.659671306301413, 4.093089089011103
-5.650202850938516, 4.095249672915836
-5.6407502817685735, 4.097484371561651
-5.6313062712033854, 4.099728506761836
-5.621860246651218, 4.101962757878393
-5.612412109134648, 4.104187158891131
-5.602962513912775, 4.106402790380438
-5.593511724081876, 4.108610803475516
-5.584059952314469, 4.1108122301373555
-5.5746073758030885, 4.113007975732902
-5.565154140633059, 4.115198833166611
-5.5557003679818635, 4.1173854963157925
-5.5462461588338, 4.119568572103585
-5.536791597696777, 4.121748591209887
-5.527336755573295, 4.123926017522471
-5.5178816923433605, 4.1261012564563435
-5.508426458684577, 4.1282746622640705
-5.498971097626686, 4.130446544450894
-5.489515645816176, 4.1326171733984545
-5.480060134550009, 4.134786785290779
-5.470604590624564, 4.1369555864264
-5.461149037036152, 4.1391237569912045
-5.451693493561656, 4.141291454358166
-5.442237977241895, 4.143458815972357
-5.4327825027857495, 4.145625961872741
-5.423327082909367, 4.147792996896009
-5.413871728621922, 4.149960012602225
-5.4044164494672415, 4.152127088957161
-5.3949612537287575, 4.1542942958019236
-5.385506148603893, 4.156461694136614
-5.37605114035283, 4.158629337241478
-5.366596234425771, 4.160797271656059
-5.357141435572028, 4.162965538034311
-5.347686747933758, 4.165134171891311
-5.338232175126631, 4.167303204255306
-5.328777720309389, 4.169472662237107
-5.3193233862439095, 4.171642569527224
-5.309869175347133, 4.173812946829984
-5.300415089736024, 4.1759838122425545
-5.290961131266519, 4.178155181585868
-5.2815073015673315, 4.180327068693584
-5.2720536020692945, 4.182499485664329
-5.262600034030842, 4.184672443081992
-5.253146598560173, 4.186845950208007
-5.2436932966345235, 4.189020015149249
-5.23424012911696, 4.191194645004616
-5.2247870967709575, 4.193369845993013
-5.215334200273145, 4.195545623565068
-5.20588144022439, 4.197721982500689
-5.196428817159449, 4.199898926994217
-5.186976331555403, 4.202076460728793
-5.177523983838999, 4.20425458694125
-5.168071774393046, 4.206433308478803
-5.158619703562027, 4.208612627848516
-5.1491677716569555, 4.210792547260493
-5.139715978959641, 4.212973068665594
-5.1302643257264, 4.215154193788352
-5.120812812191292, 4.217335924155737
-5.111361438568959, 4.219518261122214
-5.101910205057082, 4.221701205891682
-5.092459111838542, 4.223884759536577
-5.083008159083314, 4.226068923014597
-5.073557346950093, 4.228253697183253
-5.0641066755877455, 4.230439082812605
-5.054656145136535, 4.232625080596381
-5.045205755729254, 4.234811691161675
-5.035755507492149, 4.2369989150773995
-5.026305400545766, 4.239186752861698
-5.016855435005683, 4.2413752049884
-5.0074056109831355, 4.243564271892645
-4.997955928585587, 4.245753953975807
-4.988506387917202, 4.247944251609794
-4.979056989079271, 4.250135165140792
-4.96960773217058, 4.252326694892533
-4.9601586172877505, 4.254518841169181
-4.950709644525499, 4.256711604257782
-4.9412608139768945, 4.258904984430491
-4.93181212573357, 4.261098981946438
-4.922363579885919, 4.263293597053404
-4.912915176523245, 4.265488829989273
-4.903466915733925, 4.2676846809832805
-4.894018797605512, 4.269881150257145
-4.884570822224869, 4.27207823802601
-4.875122989678244, 4.2742759444992995
-4.865675300051362, 4.2764742698814375
-4.856227753429494, 4.278673214372515
-4.846780349897531, 4.2808727781688285
-4.837333089540031, 4.283072961463379
-4.827885972441263, 4.2852737644462975
-4.818438998685263, 4.287475187305211
-4.808992168355862, 4.289677230225585
-4.79954548153672, 4.291879893390986
-4.7898418825962015, 4.293520812135153
-4.7802001666983145, 4.295046276846989
-4.7707099203050305, 4.296794062021309
-4.761256316554299, 4.29861025775614
-4.751813640520081, 4.300492500492973
-4.742423514851285, 4.302636267032101
-4.7330956249535125, 4.305095790633837
-4.723767719105409, 4.307629042537978
-4.7144390021980636, 4.310190083817592
-4.705111243224608, 4.312771415458267
-4.695784670174196, 4.315370171320472
-4.686459340236343, 4.317984217615874
-4.677135263747998, 4.320611718642998
-4.667812416820444, 4.323251070804165
-4.658490753702286, 4.325900871719567
-4.649170215426509, 4.328559895441856
-4.639850735905662, 4.33122707072285
-4.630532246233601, 4.333901461797951
-4.621214677655598, 4.3365822514386725
-4.611897963555528, 4.339268726047783
-4.602582040724403, 4.34196026257989
-4.593295158437036, 4.344849534308671
-4.5840367955303805, 4.34798621755987
-4.574744537802948, 4.351128348396488
-4.565421668314363, 4.354226637893942
-4.556071731827947, 4.357269872248673
-4.546695708175345, 4.360252047751179
-4.537294247228043, 4.363168283685956
-4.527867890406406, 4.36601432120293
-4.518257012959136, 4.368213416194095
-4.508690714663715, 4.370225764714348
-4.499183427274085, 4.372274777230251
