-3.2202679421139835, 4.4864614184086555
-3.2104734241708432, 4.486548937984765
-3.2006762357624967, 4.486648298711645
-3.1908819383964833, 4.48673902006009
-3.181087434882245, 4.486828181430412
-3.171290262955924, 4.486929183904954
-3.1614959806261944, 4.487021546093184
-3.151701491805378, 4.48711234784406
-3.141904336623756, 4.487214990652251
-3.132110069594012, 4.487308992267242
-3.12231559573043, 4.487401432985948
-3.112518457555474, 4.487505714714702
-3.1027242060887077, 4.487601354344361
-3.092929747445467, 4.487695432619103
-3.0831326265384456, 4.487801351856276
-3.0733383908969416, 4.487898628089449
-3.0635439477364503, 4.487994342509368
-3.0537468443579208, 4.488101897843752
-3.0439526248032673, 4.488200809270221
-3.034158197387224, 4.4882981584254
-3.0243611117970493, 4.4884073484467235
-3.014566908590128, 4.488507893657197
-3.0047724971795318, 4.488606876138658
-2.9949754296368734, 4.4887176994375855
-2.985181243037867, 4.488819877023736
-2.9753868478930205, 4.488920491423432
-2.965589798656339, 4.489032946591584
-2.955795628924732, 4.489136755146006
-2.9460012503052315, 4.48923900005684
-2.936204219632292, 4.489353085686762
-2.9264100670268696, 4.489458523802992
-2.9166157051916204, 4.489562397818812
-2.9068186933394906, 4.489678112504008
-2.8970245581183436, 4.489785178776538
-2.8872302133255525, 4.4898906804921275
-2.877433220550604, 4.490008022827044
-2.867639102971125, 4.490116715851297
-2.857844775478301, 4.490223843862392
-2.8480478020362145, 4.4903428124424165
-2.8382537023551038, 4.490453130814778
-2.8284593924190675, 4.490561883718056
-2.818662438564829, 4.490682477139527
-2.808868357038093, 4.490794419457315
-2.7990740649149695, 4.490904795850406
-2.7892771309028728, 4.4910270127106156
-2.7794830677858267, 4.49114057757211
-2.7696887937310493, 4.491252576053587
-2.7598918798147034, 4.491376414950776
-2.7500978353619736, 4.491491600955194
-2.740303579630287, 4.491605220124588
-2.730506686062608, 4.49173067965794
-2.7207126605281324, 4.491847485405458
-2.71091842337359, 4.491962723863249
-2.701121550406805, 4.4920898026329175
-2.691327544043831, 4.492208226724662
-2.681533325719803, 4.49232508307228
-2.6717364736054585, 4.492453779679361
-2.66194248666655, 4.492573820717413
-2.652148287425717, 4.4926922935572415
-2.6423514564146715, 4.492822606603787
-2.6325574891517065, 4.492944263191182
-2.622763309246066, 4.493064351126573
-2.612966499588494, 4.493196279215596
-2.6031725522526634, 4.493319549956323
-2.5933783919335287, 4.493441251591567
-2.583581603878922, 4.493574793327034
-2.5737876767207375, 4.493699676826044
-2.5639935362387387, 4.493822990766393
-2.5541967700359125, 4.493958144753233
-2.5444028633052045, 4.494084639616435
-2.5346087429102906, 4.49420956446811
-2.5248119988073743, 4.49434632931221
-2.515018112753293, 4.494474434146467
-2.505224012694735, 4.494600968516639
-2.495427290939185, 4.49473934282485
-2.485633425810202, 4.49486905623799
-2.4758393463365915, 4.494997198734795
-2.466042647175183, 4.495137181114926
-2.45624880321909, 4.495268501715737
-2.4464547445783427, 4.495398250948272
-2.4366580682571786, 4.495539840009102
-2.4268642457210934, 4.495672766407334
-2.4170702081604465, 4.495804120985661
-2.4072735549249518, 4.495947315336925
-2.3974797540553157, 4.496081846143295
-2.387685737821331, 4.4962148046784405
-2.377889107916257, 4.496359602930851
-2.368095328958841, 4.4964957367570415
-2.358301334297408, 4.496630297860996
-2.3485047279668376, 4.496776698626218
-2.3387109711667353, 4.496914434084878
-2.328916998323074, 4.4970505963705945
-2.319120415810416, 4.497198598261273
-2.309326681412053, 4.497337933966017
-2.2995327306307063, 4.497475696047423
-2.289736172178701, 4.497625297677169
-2.2799424604258327, 4.497766232242575
-2.2701485319506807, 4.497905592734573
-2.260351997801399, 4.498056792717965
-2.2505583089371104, 4.4981993247595895
-2.2407644030113603, 4.498340282278033
-2.2309678934062083, 4.498493079230626
-2.2211742276729187, 4.498637207364992
-2.2113803445391125, 4.498779760526717
-2.2015838597188293, 4.498934153065031
-2.1917902173582915, 4.499079875909632
-2.181996357258304, 4.499224023332451
-2.172199897462964, 4.4993800100739865
-2.162406278716266, 4.499527326247295
-2.1526124418913084, 4.499673066549986
-2.142816007360322, 4.499830646113211
-2.133022412467888, 4.499979554234666
-2.1232285991585056, 4.500126886036983
-2.113432190130622, 4.500286057041342
-2.103638619332212, 4.500436555731361
-2.0938448297782895, 4.500585477654032
-2.0840484464915963, 4.500746238719959
-2.074254900026313, 4.500898326599931
-2.064461134467078, 4.501048837264664
-2.054664777159006, 4.501211187013553
-2.044871255265289, 4.501364862705849
-2.0350775139393034, 4.50151696073533
-2.0252811828466215, 4.50168089778956
-2.015487685762253, 4.501836159917524
-2.0056939689074245, 4.501989843935412
-1.995897664266247, 4.502155366918346
-1.986104192228351, 4.502312214106309
-1.976310500081926, 4.502467482737243
-1.96651422212771, 4.502634590273221
-1.9567207753727565, 4.502793021146485
-1.9469271081713295, 4.502949873016087
-1.9371308571388783, 4.5031185637304265
-1.9273374359026805, 4.503278576915282
-1.9175437938821895, 4.503437010650154
-1.907747570005652, 4.503607283169162
-1.8979541745233697, 4.50376887729287
-1.8881605579190988, 4.503928891520597
-1.8783643614319752, 4.504100744471563
-1.8685709919381162, 4.504263918162381
-1.8587774009846991, 4.504425511511528
-1.8489812321198356, 4.504598943522724
-1.8391878888482573, 4.504763695409888
-1.8293943237796746, 4.50492686651001
-1.8195981827692687, 4.505101876210688
-1.8098048659531771, 4.5052682049244135
-1.8000113270027622, 4.505432952406044
-1.7902152140783643, 4.505609538426451
-1.7804219239503174, 4.505777442597945
-1.7706284113507529, 4.505943765092605
-1.7608323267432637, 4.5061219260639716
-1.7510390635351734, 4.506291404325429
-1.7412455775184963, 4.506459300465633
-1.731449521458173, 4.506639035020179
-1.7216562854013033, 4.506810086004771
-1.7118628261989033, 4.506979554424011
-1.7020667989153588, 4.507160861194946
-1.6922735902403288, 4.507333483536849
-1.6824801580829536, 4.507504522869613
-1.672684159805157, 4.507687400491135
-1.6628909787419424, 4.5078615928255
-1.6530975738596931, 4.508034201707265
-1.64330160481597, 4.508218648814564
-1.6335084515939067, 4.508394409777542
-1.6237150742162438, 4.5085685868447705
-1.613919134634281, 4.508754602074023
-1.6041260094820595, 4.508931930302752
-1.594332659837803, 4.509107674192908
-1.5845367499446468, 4.509295256181288
-1.5747436530903205, 4.5094741503138955
-1.5649503314076487, 4.509651459665425
-1.555154451429707, 4.5098406070511015
-1.5453613831006903, 4.510021065726715
-1.5355680896071444, 4.51019993917906
-1.525772239770189, 4.5103906506011935
-1.5159792001932582, 4.510572672459928
-1.5061859351157432, 4.510753108653527
-1.4963901156449086, 4.510945382752281
-1.4865971050462037, 4.5111289664352485
-1.4768038686109868, 4.511310964011537
-1.467008079730774, 4.51150479942806
-1.4572150983358012, 4.511689943577369
-1.4474218907685152, 4.511873501178769
-1.4376261327027915, 4.512068896555207
-1.4278331807364217, 4.512255599813958
-1.418040002262066, 4.512440716083895
-1.4082442752340663, 4.512637670063406
-1.3984513529205373, 4.512825931075702
-1.3886582037634791, 4.513012604658601
-1.3788625079958086, 4.513211115885327
-1.3690696155587292, 4.5134009332962615
-1.3592764959427057, 4.513589162837546
-1.3494808316573375, 4.5137892299566325
-1.339687969319686, 4.513980602412311
-1.3298948794678023, 4.514170386558393
-1.3200992468860844, 4.514372008215992
-1.3103064148702088, 4.51456493436351
-1.3005133550049433, 4.514756271761808
-1.2907177543475943, 4.5149594466050615
-1.2809249528752171, 4.515153925092514
-1.2711319232184186, 4.515346814391455
-1.2613363547055312, 4.515551541068509
-1.2515435839977476, 4.515747570544998
-1.2417505847706418, 4.515942010394002
-1.231955048621684, 4.516148287554018
-1.2221623088989626, 4.516345866669644
-1.2123693403221485, 4.51654185571913
-1.2025738367559657, 4.516749682012264
-1.192781128238154, 4.516948809418126
-1.1829881905316064, 4.517146346319524
-1.1731927197664207, 4.517355720396935
-1.1634000426727409, 4.517556394745143
-1.153607136055814, 4.517755478150884
-1.1438116983092281, 4.517966398664737
-1.1340190528582825, 4.5181686186084
-1.1242261775497073, 4.518369247171921
-1.1144307730387024, 4.518581712775386
-1.1046381594484738, 4.518785476968625
-1.0948453156663625, 4.518987649344364
-1.0850499446073003, 4.5192016586916175
-1.0752573630951505, 4.519406965789552
-1.0654645510569958, 4.519610680632957
-1.0556692136656236, 4.519826232379185
-1.0458766644482982, 4.520033081037949
-1.0360838843709754, 4.520238337005472
-1.0262885808624223, 4.520455429806869
-1.0164960641560492, 4.520663818683595
-1.0067033162558174, 4.5208706144327
-0.9969080468445984, 4.521089246946468
-0.9871155628646904, 4.521299174699294
-0.977322847357194, 4.521507508888449
-0.9675276122572101, 4.5217276797728
-0.9577351612186665, 4.52193914506089
-0.9479424783189349, 4.522149016349576
-0.9381472777434747, 4.522370724263728
-0.928354859860582, 4.522583725747238
-0.9185622097830322, 4.522795132795941
-0.908767043944773, 4.523018376400132
-0.8989746594312055, 4.523232912740236
-0.8891820423896437, 4.523445854210457
-0.8793869115006524, 4.52367063216593
-0.8695945605694739, 4.523886702024814
-0.8598019767770959, 4.524101176579056
-0.8500068810488308, 4.524327487548064
-0.840214563912496, 4.524545089588919
-0.8304220135818876, 4.524761095890711
-0.8206269532251996, 4.524988938536524
-0.8108346700955557, 4.525208071423567
-0.8010421534386963, 4.525425608137441
-0.7912471286638293, 4.525654981124347
-0.7814548797521154, 4.52587564352279
-0.7716623969803762, 4.526094709314295
-0.7618674079969696, 4.526325611307588
-0.7520751935138205, 4.526547801883667
-0.7422827448379679, 4.526768395419362
-0.7324877918550566, 4.527000825085356
-0.7226956120105019, 4.527224542506314
-0.7129031976406989, 4.52744666245378
-0.7031082808667155, 4.527680618459806
-0.6933161358701823, 4.527905861393914
-0.6835237560159877, 4.528129506421736
-0.6737288756587627, 4.528364987436139
-0.6639367657190753, 4.528591754552671
-0.6541444205894469, 4.528816923330462
-0.6443495768562109, 4.529053928022603
-0.6345575021815933, 4.5292822179918595
-0.6247651919848881, 4.529508909190233
-0.6149703850822721, 4.529747436230487
-0.6051783458803488, 4.52997724772378
-0.5953860708243235, 4.5302054600143835
-0.5855913009583608, 4.530445508074147
-0.5757992974361581, 4.5306768397637995
-0.566007057727972, 4.530906571819294
-0.5562123251040992, 4.5311481395709885
-0.5464203574680454, 4.531380990130355
-0.5366281533142615, 4.531612240624412
-0.52683345813732, 4.531855326741472
-0.5170415265932478, 4.532089694844915
-0.5072493581998323, 4.532322462452234
-0.49745470067406783, 4.532567065609113
-0.4876628054272159, 4.532802949932018
-0.47787067299954067, 4.533037233328307
-0.46807605332860724, 4.533283352200487
-0.4582841945836197, 4.5335207514192595
-0.44849209832646336, 4.533756549281261
-0.43869751671342233, 4.534004182545233
-0.4289056946743516, 4.534243095337303
-0.41911363479190045, 4.534480406342772
-0.4093190914392225, 4.534729552676057
-0.3995273063095293, 4.534969977719868
-0.3897352830053785, 4.535208800547577
-0.3799407781149452, 4.535459458628721
-0.37014903009750055, 4.535701394603744
-0.36035704357465576, 4.535941727933496
-0.3505625773477599, 4.536193896442064
-0.340770866644846, 4.536437342028782
-0.33097891710572425, 4.536679184541392
-0.32118448974307134, 4.536932862157973
-0.3113928165563829, 4.537177816037909
-0.30160090420281366, 4.537421166415228
-0.29180651590452356, 4.537676351821435
-0.2820148804351688, 4.537922812677121
-0.2722230054683953, 4.538167669602017
-0.2624286564340029, 4.538424361480479
-0.25263705888250465, 4.538672327995482
-0.2428452215031849, 4.538918690151847
-0.23305091193164165, 4.539176887186235
-0.22325935249818285, 4.539426358044895
-0.21346755292378752, 4.539674224091577
-0.20367328303542243, 4.539933924938802
-0.19388176196372267, 4.540184898759743
-0.1840900004563971, 4.540434267259089
-0.1742957704797618, 4.540695470557627
-0.16450428798529523, 4.540947945996388
-0.15471256474900777, 4.541198815631308
-0.1449183748805718, 4.541461520070713
-0.13512693116117203, 4.541715495818188
-0.12533524639406263, 4.541967865280352
-0.11554109683031247, 4.542232069552469
-0.10574969208347004, 4.542487544301766
-0.09595804598316802, 4.5427414122849115
-0.08616393692010807, 4.543007115083489
-0.07637257134281607, 4.543264087529498
-0.06658096410643956, 4.543519452729067
-0.05678689573955899, 4.54378665274945
-0.046995569528287165, 4.5440451215885815
-0.03720400135242251, 4.544301982701465
-0.027409973876676257, 4.5445706786404
-0.01761868722735411, 4.544830642570412
-0.00782715830804208, 4.545088998294814
0.001966828082161534, 4.545359188850304
0.011758074974155175, 4.545620646570193
0.02154956444142768, 4.545880495605517
0.03134350955223423, 4.54615217947674
0.04113471649207666, 4.546415129686654
0.0509261663123813, 4.546676470733451
0.06072006995049476, 4.546949646620721
0.0705112367439241, 4.547214088021918
0.08030264672289457, 4.547476919781826
0.09009650869558034, 4.547751586386541
0.09988763514889722, 4.5480175176813535
0.10967900509273006, 4.548281838857097
0.11947282520880988, 4.548557994881618
0.12926391113158928, 4.548825414773593
0.13905524085211607, 4.549091224069489
0.148849018927395, 4.549368868218327
0.15864006413190312, 4.549637775412733
0.1684313534389418, 4.5499050715339
0.178225089283023, 4.550184202511325
0.18801609357722604, 4.550454595713162
0.19780734227864047, 4.550723377364964
0.20760103570103577, 4.551003993876051
0.21739199889348354, 4.551275871791299
0.22718320679772244, 4.55154613768007
0.2369768576085066, 4.551828238430881
0.24676777950831513, 4.552101599766516
0.25655894642439253, 4.552373348599588
0.26635255443420375, 4.5526569322971815
0.2761434348510526, 4.552931775761176
0.2859345605885455, 4.553205006246889
0.29572812560858375, 4.553490071599327
0.3055189643527148, 4.553766395900675
0.3153100487217621, 4.55404110674838
0.32510357056378714, 4.554327652464758
0.33489436744600204, 4.55460545631345
0.34468541025730187, 4.554881646233511
0.35447888873363204, 4.555169671023933
0.364269643565291, 4.5554489531309965
0.3740606446301002, 4.55572662083481
0.3838540795536102, 4.5560161234104
0.39364479214663095, 4.556296882487877
0.40343575127676307, 4.55657602668785
0.4132291424608839, 4.5568670057607585
0.4230198126277402, 4.557149240521725
0.43281072963556483, 4.557429859931294
0.44260407689428144, 4.557722314214702
0.45239470444800156, 4.558006023373246
0.46218557914644215, 4.558288116706876
0.4719788822942927, 4.558582044914995
0.48176946704845885, 4.558867227186236
0.49156029925099326, 4.55915079315941
0.5013535581030678, 4.5594461940074655
0.5111440998718138, 4.559732848107555
0.520934889392471, 4.560017885436793
0.5307281037644106, 4.560314757641049
0.5405186023624219, 4.560602882287164
0.5503093490157825, 4.56088938969001
0.5601025187237771, 4.561187731967756
0.5698929739662892, 4.5614773258780925
0.5796836775674833, 4.5617653020731215
0.5894768024282727, 4.562065113142678
0.5992672141310706, 4.562356175036482
0.6090578744957771, 4.562645618743294
0.6188509543266468, 4.5629468973240055
0.6286413223060615, 4.563239425921526
0.6384319392505066, 4.563530335860751
0.6482249738692886, 4.563833080673008
0.6580152979421999, 4.564127074695538
0.6678058712831568, 4.564419449588836
0.6775988605082297, 4.56472365935404
0.6873891404920613, 4.565019117523902
0.6971796700468474, 4.5653129560939645
0.7069726136971317, 4.565618629534562
0.7167628494098518, 4.565915550575106
0.7265533349963292, 4.566210851545655
0.7363462328912886, 4.566517987385119
0.7461364241514089, 4.566816370020729
0.7559268655879832, 4.5671131321165115
0.7657197175476237, 4.567421729079347
0.7755098641741976, 4.567721572035437
0.7853002612798151, 4.568019793982241
0.7950930671246829, 4.568329850793982
0.8048831689373054, 4.568631152796997
0.8146735215314543, 4.5689308333216365
0.8244662810826342, 4.569242348708855
0.8342563379014393, 4.569545108486266
0.8440466458041462, 4.569846246316584
0.8538393588832616, 4.570159219006888
0.8636293705289221, 4.570463435287203
0.8734196335607529, 4.570766029152079
0.8832122999899644, 4.571080457874098
0.8930022662836908, 4.571386129386864
0.9027924842657479, 4.571690178016211
0.9125851038677524, 4.572006061499611
0.922375024631291, 4.572313186975391
0.9321651973852139, 4.572618689100147
0.9419577699832423, 4.572936026075638
0.9517476450388755, 4.573244604246047
0.9615377723868378, 4.57355155859819
0.9713302978046549, 4.5738703477975005
0.9811201269751982, 4.574180377395172
0.9909102087399078, 4.5744887827077125
1.0007026868018116, 4.574809022863618
1.0104924699106153, 4.575120502622226
1.020282505915313, 4.575430357629206
1.0300749364461317, 4.575752047475514
1.0398646733170749, 4.5760649761297625
1.0496546633855333, 4.576376279566261
1.0594470462106267, 4.576699417837804
1.0692367366681228, 4.577013794123432
1.0790266806246451, 4.577326544725559
1.0888190155699013, 4.577651130158216
1.0986086594388906, 4.577966952811998
1.1083985571083088, 4.5782811493168944
1.1181908440001436, 4.578607180647581
1.1279804411060959, 4.578924448407329
1.1377702923137711, 4.579240089553175
1.1475625309791284, 4.57956756551983
1.1573520811480418, 4.579886277124384
1.1671418857198617, 4.580203361650397
1.1769340759862097, 4.580532280992001
1.186723579044607, 4.580852435181243
1.1965133368069854, 4.581170961827675
1.20630547850232, 4.581501323284249
1.2160949342772487, 4.581822918799089
1.2258846450571248, 4.582142886307217
1.2356767380099618, 4.582474688619817
1.245466146328996, 4.582797724202206
1.2552558099538325, 4.583119131314359
1.2650478539932122, 4.583452373225075
1.274837214684448, 4.583776847617994
1.2846268309822306, 4.584099693077525
1.2944188259377145, 4.58443437332948
1.3042081388297677, 4.584760285276957
1.3139977076290035, 4.585084567828256
1.323789653330672, 4.5854206851656185
1.3335789182526818, 4.5857480334127025
1.3433684393823981, 4.586073751801199
1.353160335660853, 4.586411304969166
1.3629495524424764, 4.586740088261956
1.3727390257322214, 4.587067241234118
1.382530872418582, 4.587406228978936
1.392320040889996, 4.58773644606456
1.4021094661698341, 4.588065032367886
1.4119012630957346, 4.588405453436825
1.4216903830876322, 4.588737103063446
1.4314797601881466, 4.589067121446481
1.4412715071857396, 4.589408974587859
1.451060578529331, 4.5897420555046855
1.4608499072816203, 4.590073504716998
1.470641604183572, 4.590416788680164
1.4804306267105825, 4.5907512996374376
1.4902199069462607, 4.591084178429643
1.500011553585751, 4.591428891964988
1.5098005271284192, 4.591764831713984
1.5195897586796143, 4.592099138837734
1.5293813548903343, 4.592445280696691
1.5391702792814135, 4.5927826479897265
1.5489594619807656, 4.593118382197708
1.5587510075969204, 4.59346595113274
1.568539882669673, 4.593804744723168
1.5783290163503338, 4.594141904769105
1.5881205112066372, 4.5944908995337235
1.5979093367948396, 4.594831118175937
1.607698421290472, 4.595169702814598
1.6174898652221466, 4.5955201221633395
1.6272786411600828, 4.5958617646127715
1.6370676763048602, 4.596201772599954
1.6468590691476381, 4.596553615288409
1.6566477952701009, 4.596896680301523
1.6664367808987044, 4.5972381103940725
1.6762281224888245, 4.597591375178864
1.6860167986311148, 4.597935861513164
1.6958057345787307, 4.598278712468955
1.7055970247529375, 4.59863339810775
1.7153856507508625, 4.5989793045217855
1.7251745368531861, 4.599323575099738
1.734965775448729, 4.599679680351232
1.744754351138602, 4.600027005604587
1.7545431872318338, 4.600372694564655
1.764334374086465, 4.600730218188591
1.7741228993051015, 4.601078961041889
1.7839116852259436, 4.601426067145067
1.7937028201779206, 4.601785007902231
1.8034912947626414, 4.602135167117129
1.813280030348301, 4.602483689125456
1.8230711132363793, 4.602844045777666
1.8328595370250063, 4.603195620116868
1.8426482221131923, 4.60354555679341
1.8524392527766314, 4.603907328103534
1.862227625607487, 4.604260316330777
1.872016260036408, 4.604611666439651
1.881807238314965, 4.604974851171585
1.8915955600268726, 4.605329252051648
1.9013841436352377, 4.605682014358009
1.9111750693691687, 4.6060466112766925
1.9209633398014503, 4.606402423575397
1.9307518724284687, 4.606756596845434
1.9405427454585258, 4.607122604716853
1.9503309644509998, 4.607479827201062
1.9601194459363764, 4.607835410202005
1.969910266103811, 4.608202827793185
1.9796984334967949, 4.60856145923079
1.9894868636807301, 4.608918450730913
1.9992776308272844, 4.6092872768099165
2.009065746461588, 4.609647315969857
2.01885412518478, 4.610005714738471
2.0286448391526934, 4.610375948074402
2.038432902869626, 4.610737393726658
2.0482212299732665, 4.611097198534109
2.0580118906052713, 4.611468837897116
2.0677999022466316, 4.611831688812701
2.0775881775724065, 4.612192898430384
2.087378784711725, 4.612565942591651
2.097166744119804, 4.612930197542624
2.1069549675098895, 4.61329281074297
2.1167455210002375, 4.613667258474723
2.1265334280178196, 4.614032916234183
2.1363215993148863, 4.614396931790657
2.146112099000465, 4.614772781866166
2.1558999534708243, 4.615139841208256
2.1656880725180265, 4.615505257895375
2.17547851824353, 4.61588250908895
2.1852663200104288, 4.6162509687888384
2.1950543866514165, 4.616617785382154
2.204844778262025, 4.6169964364691465
2.2146325271697154, 4.617366295303063
2.224420541248625, 4.617734510579165
2.234210878590007, 4.618114560335965
2.2439985744832254, 4.618485817081159
2.253786535844677, 4.6188554298176845
2.263576818762982, 4.619236877021726
2.2733644614869557, 4.619609530456504
2.283152369976059, 4.6199805394321185
2.292942598317926, 4.620363382861873
2.3027301877183612, 4.620737431765576
2.3125180431807073, 4.621109835759998
2.322308216793257, 4.621494074194985
2.3320957527163477, 4.621869517347986
2.3418835549980144, 4.622243315141971
2.351673673728849, 4.622628947362749
2.3614611560212704, 4.6230057835464775
2.371248904968818, 4.623380973921819
2.3810389686660227, 4.623767998709985
2.3908263971749326, 4.624146226706903
2.4006140926354, 4.624522808446434
2.410404101147537, 4.624911224584626
2.4201914757205754, 4.625290843178233
2.429979117541484, 4.6256688150658345
2.439769070717597, 4.626058621337737
2.4495563912028806, 4.62643962931258
2.4593439792322322, 4.626818990133166
2.4691338769218434, 4.627210185323506
2.478921143167968, 4.627592581465167
2.4887086772542437, 4.627973330004694
2.498498519307351, 4.628365912899232
2.508285731163392, 4.6287496959943395
2.5180732111555493, 4.629131831039805
2.527862997422627, 4.629525800425345
2.5376501547381345, 4.629910969261561
2.547437580485603, 4.630294489601013
2.5572273108176002, 4.6306898442654125
2.5670144134426005, 4.631076397631446
2.57680178479529, 4.631461302053956
2.586591459043631, 4.631858040786103
2.596378506828624, 4.6322459774717
2.606165823636919, 4.632632264767389
2.6159554416535005, 4.633030386357211
2.6257424344494593, 4.63341970515316
2.635529696564216, 4.633807374113195
2.645319258201406, 4.634206877351669
2.655106195859778, 4.634597577049802
2.6648934031323215, 4.634986626466378
2.6746829082429575, 4.635387510145511
2.6844697906156627, 4.635779589538697
2.694256942897793, 4.636170018205065
2.7040463913351847, 4.636572281117923
2.713833218274607, 4.636965739000072
2.723620315418594, 4.637357545710512
2.733409707036519, 4.637761186651186
2.7431964783955154, 4.638156021817255
2.7529835202540998, 4.638549205367091
2.7627728549068027, 4.638954223130726
2.772559570538702, 4.639350434376699
2.7823465569650883, 4.639744993562296
2.7921358345072815, 4.64015138694507
2.8019224942658743, 4.6405489730679825
2.8117094251137362, 4.64094490668675
2.821498645400598, 4.64135267448589
2.831285249140142, 4.641751634283812
2.841072124263617, 4.6421489411342005
2.8508612871507877, 4.642558082147965
2.8606478347260067, 4.642958414420018
2.8704346539797028, 4.643357093301504
2.880223759323288, 4.643767606329201
2.8900102505893703, 4.644169309875537
2.899797013828352, 4.644569359588656
2.9095860614849203, 4.644981243430633
2.9193724962975156, 4.64538431705245
2.9291592033773175, 4.6457857363987705
2.938948193203899, 4.646198989856415
2.9487345714191213, 4.646603432355945
2.9585212221957353, 4.6470062201380715
2.968310154049819, 4.647420842013812
2.9780964755242403, 4.647826652194335
2.9878830698541203, 4.648230807215922
2.9976719435936543, 4.648646796313232
3.007458208184308, 4.6490539729790585
3.017244745924367, 4.649459494044793
3.027033561407762, 4.6498768491681775
3.036819768972142, 4.650285391124673
3.0466062499797526, 4.650692277040285
3.056395007065873, 4.651110996995305
3.0661811574619304, 4.651520903048862
3.0759675815949215, 4.6519291526211255
3.0857562801430873, 4.652349236214373
3.095542373229228, 4.652760505172426
3.1053287403458887, 4.653170117209149
3.115117380215879, 4.653591563248259
3.1249034158509654, 4.65400419391929
3.134689725810037, 4.654415167229325
3.144478306862083, 4.654837974522975
3.154264284905435, 4.6552519657165
3.164050537566115, 4.655664299109732
3.173839059660901, 4.656088466467632
3.1836249799722895, 4.656503816994207
3.19341117519423, 4.656917509281573
3.2031996381928916, 4.657343035514488
3.2129855006325405, 4.657759744185713
3.222771638275844, 4.658174794179183
3.2325600420399723, 4.658601678098904
3.2423458464685595, 4.659019743727419
3.2521319263937825, 4.659436150239997
3.261920270785415, 4.659864390659367
3.271706017064066, 4.660283812058844
3.2814920391322153, 4.660701573904586
3.291280324013838, 4.66113116963748
3.3010660120041306, 4.661551945622643
3.3108519760766604, 4.661971061616635
3.3206402013112113, 4.662402011477978
3.3304258308751717, 4.66282414086457
3.340211736813986, 4.663244609822939
3.349999902264849, 4.663676912628686
3.359785473264952, 4.664100394233511
3.369571320932403, 4.66452221497343
3.379359426463406, 4.6649558695405755
3.3891449387625707, 4.665380702181469
3.3989307280214587, 4.665803873521146
3.408718773496878, 4.666238878667738
3.41850422695847, 4.666665061163574
3.428289957672039, 4.66708958192225
3.438077942956593, 4.667525936467362
3.447863337444425, 4.66795346763805
3.457649009476363, 4.668379336636013
3.4674369344352143, 4.668817039399768
3.477222269813541, 4.6692459180662595
3.48700788302798, 4.669673134124832
3.4967957475267353, 4.670112183928388
3.506581023660252, 4.670542408912674
3.5163665779217688, 4.670970970854221
3.526154381826473, 4.671411366519774
3.5359395985803217, 4.671842936644885
3.5457250937539313, 4.6722728432928085
3.55551283693107, 4.672714583643597
3.5652979941708294, 4.673147497733598
3.575083430121991, 4.673578747912336
3.5848711124384907, 4.674021831772636
3.594656210030182, 4.674456088652636
3.6044415866247927, 4.674888681187667
3.6142292079480165, 4.675333107382793
3.6240142457580973, 4.675768705878935
3.6337995628624924, 4.676202639596778
3.643587123060241, 4.676648406953088
3.65337210095561, 4.677085345892555
3.6631573584365644, 4.677520619620765
3.672944857377076, 4.677967726965644
3.682729775225064, 4.6784060051766545
3.6925149729497857, 4.678842617743822
3.7023024105017353, 4.67929106390571
3.7120872681701123, 4.679730680217523
3.7218724060062502, 4.680168630453278
3.7316597820387423, 4.680618414261642
3.741444579395712, 4.681059367504548
3.7512296572113435, 4.681498654239558
3.761016971593919, 4.681949774524906
3.7708017085081207, 4.682392063530245
3.7805867261717623, 4.682832685596213
3.790373978774397, 4.683285141190091
3.8001586551149034, 4.683728764790229
3.809943612495503, 4.684170721019901
3.8197308031885973, 4.684624510754895
3.8295154188249074, 4.68506946778324
3.8393003157918444, 4.6855127570103905
3.849087444446235, 4.685967879720124
3.8588719992482847, 4.686414169011117
3.868656835671365, 4.686858790070565
3.8784439021583155, 4.687315244589694
3.8882283959964683, 4.68776286497882
3.8980131717459354, 4.688208816706417
3.90780017593714, 4.688666601870637
3.9175846086821897, 4.689115552194415
3.927369323628712, 4.68956283342705
3.9371562653962875, 4.690021948073102
3.9469406369194524, 4.69047222716908
3.9567252909341253, 4.690920836744681
3.9665121701506223, 4.691381279710333
3.9762964803235534, 4.691832886417107
3.9860810732779, 4.69228282317463
3.9958678898162883, 4.692744593298691
4.005652138511058, 4.693197526455881
4.015436670277028, 4.693648789235328
4.025223424010707, 4.69411188535764
4.035007611099811, 4.694566143805916
4.044792081549779, 4.695018731448315
4.054578772352566, 4.6954831524097616
4.06436289770893, 4.695938734990811
4.074147306715695, 4.696392646338241
4.083933934461833, 4.696858390980739
4.093717997958805, 4.6973152965373
4.103502345395586, 4.697770530432853
4.113288909959742, 4.698237597599355
4.123072911471091, 4.698695824975196
4.132857197211533, 4.699152380263023
4.142643698468792, 4.69962076879752
4.152427637868706, 4.70008031683744
4.162211861786875, 4.700538192362704
4.171998299612742, 4.701007901110217
4.181782176775832, 4.701468768660055
4.191566338746212, 4.701927963268971
4.201352713016609, 4.70239899107556
4.211136527817903, 4.7028611769821875
4.220920627715395, 4.703321689521995
4.230706938306668, 4.703794035234762
4.240490690621616, 4.704257538346085
4.2502747283215445, 4.704719367665064
4.260060975110447, 4.70519303013213
4.26984466481491, 4.70565784929709
4.279628640193013, 4.706120994244549
4.289414823056726, 4.706595972315082
4.299198450026989, 4.707062106383656
4.308982362959423, 4.707526565809942
4.3187684817755265, 4.7080028583341464
4.3285520458882845, 4.708470306157335
4.338335896251624, 4.708936078913827
4.348121950898127, 4.709413684742932
4.357905452030495, 4.709882445172779
4.367689239701722, 4.710349530111887
4.377475230057044, 4.710828448098158
4.387258668086545, 4.711298519987744
4.397042392943059, 4.7117669159629125
4.406828318886026, 4.712247144959651
4.416611693690598, 4.712718527163079
4.42639535561021, 4.713188233028785
4.436181217020063, 4.713669771890331
4.445964528478054, 4.714142463262736
4.45574812733899, 4.714613477874491
4.465533924095376, 4.7150963254562095
4.475317172085548, 4.715570324853769
4.485100707766438, 4.716042647068119
4.494886439749425, 4.716526802226404
4.504669624150945, 4.71700210850632
4.514453096530834, 4.717475737180836
4.524238763620881, 4.717961198773126
4.534021884313336, 4.7184378107936364
4.54380529327168, 4.718912744786922
4.553590895349665, 4.719399511671686
4.563373952213035, 4.7198774282920555
4.573157297629689, 4.720353666463755
4.582942834576893, 4.720841737500488
4.592725827491575, 4.72132095758102
4.6025091092468084, 4.721798498791799
4.612294580944921, 4.72228787284103
4.622091638663371, 4.72301541315385
4.631917714415072, 4.724046916382385
4.641772870199076, 4.725085824936297
4.651608938199423, 4.72557925996135
4.6613648079149765, 4.725856735306817
4.67106291368751, 4.72624193055491
4.680753123490911, 4.72662757400472
4.690445258001716, 4.727005044877306
4.700137659739442, 4.727374598464832
4.709830185089784, 4.727737165745523
4.719522802632118, 4.72809364942037
4.729215474531633, 4.728444845914316
4.738908174232341, 4.728791451133219
4.748600883298432, 4.72913407258177
4.758293589044512, 4.729473240455848
4.767986282996423, 4.729809417424094
4.787371616015031, 4.730474362014651
4.79706425016156, 4.730803789204378
4.806756861563919, 4.731131556890678
4.816449450348245, 4.7314578989945755
4.826142017122765, 4.731783019592878
4.835834562796516, 4.732107096723876
4.845527088449966, 4.7324302857086735
4.855219595243968, 4.732752722049381
4.86491208435694, 4.733074523957997
4.874604556942671, 4.733395794562807
4.884297014103116, 4.733716623833381
4.89398945687192, 4.734037090260018
4.903681886205598, 4.73435726231889
4.913374302980066, 4.734677199750249
4.923066707990778, 4.734996954673465
4.932759101955321, 4.735316572559805
4.942451485517486, 4.735636093081024
4.952143859252272, 4.735955550849653
4.96183622367127, 4.73627497606478
4.971528579228207, 4.736594395075444
4.981220926324399, 4.736913830872042
4.9909132653139485, 4.737233303515094
5.000605596508658, 4.73755283050921
5.010297920182584, 4.737872427129354
5.019990236576219, 4.738192106705456
5.029682545900278, 4.73851188087068
5.0393748483391345, 4.738831759778043
5.049067144053912, 4.73915175228931
5.058759433185241, 4.7394718661398505
5.068451715855695, 4.7397921080824155
5.078143992172007, 4.74011248401256
5.0878362622269835, 4.740432999078067
5.097528526101218, 4.74075365777439
5.107220783864596, 4.7410744640279425
5.116913035577638, 4.7413954212687175
5.126605281292645, 4.741716532493664
5.136297521054742, 4.742037800321947
5.14598975490278, 4.742359227043202
5.155681982870116, 4.742680814659574
5.165374204985303, 4.743002564922428
5.1750664212727155, 4.743324479364352
5.184758631753059, 4.743646559327095
5.194450836443846, 4.743968805985922
5.204143035359798, 4.744291220370866
5.213835228513195, 4.7446138033852705
5.223527415914199, 4.744936555821955
5.233219597571113, 4.745259478377332
5.2429117734906185, 4.745582571663714
5.252603943677983, 4.745905836220044
5.262296108137243, 4.746229272521258
5.271988266871363, 4.746552880986474
5.281680419882359, 4.746876661986101
5.291372567171438, 4.747200615848061
5.301064708739087, 4.747524742863222
5.310756844585172, 4.747849043290119
5.320448974709012, 4.748173517359083
5.330141099109453, 4.748498165275851
5.339833217784931, 4.748822987224702
5.349525330733512, 4.749147983371186
5.359217437952955, 4.749473153864533
5.368909539440734, 4.749798498839729
5.378601635194093, 4.750124018419331
5.38829372521006, 4.750449712715066
5.3979858094854825, 4.7507755818292035
5.407677888017042, 4.751101625855771
5.417369960801285, 4.751427844881599
5.427062027834641, 4.751754238987258
5.43675408911342, 4.752080808247832
5.446446144633853, 4.752407552733639
5.456138194392075, 4.752734472510842
5.465830238384156, 4.753061567641971
5.475522276606104, 4.753388838186387
5.485214309053875, 4.753716284200698
5.494906335723373, 4.754043905739105
5.504598356610455, 4.754371702853704
5.514290371710945, 4.754699675594772
5.5239823810206365, 4.75502782401098
5.533674384535291, 4.7553561481496125
5.543366382250647, 4.755684648056751
5.5530583741624175, 4.756013323777415
5.562750360266299, 4.7563421753557
5.572442340557965, 4.756671202834906
5.582134315033078, 4.757000406257632
5.591826283687291, 4.757329785665869
5.601518246516232, 4.757659341101081
5.611210203515528, 4.757989072604268
5.620902154680793, 4.75831898021603
5.630594100007631, 4.7586490639766215
5.640286039491636, 4.758979323925991
5.6499779731284, 4.759309760103825
5.659669900913498, 4.7596403725495815
5.6693618228425136, 4.75997116130252
5.6790537389110165, 4.760302126401721
5.688745649114569, 4.760633267886133
5.698437553448732, 4.760964585794559
5.70812945190906, 4.7612960801657
5.717821344491103, 4.761627751038158
5.727513231190408, 4.761959598450449
5.7372051120025205, 4.762291622441024
5.74689698692298, 4.762623823048273
5.756588855947322, 4.762956200310529
5.7662807190710765, 4.76328875426608
5.775972576289774, 4.763621484953182
5.785664427598942, 4.763954392410053
5.795356272994105, 4.764287476674892
5.805048112470784, 4.764620737785871
5.814739946024493, 4.76495417578114
5.824431773650745, 4.765287790698845
5.834123595345053, 4.765621582577112
5.843815411102933, 4.7659555514540575
5.853507220919887, 4.7662896973677915
5.863199024791419, 4.766624020356424
5.872890822713028, 4.766958520458054
5.882582614680216, 4.767293197710784
5.8922744006884775, 4.767628052152714
5.901966180733312, 4.767963083821948
5.911657954810203, 4.768298292756589
5.921349722914646, 4.768633678994734
5.931041485042122, 4.768969242574502
5.940733241188114, 4.769304983534003
5.950424991348109, 4.7696409019113455
5.960116735517583, 4.769976997744661
5.969808473692013, 4.7703132710720695
5.979500205866875, 4.770649721931711
5.989191932037639, 4.770986350361717
5.998883652199778, 4.771323156400239
6.008575366348753, 4.771660140085428
6.01826707448003, 4.771997301455442
6.027958776589075, 4.77233464054845
6.037650472671341, 4.772672157402621
6.047342162722291, 4.773009852056139
6.057033846737379, 4.773347724547194
6.066725524712058, 4.77368577491398
6.076417196641777, 4.774024003194704
6.086108862521981, 4.774362409427576
6.09580052234812, 4.774700993650815
6.105492176115637, 4.775039755902646
6.115183823819969, 4.775378696221308
6.124875465456557, 4.77571781464505
6.134567101020835, 4.776057111212119
6.144258730508234, 4.776396585960773
6.1539503539141895, 4.776736238929288
6.16364197123413, 4.777076070155934
6.1733335824634805, 4.777416079679004
6.1830251875976625, 4.777756267536787
6.192716786632098, 4.778096633767578
6.202408379562207, 4.778437178409698
6.212099966383406, 4.778777901501462
6.221791547091107, 4.7791188030811975
6.231483121680731, 4.779459883187235
6.2411746901476794, 4.779801141857924
6.250866252487358, 4.780142579131616
6.260557808695171, 4.780484195046672
6.270249358766522, 4.7808259896414596
6.279940902696814, 4.781167962954356
6.28963244048144, 4.781510115023749
6.299323972115795, 4.781852445888035
6.309015497595274, 4.782194955585611
6.318707016915263, 4.782537644154896
6.328398530071156, 4.782880511634303
6.338090037058333, 4.783223558062267
6.347781537872175, 4.783566783477218
6.35747303250807, 4.7839101879176065
6.367164520961391, 4.784253771421885
6.376856003227509, 4.784597534028519
6.386547479301804, 4.784941475775976
6.396238949179644, 4.785285596702733
6.405930412856397, 4.785629896847283
6.41562187032743, 4.785974376248118
6.425313321588106, 4.786319034943746
6.435004766633782, 4.7866638729726825
6.444696205459822, 4.787008890373444
6.454387638061579, 4.787354087184567
6.46407906443441, 4.787699463444586
6.473770484573663, 4.788045019192051
6.483461898474687, 4.7883907544655155
6.493153306132825, 4.788736669303547
6.502844707543428, 4.78908276374472
6.512536102701833, 4.789429037827613
6.522227491603379, 4.789775491590819
6.531918874243403, 4.790122125072933
6.541610250617241, 4.790468938312568
6.551301620720221, 4.790815931348336
6.560992984547676, 4.791163104218863
6.57068434209493, 4.791510456962782
6.580375693357308, 4.791857989618735
6.590067038330134, 4.792205702225371
6.59975837700872, 4.79255359482135
6.60944970938839, 4.7929016674453395
6.619141035464459, 4.793249920136014
6.628832355232234, 4.79359835293206
6.638523668687027, 4.793946965872169
6.648214975824145, 4.794295758995042
6.657906276638897, 4.79464473233939
6.667597571126578, 4.794993885943932
6.677288859282492, 4.795343219847396
6.686980141101936, 4.795692734088517
6.696671416580202, 4.79604242870604
6.706362685712581, 4.796392303738719
6.716053948494369, 4.796742359225311
6.72574520492085, 4.797092595204591
6.735436454987309, 4.797443011715337
6.745127698689027, 4.797793608796332
6.75481893602129, 4.798144386486381
6.764510166979369, 4.798495344824284
6.774201391558545, 4.798846483848852
6.783892609754083, 4.79919780359891
6.793583821561259, 4.799549304113288
6.80327502697534, 4.799900985430827
6.812966225991587, 4.8002528475903645
6.822657418605268, 4.800604890630769
6.8323486048116395, 4.8009571145909
6.842039784605959, 4.801309519509632
6.851730957983483, 4.801662105425845
6.861422124939467, 4.802014872378432
6.871113285469157, 4.802367820406297
6.8808044395678, 4.80272094954834
6.890495587230648, 4.803074259843483
6.9001867284529395, 4.803427751330645
6.909877863229911, 4.803781424048767
6.919568991556805, 4.804135278036788
6.9292601134288585, 4.804489313333661
6.938951228841299, 4.804843529978339
6.94864233778936, 4.8051979280098
6.958333440268269, 4.805552507467019
6.9680245362732505, 4.805907268388978
6.9777156257995285, 4.806262210814672
6.987406708842323, 4.80661733478311
6.997097785396851, 4.8069726403332975
7.006788855458328, 4.807328127504256
7.016479919021968, 4.807683796335015
7.02617097608298, 4.808039646864611
7.035862026636575, 4.808395679132088
7.045553070677956, 4.808751893176508
7.055244108202326, 4.809108289036929
7.064935139204886, 4.8094648667524265
7.0746586648028265, 4.810009439005166
7.084423106198232, 4.810805732104604
7.094216279438867, 4.811599522189084
7.104021227822231, 4.812339835759568
7.113835225186703, 4.81301657441598
7.123656721202592, 4.813624412337199
7.133484320726566, 4.814159016903648
7.143316811135661, 4.814616631443599
7.1531530978559426, 4.814993985068835
7.162990882559544, 4.815284702142864
7.172846554887856, 4.815428642091348
7.182713931151681, 4.815459979044084
7.192581760497961, 4.81538184429655
7.202450263690268, 4.81522233297999
7.212309868374139, 4.814958943285855
7.222077686794122, 4.8141092864521005
7.2317836100483, 4.813020735768612
7.2414705058516615, 4.8119679474389185
7.251159126725023, 4.810887243881138
7.260858910486553, 4.809800293438344
7.270565936632411, 4.808703645333829
7.280270788629469, 4.80758030773533
7.289983977193692, 4.806460643467553
7.299774141839106, 4.805573207418247
7.309659576279526, 4.80498238512415
7.319570248911998, 4.804382790586407
7.329433682430802, 4.8037077449616525
7.339263690477312, 4.8029627375080235
7.349070535636665, 4.802143981270222
7.3588702863103075, 4.801245436151372
7.368660653766424, 4.800257068268906
7.37844622717859, 4.799116945720429
7.388230257795353, 4.7978639136827335
7.398003892689755, 4.796517587642455
7.407765471855136, 4.7950852688131205
7.417510084337112, 4.793558359566735
7.4272381122683875, 4.7919389950931155
7.436947946950177, 4.790226864027106
7.446635339989062, 4.788418095311359
7.456129196571141, 4.786037953659309
7.46552863897671, 4.783438218261362
7.474910696536177, 4.780864896626893
7.48443773416779, 4.778536755804977
7.494117082737463, 4.776491173297053
7.503774553606364, 4.774407203641094
7.513218413061216, 4.771700633279339
7.522531838845988, 4.768838533704643
7.53198692770321, 4.766272071324141
7.541584746248818, 4.763936076446934
7.551173529384772, 4.761553832933431
7.5607137449071535, 4.759108791283394
7.570024637930833, 4.756038274818222
7.579263886285915, 4.752744626424924
7.588698844871635, 4.749433023441392
7.5980853868161775, 4.746144614940042
7.607465400112347, 4.7428546785227645
7.616842939559932, 4.739560735592807
7.62621862645023, 4.736263065969421
7.635721828486852, 4.733177818835738
7.645394224425991, 4.730389064833192
7.655064477729395, 4.7275781000166415
7.664652327094702, 4.724590268730301
7.6742683027848955, 4.72158515808473
7.683801717222915, 4.718417238938591
7.693288442389219, 4.715130775277007
7.702743676942613, 4.711750549123767
7.71217260347894, 4.708288917166513
7.721561876880822, 4.704729989941536
7.730914259740451, 4.701078758715617
7.740237609117417, 4.697346545146621
7.749518331140213, 4.693517785317275
7.758759380481701, 4.6895974041675546
7.767968944506063, 4.685596589292327
7.777132992757243, 4.681500235808096
7.786254650316075, 4.6773131746957874
7.7953424239268, 4.673046423802126
7.8043818468409505, 4.66868532416181
7.813376203993212, 4.664234588756947
7.822334313123597, 4.659705038534281
7.831241277604562, 4.655082459675992
7.840100523860817, 4.650371414035897
7.848921103721291, 4.645582386622513
7.857687676465769, 4.640701565436351
7.866403832259942, 4.6357333929054985
7.875115466301323, 4.63066811859915
7.883624222866047, 4.625653921206192
7.892132554205967, 4.620524530931934
7.900568122530878, 4.6153077932412225
7.908985205883827, 4.609970340573688
7.917331037956086, 4.60455694711996
7.925638095667107, 4.599073263969641
7.93387787712174, 4.593499021925819
7.942066439010725, 4.587845515307582
7.950201903652865, 4.582114622622457
7.958278565237509, 4.57630220726611
7.966289067996018, 4.570404118578578
7.974255881656699, 4.564436172145676
7.98214982373696, 4.558380575302238
7.989987350769701, 4.552248017920568
7.99776704894949, 4.546040469940224
8.005482648495608, 4.539754395145869
8.013126963835655, 4.5333860065329015
8.020722951008368, 4.526949964619369
8.02824081597994, 4.52043017561793
8.03569726119705, 4.513836526636015
8.04309133188619, 4.507170933193778
8.050416183248508, 4.500430418315638
8.057664836422834, 4.4936115224777256
8.064860653552767, 4.486727672436206
8.07197331468191, 4.479764467049414
8.079019735251185, 4.472730990775168
8.085999414821528, 4.465629045102244
8.092904964749852, 4.458456231057798
8.09972963169795, 4.451209409107983
8.106497124903596, 4.443900723806431
8.113176674546152, 4.436517485909999
8.119785395280225, 4.429067976132086
8.126323207900022, 4.421553840568608
8.132782238120729, 4.413973281955372
8.139155970731949, 4.406323496524751
8.145468417417106, 4.398615298527359
8.15168842128066, 4.390837744937886
8.157833299109823, 4.382998301931869
8.163903343935814, 4.375098433192669
8.169890271421226, 4.3671369556081086
8.175787795089951, 4.359111415537601
8.181620193897164, 4.351031242520137
8.187355980064355, 4.342887282972043
8.19301268934508, 4.334686168714872
8.19859092442214, 4.3264291765243374
8.204082086614033, 4.318115738321046
8.209480101185148, 4.3097437758841215
8.214809487517137, 4.301321275040812
8.22003847286555, 4.292840914830144
8.225184818378665, 4.284308433235098
8.230249354819868, 4.275724918777988
8.23522326617753, 4.267090399383024
8.240100660911143, 4.258403191825533
8.244906272838243, 4.249669776125325
8.249608106918304, 4.24088473664458
8.254224184837849, 4.232052876593583
8.258755490595417, 4.2231751268021975
8.26319311125216, 4.214252092718111
8.267531315313844, 4.205282525168425
8.271795001699532, 4.196271319522826
8.275952031336088, 4.187215044597933
8.280020675469153, 4.178117472593031
8.284001991574463, 4.168979413478399
8.287887064048492, 4.159802009411987
8.291670267046971, 4.150584472353516
8.295376611047505, 4.141330022971301
8.298973881517817, 4.132037288782289
8.302480588053582, 4.122708930247351
8.305897795604476, 4.113345698810045
8.309216682607424, 4.103949198559668
8.312431684910234, 4.094519136439535
8.31556791229256, 4.085057008575019
8.318593125351239, 4.075563545499052
8.321526057100774, 4.0660402016663495
8.32436772299528, 4.056487733016285
8.327093678397105, 4.046910489739826
8.329730254942085, 4.037305664805475
8.332260201506575, 4.0276770245691775
8.334695841339187, 4.018023039939131
8.337028397151274, 4.008345184071319
8.33926567054023, 3.9986478396104257
8.341402185930212, 3.9889241579501
8.343438217851764, 3.9791833103702525
8.344881319791762, 3.9693679396838624
8.346076487874686, 3.959550337369572
8.347347490938194, 3.9497742376769054
8.348546069992523, 3.939979847227236
8.349744540867823, 3.93017165007057
8.350917047471693, 3.9203628374136397
8.352074538253333, 3.9105701356041758
8.353230137781528, 3.9006476372569665
8.354363612675343, 3.890751309743321
8.355492143284046, 3.8808544835253422
8.35662968598294, 3.870954940651084
8.357756249603531, 3.8610549110110464
8.358878322120791, 3.8511537221344314
8.360010103587193, 3.8412506295071034
8.361131521205271, 3.831347652375525
8.362248932032085, 3.8214440205642184
8.363376534200944, 3.81153887017201
8.36449413555629, 3.801634166103785
8.365608014654196, 3.791729081421856
8.366732363925667, 3.7818226849107446
8.367846919541162, 3.7719169149748826
8.368957913802115, 3.7620109146941707
8.370079534521262, 3.752103714861652
8.37119147760154, 3.7421972417427587
8.372299949763988, 3.7322906216398093
8.37341913728856, 3.7223828631994813
8.374528714223434, 3.7124758877631603
8.375634872445216, 3.7025688120773146
8.37675179666114, 3.6926606311238497
8.377859148579434, 3.6827532654003337
8.378963111660196, 3.6728458259405534
8.38007786967155, 3.6629372987186986
8.381183077543907, 3.6530296055893574
8.382284913936825, 3.643121853993252
8.38339756203971, 3.6332130234843856
8.384500673120442, 3.623305038484618
8.385600423066071, 3.6133970040173455
8.386710994690828, 3.6034878946604585
8.387812037344533, 3.593579638070909
8.388909725278243, 3.583671337510036
8.39001824104551, 3.573761963388662
8.39111723305481, 3.5638534469669114
8.392212874557853, 3.5539448901105155
8.393319347911731, 3.5440352595183806
8.394416301130468, 3.5341264902553524
8.395509906822953, 3.5242176829971457
8.396614347185798, 3.5143078009883015
8.39770927014475, 3.504398783207134
8.398800847865589, 3.494489729255154
8.39990326240448, 3.484579599069614
8.400996161770422, 3.4746703355992445
8.40208571779784, 3.4647610374370004
8.40318611241371, 3.4548506612981345
8.404276993806256, 3.4449411541297943
8.405364533541228, 3.4350316135539827
8.406462913422567, 3.4251209931146467
8.407551781871563, 3.4152112437691797
8.408637310220366, 3.405301462190545
8.409733680153314, 3.3953905987827198
8.410820540354862, 3.3854806085161364
8.411904061943298, 3.375570587127844
8.412998426485165, 3.3656594819023486
8.414083282945022, 3.3557492518208623
8.415164802238335, 3.3458389916927356
8.416257165814809, 3.3359276456974243
8.417340022928622, 3.326017176821838
8.418419544298626, 3.3161066789530946
8.419509911258187, 3.3061950931766124
8.420590773356425, 3.29628438647836
8.421668301119121, 3.2863736518271387
8.42275667576349, 3.276461827223433
8.423835547136623, 3.2665508836447494
8.424911085573257, 3.2566399131446353
8.425997472174473, 3.2467278506466686
8.427074357087054, 3.2368166711118924
8.428147910455857, 3.2269054656811784
8.429232313265798, 3.216993166208608
8.430307215964367, 3.2070817516305143
8.431378788507201, 3.1971703121773833
8.432461211762975, 3.1872577766408776
8.433534136480446, 3.177346127924218
8.43460373242649, 3.167434455349656
8.435684180353409, 3.157521684653304
8.436755131311589, 3.1476098026968033
8.437822754879402, 3.1376978978962238
8.438901231692684, 3.1277848929388874
8.439970213103642, 3.1178727786363587
8.441035868502365, 3.1079606425005375
8.442112378408053, 3.098047404176628
8.443179394474903, 3.088135058417612
8.444243085904873, 3.0782226918331936
8.445317633100407, 3.068309221033098
8.446382688017776, 3.058396644703221
8.447444419670926, 3.048484048553023
8.448517008345412, 3.0385703461633584
8.449580106299655, 3.028657540144536
8.450639882359706, 3.0187447153077214
8.451710516694106, 3.0088307822114757
8.452771661863464, 2.9989177473820368
8.453829486506068, 2.98900469473421
8.45489817067328, 2.979090531810831
8.455957367227985, 2.969177269045592
8.457013244620768, 2.9592639894588673
8.458079982785724, 2.9493495975843174
8.45913723488802, 2.939436107754629
8.46019116919067, 2.9295226020976717
8.461255965510327, 2.919607982144459
8.462311277314507, 2.909694266118237
8.463363272678755, 2.8997805352562898
8.464426131302181, 2.8898656880935034
8.465479506954638, 2.8799517467352533
8.466529567524312, 2.870037791530156
8.46759049259262, 2.860122718023477
8.468641936231826, 2.8502085521943132
8.46969006614285, 2.840294373504524
8.470749061789286, 2.8303790745162436
8.471798577545828, 2.820464685073904
8.472844780926238, 2.8105502837545107
8.473901851276166, 2.800634760143554
8.474949443272756, 2.790720147942415
8.475993724242702, 2.780805524845156
8.477048873413617, 2.7708897774670835
8.478094545765083, 2.7609749433581734
8.479136908436857, 2.7510600993314447
8.480190140538376, 2.741144129038472
8.481233897351695, 2.731229073869489
8.482274345829723, 2.72131400975836
8.483325664963623, 2.711397817399374
8.484367510337911, 2.701482542014688
8.485406048718785, 2.6915672586609136
8.48645545897899, 2.6816508450814798
8.487495397005537, 2.671735350322158
8.488532029378, 2.6618198485641926
8.4895795348506, 2.6519032146065693
8.49061756961284, 2.64198750131038
8.491652300057803, 2.6320717819833894
8.49269790482107, 2.6221549284865366
8.493734040394637, 2.6122389974879687
8.494766872985187, 2.6023230614238404
8.495810581109563, 2.5924059892234452
8.496844821562274, 2.582489841353711
8.497875760363696, 2.572573689381074
8.498917575911833, 2.5626563993095477
8.499949925303675, 2.552740035396605
8.500978974373446, 2.542823668340828
8.502018901400179, 2.532906161227328
8.503049363783365, 2.522989582095887
8.504076527171387, 2.5130730007744497
8.505114569689123, 2.5031552772579997
8.506143149011939, 2.4932384831296033
8.507168430612865, 2.483321687311512
8.508204592460341, 2.4734037470787356
8.509231292563513, 2.463486738001527
8.510254696223942, 2.4535697281777993
8.511597282564688, 2.4436437074258417
8.513328524966687, 2.433738282833953
8.515073724165902, 2.4238100277901786
8.51661357220468, 2.4138917267328615
8.51812215347703, 2.4039443009858243
8.519536934149762, 2.3939504004171948
8.520249410140428, 2.384143794950606
8.520691237015438, 2.3741447698836398
8.52125693345891, 2.3642091781523713
8.521836540920269, 2.3542827841051186
8.522415180115527, 2.3443539639631097
8.52299107002246, 2.334423082009918
8.523564397313526, 2.3244905798575566
8.524135607323275, 2.3145567797213866
8.524705125320363, 2.3046219330179407
8.5252733173986, 2.2946862406188884
8.525840491730715, 2.284749864271681
8.526406905976192, 2.2748129347553485
8.526972774893585, 2.264875558142305
8.527538277138788, 2.2549378207009645
8.528103561129392, 2.2449997927631613
8.52866875003473, 2.2350615317906253
8.529233945989322, 2.2251230848176453
8.529799233632371, 2.2151844904055316
8.530364683070088, 2.2052457802129366
8.530930352348266, 2.1953069802624534
8.531496289511782, 2.185368111965779
8.532062534317342, 2.1754291929560763
8.532629119656203, 2.165490237765627
8.533196072734732, 2.155551258378855
8.533763416053432, 2.1456122646845714
8.534331168218287, 2.13567326484645
8.53489934461285, 2.125734265606979
8.535467957954776, 2.115795272537154
8.536037018756511, 2.105856290241798
8.536606535706579, 2.0959173225285697
8.537176515985053, 2.085978372547179
8.53774696552456, 2.0760394429041185
8.538317889226194, 2.066100535757293
8.538889291138075, 2.0561616528940783
8.539461174603042, 2.0462227957957557
8.54003354238079, 2.0362839656906986
8.540606396748869, 2.0263451635982994
8.541179739586193, 2.016406390365245
8.541753572442097, 2.006467646695485
8.542327896593445, 1.9965289331749974
8.542902713091808, 1.9865902502922452
8.54347802280252, 1.976651598455087
8.54405382643694, 1.9667129780047468
8.544630124579127, 1.95677438922737
8.54520691770792, 1.9468358323635613
8.545784206215131, 1.9368973076162854
8.54636199042066, 1.9269588151573822
8.546940270584951, 1.9170203551329645
8.547519046919282, 1.9070819276678674
8.548098319594283, 1.8971435328693451
8.548678088747003, 1.887205170830108
8.549258354486705, 1.877266841630845
8.549839116899701, 1.8673285453423043
8.550420376053307, 1.857390282027017
8.551002131999164, 1.8474520517407178
8.551584384775927, 1.8375138545335241
8.552167134411533, 1.8275756904509066
8.552750380925055, 1.8176375595344936
8.553334124328227, 1.8076994618227376
8.553918364626748, 1.7977613973514643
8.554503101821272, 1.7878233661543257
8.555088335908346, 1.7778853682631794
8.555674066881075, 1.7679474037083955
8.556260294729745, 1.758009472519114
8.556847019442298, 1.7480715747234594
8.557434241004735, 1.7381337103487144
8.558021959401477, 1.7281958794214671
8.558610174615618, 1.7182580819677267
8.559198886629147, 1.7083203180130286
8.559788095423178, 1.6983825875825105
8.560377800978042, 1.6884448907009861
8.56096800327349, 1.6785072273929975
8.561558702288748, 1.668569597682859
8.562149898002613, 1.658632001594704
8.562741590393548, 1.6486944391525085
8.563333779439725, 1.6387569103801194
8.563926465119078, 1.6288194153012787
8.564519647409343, 1.6188819539396393
8.565113326288095, 1.608944526318779
8.565707501732781, 1.5990071324622162
8.566302173720736, 1.589069772393416
8.5668973422292, 1.5791324461358014
8.567493007235342, 1.5691951537127584
8.568089168716266, 1.559257895147642
8.568685826649025, 1.5493206704637839
8.569282981010637, 1.5393834796844914
8.569880631778084, 1.529446322833054
8.57047877892832, 1.5195091999327452
8.571077422438265, 1.5095721110068254
8.571676562284827, 1.499635056078543
8.57227619844491, 1.4896980351711337
8.572876330895399, 1.4797610483078263
8.573476959613162, 1.4698240955118413
8.57407808457506, 1.4598871768063917
8.574679705757955, 1.449950292214684
8.575281823138702, 1.4400134417599184
8.575884436694142, 1.4300766254652904
8.576487546401125, 1.4201398433539885
8.577091152236505, 1.410203095449199
8.577695254177119, 1.400266381774102
8.578299852199802, 1.3903297023518737
8.5789049462814, 1.380393057205687
8.579510536398752, 1.3704564463587094
8.5801166225287, 1.3605198698341054
8.580723204648086, 1.3505833276550354
8.581330282733742, 1.3406468198446568
8.58193785676252, 1.3307103464261245
8.582545926711253, 1.320773907422587
8.583154492556789, 1.3108375028571924
8.583763554275983, 1.3009011327530822
8.58437311184567, 1.2909647971333986
8.584983165242688, 1.2810284960212766
8.585593714443903, 1.271092229439851
8.586204759426144, 1.2611559974122513
8.586816300166277, 1.2512197999616053
8.587428336641135, 1.2412836371110343
8.588040868827598, 1.2313475088836607
8.588653896702503, 1.2214114153026003
8.5892674202427, 1.2114753563909681
8.589881439425053, 1.2015393321718744
8.590495954226414, 1.1916033426684272
8.59111096462365, 1.1816673879037307
8.591726470593619, 1.1717314679008863
8.592342472113176, 1.1617955826829918
8.592958969159191, 1.1518597322731414
8.593575961708527, 1.141923916694428
8.594193449738055, 1.1319881359699375
8.594811433224626, 1.1220523901227584
8.595429912145136, 1.1121166791759711
8.596048886476432, 1.102181003152654
8.596668356195392, 1.0922453620758834
8.597288321278885, 1.0823097559687322
8.597908781703794, 1.0723741848542694
8.598529737446984, 1.0624386487555606
8.599151188485347, 1.0525031476956699
8.599773134795752, 1.0425676816976566
8.600395576355076, 1.0326322507845762
8.601018513140207, 1.0226968549794848
8.601641945128026, 1.0127614943054302
8.602265872295407, 1.0028261687854623
8.60289029461925, 0.9928908784426227
8.603515212076434, 0.9829556232999526
8.604140624643854, 0.9730204033804905
8.604766532298395, 0.96308521870727
8.605392935016944, 0.953150069303323
8.606019832776406, 0.943214955191678
8.60664722555366, 0.933279876395359
8.607275113325612, 0.923344832937389
8.607903496069149, 0.9134098248407853
8.60853237376118, 0.9034748521285646
8.609161746378598, 0.8935399148237387
8.609791613898313, 0.8836050129493175
8.610421976297214, 0.873670146528306
8.611052833552213, 0.8637353155837076
8.611684185640211, 0.853800520138522
8.612316032538114, 0.8438657602157456
8.61294837422284, 0.8339310358383722
8.613581210671287, 0.8239963470293923
8.614214541860372, 0.8140616938117926
8.614848367767003, 0.8041270762085565
8.615482688368099, 0.7941924942426651
8.616117503640565, 0.7842579479370964
8.616752813561332, 0.7743234373148248
8.61738861810731, 0.7643889623988213
8.618024917255427, 0.7544545232120546
8.618661710982584, 0.744520119777489
8.619298999265714, 0.7345857521180871
8.619936782081764, 0.7246514202568075
8.620575059407626, 0.7147171242166054
8.621213831220235, 0.7047828640204334
8.621853097496526, 0.6948486396912409
8.62249285821342, 0.6849144512519738
8.623133113347853, 0.6749802987255755
8.62377386287676, 0.6650461821349855
8.624415106777066, 0.6551121015031399
8.625056845025707, 0.6451780568529731
8.625699077599624, 0.6352440482074155
8.626341804475757, 0.6253100755893943
8.626985025631036, 0.6153761390218331
8.627628741042415, 0.6054422385276534
8.628272950686828, 0.5955083741297729
8.628917654541219, 0.5855745458511057
8.629562852582534, 0.5756407537145642
8.630208544787727, 0.5657069977430567
8.630854731133736, 0.5557732779594882
8.631501411597508, 0.5458395943867609
8.632148586156001, 0.5359059470477735
8.632796254786161, 0.525972335965422
8.63344441746495, 0.5160387611625995
8.63409307416932, 0.5061052226621954
8.634742224876229, 0.49617172048709557
8.635391869562628, 0.4862382546601843
8.636042008205477, 0.47630482520434103
8.63669264078174, 0.4663714321424429
8.63734376726838, 0.45643807549736387
8.637995387642357, 0.44650475529197503
8.638647501880643, 0.4365714715491438
8.639535441050915, 0.4266166794769343
8.640771996609274, 0.41662538737891724
8.64202090349281, 0.4066123254816879
8.643135728361932, 0.396609956667641
8.644061861333316, 0.38661883121034063
8.644901420218504, 0.3766120437978574
8.645636107040762, 0.3666003702636066
8.646271975838802, 0.3565839623690256
8.646440979382332, 0.34664089516030344
8.646239709089214, 0.33670547108300886
8.646118876888345, 0.3267634026460622
8.646016029400684, 0.31681762323018886
8.645912327220472, 0.3068688900656594
8.645805404823962, 0.29691790451240757
8.645695438450247, 0.286965148930842
8.64558294527753, 0.27701097811485503
8.645468424115531, 0.2670555325291011
8.645352352129422, 0.2570999727188469
8.645235083411604, 0.2471445083034287
8.64511691216471, 0.2371890911897153
8.644998085170743, 0.22723371528124214
8.644878807041492, 0.21727837586262602
8.644759247340382, 0.20732306794359706
8.644639546527223, 0.19736778658465773
8.64451982090018, 0.1874125271438908
8.644400166715345, 0.17745728540379774
8.644280663617153, 0.16750205761993095
8.644161377490194, 0.1575468405224188
8.644042362826676, 0.1475916312907577
8.643923664689893, 0.13763642751487914
8.643805320341313, 0.12768122715059863
8.643687360588217, 0.11772602847433913
8.64356981089933, 0.10777083003993258
8.643452692328182, 0.09781563063897036
8.643336022277017, 0.0878604292653368
8.643219815128864, 0.0779052250840566
8.643104082770254, 0.0679500174042901
8.642988835023548, 0.05799480565615704
8.642874080004477, 0.04803958937099596
8.642759824417787, 0.038084368164650266
8.64264607380169, 0.028129141723381764
8.64253283272996, 0.018173909792043443
8.64242010497911, 0.008218672164177905
8.642307893666496, -0.0017365713262521491
8.642196201364573, -0.0116918208117567
8.64208503019532, -0.021647076397054744
8.641974381908325, -0.03160233816384258
8.641864257945313, -0.041557606174752716
8.641754659493522, -0.05151288047663806
8.641645587529785, -0.061468161103294464
8.641537042857031, -0.07142344807771675
8.641429026134421, -0.08137874141396684
8.641321537902225, -0.09133404111871997
8.6412145786025, -0.10128934719254458
8.641108148596057, -0.11124465963096107
8.641002248176568, -0.1211999784253175
8.6408968775822, -0.13115530356351401
8.640792037005241, -0.14111063503060126
8.640687726600044, -0.15106597280927597
8.640583946489617, -0.1610213168802898
8.640480696771023, -0.1709766672227882
8.640377977519917, -0.18093202381458925
8.640275788794236, -0.19088738663241567
8.640174130637282, -0.20084275565208504
8.640073003080232, -0.21079813084866847
8.639972406144283, -0.2207535121966205
8.639872339842343, -0.23070889966988684
8.639772804180494, -0.24066429324199373
8.639673799159144, -0.25061969288612185
8.639575324774064, -0.26057509857516614
8.639477381017116, -0.27053051028178704
8.639379967877021, -0.2804859279784522
8.639283085339818, -0.2904413516374693
8.639186733389392, -0.3003967812310162
8.639090912007815, -0.3103522167311633
8.638995621175656, -0.32030765810989315
8.63890086087227, -0.3302631053391164
8.63880663107599, -0.3402185583906859
8.638712931764301, -0.3501740172364056
8.638619762914006, -0.3601294818480418
8.638527124501302, -0.3700849521973291
8.63843501650194, -0.38004042825597734
8.638343438891281, -0.38999590999567607
8.63825239164433, -0.3999513973880999
8.63816187473586, -0.40990689040491035
8.6380718881404, -0.41986238901775985
8.637982431832302, -0.42981789319829394
8.637893505785767, -0.4397734029181533
8.637805109974874, -0.44972891814897514
8.637717244373585, -0.45968443886239396
8.637629908955802, -0.46963996503004374
8.637543103695334, -0.47959549662355844
8.637456828565934, -0.4895510336145726
8.63737108354133, -0.49950657597472237
8.637285868595182, -0.509462123675646
8.637201183701139, -0.519417676688983
8.637117028832812, -0.529373234986376
8.637033403963786, -0.5393287985394705
8.63695030906763, -0.5492843673199153
8.636867744117907, -0.5592399412993629
8.63678570908817, -0.5691955204494682
8.636704203951956, -0.5791511047418906
8.636623228682783, -0.5891066941482932
8.636542783254178, -0.5990622886403425
8.636462867639658, -0.609017888189709
8.636383481812738, -0.6189734927680678
8.636304625746922, -0.6289291023470975
8.636226299415718, -0.6388847168984807
8.636148502792633, -0.6488403363939046
8.63607123585116, -0.65879596080506
8.635994498564813, -0.6687515901036423
8.635918290907084, -0.6787072242613504
8.635842612851476, -0.6886628632498885
8.635767464371487, -0.6986185070409638
8.635692845440614, -0.7085741556062889
8.635618756032358, -0.7185298089175792
8.635545196120221, -0.7284854669465555
8.635472165677694, -0.738441129664943
8.635399664678287, -0.7483967970444705
8.635327693095492, -0.7583524690568707
8.635256250902819, -0.7683081456738815
8.635185338073756, -0.7782638268672439
8.635114954581809, -0.7882195126087049
8.63504510040048, -0.7981752028700139
8.634975775503277, -0.8081308976229259
8.634906979863699, -0.8180865968391998
8.634838713455249, -0.8280423004905977
8.634770976251438, -0.8379980085488876
8.634703768225771, -0.8479537209858412
8.63463708935174, -0.8579094377732343
8.634570939602865, -0.8678651588828469
8.634505318952636, -0.8778208842864628
8.634440227374581, -0.8877766139558712
8.634375664842203, -0.8977323478628646
8.634311631329004, -0.9076880859792404
8.63418515125419, -0.9275995747273487
8.634122704639601, -0.9375553253026965
8.634060786938234, -0.9475110799746578
8.63399939812361, -0.9574668387150512
8.633938538169236, -0.9674226014956988
8.633878207048632, -0.9773783682884272
8.633818404735306, -0.9873341390650687
8.633759131202774, -0.9972899137974582
8.633700386424552, -1.0072456924574353
8.63364217037417, -1.0172014750168452
8.63358448302513, -1.0271572614475346
8.633527324350958, -1.037113051721356
8.633470694325169, -1.0470688458101667
8.633414592921282, -1.0570246436858284
8.633359020112824, -1.066980445320205
8.633303975873313, -1.0769362506851656
8.633249460176268, -1.086892059752585
8.633195472995222, -1.0968478724943422
8.63314201430369, -1.1068036888823178
8.633089084075186, -1.116759508888399
8.63303668228326, -1.1267153324844756
8.63298480890141, -1.1366711596424437
8.632933463903182, -1.1466269903342023
8.63288264726209, -1.156582824531655
8.632832358951676, -1.1665386622067089
8.632782598945466, -1.1764945033312773
8.632733367216982, -1.1864503478772752
8.632684663739765, -1.1964061958166226
8.632636488487337, -1.2063620471212466
8.632588841433225, -1.2163179017630739
8.632541722550972, -1.2262737597140385
8.632495131814107, -1.2362296209460772
8.632449069196161, -1.2461854854311325
8.632403534670676, -1.2561413531411505
8.632358528211187, -1.2660972240480801
8.632314049791223, -1.2760530981238782
8.63227009938433, -1.2860089753405002
8.63222667696403, -1.2959648556699113
8.632183782503873, -1.3059207390840775
8.632141415977403, -1.315876625554971
8.632099577358147, -1.325832515054567
8.632058266619655, -1.3357884075548458
8.632017483735465, -1.3457443030277914
8.631977228679123, -1.3557002014453916
8.63193750142417, -1.3656561027796381
8.631898301944153, -1.375612007002529
8.631859630212608, -1.3855679140860657
8.631821486203084, -1.3955238240022525
8.631783869889125, -1.4054797367230998
8.63174678124429, -1.4154356522206202
8.631710220242113, -1.425391570466832
8.631674186856145, -1.435347491433758
8.631638681059938, -1.4453034150934232
8.631603702827048, -1.4552593414178596
8.631569252131012, -1.4652152703791015
8.63153532894539, -1.475171201949189
8.631501933243735, -1.4851271361001646
8.631469064999594, -1.4950830728040745
8.631436724186525, -1.5050390120329724
8.631404910778077, -1.5149949537589127
8.631373624747818, -1.524950897953957
8.631342866069293, -1.53490684459017
8.631312634716071, -1.5448627936396195
8.631282930661696, -1.5548187450743782
8.631253753879735, -1.5647746988665228
8.631225104343738, -1.5747306549881361
8.631196982027273, -1.5846866134113027
8.631169386903897, -1.594642574108113
8.631142318947184, -1.6045985370506601
8.631115778130672, -1.614554502211043
8.631089764427951, -1.624510469561363
8.631064277812575, -1.6344664390737287
8.631039318258097, -1.6444224107202499
8.631014885738095, -1.65437838447304
8.630990980226134, -1.664334360304222
8.630967601695774, -1.674290338185916
8.630944750120587, -1.6842463180902512
8.630922425474152, -1.6942022999893598
8.630900627730025, -1.704158283855378
8.630879356861783, -1.7141142696604452
8.630858612843003, -1.7240702573767066
8.630838395647245, -1.7340262469763106
8.630818705248084, -1.7439822384314108
8.630799541619094, -1.7539382317141634
8.630780904733856, -1.7638942267967315
8.630762794565937, -1.7738502236512794
8.630745211088918, -1.7838062222499778
8.630728154276381, -1.7937622225649998
8.63071162410189, -1.8037182245685244
8.630695620539036, -1.8136742282327343
8.630680143561394, -1.823630233529815
8.63066519314254, -1.833586240431958
8.630650769256059, -1.8435422489113586
8.630636871875534, -1.8534982589402165
8.63062350097454, -1.863454270490734
8.63061065652667, -1.8734102835351196
8.630598338505504, -1.883366298045585
8.630586546884626, -1.8933223139943458
8.630575281637624, -1.9032783313536235
8.630564542738083, -1.9132343500956417
8.63055433015959, -1.923190370192628
8.630544643875734, -1.9331463916168174
8.630535483860106, -1.9431024143404467
8.63052685008629, -1.9530584383357559
8.630518742527883, -1.9630144635749915
8.630511161158472, -1.9729704900304028
8.630504105951653, -1.9829265176742439
8.630497576881016, -1.9928825464787727
8.630491573920153, -2.0028385764162504
8.630486097042667, -2.0127946074589445
8.63048114622215, -2.022750639579126
8.630476721432197, -2.0327066727490695
8.630472822646409, -2.042662706941054
8.630469449838381, -2.052618742127362
8.63046660298171, -2.0625747782802826
8.63046428204999, -2.0725308153721076
8.630462487016842, -2.0824868533751304
8.630461217855856, -2.0924428922616536
8.630460474540634, -2.102398932003978
8.630460257044769, -2.1123549725744155
8.63046056534188, -2.122311013945276
8.630461399405563, -2.1322670560888772
8.630462759209435, -2.1422230989775413
8.63046464472709, -2.1521791425835914
8.630467055932138, -2.1621351868793597
8.630469992798197, -2.172091231837175
8.630473455298862, -2.1820472774293793
8.630477443407752, -2.192003323628312
8.63048195709848, -2.20195937040632
8.630486996344658, -2.2119154177357525
8.630492561119889, -2.2218714655889653
8.63049865139779, -2.2318275139383172
8.630505267151982, -2.2417835627561677
8.63051240835607, -2.2517396120148874
8.630520074983673, -2.261695661686849
8.630528267008412, -2.2716517117444237
8.630536984403903, -2.281607762159993
8.63054622714376, -2.2915638129059372
8.630555995201615, -2.3015198639546472
8.63056628855108, -2.3114759152785163
8.630577107165768, -2.3214319668499366
8.630588451019307, -2.331388018641313
8.630600320085325, -2.341344070625047
8.630612714337444, -2.3513001227735475
8.630625633749286, -2.3612561750592267
8.630639078294475, -2.371212227454504
8.630653047946641, -2.3811682799318006
8.63066754267941, -2.3911243324635403
8.630682562466403, -2.401080385022153
8.630698107281258, -2.4110364375800724
8.630714177097609, -2.420992490109736
8.630730771889073, -2.430948542583587
8.630747891629289, -2.4409045949740684
8.630765536291888, -2.450860647253636
8.63078370585051, -2.460816699394739
8.63080240027878, -2.470772751369837
8.63082161955033, -2.480728803151397
8.630841363638803, -2.4906848547118794
8.630861632517835, -2.5006409060237607
8.630882426161067, -2.5105969570595152
8.630903744542131, -2.520553007791625
8.630925587634668, -2.530509058192569
8.630947955412317, -2.540465108234838
8.630970847848726, -2.5504211578909235
8.630994264917533, -2.560377207133318
8.631018206592385, -2.5703332559345253
8.631042672846913, -2.58028930426705
8.631067663654777, -2.5902453521034
8.631093178989614, -2.600201399416088
8.63111921882507, -2.610157446177631
8.631145783134798, -2.620113492360551
8.631172871892439, -2.630069537937372
8.631200485071645, -2.6400255828806234
8.631228622646077, -2.6499816271628394
8.631257284589374, -2.659937670756557
8.631286470875182, -2.6698937136343206
8.63131618147717, -2.6798497557686733
8.631346416368979, -2.689805797132167
8.63137717552426, -2.6997618376973547
8.631408458916688, -2.7097178774367965
8.631440266519906, -2.7196739163230523
8.631472598307575, -2.7296299543286886
8.63150545425335, -2.739585991426283
8.631538834330888, -2.749542027588402
8.631572738513857, -2.759498062787631
8.631607166775915, -2.7694540969965504
8.63164211909072, -2.7794101301877463
8.631677595431933, -2.7893661623338133
8.631713595773228, -2.799322193407346
8.631750120088252, -2.809278223380945
8.631787168350684, -2.819234252227213
8.631824740534192, -2.829190279918759
8.631862836612434, -2.839146306428196
8.63190145655909, -2.8491023317281403
8.631940600347814, -2.8590583557912135
8.63198026795229, -2.8690143785900357
8.632020459346176, -2.8789704000972414
8.632061174503153, -2.8889264202854603
8.632102413396895, -2.89888243912733
8.63214417600107, -2.908838456595492
8.63218646228936, -2.9187944726625927
8.632229272235437, -2.92875048730128
8.632272605812972, -2.938706500484211
8.632316462995645, -2.9486625121840406
8.632360843757137, -2.9586185223734325
8.632405748071127, -2.968574531025051
8.632451175911294, -2.9785305381115657
8.632497127251323, -2.9884865436056534
8.63254360206488, -2.9984425474799923
8.632590600325667, -3.008398549707265
8.632638122007352, -3.0183545502601596
8.632686167083628, -3.0283105491113638
8.63273473552819, -3.038266546233573
8.632783827314718, -3.0482225415994892
8.632833442416892, -3.058178535181815
8.632883580808407, -3.068134526953254
8.632934242462953, -3.078090516886521
8.632985427354221, -3.088046504954332
8.633037135455902, -3.098002491129407
8.633089366741684, -3.1079584753844687
8.633142121185257, -3.1179144576922444
8.633195398760327, -3.127870438025467
8.633249199440577, -3.1378264163568748
8.63330352319971, -3.147782392659206
8.633358370011427, -3.1577383669052055
8.63341373984941, -3.1676943390676207
8.63346963268738, -3.1776503091192057
8.633526048499013, -3.1876062770327196
8.63358298725803, -3.1975622427809194
8.633640448938124, -3.2075182063365735
8.633698433512997, -3.21747416767245
8.633756940956355, -3.2274301267613215
8.633815971241905, -3.237386083575964
8.633875524343349, -3.2473420380891613
8.633935600234395, -3.2572979902737003
8.633996198888743, -3.267253940102369
8.634057320280117, -3.2772098875479614
8.634118964382212, -3.287165832583276
8.634181131168743, -3.297121775181116
8.634243820613431, -3.307077715314286
8.634307032689966, -3.3170336529555957
8.634370767372074, -3.326989588077861
8.634435024633476, -3.3369455206539023
8.634499804447872, -3.346901450656539
8.634565106788992, -3.3568573780585997
8.634630931630543, -3.3668133028329152
8.634697278946248, -3.3767692249523193
8.634764148709827, -3.3867251443896524
8.634831540894998, -3.396681061117757
8.634899455475479, -3.406636975109482
8.634967892424996, -3.4165928863376744
8.635036851717272, -3.4265487947751945
8.635106333326032, -3.4365047003949005
8.635176337224994, -3.4464606031696583
8.635246863387888, -3.456416503072331
8.635317911788446, -3.466372400075794
8.635389482400393, -3.4763282941529217
8.635461575197441, -3.4862841852765953
8.635534190153345, -3.4962400734197003
8.635607327241818, -3.5061959585551232
8.635914781430579, -3.516192034375266
8.636568169880404, -3.5262487846454396
8.637232635036197, -3.536323627188072
8.637774445424984, -3.546383012811401
8.63812279900415, -3.5564188592762074
8.638003248968445, -3.5663722281938144
8.637518946586999, -3.5763045179141875
8.637107805661666, -3.586245873588433
8.636946273529968, -3.596246530394733
8.637127440698219, -3.6063248219152175
8.637309641824654, -3.616412273136046
8.637292074541115, -3.6264583309555585
8.637158111056175, -3.636501410373404
8.636919515081908, -3.6465423399022865
8.636582305160923, -3.6565789925632832
8.636158817689143, -3.666615116171351
8.635629916963088, -3.6766433335220583
8.635001759724183, -3.686664810677568
8.634286801901528, -3.6966838348665787
8.633466263615146, -3.7066923720013234
8.63254634936688, -3.7166916804058294
8.63153949062016, -3.726686346006872
8.630427217819111, -3.736667744876361
8.62921572312951, -3.7466372571169217
8.627917381012846, -3.756599790992929
8.626514013474393, -3.766546162794648
8.625011766182308, -3.776477892621868
8.623422939352395, -3.7864002358074456
8.621729641814717, -3.796303475155312
8.61993794306364, -3.80618927502455
8.61806004897438, -3.8160632408617428
8.616078361874234, -3.825915143221694
8.613998834024741, -3.8357468979163896
8.61183366383676, -3.8455640485235825
8.609565652520821, -3.8553556604941113
8.607200687975446, -3.8651236391517307
8.604750827050477, -3.874874150002197
8.602199081668005, -3.884595967919833
8.599551206851466, -3.894291324379101
8.59681907669372, -3.903966862690422
8.59398615354487, -3.9136104705975763
8.591058270943316, -3.923224109617911
8.588047222314476, -3.932814728480404
8.584936690846888, -3.942370125142121
8.581732174196018, -3.951892915722891
8.578445297098757, -3.961390367168251
8.575060105244775, -3.97084978347589
8.571581959148372, -3.9802739495123483
8.568022311556636, -3.989670471868326
8.564365579568348, -3.9990261824282336
8.560616981887637, -4.008344031284552
8.556787785015965, -4.017631954326656
8.55286279087058, -4.026876322340748
8.548847073590954, -4.0360802486571
8.544751704749501, -4.045251993660015
8.540561886077903, -4.054377479674657
8.536282543608218, -4.063459977194
8.53192453469225, -4.07250805805997
8.52747337049879, -4.081507146503489
8.522933734313758, -4.090460631619822
8.518316237358407, -4.099377371111289
8.513606934296439, -4.108242441227841
8.508810462418634, -4.117059429305741
8.503874934049561, -4.125929002528541
8.49901462605264, -4.134458876716748
8.494197924194081, -4.142951634407584
8.489220660078246, -4.1514379246187145
8.484140829691627, -4.159878432082061
8.478972766656033, -4.168270499036824
8.473722535803452, -4.176613549599615
8.468387525998361, -4.184896368018954
8.462971823802334, -4.193124129773648
8.457480236707646, -4.20130940655854
8.451906210241939, -4.209433231758925
8.446252743940578, -4.217499526284582
8.440524335896338, -4.225521005787844
8.4347149972316, -4.2334785376134585
8.428827650622836, -4.241376156508997
8.422866458578442, -4.249226693743722
8.416826018237693, -4.257010830681493
8.410496934324682, -4.264428179019286
8.40395920995102, -4.27157946732332
8.397424763326367, -4.278713780222728
8.390900905263013, -4.285881583361903
8.384353037861976, -4.2930417178768465
8.377769526489578, -4.300167467197907
8.37121321079383, -4.307343639265664
8.364587920763029, -4.314489201806202
8.357920798467491, -4.32163538895419
8.351232618491814, -4.3287730827617885
8.344533735520011, -4.335902504820407
8.337829044450412, -4.343037805977108
8.331114878355402, -4.350161977942253
8.324394313243644, -4.35728054541366
8.317671813215185, -4.364407017281552
8.311104367922315, -4.371722218906117
8.30472353244971, -4.379263813276633
8.298323342944752, -4.386826921418009
8.291880723867813, -4.394363458746605
8.285390513242497, -4.401864497404377
8.278855232743682, -4.4092871800483975
8.272268832860428, -4.416652884105529
8.265641089948216, -4.42395296103948
8.258956759037572, -4.431198572941954
8.252213215898726, -4.438389183063296
8.245409244060756, -4.445522522938833
8.238543798655181, -4.452596475348419
8.231616038069808, -4.459609119302856
8.224605373382358, -4.466548793268547
8.217496220745877, -4.473372949477984
8.210306785159787, -4.480120712037118
8.203053079450266, -4.486811746736261
8.195735433936983, -4.493424125525364
8.188355125286447, -4.4999627900965224
8.180913370892368, -4.506440857876553
8.173408589661427, -4.512838079253395
8.165842429001033, -4.519159149850379
8.158215846615807, -4.525417238114971
8.150527950497388, -4.53159214743953
8.14278033679339, -4.537688668183466
8.13497364960886, -4.543720003648664
8.127107668564305, -4.549665994913571
8.119183909036524, -4.555531509744387
8.111202666059686, -4.561329769367353
8.103164362757855, -4.567040665156428
8.095070412886184, -4.572669127744172
8.086920752351045, -4.578228375222423
8.078716439620557, -4.583698363899355
8.07045877243491, -4.589084079049026
8.062147307819481, -4.594398725339047
8.053783722608557, -4.599622341217895
8.045369191486193, -4.604759954110609
8.036902889208733, -4.60982473916671
8.028387103833083, -4.6147968326691995
8.019822879917056, -4.619681295436877
8.011209004074905, -4.624491262086378
8.002548368934121, -4.629206985193916
7.9938418897102705, -4.633833546395102
7.985087965192722, -4.6383840233401
7.976290083479127, -4.642838803642448
7.967449025984817, -4.647202987581059
7.958564112705664, -4.651493333210069
7.949637199836046, -4.655694782183767
7.94066879021176, -4.65980853845409
7.931660057563648, -4.663830521589948
7.92261318022905, -4.6677586541185025
7.913524820757678, -4.671607203920518
7.904399514221509, -4.675362202952664
7.8952389901280515, -4.679017796927576
7.886039579451576, -4.68259228437772
7.876806032823704, -4.686072038010157
7.867540298236856, -4.689451283923293
7.858238066904094, -4.692749170077402
7.848906432104534, -4.695947617338239
7.839540012111969, -4.699061870357288
7.830146258165814, -4.702073327733943
7.820719696817218, -4.704999646105392
7.811267836236208, -4.707822632743763
7.801784903509598, -4.710559838732835
7.792278767589694, -4.713193224620522
7.782743321273996, -4.715740226114099
7.773186770039467, -4.718182958735473
7.7636017860904385, -4.720543294832645
7.753997309651622, -4.7227990708624095
7.744371360961338, -4.724957698985607
7.734720229956605, -4.727032647758159
7.7250510963149, -4.7290065477825385
7.715363867844348, -4.730881103806483
7.705657634802096, -4.7326614860482366
7.695935147168225, -4.7343439052619525
7.686198135614283, -4.735925779548639
7.676444169088749, -4.737413832645844
7.666673399960703, -4.738809977990464
7.656892161308846, -4.740103229186338
7.64710000094844, -4.741296152344262
7.637295457117626, -4.742393836721534
7.627494899917471, -4.742887548898514
7.617752781112246, -4.743110899163969
7.608056286709415, -4.743413015042223
7.5983744265124855, -4.743621981732755
7.588679602126005, -4.7438217323527425
7.578975318410521, -4.744105357875207
7.569275809331074, -4.744291873397649
7.559559993594148, -4.744566387487551
7.549813881898561, -4.744742930768019
7.540036735854521, -4.744898839915448
7.5302481855927415, -4.745051026635549
7.52046292234365, -4.745186811087087
7.510677382404304, -4.74531217318133
7.500885282453462, -4.74543903007811
7.491095772235043, -4.745553083255333
7.48130694312131, -4.745659764032475
7.471522570879579, -4.745291650968178
7.461809297229024, -4.744797719346647
7.452144198445636, -4.74452107738788
7.44248707471078, -4.744234507244188
7.432841070132746, -4.7441084269562515
7.42321832398765, -4.744062012771109
7.413585395351504, -4.744285141528591
7.403943292584572, -4.744832250115425
7.394289314075211, -4.7454541458506405
7.384632551781346, -4.746104152641885
7.374973866093169, -4.746775106539682
7.365313689727238, -4.747464073505689
7.355652414267532, -4.7481687896802445
7.3459903299846605, -4.7488872994789775
7.336327654617698, -4.749617892547005
7.326664551868774, -4.750359072187649
7.317001144408384, -4.751109529500522
7.307337523851006, -4.751868120494134
7.297673758350933, -4.752633845768359
7.288009898374525, -4.753405832544984
7.278345981082453, -4.75418331882778
7.268682033652224, -4.754965639475328
7.259018075793517, -4.755752213979116
7.249354121649339, -4.756542535753719
7.239690181230359, -4.75733616276228
7.2300262614948485, -4.758132709317608
7.220362367159863, -4.758931838916053
7.210698501308941, -4.75973325797697
7.201034665845918, -4.760536710375369
7.191370861832586, -4.761341972668552
7.18170708973883, -4.762148849929462
7.17204334962694, -4.762957172110254
7.162379641286547, -4.763766790868921
7.152715964332656, -4.76457757680029
7.143052318276109, -4.765389417019999
7.133388702573641, -4.7662022130565385
7.123725116662771, -4.7670158790121855
7.1140615599856325, -4.767830339958528
7.104398032004666, -4.7686455305366895
7.09473453221244, -4.76946139373617
7.085071060137292, -4.770277879829515
7.075407615345989, -4.771094945442915
7.06574419744434, -4.771912552745396
7.056080806076429, -4.77273066874152
7.046417440922936, -4.7735492646542985
7.036754101698943, -4.774368315386898
7.027090788151415, -4.7751877990530005
7.017427500056562, -4.776007696567126
7.007764237217213, -4.776827991287228
6.9981009994602665, -4.777648668702878
6.988437786634254, -4.778469716163274
6.978774598607094, -4.779291122639932
6.9691114352639785, -4.780112878519671
6.959448296505473, -4.78093497542402
6.9497851822457815, -4.781757406051662
6.940122092411185, -4.782580164040979
6.9304590269386175, -4.783403243850148
6.920795985774429, -4.784226640652537
6.911132968873269, -4.785050350245444
6.901469976197065, -4.785874368970479
6.891807007714171, -4.786698693644116
6.882144063398575, -4.787523321497092
6.872481143229211, -4.788348250121559
6.862818247189357, -4.789173477424959
6.853155375266089, -4.789999001589801
6.843492527449829, -4.790824821038552
6.833829703733913, -4.791650934403035
6.824166904114241, -4.792477340497711
6.81450412858896, -4.793304038296366
6.80484137715817, -4.794131026911799
6.795178649823698, -4.794958305578071
6.785515946588868, -4.795785873635048
6.775853267458328, -4.796613730514895
6.766190612437869, -4.797441875730286
6.756527981534297, -4.798270308864162
6.746865374755293, -4.799099029560754
6.737202792109319, -4.799928037517744
6.727540233605507, -4.800757332479483
6.71787769925358, -4.801586914231011
6.7082151890637824, -4.8024167825928705
6.698552703046807, -4.803246937416598
6.688890241213743, -4.804077378580745
6.679227803576034, -4.804908105987449
6.669565390145422, -4.805739119559422
6.659903000933922, -4.8065704192373255
6.650240635953778, -4.807402004977481
6.6405782952174475, -4.8082338767498785
6.630915978737558, -4.80906603453643
6.621253686526899, -4.809898478329452
6.611591418598403, -4.8107312081303455
6.601929174965128, -4.811564223948428
6.592266955640229, -4.812397525799932
6.582604760636964, -4.813231113707124
6.572942589968677, -4.814064987697535
6.563280443648781, -4.814899147803295
6.553618321690757, -4.815733594060542
6.5439562241081495, -4.816568326508914
6.534294150914545, -4.817403345191109
6.524632102123585, -4.818238650152494
6.514970077748949, -4.819074241440766
6.5053080778043535, -4.819910119105653
6.495646102303546, -4.820746283198662
6.4859841512603085, -4.8215827337728605
6.476322224688448, -4.822419470882655
6.466660322601797, -4.823256494583655
6.456998445014207, -4.824093804932501
6.447336591939553, -4.8249314019867295
6.437674763391726, -4.825769285804684
6.428012959384639, -4.826607456445394
6.418351179932217, -4.827445913968496
6.408689425048401, -4.8282846584341605
6.399027694747145, -4.829123689903012
6.38936598904242, -4.829963008436105
6.379704307948204, -4.830802614094837
6.370042651478489, -4.8316425069409235
6.360381019647278, -4.8324826870363555
6.350719412468584, -4.833323154443368
6.341057829956436, -4.83416390922441
6.331396272124859, -4.835004951442121
6.321734738987901, -4.8358462811593075
6.312073230559613, -4.836687898438921
6.302411746854053, -4.8375298033440455
6.292750287885294, -4.838371995937876
6.283088853667414, -4.839214476283722
6.2734274442145015, -4.840057244444974
6.263766059540646, -4.8409003004851145
6.25410469965995, -4.841743644467693
6.244443364586536, -4.842587276456331
6.234782054334508, -4.843431196514706
6.225120768918002, -4.8442754047065435
6.215459508351147, -4.845119901095636
6.205798272648085, -4.845964685745812
6.196137061822966, -4.846809758720936
6.186475875889948, -4.847655120084916
6.176814714863194, -4.848500769901701
6.167153578756879, -4.849346708235261
6.157492467585178, -4.850192935149611
6.147831381362281, -4.851039450708781
6.1381703201023825, -4.851886254976837
6.128509283819676, -4.852733348017868
6.118848272528379, -4.8535807298959925
6.109187286242707, -4.854428400675347
6.099526324976877, -4.855276360420087
6.089865388745126, -4.8561246091943975
6.080204477561693, -4.856973147062486
6.0705435914408215, -4.85782197408857
6.060882730396759, -4.8586710903368955
6.051221894443774, -4.85952049587173
6.041561083596131, -4.860370190757349
6.031900297868102, -4.861220175058056
6.022239537273972, -4.862070448838171
6.012578801828029, -4.862921012162034
6.002918091544569, -4.86377186509399
5.993257406437896, -4.864623007698418
5.983596746522325, -4.865474440039706
5.973936111812167, -4.8663261621822596
5.964275502321754, -4.867178174190514
5.954614918065418, -4.868030476128896
5.944954359057498, -4.868883068061865
5.9352938253123435, -4.8697359500539035
5.9256333168443085, -4.870589122169499
5.915972833667755, -4.87144258447316
5.906312375797054, -4.872296337029411
5.896651943246583, -4.873150379902793
5.8869915360307274, -4.874004713157866
5.8773311541638735, -4.874859336859198
5.8676707976604225, -4.875714251071388
5.858010466534785, -4.876569455859039
5.848350160801372, -4.877424951286773
5.8386898804745995, -4.878280737419232
5.829029625568903, -4.8791368143210745
5.819369396098716, -4.879993182056972
5.809709192078484, -4.880849840691611
5.800049013522653, -4.881706790289697
5.790388860445679, -4.882564030915953
5.780728732862033, -4.883421562635118
5.771068630786183, -4.884279385511944
5.761408554232613, -4.885137499611204
5.751748503215808, -4.885995904997684
5.74208847775026, -4.8868546017361885
5.732428477850475, -4.887713589891533
5.722768503530964, -4.888572869528554
5.7131085548062375, -4.889432440712108
5.703448631690825, -4.890292303507061
5.693788734199256, -4.891152457978299
5.684128862346072, -4.892012904190718
5.674469016145817, -4.892873642209243
5.664809195613046, -4.893734672098799
5.655149400762315, -4.8945959939243435
5.645489631608198, -4.89545760775084
5.635829888165274, -4.896319513643274
5.626170170448117, -4.897181711666638
5.616510478471326, -4.898044201885953
5.606850812249497, -4.89890698436625
5.597191171797237, -4.899770059172579
5.587531557129158, -4.900633426369998
5.577871968259882, -4.901497086023593
5.568212405204034, -4.902361038198463
5.558552867976249, -4.903225282959718
5.548893356591171, -4.904089820372489
5.5392338710634546, -4.904954650501919
5.529574411407753, -4.905819773413176
5.519914977638736, -4.90668518917144
5.510255569771072, -4.907550897841901
5.5005961878194425, -4.908416899489777
5.490936831798538, -4.909283194180293
5.481277501723053, -4.910149781978691
5.471618197607689, -4.911016662950237
5.461958919467155, -4.911883837160206
5.452299667316172, -4.912751304673895
5.4426404411694635, -4.913619065556617
5.43298124104176, -4.9144871198736935
5.42332206694781, -4.915355467690465
5.413662918902351, -4.916224109072297
5.404003796920144, -4.917093044084567
5.3943447010159495, -4.917962272792662
5.384685631204542, -4.918831795261997
5.375026587500697, -4.919701611558
5.365367569919199, -4.920571721746106
5.3557085784748395, -4.9214421258917795
5.346049613182421, -4.92231282406049
5.336390674056751, -4.923183816317733
5.32673176111265, -4.924055102729016
5.317072874364935, -4.924926683359866
5.30741401382844, -4.925798558275819
5.297755179518001, -4.926670727542439
5.288096371448462, -4.9275431912253005
5.278437589634681, -4.92841594938999
5.26877883409152, -4.929289002102116
5.259120104833842, -4.930162349427304
5.249461401876528, -4.931035991431192
5.23980272523446, -4.931909928179442
5.230144074922526, -4.932784159737723
5.220485450955632, -4.933658686171728
5.210826853348677, -4.934533507547162
5.20116828211658, -4.935408623929748
5.191509737274258, -4.93628403538523
5.181851218836644, -4.937159741979364
5.172192726818676, -4.938035743777919
5.162534261235297, -4.938912040846684
5.152875822101457, -4.93978863325147
5.143217409432121, -4.940665521058103
5.133559023242249, -4.941542704332412
5.123900663546823, -4.942420183140259
5.114242330360821, -4.94329795754752
5.104584023699237, -4.944176027620084
5.094925743577067, -4.9450543934238524
5.085267490009316, -4.945933055024752
5.075609263010996, -4.946812012488722
5.065951062597132, -4.947691265881718
5.056292888782748, -4.948570815269712
5.046634741582883, -4.949450660718691
5.036976621012582, -4.9503308022946655
5.027318527086894, -4.951211240063658
5.017660459820881, -4.952091974091705
5.008002419229608, -4.952973004444863
4.998344405328151, -4.953854331189212
4.9886864181315875, -4.954735954390835
4.979028457655014, -4.95561787411584
4.969370523913525, -4.956500090430349
4.959712616922227, -4.957382603400507
4.950054736696233, -4.958265413092465
4.940396883250658, -4.9591485195723966
4.930739056600638, -4.9600319229064915
4.921081256761306, -4.960915623160962
4.911423483747805, -4.961799620402025
4.901765737575287, -4.9626839146959245
4.892108018258914, -4.963568506108917
4.882450325813848, -4.964453394707279
4.872792660255275, -4.9653385805572965
4.8631350215983655, -4.966224063725275
4.8534774098583195, -4.967109844277547
4.8438198250503275, -4.967995922280446
4.834162267189595, -4.9688822978003335
4.824504736291345, -4.969768970903589
4.814847232370789, -4.9706559416565925
4.805189755443157, -4.971543210125758
4.795532305523691, -4.97243077637751
4.785874882627636, -4.973318640478289
4.77621748677024, -4.974206802494558
4.7665601179667645, -4.975095262492788
4.756902776232478, -4.975984020539475
4.747245461582656, -4.9768730767011276
4.737588174032582, -4.9777624310442725
4.727930913597547, -4.9786520836354455
4.71827368029285, -4.9795420345412165
4.708616474133803, -4.980432283828159
4.698959295135715, -4.981322831562862
4.68930214331391, -4.982213677811939
4.679645018683719, -4.9831048226420185
4.6699879212604785, -4.9839962661197434
4.660330851059536, -4.984888008311778
4.650673808096247, -4.985780049284797
4.641016792385976, -4.986672389105496
4.631359803944086, -4.987565027840586
4.621702842785955, -4.988457965556794
4.612045908926969, -4.989351202320873
4.602389002382524, -4.990244738199582
4.592732123168019, -4.991138573259705
4.583075271298864, -4.992032707568029
4.57341844679048, -4.992927141191371
4.563761649658283, -4.993821874196563
4.554104879917706, -4.994716906650451
4.5444481375841965, -4.995612238619903
4.5347914226732, -4.996507870171801
4.5251347352001705, -4.9974038013730375
4.515478075180574, -4.998300032290536
4.50582144262988, -4.99919656299122
4.496164837563572, -5.000093393542043
4.486508259997132, -5.000990524009976
4.476851709946061, -5.001887954461998
4.467195187425863, -5.002785684965106
4.4575386924520455, -5.0036837155863205
4.447882225040131, -5.004582046392678
4.438225785205647, -5.005480677451229
4.428569372964123, -5.006379608829047
4.418912988331109, -5.007278840593205
4.409256631322159, -5.008178372810819
4.3996003019528205, -5.009078205549001
4.389944000238667, -5.00997833887489
4.380287726195271, -5.010878772855642
4.370631479838223, -5.011779507558427
4.360975261183105, -5.012680543050431
4.351319070245518, -5.013581879398861
4.34166290704107, -5.01448351667094
4.332006771585374, -5.015385454933905
4.322350663894058, -5.0162876942550145
4.312694583982748, -5.017190234701546
4.30303853186708, -5.018093076340779
4.2933825075627094, -5.0189962192400275
4.283726511085283, -5.019899663466622
4.274070542450467, -5.0208034090878995
4.264414601673933, -5.02170745617122
4.254758688771359, -5.022611804783957
4.245102803758425, -5.023516454993511
4.235446946650836, -5.024421406867283
4.225791117464289, -5.025326660472714
4.216135316214496, -5.026232215877236
4.206479542917174, -5.027138073148319
4.196823797588051, -5.028044232353442
4.1871680802428655, -5.028950693560095
4.1775123908973555, -5.029857456835801
4.167856729567272, -5.030764522248089
4.1582010962683755, -5.031671889864504
4.148545491016434, -5.032579559752613
4.138889913827222, -5.03348753198
4.1292343647165195, -5.034395806614265
4.119578843700121, -5.035304383723025
4.109923350793826, -5.036213263373915
4.100267886013442, -5.037122445634584
4.090612449374781, -5.038031930572702
4.0809570408936695, -5.0389417182559555
4.071301660585937, -5.039851808752048
4.0616463084674255, -5.040762202128701
4.051990984553979, -5.041672898453654
4.042335688861459, -5.0425838977946595
4.032680421405723, -5.043495200219491
4.0230251822026455, -5.044406805795939
4.01336997126811, -5.0453187145918115
4.003714788618003, -5.046230926674928
3.9940596342682197, -5.0471434421131365
3.9844045082346646, -5.048056260974294
3.974749410533251, -5.048969383326277
3.9650943411798982, -5.049882809236983
3.955439300190539, -5.050796538774315
3.9457842875811053, -5.051710572006208
3.9361293033675464, -5.052624909000602
3.926474347565814, -5.053539549825468
3.9168194201918705, -5.054454494548784
3.9071645212616835, -5.055369743238546
3.897509650791232, -5.056285295962768
3.8878548087965012, -5.0572011527894825
3.8781999952934902, -5.058117313786746
3.8685452102981945, -5.05903377902262
3.8588718207074715, -5.060146693677802
3.849173579986733, -5.0615068226019835
3.8394454109662353, -5.062863957801854
3.8297008174491585, -5.064168402494813
3.819942757208861, -5.065410066362722
3.8101726420181685, -5.066583568919048
3.8003916941979408, -5.067684520173301
3.7906009792063413, -5.068709107921938
3.780767839355308, -5.0690494998319835
3.771008365604383, -5.06920485391033
3.761297116290567, -5.069412508757188
3.7516053081487724, -5.069599865891863
3.7418945124940945, -5.069772956077771
3.732193475400472, -5.069962031124897
3.722459450804329, -5.070142399359092
3.7126958192910156, -5.070257761005704
3.7029091272872856, -5.070354021989142
3.6931243360023283, -5.070438102767994
3.6833331174963173, -5.070522687979597
3.673544131665903, -5.07059362547098
3.6637556772467548, -5.070656431413638
3.6539611722416274, -5.070722710036211
3.644169756542465, -5.070777944861054
3.6343793273232254, -5.070827340914482
3.6245831905783548, -5.070882206578425
3.6147904448458554, -5.070927782403964
3.6049988705192093, -5.0709690484608085
3.595201755700702, -5.07101710591591
3.585408202648311, -5.071057017783022
3.5756159289324403, -5.0710936079500435
3.565818218541658, -5.071137843048821
3.5560241723897414, -5.071174672763052
3.54623146797449, -5.071208822755561
3.5364333882237275, -5.071251173254934
3.5266390340566978, -5.071286600448832
3.5168460595752222, -5.071319765373218
3.507047747122308, -5.0713614943438765
3.4972531981849686, -5.071396611126355
3.487460053015926, -5.071429733635077
3.477661594358182, -5.071471654595815
3.4678669231487986, -5.0715071638353715
3.4580736707618738, -5.071540852319995
3.4482751208807483, -5.0715834914842
3.4384803733301963, -5.071619848517065
3.4286870540357044, -5.071654497074306
3.4188884479992985, -5.071698195237229
3.4090936534834646, -5.071735694889834
3.3993002931457115, -5.071771558627544
3.389501653517389, -5.071816536327041
3.3797068309815947, -5.071855369322316
3.3699134463237725, -5.071892613202171
3.3601147877261615, -5.071939012977741
3.3503199494767015, -5.071979302517241
3.3405265513864384, -5.0720180330319025
3.3307278833608502, -5.072065946832639
3.320933037448962, -5.0721077723228225
3.3111396330663685, -5.072148058041169
3.301340961885784, -5.072197545002356
3.2915461136229, -5.072240957443371
3.281752707671931, -5.07228284233618
3.271954037499932, -5.0723339403093695
3.2621591904278904, -5.072378972276423
3.252365786070615, -5.0724224843596115
3.2425671197062296, -5.072475217391266
3.2327722762215525, -5.072521889508794
3.22297887560858, -5.072567046449662
3.21318021496676, -5.072621429632046
3.2033853767236478, -5.072669754773023
3.1935919813497677, -5.072716567526661
3.1837933277720367, -5.072772610144277
3.1739984959430645, -5.072822596154088
3.1642051068774375, -5.072871071322062
3.1544064613330796, -5.072928778892572
3.1446116367780674, -5.072980430355788
3.134818254813417, -5.07303057171609
3.1250196180298833, -5.07308994731412
3.115224801405417, -5.0731432667005265
3.105431427154767, -5.073195076199981
3.095632799702263, -5.073256121315814
3.08583799153272, -5.07331110972376
3.076044625492176, -5.073364588121705
3.066246007838564, -5.073427303218274
3.056451208562226, -5.0734839608568505
3.0466578511517204, -5.073539108142698
3.0368592436981556, -5.073603493016846
3.0270644536971423, -5.0736618195186445
3.0172711052868895, -5.0737186351827175
3.0074725083909466, -5.073784689199562
2.997677728010648, -5.0738446838235545
2.9878843889383147, -5.073903167032745
2.9780858029290163, -5.07397088927769
2.9682910324907152, -5.0740325510408155
2.9584977030725788, -5.074092700752552
2.9486991282601474, -5.0741620901298745
2.9389043680692155, -5.0742254178923885
2.9291110486074126, -5.074287232928563
2.91931248528961, -5.074358288225368
2.909517735640828, -5.074423280746231
2.8997244264280493, -5.074486759841113
2.889925874894286, -5.074559479768837
2.880131136075305, -5.074626135741617
2.8703378373978516, -5.07469127757297
2.8605392979318665, -5.074765660794286
2.8507445702254475, -5.074833978870442
2.8409512823652245, -5.074900782079708
2.831152755246812, -5.074976827225963
2.821358038932295, -5.075046806029982
2.811564762168095, -5.0751152692353605
2.801766247674239, -5.075192974917927
2.7919715430284837, -5.075264613057111
2.782178277636822, -5.075334734862041
2.772379776042429, -5.075414099679646
2.7625850833404306, -5.075487395750475
2.752791829596095, -5.075559174749147
2.7429933411744662, -5.075640197292631
2.7331986606897574, -5.0757151498848945
2.723405418866159, -5.07578858466582
2.713606943889305, -5.075871263521244
2.703812275894222, -5.075947871220701
2.6940190462636293, -5.07602296036904
2.6842205850024685, -5.076107294119687
2.674425929768311, -5.076185555509813
2.6646327126019944, -5.076262297608865
2.6548342653264845, -5.076348284836534
2.645039623123635, -5.076428198499653
2.6352464186919713, -5.076506592131849
2.625447985671197, -5.076594231417713
2.615653356769187, -5.0766757959357225
2.605860165341717, -5.076755839683234
2.5960617468439464, -5.076845129608367
2.5862671315115056, -5.076928343563213
2.576473953356982, -5.077010036008389
2.5666755496497027, -5.077100975154143
2.5568809481547916, -5.077185837128127
2.5470877835412034, -5.077269176853744
2.537289394891144, -5.077361763801981
2.5274948075009775, -5.077448272377972
2.5177016566955674, -5.077533257967421
2.5079032833687207, -5.0776274913006345
2.4981087103497712, -5.0777156450621765
2.4883155736190528, -5.0778022750995655
2.478517215880679, -5.07789815340102
2.468722657498701, -5.077987950932442
2.4589295351084592, -5.078076224002677
2.449131193223099, -5.078173745856442
2.4393366497431224, -5.078265185742898
2.4295435419584295, -5.078355100431722
2.409950687876249, -5.078547345250243
2.400157594961463, -5.078638900144288
2.390359285572891, -5.078739704858354
2.3805647726891572, -5.078834425213841
2.3707716949079223, -5.0789276189006225
2.3609734021617044, -5.079030062924455
2.3511789049707934, -5.07912642139574
2.341385842586053, -5.07922125246369
2.3315875667438832, -5.07932533438493
2.321793085507987, -5.079423329560752
2.3120000387819717, -5.079519796599226
2.3022017801048453, -5.079625515006431
2.2924073150854527, -5.0797251454764485
2.2826142842796964, -5.079823247075724
2.272816043027902, -5.079930600558379
2.2630215944857985, -5.080031864913198
2.253228579861128, -5.080131599664488
2.2434303562942537, -5.080240586813019
2.2336359244895236, -5.080343483644167
2.2238429263060655, -5.080444850139614
2.2140447206830003, -5.080555469545385
2.204250305875029, -5.080659997445328
2.1944573243922156, -5.080762994278027
2.1846591369711494, -5.080875244533336
2.1748647394186276, -5.080981402095495
2.165071774895191, -5.081086027859467
2.1552736059336186, -5.081199907557558
2.1454792258945306, -5.081307693376278
2.1356862785885045, -5.0814139466665
2.125888128343224, -5.081529454401562
2.116093766074871, -5.081638867072145
2.1063008362435953, -5.081746746484523
2.096502704970708, -5.081863880851696
2.08670836072969, -5.081974918970382
2.076915448629813, -5.082084423101784
2.0671173365847286, -5.082203182697149
2.057323010626955, -5.082315844861124
2.047530116514431, -5.082426972309357
2.0377320239518713, -5.082547355729942
2.0279377165325587, -5.082661640537354
2.0181448406626523, -5.082774389901175
2.0083467678366445, -5.082896395744963
1.99855247921032, -5.083012301794899
1.9887596218376036, -5.0831266716740116
1.978961569001488, -5.083250298539942
1.9691672994219906, -5.0833678244324405
1.9593744608003487, -5.083483813427507
1.9495764282067765, -5.083609059915462
1.9397821779272557, -5.083728204251513
1.9299893583098866, -5.083845810964139
1.9201913462108224, -5.083972675674964
1.9103971154837438, -5.084093437056515
1.9006043151231609, -5.084212660089267
1.890806323769884, -5.08434114162476
1.8810121128470259, -5.084463518654715
1.871219331995055, -5.084584356611113
1.8614213616381607, -5.084714453574022
1.8516271707706196, -5.084838444856239
1.8418344096784043, -5.08496089634076
1.8320364605678063, -5.085092607334794
1.8222422900059956, -5.085218211474088
1.8124495489239973, -5.085342275092159
1.8026516213089268, -5.085475598721991
1.7928574713025769, -5.085602814324135
1.7830647504805768, -5.085728488682151
1.7732668446095838, -5.085863423553416
1.7634727154077465, -5.085992249225136
1.7536800150948446, -5.086119532930451
1.743882131215802, -5.08625607764973
1.7340880230668503, -5.086386511998726
1.724295343511471, -5.086515403659646
1.714497481871573, -5.0866535568344995
1.704703395023203, -5.086785598469428
1.6949107364730907, -5.086916096695233
1.6851128973188552, -5.087055856934175
1.675318832018086, -5.087189504464648
1.6655261947203104, -5.087321607865569
1.6557283782975802, -5.087462973778079
1.6459343347907558, -5.087598225814688
1.6361417189917116, -5.087731933001924
1.6263439255456562, -5.087874903198456
1.6165499040784481, -5.088011758352744
1.6067573100238572, -5.088147067938468
1.5969595397989726, -5.088291641030434
1.587165540616379, -5.088430097914914
1.5773729685512916, -5.088567008512255
1.567575221791402, -5.088713183112035
1.5577812451377493, -5.088853240340194
1.5479886953065427, -5.088991750563251
1.5381909722548037, -5.089139525284197
1.5283970183737507, -5.089281181470482
1.5186044910201362, -5.089421289934321
1.5088067919190338, -5.089570663390758
1.4990128610535665, -5.089713917150587
1.4892203564205846, -5.089855622471253
1.4794226815119371, -5.090006593278471
1.469628773904379, -5.090151443228233
1.4598362922344033, -5.090294744022734
1.450038641759361, -5.090447310796997
1.4402447576513666, -5.090593755554065
1.4304522991861055, -5.09073865044038
1.4206546733851575, -5.090892811798928
1.4108608130177167, -5.09104084998163
1.4010683779982136, -5.091187337578711
1.3912707771111825, -5.091343092139757
1.3814769407246228, -5.091492722367405
1.361886953657304, -5.091798147677909
1.3520931414912896, -5.091949368570783
1.3423007540837828, -5.092099037450159
1.3325032037414055, -5.092257974274738
1.322709416034939, -5.092410784454102
1.3129170527923473, -5.092562041906954
1.3031195280793864, -5.092722567794525
1.2933257650708119, -5.092876965882616
1.2835334262315328, -5.093029810531799
1.2737359273851683, -5.093191924104486
1.2639421893121707, -5.093347908724519
1.254149875113945, -5.093502339193867
1.2443524023707007, -5.093666039074767
1.234558689470307, -5.093823608850935
1.2247664001502176, -5.093979623765263
1.2149689537459598, -5.094144908578459
1.2051752662545416, -5.0943040621359374
1.1953830020490157, -5.094461660121035
1.1855855822189558, -5.094628528491585
1.1757919203722311, -5.094789264456526
1.165999681517041, -5.094948444139162
1.1562022884957366, -5.095116894693114
1.1464086525287671, -5.095279211692657
1.1366164392590337, -5.095439971700591
1.1268190732803907, -5.09561000306497
1.1170254634275874, -5.095773899727237
1.1072332759777768, -5.095936238689205
1.0974359372750506, -5.096107849492028
1.0876423537701734, -5.096273324446121
1.0778501923741026, -5.096437240991849
1.0680528811798964, -5.096610429862109
1.0582593242560554, -5.096777481738118
1.0484671891468926, -5.096942974498308
1.0386699056931625, -5.097117740065991
1.0288763755828194, -5.097286367494988
1.0190842669930833, -5.097453435101335
1.0092870115111352, -5.097629775997417
0.999493508446103, -5.097799977611461
0.9897014266076667, -5.097968618696642
0.979904199328164, -5.098146533553077
0.9701107235396114, -5.098318307985223
0.9603186686837002, -5.098488521182904
0.9505214698366592, -5.098668008632642
0.9407280215551094, -5.09884135451692
0.9309359939123053, -5.099013138461756
0.9211388237270987, -5.0991941971387345
0.911345403182431, -5.099369113110177
0.9015534029826726, -5.099542466437815
0.8917562616880303, -5.099725094976961
0.8819628691094815, -5.099901579671584
0.8721708965820651, -5.100076501018656
0.8623737844060771, -5.100260698055895
0.8525804200222439, -5.100438750110704
0.8427884753958258, -5.100615238114838
0.8329913925659405, -5.100801002287085
0.8231980566047787, -5.100980620340082
0.8134061401073747, -5.101158673639897
0.8036090868504017, -5.101346003585057
0.7938157795392285, -5.101527186275232
0.7840238913982172, -5.1017068035103375
0.7742268679403298, -5.101895697867311
0.764433589505826, -5.102078443834657
0.7546417299479475, -5.102259623645655
0.744844736514682, -5.102450081054341
0.7350514871828909, -5.102634388939835
0.7252596564342506, -5.102817129968323
0.7154626932505075, -5.103009149069613
0.7056694732468388, -5.103195017515234
0.6958776715329068, -5.103379318403813
0.6860807388229536, -5.1035728978396
0.6762875483721825, -5.103760325488324
0.6664957759177956, -5.10394618488058
0.6566988739052675, -5.104141323293752
0.646905713231537, -5.104330308789547
0.6371139702609009, -5.10451772533007
0.6273170991688006, -5.104714421364516
0.6175239684956223, -5.104904963352353
0.6077322552323102, -5.105093935686735
0.5979354152830111, -5.105292187987335
0.5881423148332665, -5.105484285113185
0.5783506315002236, -5.1056748118880035
0.5685538229154699, -5.105874619100649
0.5587607529114124, -5.106068270011479
0.548969099730954, -5.106260349874322
0.5391723227318623, -5.106461710645897
0.5293792833951171, -5.1066569139896725
0.5195876605889324, -5.106850545589124
0.5097909153959927, -5.107053458567517
0.4999979069475592, -5.1072502129932085
0.49020631473671034, -5.107445394978859
0.4804096015697877, -5.1076498588129695
0.47061662423003947, -5.107848162970548
0.4608250628349646, -5.108044893992981
0.45102838191329964, -5.108250907332696
0.44123543590198727, -5.108450759873139
0.43144390554250084, -5.108649038583947
0.4216472570847117, -5.108856600080172
0.4118543426209631, -5.109057999655458
0.40206284351625726, -5.109257824707234
0.39226622774034076, -5.109466933011876
0.3824733450426619, -5.109669878274987
0.3726818774113078, -5.109871248321336
0.36288529453464013, -5.110081902087306
0.35309244382091703, -5.1102863916922265
0.343301007880866, -5.110489305387749
0.33350445812020396, -5.110701503268956
0.32371163960770394, -5.110907535870686
0.31392023557628856, -5.111111991870994
0.3041237191477715, -5.111325732522372
0.29433093305314406, -5.11153330677691
0.2845395611470793, -5.111739303738618
0.2747430782662302, -5.111954585816095
0.2649503248055079, -5.1121637003804485
0.25515898524089264, -5.1123712369611845
0.24536253612261869, -5.112588059121704
0.23556981551121967, -5.112798712653891
0.22577850850353806, -5.113007787512289
0.21598209336213206, -5.1132261484138
0.20618940581485978, -5.113438339572845
0.19639813157898195, -5.11364895136854
0.18660175062812404, -5.113868849670004
0.17680909635916903, -5.114082577115941
0.16701785510935296, -5.114294724509588
0.15722150856211142, -5.1145161588709795
0.14742888778505311, -5.114731421264858
0.13763767973494503, -5.114945102918115
0.1278413678037776, -5.115168072000414
0.11804878073158459, -5.115384868004281
0.10825760609422082, -5.115600082579818
0.09846132899097586, -5.115824585045025
0.08866877583600768, -5.116042913321955
0.07887763482381575, -5.1162596594834655
0.06908139275973346, -5.116485693994584
0.05928887373374168, -5.116705553208657
0.049497766558541184, -5.116923829620824
0.03970155974425506, -5.117151394841885
0.029909075058384506, -5.117372783658194
0.02011800193138871, -5.117592588986732
0.010321830576926289, -5.117821683582765
0.0005293804417161392, -5.118044600667418
-0.009261658426467048, -5.118265933579049
-0.019057794111682437, -5.11849655621611
-0.028850209486297376, -5.118721000236224
-0.03864121388566386, -5.118943859398682
-0.04843731369281243, -5.11917600874384
-0.058229694097500354, -5.1194019783675575
-0.06802066381864917, -5.119626362449597
-0.07781672753951292, -5.119860037170931
-0.08760907276554393, -5.120087531067404
-0.09740000759967547, -5.120313438738789
-0.10719603502663747, -5.120548637505404
-0.11698834486588262, -5.120777654344796
-0.1267792446047979, -5.121005084276315
-0.1365752355308408, -5.121241805758327
-0.14636750977577037, -5.121472344211827
-0.15615837421186962, -5.1217012950752725
-0.16595432843057442, -5.121939537943822
-0.1757465668742574, -5.122171596683632
-0.18553739580053896, -5.122402067151826
-0.19533331310608426, -5.122641830079067
-0.20512551554218658, -5.122875407778407
-0.21491630875224518, -5.123107396525182
-0.2247121889394051, -5.123348678184285
-0.2345043551621883, -5.123583773517401
-0.24429511245021507, -5.1238172792176115
-0.2540909553143586, -5.124060078282775
-0.2638830851186793, -5.124296689924923
-0.2736738062794588, -5.124531711254443
-0.28346961161654927, -5.124776026400884
-0.29326170479785757, -5.125014153028346
-0.3030523896267684, -5.125250688664069
-0.3128481572333607, -5.125496518568022
-0.3226402135876987, -5.125736158858094
-0.33243086188071136, -5.125974207477936
-0.3422265915539522, -5.126221550816666
-0.3520186108779538, -5.126462703447669
-0.361809222431629, -5.126702263730563
-0.3716049139692552, -5.126951119182346
-0.38139689606014365, -5.127193782833627
-0.3911874706716328, -5.12743485345953
-0.40098312387196916, -5.127685219703674
-0.41077506852755646, -5.127929393055597
-0.4205656059945983, -5.128171972705489
-0.43036122065655796, -5.128423848422319
-0.44015312767524356, -5.128669530156276
-0.44994362779616476, -5.128913617512153
-0.45973920371924726, -5.129167001383023
-0.46953107290001744, -5.12941419018142
-0.4793215354737307, -5.129659783926315
-0.4891170724580208, -5.129914674633602
-0.4989089036004468, -5.130163369179877
-0.5086993284264492, -5.130410467997833
-0.518494826272616, -5.130666864224936
-0.5282866191768526, -5.13091706320355
-0.5380770060484323, -5.1311656657756455
-0.5478724645298845, -5.131423566161087
-0.5576642189489442, -5.131675268183348
-0.5674545676251018, -5.131925373123826
-0.5772499864957698, -5.132184776265225
-0.5870417022109196, -5.132437979982754
-0.5968320124860028, -5.132689585970008
-0.606627391548599, -5.132950490556322
-0.6164190683622421, -5.133205194659792
-0.6262093400382404, -5.133458300385544
-0.6360046790959374, -5.133720705108286
-0.6457963168106865, -5.133976908290609
-0.6555865496900966, -5.134231512448667
-0.6653818485465528, -5.1344954160012914
-0.6751734469655162, -5.134753116957187
-0.6849636408513405, -5.135009218243082
-0.6947588993107285, -5.135274619320667
-0.7045504582375377, -5.135533816746404
-0.7143406129333079, -5.135791413857126
-0.7241358308003348, -5.136058311156161
-0.733927350039162, -5.13631900374936
-0.7437174653489519, -5.136578095383207
-0.7535126424288713, -5.1368464876014555
-0.7633041217844374, -5.1371086740609835
-0.7730941975128732, -5.13736925891746
-0.7828893336114934, -5.137639144753877
-0.7926807728890779, -5.137902823779751
-0.8024708088413439, -5.138164900559511
-0.8122659037650319, -5.138436278714171
-0.822057302770473, -5.138701449007524
-0.8318472987523137, -5.138965016412318
-0.8416423523079969, -5.139237885586392
-0.8514337108476959, -5.139504545849446
-0.861223666665419, -5.139769602582097
-0.8710186786610357, -5.140043961477756
-0.8808099965447759, -5.140312110413895
-0.8905999120099758, -5.140578655178628
-0.9003948822598253, -5.140854502500129
-0.9101861593013172, -5.141124138814653
-0.9199760342242653, -5.14139217031675
-0.9297709625378264, -5.141669504768278
-0.9395621985452085, -5.1419406271660835
-0.9493520327338636, -5.142210144111014
-0.9591469189203136, -5.14248896439743
-0.9689381137022349, -5.142761571584384
-0.978727906965156, -5.143032572678589
-0.9885227508342362, -5.143312877505734
-0.9983139041999116, -5.143586968188695
-1.0081036563462205, -5.143859452139617
-1.0178984577082362, -5.144141240214332
-1.0276895694674437, -5.144416813101164
-1.0374792803068265, -5.1446907786172495
-1.0472740389726451, -5.144974048647384
-1.0570651089357241, -5.145251102446959
-1.0668547782784297, -5.145526548237665
-1.0766494940594777, -5.145811298932088
-1.086440522037329, -5.146089832354287
-1.0962301496941647, -5.146366757130094
-1.10602482240243, -5.146652987198688
-1.115815808206512, -5.14693299895442
-1.1256053939888424, -5.147211401426821
-1.1354000234368684, -5.1474991095804885
-1.1451909668791966, -5.147780598381688
-1.1549805105989464, -5.148060477263206
-1.1647750965998305, -5.14834966221388
-1.1745659974929772, -5.148632626773496
-1.1843554989626244, -5.148913980777674
-1.1941500413300228, -5.149204641238315
-1.2039408994871146, -5.149489080270329
-1.2137303585196912, -5.149771908111729
-1.2235248570678112, -5.150064042796317
-1.2333156723025276, -5.150349955015734
-1.2431050887116206, -5.150634255409955
-1.2528995432552232, -5.1509278630335045
-1.2626903153817968, -5.1512152471563555
-1.2724796889815433, -5.151501018820021
-1.2822740993359392, -5.151796098098573
-1.2920648281691534, -5.152084952841923
-1.3018541587742427, -5.15237219449268
-1.3116485247552943, -5.152668744143307
-1.321439210110483, -5.152959068225242
-1.3312284975361546, -5.153247778581771
-1.3410228189602713, -5.153545797322563
-1.3508134606533166, -5.153837589462198
-1.360602704715358, -5.154127767244208
-1.370396981399498, -5.154427253794299
-1.3801875792468292, -5.1547205127117826
-1.3899767797615743, -5.155012156640003
-1.3997710115232425, -5.155313109719548
-1.4095615653418354, -5.1556078341360605
-1.4193507221261665, -5.15590094293226
-1.429144908783413, -5.156203361262454
-1.43893541839079, -5.156499549900205
-1.448724531262132, -5.15679412228718
-1.4585186726335506, -5.157098004590241
-1.4683091378477782, -5.15739565617246
-1.4780982066241017, -5.157691690874037
-1.4878923025288302, -5.157997035873216
-1.4976827231685166, -5.158296149124175
-1.5074717476683348, -5.158593644865206
-1.5172657979260533, -5.15890045128479
-1.5270561738103505, -5.1592010249297875
-1.5368451538527177, -5.1594999804361645
-1.5466391582836454, -5.15980824700147
-1.5564294892322446, -5.160110279766835
-1.5662184246367574, -5.1604106937654715
-1.5760123830616544, -5.160720419202847
-1.5858026688947877, -5.161023909815947
-1.5955915594815795, -5.161325781034796
-1.605385471721744, -5.161636964071621
-1.6151757122601809, -5.161941911260841
-1.6249645578499254, -5.162245238428887
-1.6347584237271944, -5.162557877793574
-1.6445486187922431, -5.162864280288351
-1.6543374192061506, -5.163169062135601
-1.6641312385428957, -5.163483156557605
-1.6739213879563994, -5.163791013088392
-1.6837101430162162, -5.164097248345896
-1.6935039156353462, -5.164412796555688
-1.7032940192196853, -5.164722105853979
-1.7130827287476929, -5.165029793253811
-1.722876454472648, -5.165346793982919
-1.7326665120507352, -5.165657554781239
-1.7424551758697497, -5.165966693056514
-1.752248854524505, -5.166285145037478
-1.762038865919785, -5.166597356069386
-1.7718274838531527, -5.166907943954251
-1.7816211152622154, -5.16722784592066
-1.7914110802986674, -5.167541505920753
-1.8011996521702691, -5.167853542150385
-1.811041108228884, -5.168426161204452
-1.8208954109193478, -5.169291869655466
-1.8307676178169068, -5.170163873578732
-1.8406524471958914, -5.1709875906650735
-1.850547065667087, -5.171751966454227
-1.8604030211448475, -5.172431717189012
-1.870243520968693, -5.173038025298362
-1.880071617264485, -5.173567628156271
-1.8899047150230175, -5.174017542519624
-1.8997415272392917, -5.174385186418459
-1.9095982632912742, -5.174629600658307
-1.919457160498068, -5.174736821276993
-1.9293240992409009, -5.174735790175737
-1.9390887147526563, -5.174153338091629
-1.9488228175757847, -5.1733221268646625
-1.9585368820484024, -5.17252499149689
-1.9682575526405253, -5.171718345650068
-1.9779872469782138, -5.170892225661712
-1.9877208815161234, -5.170055053414563
-1.997455037852095, -5.169204301522112
-2.0071979245626768, -5.168348597313875
-2.0169382495299777, -5.167474210949508
-2.0266783609180066, -5.166587253828637
-2.0364257823891894, -5.165699165829938
-2.046169958980447, -5.164797077437144
-2.0559131486574995, -5.16388638172371
-2.06566303147605, -5.162977999645573
-2.0754091291729684, -5.16205862701704
-2.0851538639116214, -5.161133244923146
-2.0949049472924646, -5.160212417315996
-2.104716580249715, -5.159530717243609
-2.1146053058447327, -5.159145738941798
-2.124520055672288, -5.158763061639446
-2.134436273540403, -5.158328672467256
-2.1443255860544324, -5.157825653890835
-2.154183605493156, -5.157243848756798
-2.1640067572750126, -5.156592237932142
-2.1738206098025543, -5.155863183951331
-2.1836281926932064, -5.155053164247239
-2.193337950137636, -5.153531271727728
-2.2029492402958275, -5.151855577330139
-2.2125105289036764, -5.150231601116773
-2.2220507776787373, -5.148576254433826
-2.231611435005171, -5.146933950175898
-2.2411641032435456, -5.145275286294229
-2.2508169223983514, -5.143872160323426
-2.260565121141786, -5.142698272820884
-2.270333414170938, -5.141501604049888
-2.2800934736020366, -5.1402393821064365
-2.28984352983731, -5.13890340024079
-2.299582163242593, -5.1374897808081466
-2.3093079115719792, -5.135995527712299
-2.3190260027425134, -5.134365505399206
-2.3287230449769796, -5.132607942082001
-2.338409160362879, -5.13074693983521
-2.348075146974454, -5.12879724772443
-2.357724514946454, -5.1267625867256
-2.3673519679335633, -5.124637145083843
-2.3769596054473476, -5.122423389486464
-2.3865429457334573, -5.120116726046917
-2.3961022445715003, -5.117717850160674
-2.4056362769514377, -5.115226508582498
-2.415142782775523, -5.112642526399278
-2.424624574669637, -5.1099681089729465
-2.4340791184195214, -5.107200870803052
-2.443505052823581, -5.104340900552125
-2.4529008921268836, -5.101388309774339
-2.462263119972513, -5.098341960682284
-2.4715941723177095, -5.0952034684343435
-2.4808971919995666, -5.091975584986622
-2.4901668769918075, -5.088655565642013
-2.4994020631553497, -5.08524272276313
-2.5085952223622443, -5.081734059158381
-2.5177616407247783, -5.078139828468317
-2.5268842820398336, -5.074450196727939
-2.5359685093795874, -5.070668062323888
-2.545014724908352, -5.066796395493491
-2.554015022987756, -5.062830797820442
-2.562983858642833, -5.058779955574952
-2.571904764691296, -5.054636069961324
-2.5807870825960473, -5.050405781119313
-2.589622597022179, -5.046084333456261
-2.5984092045256237, -5.041671206173872
-2.607159002090131, -5.037174562763531
-2.6158528383561146, -5.032582390255588
-2.6244969006948615, -5.027902684193236
-2.633102969033945, -5.023140853072399
-2.6415337369674114, -5.0183728534959755
-2.6502991079556586, -5.013191774736565
-2.6589170869331236, -5.00796691577027
-2.667371830919619, -5.002756595545351
-2.6757925117950037, -4.99747031719107
-2.6841630655341624, -4.992089036276653
-2.6924719823477483, -4.986627807470913
-2.7007417076239433, -4.981084829205607
-2.7089425642585647, -4.975459990467076
-2.7170903903101684, -4.9697491590237055
-2.7251868760305378, -4.963964806558546
-2.7329262689432534, -4.957819079758448
-2.7404905081084165, -4.951474752213263
-2.7479983307289366, -4.945095017983252
-2.7557282212708025, -4.938886228748028
-2.763723726376282, -4.932906310066474
-2.771671830496084, -4.92690599535717
-2.779516688042468, -4.920761990547548
-2.7872940438393816, -4.914549869834981
-2.7950273698493424, -4.908262448054225
-2.8026854955178884, -4.901903124935375
-2.809992392753597, -4.89527760945294
-2.8169910924022434, -4.888384023343489
-2.8240654230801856, -4.881533492138617
-2.8310967620591243, -4.874621854882809
-2.8381186659274444, -4.867678785253837
-2.8451272890056014, -4.860727630820939
-2.8521456333124093, -4.8537652801323325
-2.85914559561393, -4.846796844471537
-2.8661444423575153, -4.83981627544867
-2.873145022426841, -4.832837436400173
-2.8801393115884997, -4.825847047005957
-2.887122922847045, -4.818856577220384
-2.8941186558398173, -4.811860612320117
-2.901329655557505, -4.805039969841664
-2.908819859530818, -4.79845541215828
-2.9162577584504246, -4.7918992970071965
-2.9237424130520884, -4.785221896219899
-2.931092696114129, -4.7784524521222025
-2.93832915044673, -4.771606728087036
-2.9455056675812554, -4.764688027036613
-2.9526218675071574, -4.757709466033466
-2.959667318930515, -4.750658567408601
-2.96663701415149, -4.743546180700437
-2.9735524066270997, -4.736364296985983
-2.980383543614317, -4.729119136982409
-2.987145430413442, -4.721802225590729
-2.9938414664335506, -4.714425698246905
-3.000460063662942, -4.706977367148201
-3.006997061024518, -4.699468860803777
-3.0134738052169396, -4.691891481283419
-3.019860966491017, -4.684253634132238
-3.026173330169832, -4.676546380616609
-3.0324150810413935, -4.668781918909628
-3.038574169976013, -4.660949099984077
-3.0446472236681146, -4.653059967958234
-3.050655174656252, -4.645104750369152
-3.056569302701361, -4.637093779424465
-3.0624039442104207, -4.629017371307322
-3.068164010199492, -4.620887553709398
-3.0738369050495473, -4.612694078762034
-3.0794200419998345, -4.604449222281127
-3.0849337857107684, -4.596142055570213
-3.090350132313022, -4.587784689770247
-3.0956828497481688, -4.579366669917189
-3.100937580817429, -4.570899705371431
-3.1061011475337055, -4.562374435816903
-3.1111717639725973, -4.5538032335301954
-3.116169097526872, -4.545174022188926
-3.1210659799264895, -4.536500565523604
-3.1258755198854384, -4.527771686315749
-3.1306041093044596, -4.5189986727630425
-3.1352380171505305, -4.510173122779637
-3.1397762839397187, -4.501307410358931
-3.143781562625209, -4.492217514864416
-3.1475433340975787, -4.483057515443974
-3.1513094061756446, -4.473928023141339
-3.1550328532776737, -4.464786712145176
-3.158746288372248, -4.455628220833975
-3.1624559256477265, -4.446466834275616
-3.166149821848484, -4.437295093058369
-3.1698292999266107, -4.428124837272486
-3.1735137130021087, -4.418943435130774
-3.177179386781073, -4.409765407523758
-3.1808392009319473, -4.400578540070127
-3.1845015348997245, -4.3913934085086765
-3.1881532222491216, -4.382201605734721
-3.191795046840472, -4.373014176846161
-3.1954454106520402, -4.363817845023863
-3.199353921476175, -4.354706150364619
-3.2036089225361457, -4.345701139595553
-3.2078673162919418, -4.336673618617219
-3.2120820900200475, -4.32760072018937
-3.216137525735727, -4.318479671481994
-3.2200557396763454, -4.3093137283313245
-3.2239033137824764, -4.300113638675956
-3.2276581084262457, -4.290873673859408
-3.2313192922580543, -4.281606018930332
-3.2344343700660527, -4.272179232868936
-3.237299150672507, -4.2627048931626295
-3.240489411856518, -4.253347439414754
-3.2439858192161393, -4.244034294591215
-3.2474357521427004, -4.234663396813472
-3.2507080139747817, -4.225258106881141
-3.2539041583769075, -4.215815322333573
-3.2570187373093256, -4.206344117275742
-3.2600346790389763, -4.196840457381937
-3.262952999160712, -4.18731572000324
-3.2657893501193973, -4.177753869464296
-3.268520448048712, -4.168173776226753
-3.2711558072320033, -4.158562025355025
-3.2737043891989708, -4.1489271582274325
-3.2761503686882683, -4.139264884394045
-3.278495783687911, -4.129586636401275
-3.280755698887985, -4.119875808543142
-3.282884638594133, -4.110158295548243
-3.284945335313743, -4.10040972142173
-3.286880817092519, -4.090649494362423
-3.288725958241698, -4.0808664334360145
-3.2899847633954313, -4.071039045825154
-3.2909787836246975, -4.06119628319968
-3.292045363031083, -4.051397351891211
-3.293060750849204, -4.041575300621777
-3.29434370177267, -4.03172886537982
-3.2959931085115577, -4.021859750871801
-3.297625053384637, -4.012039941226851
-3.2985854319008707, -4.002157174362775
-3.2992412848460173, -3.992318329184718
-3.300025718119375, -3.982414360996777
-3.3008131926955073, -3.972498336944593
-3.3015960034309337, -3.9625862674049537
-3.3023749562711084, -3.952672059386298
-3.302497403972637, -3.94258913187478
-3.3024173528620975, -3.9326033688994
-3.3025670225551007, -3.922724010348745
-3.3028284146935247, -3.9128488081402875
-3.303184554930471, -3.9029766392279677
-3.303633892274858, -3.893108550848095
-3.304412244199949, -3.88325501495894
-3.305635377493332, -3.8734109473762066
-3.306968567287848, -3.8635567437703844
-3.308325183467203, -3.8536991107677174
-3.3096892704655017, -3.843842497535815
-3.3110574242887956, -3.8339871278875446
-3.3124285363180506, -3.8241328221559634
-3.313801961757956, -3.81427943107918
-3.3151772133410757, -3.8044268128902563
-3.3165538960710403, -3.7945748404415562
-3.3179316850077196, -3.784723402634947
-3.3193103121403422, -3.774872403735043
-3.320689556339024, -3.76502176200223
-3.322069235149722, -3.7551714081175493
-3.323449198021342, -3.745321283598769
-3.324829320713267, -3.7354713393048575
-3.3262095006820833, -3.725621534075178
-3.3275896532788063, -3.7157718335208236
-3.3289697086151318, -3.705922208969013
-3.330349608981027, -3.696072636552347
-3.3317293067163853, -3.6862230964301377
-3.3331087624564173, -3.6763735721272504
-3.3344879436847665, -3.666524049975714
-3.3358668235400213, -3.6566745186450773
-3.337245379830982, -3.6468249687487315
-3.33862359422393, -3.6369753925147594
-3.340001451571733, -3.6271257835113415
-3.3413789393598936, -3.6172761364180244
-3.342756047249095, -3.6074264468355124
-3.3441327666973666, -3.5975767111276102
-3.3455090906479708, -3.5877269262900504
-3.346885013271555, -3.5778770898416905
-3.348260529753113, -3.568027199734329
-3.349635636115952, -3.558177254277979
-3.35101032907623, -3.5483272520790003
-3.3523846059227527, -3.5384771919888602
-3.353758464417629, -3.528627073061749
-3.355131902714173, -3.5187768945194877
-3.3565049192890455, -3.508926655722517
-3.3578775128861715, -3.4990763561458826
-3.3592496824703924, -3.489225995359386
-3.3606214271891464, -3.479375573011163
-3.3619927463408086, -3.4695250888141116
-3.3633636393485125, -3.4596745425346622
-3.3647341057385147, -3.449823933983498
-3.3661041451223137, -3.43997326300789
-3.367473757181872, -3.430122529485339
-3.3688429416573915, -3.4202717333183426
-3.3702116983372132, -3.410420874430062
-3.3715800270494776, -3.400569952760728
-3.37294792765522, -3.390718968264692
-3.374315400042664, -3.3808679209079693
-3.375682444122509, -3.371016810666217
-3.3770490598240333, -3.361165637523061
-3.378415247091872, -3.351314401468718
-3.379781005883351, -3.3414631024988455
-3.381146336166299, -3.331611740613598
-3.3825112379172086, -3.321760315816852
-3.383875711119749, -3.3119088281155564
-3.38523975576351, -3.3020572775191983
-3.3866033718429853, -3.2922056640393658
-3.3879665593567143, -3.282353987689379
-3.3893293183065847, -3.272502248483989
-3.3906916486972523, -3.2626504464391344
-3.392053550535661, -3.25279858157173
-3.393415023830643, -3.2429466538994967
-3.3947760685925936, -3.233094663440828
-3.396136684833201, -3.2232426102146636
-3.3974968725652213, -3.2133904942404006
-3.398856631802292, -3.20353831553781
-3.400215962558784, -3.1936860741269744
-3.401574864849665, -3.183833770028231
-3.4029333386904077, -3.173981403262129
-3.404291384096895, -3.1641289738493925
-3.4056490010853464, -3.1542764818108853
-3.4070061896722685, -3.1444239271675913
-3.408362949874398, -3.1345713099405916
-3.409719281708665, -3.1247186301510474
-3.4110751851921597, -3.1148658878201845
-3.412430660342103, -3.1050130829692804
-3.413785707175821, -3.095160215619662
-3.4151403257107344, -3.085307285792686
-3.416494515964339, -3.07545429350974
-3.417848277954186, -3.065601238792239
-3.419201611697885, -3.0557481216616114
-3.4205545172130845, -3.0458949421393045
-3.421906994517464, -3.0360417002467757
-3.423259043628737, -3.026188396005493
-3.4246106645646397, -3.0163350294369327
-3.4259618573429274, -3.006481600562575
-3.427312621981368, -2.996628109403906
-3.428662958497747, -2.986774555982412
-3.4300128669098635, -2.976920940319586
-3.431362347235521, -2.967067262436917
-3.4327113994925313, -2.9572135223558997
-3.4340600236987164, -2.947359720098025
-3.4354082198718983, -2.9375058556847846
-3.4367559880299083, -2.9276519291376712
-3.4381033281905764, -2.91779794047817
-3.43945024037174, -2.907943889727773
-3.4407967245912356, -2.898089776907966
-3.4421427808669045, -2.8882356020402313
-3.44348840921659, -2.878381365146054
-3.4448336096581325, -2.8685270662469127
-3.446178382209379, -2.8586727053642877
-3.447522726888173, -2.8488182825196544
-3.448866643712363, -2.838963797734487
-3.450210132699795, -2.8291092510302573
-3.451553193868317, -2.819254642428432
-3.452895827235779, -2.809399971950479
-3.4542380328200277, -2.7995452396178617
-3.455579810638913, -2.7896904454520417
-3.456921160710283, -2.779835589474477
-3.4582620830519906, -2.7699806717066258
-3.459602577681886, -2.760125692169942
-3.4609426446178153, -2.7502706508858714
-3.4622822838776335, -2.740415547875867
-3.4636214954791895, -2.7305603831613734
-3.4649602794403336, -2.7207051567638314
-3.46629863577892, -2.710849868704684
-3.467636564512796, -2.700994519005366
-3.468974065659818, -2.691139107687316
-3.4703111392378316, -2.681283634771965
-3.471647785264692, -2.671428100280741
-3.472984003758249, -2.661572504235073
-3.474319794736358, -2.651716846656384
-3.4756551582168664, -2.641861127566096
-3.4769900942176295, -2.6320053469856295
-3.478324602756499, -2.6221495049363983
-3.4796586838513273, -2.6122936014398173
-3.4809923375199645, -2.6024376365172976
-3.4823255637802646, -2.5925816101902477
-3.48365836265008, -2.582725522480071
-3.4849907341472637, -2.5728693734081745
-3.4863226782896684, -2.5630131629959543
-3.4876541950951454, -2.5531568912648086
-3.4889852845815494, -2.5433005582361345
-3.490315946766735, -2.5334441639313217
-3.491646181668551, -2.523587708371762
-3.492975989304852, -2.51373119157884
-3.494305369693495, -2.5038746135739443
-3.495634322852329, -2.4940179743784516
-3.4969628487992064, -2.4841612740137444
-3.498290947551986, -2.4743045125011944
-3.4996186191285177, -2.4644476898621788
-3.5009458635466553, -2.4545908061180652
-3.5022726808242526, -2.444733861290226
-3.503599070979164, -2.434876855400023
-3.504925034029243, -2.4250197884688207
-3.5062505699923436, -2.4151626605179795
-3.50757567888632, -2.4053054715688558
-3.5089003607290263, -2.395448221642805
-3.510224615538316, -2.3855909107611777
-3.5115484433320434, -2.3757335389453234
-3.512871844128064, -2.3658761062165916
-3.5141948179442313, -2.3560186125963227
-3.5155173647984, -2.3461610581058623
-3.516839484708424, -2.3363034427665466
-3.5181611776921593, -2.3264457665997114
-3.519482443767458, -2.3165880296266916
-3.5208032829521763, -2.306730231868816
-3.52212369526417, -2.296872373347412
-3.523443680721293, -2.287014454083806
-3.5247632393413992, -2.277156474099321
-3.5260823711423455, -2.2672984334152777
-3.527401076141985, -2.2574403320529925
-3.528719354358176, -2.24758217003378
-3.5300372058087706, -2.2377239473789516
-3.5313546305116246, -2.2278656641098182
-3.532671628484594, -2.218007320247686
-3.5339881997455325, -2.208148915813859
-3.5353043443122982, -2.1982904508296364
-3.536620062202746, -2.18843192531632
-3.537935353434729, -2.1785733392952027
-3.5392502180261047, -2.1687146927875802
-3.54056465599473, -2.158855985814742
-3.541878667358459, -2.148997218397975
-3.543192252135148, -2.139138390558567
-3.5445054103426523, -2.1292795023177997
-3.5458181419988284, -2.1194205536969517
-3.5471304471215315, -2.1095615447173013
-3.548442325728619, -2.099702475400122
-3.549753777837946, -2.0898433457666883
-3.5510648034673697, -2.079984155838267
-3.552375402634744, -2.0701249056361255
-3.5536855753579264, -2.0602655951815287
-3.554995321654774, -2.0504062244957364
-3.5563046415431425, -2.0405467936000066
-3.5576135350408884, -2.030687302515598
-3.5589220021658683, -2.0208277512637602
-3.5602300429359373, -2.010968139865746
-3.5615376573689552, -2.001108468342803
-3.562844845482777, -1.991248736716176
-3.564151607295256, -1.9813889450071076
-3.565457942824254, -1.9715290932368394
-3.5667638520876235, -1.9616691814266067
-3.5680693351032255, -1.9518092095976447
-3.569374391888916, -1.9419491777711857
-3.570679022462548, -1.932089085968458
-3.571983226841983, -1.9222289342106893
-3.5732870050450765, -1.9123687225191033
-3.574590357089684, -1.9025084509149202
-3.5758932829936647, -1.8926481194193598
-3.577195782774876, -1.882787728053637
-3.5784978564511714, -1.8729272768389658
-3.5797995040404107, -1.8630667657965563
-3.581100725560452, -1.8532061949476173
-3.5824015210291513, -1.8433455643133527
-3.5837018904643663, -1.8334848739149663
-3.5850018338839553, -1.8236241237736572
-3.5863013513057735, -1.8137633139106228
-3.587600442747679, -1.8039024443470577
-3.5888991082275292, -1.7940415151041547
-3.590197347763185, -1.7841805262031027
-3.5914951613725012, -1.7743194776650881
-3.592792549073335, -1.7644583695112952
-3.5940895108835442, -1.7545972017629037
-3.5953860468209875, -1.7447359744410944
-3.5966821569035208, -1.734874687567042
-3.597977841149004, -1.7250133411619213
-3.5992730995752957, -1.7151519352469002
-3.6005679322002493, -1.7052904698431492
-3.601862339041725, -1.6954289449718325
-3.6031563201175825, -1.6855673606541142
-3.6044498754456766, -1.6757057169111522
-3.6057430050438692, -1.6658440137641046
-3.6070357089300145, -1.6559822512341262
-3.608327987121971, -1.6461204293423701
-3.6096198396375994, -1.636258548109985
-3.6109112664947562, -1.6263966075581158
-3.6122022677112997, -1.616534607707909
-3.613492843305086, -1.6066725485805056
-3.614782993293975, -1.5968104301970427
-3.6160727176958263, -1.586948252578658
-3.617362016528496, -1.5770860157464837
-3.6186508898098433, -1.5672237197216512
-3.619939337557725, -1.557361364525289
-3.6212273597900007, -1.5474989501785228
-3.622514956524529, -1.537636476702475
-3.6238021277791685, -1.5277739441182643
-3.6250888735717774, -1.5179113524470087
-3.626375193920212, -1.5080487017098245
-3.627661088842332, -1.4981859919278233
-3.6289465583559952, -1.4883232231221137
-3.630231602479063, -1.4784603953138031
-3.631516221229391, -1.468597508523997
-3.632800414624839, -1.458734562773795
-3.6340841826832633, -1.4488715580842968
-3.6353675254225246, -1.439008494476599
-3.6366504428604802, -1.4291453719717948
-3.63793293501499, -1.4192821905909736
-3.6392150019039096, -1.4094189503552264
-3.6404966435451023, -1.3995556512856366
-3.6417778599564223, -1.3896922934032887
-3.6430586511557306, -1.3798288767292626
-3.644339017160885, -1.369965401284635
-3.6456189579897464, -1.3601018670904812
-3.6468984736601695, -1.3502382741678742
-3.648177564190015, -1.3403746225378832
-3.649456229597141, -1.3305109122215748
-3.6507344698994078, -1.3206471432400138
-3.6520122851146732, -1.3107833156142632
-3.6532896752607953, -1.30091942936538
-3.654566640355632, -1.2910554845144218
-3.6558431804170444, -1.281191481082442
-3.6571192954628895, -1.2713274190904922
-3.6583949855110283, -1.2614632985596204
-3.6596702505793157, -1.2515991195108722
-3.6609450906856136, -1.2417348819652911
-3.662219505847779, -1.2318705859439183
-3.663493496083672, -1.2220062314677906
-3.6647670614111507, -1.2121418185579431
-3.6660402018480758, -1.2022773472354087
-3.6673129174123034, -1.1924128175212176
-3.668585208121692, -1.1825482294363976
-3.6698570739941014, -1.1726835830019722
-3.6711285150473936, -1.1628188782389626
-3.6723995312994218, -1.1529541151683895
-3.6736701227680473, -1.1430892938112693
-3.6749402894711283, -1.1332244141886165
-3.676210031426525, -1.1233594763214416
-3.6774793486520965, -1.1134944802307547
-3.678748241165699, -1.1036294259375594
-3.680016708985195, -1.0937643134628616
-3.68128475212844, -1.0838991428276599
-3.6825523706132928, -1.074033914052954
-3.6838195644576146, -1.0641686271597393
-3.685086333679263, -1.0543032821690073
-3.686352678296098, -1.044437879101749
-3.6876185983259746, -1.034572417978952
-3.6888840937867546, -1.0247068988216013
-3.690149164696297, -1.0148413216506786
-3.6914138110724584, -1.0049756864871637
-3.692678032933101, -0.9951099933520343
-3.693941830296081, -0.9852442422662641
-3.6952052031792584, -0.9753784332508241
-3.69646815160049, -0.9655125663266839
-3.697730675577635, -0.9556466415148104
-3.698992775128553, -0.9457806588361662
-3.7002544502711014, -0.9359146183117135
-3.7015157010231414, -0.9260485199624103
-3.7027765274025297, -0.9161823638092119
-3.704036929427125, -0.9063161498730725
-3.7052969071147865, -0.8964498781749418
-3.7065564604833745, -0.8865835487357675
-3.7078155895507434, -0.8767171615764954
-3.709074294334755, -0.866850716718067
-3.7103325748532665, -0.8569842141814233
-3.7115904311241392, -0.8471176539875012
-3.7128478631652273, -0.8372510361572353
-3.7141048709943916, -0.8273843607115575
-3.715361454629491, -0.8175176276713977
-3.7166176140883844, -0.8076508370576824
-3.7178733493889293, -0.7977839888913353
-3.7191286605489844, -0.7879170831932779
-3.720383547586408, -0.7780501199844289
-3.72163801051906, -0.768183099285705
-3.722892049364797, -0.7583160211180193
-3.7241456641414787, -0.7484488855022826
-3.7253988548669628, -0.7385816924594026
-3.7266516215591072, -0.7287144420102857
-3.7279039642357703, -0.7188471341758345
-3.729155882914811, -0.7089797689769501
-3.730407377614085, -0.6991123464345285
-3.731658448351455, -0.6892448665694663
-3.732909095144776, -0.6793773294026546
-3.734159318011909, -0.6695097349549841
-3.7354091169707098, -0.659642083247342
-3.736658492039037, -0.6497743743006117
-3.737907443234748, -0.6399066081356756
-3.7391559705757027, -0.6300387847734135
-3.740404074079757, -0.6201709042347009
-3.7416517537647738, -0.6103029665404127
-3.742899009648605, -0.6004349717114196
-3.744145841749111, -0.5905669197685902
-3.745392250084149, -0.5806988107327906
-3.7466382346715785, -0.5708306446248839
-3.7478837955292583, -0.560962421465731
-3.7491289326750445, -0.5510941412761902
-3.7503736461267954, -0.5412258040771167
-3.751617935902366, -0.5313574098893635
-3.75286180201962, -0.5214889587337808
-3.7541052444964094, -0.5116204506312156
-3.755348263350594, -0.5017518856025136
-3.7565908586000325, -0.49188326366851665
-3.7578330302625824, -0.4820145848500644
-3.759074778356099, -0.4721458491679938
-3.760316102898441, -0.4622770566431395
-3.761557003907467, -0.45240820729633285
-3.7627974814010345, -0.44253930114840295
-3.7640375353969993, -0.4326703382201767
-3.7652771659132207, -0.4228013185324775
-3.7665163729675544, -0.41293224210612667
-3.767755156577859, -0.403063108961943
-3.7689935167619892, -0.3931939191207422
-3.7702314535378063, -0.38332467260333736
-3.7714689669231647, -0.37345536943053953
-3.7727060569359248, -0.36358600962315657
-3.7739427235939376, -0.3537165932019938
-3.7751789669150644, -0.3438471201878543
-3.7764147869171616, -0.33397759060153775
-3.777650183618086, -0.3241080044638421
-3.7788851570356945, -0.3142383617955617
-3.7801197071878447, -0.3043686626174891
-3.7813538340923922, -0.29449890695041414
-3.7825875377671947, -0.28462909481512344
-3.7838208182301067, -0.2747592262324013
-3.785053675498991, -0.26488930122302995
-3.786286109591698, -0.25501931980778786
-3.787518120526087, -0.24514928200745184
-3.7887497083200117, -0.2352791878427955
-3.7899808729913316, -0.22540903733459025
-3.7912116145579025, -0.21553883050360448
-3.792441933037581, -0.20566856737060435
-3.7936718284482254, -0.1957982479563528
-3.7949013008076875, -0.1859278722816108
-3.796130350133826, -0.17605744036713653
-3.7973589764444973, -0.16618695223368513
-3.7985871797575563, -0.1563164079020094
-3.79981496009086, -0.14644580739285956
-3.801042317462264, -0.13657515072698342
-3.8022692518896246, -0.12670443792512553
-3.803495763390799, -0.11683366900802836
-3.8047218519836425, -0.10696284399643155
-3.8059475176860094, -0.09709196291107206
-3.807172760515757, -0.08722102577268431
-3.808397580490738, -0.07735003260200007
-3.8096219776288103, -0.0674789834197486
-3.810845951947829, -0.05760787824665633
-3.81206950346565, -0.04773671710344722
-3.8132926322001315, -0.037865500010842504
-3.8145153381691235, -0.027994226989560743
-3.815737621390486, -0.01812289806031821
-3.8169594818820687, -0.008251513243827982
-3.818180919661732, 0.0016199274391988764
-3.8194019347473285, 0.011491423968054287
-3.8206225271567145, 0.0213629763220327
-3.821842696907746, 0.031234584480431267
-3.8230624440182748, 0.04110624842254978
-3.8242817685061565, 0.0509779681276905
-3.825500670389249, 0.060849743575158384
-3.8267191496854043, 0.07072157474426106
-3.8279372064124773, 0.08059346161430878
-3.829154840588323, 0.09046540416461422
-3.830372052230796, 0.10033740237449293
-3.8315888413577515, 0.11020945622326302
-3.832805207987044, 0.12008156569024504
-3.8340211521365264, 0.1299537307547626
-3.835236673824055, 0.13982595139614126
-3.8364517730674814, 0.14969822759370996
-3.837666449884659, 0.1595705593267997
-3.838880704293445, 0.16944294657474435
-3.840094536311691, 0.17931538931688032
-3.841307945957254, 0.18918788753254656
-3.842520933247985, 0.199060441201085
-3.843733498201739, 0.2089330503018396
-3.844945640836369, 0.21880571481415748
-3.8461573611697295, 0.22867843471738805
-3.847368659219675, 0.23855120999088347
-3.8485795350040557, 0.2484240406139986
-3.849789988540725, 0.2582969265660907
-3.851000019847539, 0.2681698678265199
-3.8522096289423517, 0.27804286437464865
-3.8534188158430136, 0.28791591618984247
-3.854627580567379, 0.2977890232514688
-3.8558359231333, 0.3076621855388985
-3.8570438435586305, 0.31753540303150435
-3.858251341861222, 0.3274086757086622
-3.859458418058928, 0.3372820035497506
-3.8606650721696023, 0.3471553865341503
-3.8618713042110966, 0.3570288246412448
-3.8630771142012645, 0.36690231785042027
-3.864282502157955, 0.3767758661410659
-3.8654874680990248, 0.3866494694925724
-3.8666920120423245, 0.39652312788433436
-3.8678961340057065, 0.40639684129574805
-3.8690998340070184, 0.41627060970621305
-3.870303112064117, 0.4261444330951311
-3.8715059681948545, 0.4360183114419067
-3.8727084024170835, 0.4458922447259471
-3.87391041474865, 0.45576623292666196
-3.87511200520741, 0.4656402760234631
-3.876313173811215, 0.4755143739957656
-3.8775139205779148, 0.48538852682298744
-3.8787142455253614, 0.49526273448454894
-3.8799141486714084, 0.5051369969598722
-3.881113630033905, 0.5150113142283832
-3.882312689630704, 0.5248856862695094
-3.8835113274796553, 0.5347601130626821
-3.8847095435986083, 0.5446345945873341
-3.8859073380054165, 0.5545091308229015
-3.887104710717928, 0.5643837217488221
-3.888301661753996, 0.5742583673445381
-3.8894981911314703, 0.5841330675894923
-3.8906942988682003, 0.5940078224631311
-3.8918899849820363, 0.6038826319449032
-3.893085249490828, 0.6137574960142606
-3.8942800924124286, 0.6236324146506574
-3.895474513764686, 0.6335073878335504
-3.8966685135654506, 0.6433824155423986
-3.897862091832574, 0.6532574977566641
-3.899055248583901, 0.6631326344558116
-3.900247983837288, 0.6730078256193084
-3.9014402976105806, 0.6828830712266241
-3.9026321899216296, 0.6927583712572309
-3.903823660788282, 0.7026337256906038
-3.9050147102283894, 0.7125091345062206
-3.906205338259802, 0.7223845976835614
-3.907395544900365, 0.7322601152021095
-3.90858533016793, 0.7421356870413495
-3.9097746940803457, 0.7520113131807701
-3.910963636655461, 0.7618869935998615
-3.9121521579111267, 0.7717627282781172
-3.9133402578651855, 0.7816385171950333
-3.91452793653549, 0.7915143603301081
-3.9157151939398878, 0.8013902576628429
-3.9169020300962267, 0.8112662091727407
-3.9180884450223576, 0.8211422148393087
-3.9192744387361267, 0.8310182746420548
-3.92046001125538, 0.8408943885604915
-3.921018031059251, 0.8509617408527088
-3.9213384079229168, 0.8609483713808554
-3.9218815858178484, 0.8708104995800634
-3.9225367573667413, 0.8806594085594891
-3.9235332629179394, 0.8904889276142912
-3.92496679778208, 0.9003045002659388
-3.9265071964777665, 0.9101303018326294
-3.928071057635894, 0.9199598408569017
-3.9296429074149364, 0.9297881369031457
-3.9312194425563343, 0.9396148690712702
-3.9327995844621584, 0.9494402244583497
-3.9343827166065743, 0.9592643908440363
-3.9359683793737155, 0.9690875413331731
-3.937556203440832, 0.9789098266863405
-3.9391458868541998, 0.9887313756997053
-3.9401322548753166, 0.9987655511228192
-3.9408920702864716, 1.0087239372818462
-3.9418640286794457, 1.0185525311534103
-3.942947064047266, 1.028366396672725
-3.944126522121995, 1.0381707594257126
-3.945400486644393, 1.0479630358874292
-3.946769154050184, 1.0577415136973778
-3.948233148300052, 1.0675053028011003
-3.949792987676873, 1.0772534095674786
-3.95144906797477, 1.0869848472885424
-3.9532016763479, 1.0966986367412381
-3.9550510077979286, 1.1063938029495013
-3.9569971797072747, 1.1160693732663427
-3.9590402439480497, 1.1257243763926046
-3.9611801968343663, 1.1353578419600656
-3.963416987274647, 1.1449688004474106
-3.9657505792984886, 1.1545564074300365
-3.9681806428161845, 1.164119059263366
-3.97070696009903, 1.1736557217336643
-3.9733293357835593, 1.1831654378107626
-3.976047543453819, 1.192647231253404
-3.978861335062751, 1.2021001302763583
-3.981770443915651, 1.211523168924443
-3.9847745864778563, 1.2209153869227383
-3.987873463772838, 1.2302758294659617
-3.991066762527083, 1.2396035470472018
-3.9943541561211897, 1.248897595326529
-3.9977353053843467, 1.2581570350329103
-4.001209859260655, 1.2673809318934233
-4.004777455370207, 1.2765683565848434
-4.008437720483715, 1.2857183847035867
-4.012190270925935, 1.2948300967507331
-4.016034712920511, 1.303902578129407
-4.0199706428864985, 1.312934919152267
-4.023997647694996, 1.321926215057213
-4.028115304892772, 1.3308755660297282
-4.03232318289854, 1.3397820772305253
-4.0366208411764495, 1.3486448588273927
-4.0410078303905905, 1.357463026030277
-4.045483692543531, 1.3662356991288416
-4.050047961101394, 1.3749620035318242
-4.054700161107483, 1.3836410698076633
-4.0595293459799535, 1.3924076558949483
-4.0642187385463755, 1.4008136289016875
-4.068980346241866, 1.409175211331037
-4.073859448210368, 1.4175355544457096
-4.0787804276983985, 1.4257899774408747
-4.083877891261561, 1.4341168179329709
-4.089041923841858, 1.4423593060480566
-4.094348606123078, 1.4506109993812266
-4.099723718373295, 1.4587817800910632
-4.105177272294174, 1.466889035282471
-4.110718899910074, 1.474944902606111
-4.116569079401586, 1.482906930223226
-4.12250555241907, 1.4904065254974233
-4.128596371022328, 1.4979454110871604
-4.134749896594737, 1.5054347058796724
-4.141086884344803, 1.5130363624514755
-4.147420058003609, 1.5205921646596903
-4.153760974962399, 1.528132318784729
-4.16011908733227, 1.5356713116456744
-4.166482423973133, 1.5432001828622184
-4.17285906729396, 1.5507296805316095
-4.179237500026982, 1.5582504994796595
-4.185610234809732, 1.5657854501472417
-4.191999114492446, 1.5732995773094753
-4.198393703859946, 1.5808075389989882
-4.20478650491781, 1.5883088365923375
-4.211186792424624, 1.595812437724
-4.217584435402293, 1.6033107301950906
-4.223988764414164, 1.6108118626100343
-4.230389646148407, 1.6183081745849874
-4.236796643452311, 1.6258076724586
-4.243199633750761, 1.633302699960671
-4.249608342566775, 1.640801163712935
-4.2560126533609886, 1.648295408855511
-4.262422405209161, 1.6557932702233136
-4.268827485091649, 1.663287092983822
-4.2752378115250345, 1.6707846606694692
-4.281643273668228, 1.678278317913985
-4.2880538456875135, 1.6857758117974708
-4.294459418196058, 1.6932694862281106
-4.300870004361609, 1.7007670625093578
-4.307275495853624, 1.7082608837889244
-4.313685933161782, 1.715758653225701
-4.320091208788293, 1.7232527132318318
-4.326501382335458, 1.7307507542573708
-4.332906347009424, 1.738245118020982
-4.339316175746851, 1.7457434861253773
-4.3457207623814975, 1.7532381996375723
-4.352130189113154, 1.7607369340512424
-4.358133258948446, 1.76875358764463
-4.363997731027556, 1.776786997915147
-4.369920807870042, 1.7846211815252366
-4.37591148468099, 1.7923916741469939
-4.381967071270563, 1.8000787429624099
-4.3880894708674, 1.8077105014873236
-4.394272365049117, 1.8152827782900767
-4.400527979650796, 1.8228010594626662
-4.406846874794346, 1.83025662763931
-4.41324016805459, 1.8376550734213684
-4.419698136515481, 1.8449878729420273
-4.426231338050274, 1.8522609301815343
-4.432829764447362, 1.8594659207945294
-4.439503625210995, 1.8666088987728935
-4.446242634949256, 1.873681722201878
-4.453056805839374, 1.8806904915594678
-4.459935594550772, 1.8876272430200909
-4.466888921030756, 1.8944980577394464
-4.473906004914533, 1.9012951513154752
-4.480996745166825, 1.9080245421502082
-4.48815014379955, 1.9146786287142679
-4.495376125904866, 1.921263336931057
-4.502663493082327, 1.9277712521594583
-4.510022226714287, 1.9342081868228318
-4.517440943150888, 1.9405669171431572
-4.52492969841971, 1.9468531267403935
-4.532476937130859, 1.953059786440521
-4.54009280011767, 1.9591924396251175
-4.547765572514271, 1.9652442552045655
-4.55550548444415, 1.9712206275670885
-4.563300672931969, 1.9771149269566897
-4.571161457946247, 1.9829323919054571
-4.579075839143765, 1.9886665970480055
-4.587054224171041, 1.9943226195547583
-4.595084485637726, 1.9998942413471812
-4.603177114812692, 2.005386373716971
-4.611319867306374, 2.0107930086273558
-4.61952331264023, 2.0161188877069187
-4.627775099304958, 2.021358215581946
-4.636085868786835, 2.0265155609895045
-4.644443172239182, 2.031585343704341
-4.652857716181204, 2.036571956779673
-4.6613169641605445, 2.0414700374778953
-4.669831680343756, 2.0462838007335904
-4.678389250381675, 2.0510081034730816
-4.687000488383027, 2.055646980387297
-4.695652711801528, 2.0601955100579654
-4.704356776759655, 2.064657545092392
-4.71309994220731, 2.0690283875082653
-4.722002750124963, 2.0733612898942737
-4.730664803919234, 2.077464765755951
-4.739420651809715, 2.081513859092214
-4.74817326548316, 2.0854386205238136
-4.756994868681951, 2.0892906827134263
-4.765852361563555, 2.0930554765258123
-4.774746041754018, 2.0967317734099895
-4.783675578345558, 2.1003190906399003
-4.7926401389860525, 2.1038168010915577
-4.801638910487552, 2.107224322123199
-4.810671061622859, 2.1105411068468527
-4.819735740133293, 2.1137666380710627
-4.828832076140122, 2.1169004260577737
-4.837959184190901, 2.1199420063691976
-4.847116165022462, 2.122890937955319
-4.856302107123409, 2.1257468014867813
-4.865516088101115, 2.1285091978965482
-4.8747571758784805, 2.13117774710418
-4.884024429742544, 2.1337520869002646
-4.893316901264085, 2.136231871971329
-4.902758641536995, 2.13824841085513
-4.9123744621805985, 2.1396894156704787
-4.922047718103744, 2.141057538914025
-4.9317380095556285, 2.142440843216957
-4.941442251192853, 2.143855387994522
-4.951154162637259, 2.1453090932234398
-4.96086818845918, 2.1468088409466994
-4.970579928688586, 2.148361055759416
-4.980285818646119, 2.149971600813955
-4.989982928360195, 2.151645728060778
-4.999668808955661, 2.1533880821560807
-5.009341373688587, 2.1552027335029122
-5.018998807280204, 2.1570932250514
-5.028639497267968, 2.1590626238949793
-5.038268970680082, 2.1611473162369554
-5.04785532020735, 2.1633792676029033
-5.057440691036064, 2.1657073634460797
-5.067003094328936, 2.168122433291927
-5.076539632792311, 2.1706278537205357
-5.086048585317869, 2.1732215511192257
-5.0955300539764155, 2.1759072924916585
-5.104980935339142, 2.1786846790652654
-5.11441174260089, 2.181546064388377
-5.123806446525375, 2.1845031708855136
-5.13317399462992, 2.1875484666961715
-5.142508418781072, 2.1906864654095677
-5.151808085482942, 2.1939165866099914
-5.161083611314754, 2.1972316351645316
-5.17031867179459, 2.2006421112894095
-5.179515549938956, 2.204144385875806
-5.18868554663779, 2.207730774104192
-5.197814688647897, 2.2114112907363497
-5.206909324778961, 2.2151790013882335
-5.215960209089101, 2.2190405540608684
-5.224975647090991, 2.222989626128707
-5.2339403215835185, 2.22703610976238
-5.242866678606978, 2.231169592833405
-5.251756871297755, 2.2353891234494916
-5.2605977365573295, 2.239700488475689
-5.269394274593752, 2.244100577869092
-5.27814567774042, 2.248588896158775
-5.2868429562263, 2.2531712179421435
-5.295502455784515, 2.257836015387982
-5.304107817517544, 2.2625907993092054
-5.3124953963218005, 2.2673021116975622
-5.321283759338085, 2.272478635231079
-5.32991208672249, 2.2776996219520247
-5.338397486557192, 2.2829100893559793
-5.346817270017726, 2.2881888977992433
-5.3551866389993465, 2.29355677553049
-5.363517608396814, 2.29900699290032
-5.371780686127023, 2.3045396945748027
-5.379991747115759, 2.310158787240612
-5.388152415545612, 2.3158517842148383
-5.396253451199477, 2.3216324803084003
-5.404288861661194, 2.327490513742229
-5.412280964525655, 2.3334289791178966
-5.420199920979377, 2.339446396478283
-5.428061575784915, 2.3455477109268856
-5.435868043019177, 2.3517203258963053
-5.443609585600345, 2.3579774653319214
-5.451280652124618, 2.364308257193453
-5.458903508448226, 2.370717243365862
-5.4664482601973035, 2.3772009901013975
-5.473930642203135, 2.383765499300877
-5.481353271297179, 2.39039816338006
-5.488705821726254, 2.397111705879116
-5.495668301719337, 2.404127344777922
-5.5023524170148645, 2.411372710517488
-5.50908417659943, 2.418556366799505
-5.515766232371878, 2.4258060561863513
-5.52244728341152, 2.433072737873086
-5.52911811218698, 2.440358725975121
-5.535774992655907, 2.447650679106751
-5.542440904786652, 2.454953738591058
-5.549088032663763, 2.462261565180429
-5.5557333292156725, 2.469581190741931
-5.562380284374207, 2.476898981069889
-5.5690202414402945, 2.484227859600549
-5.575649376672205, 2.4915562459587215
-5.582290174837985, 2.4988907055482423
-5.588914778628527, 2.5062255540758436
-5.595539721474576, 2.513568818435393
-5.602168203380601, 2.520907400638547
-5.60879125329882, 2.528254766176048
-5.6154048739433025, 2.535599686197487
-5.62203127650409, 2.542949159888545
-5.628642531746142, 2.5502976529987724
-5.6352549688432, 2.5576535052514777
-5.64187166665507, 2.5650037801983947
-5.648483511662511, 2.5723621013942592
-5.655329625378513, 2.579547882190895
-5.662458039554913, 2.586513365966828
-5.669576860985386, 2.5934812800918885
-5.676692237697763, 2.6005257152927705
-5.683700200493568, 2.607645124395754
-5.690586572663365, 2.614862861302614
-5.697394086838002, 2.622139111628924
-5.704133841065439, 2.629484949474043
-5.710809741500001, 2.6368867662575814
-5.717410105171347, 2.644357342112953
-5.723930462674277, 2.6518854301680492
-5.730391836495285, 2.659480266312012
-5.736449953498955, 2.667301151828934
-5.742226507903403, 2.6753261305904688
-5.74795699666297, 2.6833565233914185
-5.753678198065629, 2.691405879669847
-5.759661158466111, 2.6993184387339375
-5.7659363187110655, 2.7070572847213694
-5.772220790450762, 2.7148304638865435
-5.778361517092083, 2.7227014823949007
-5.784398972244252, 2.7306273435691493
-5.790363435972873, 2.7386164653921385
-5.7962580374073225, 2.7466562189019776
-5.801715050724531, 2.754933506059861
-5.8068734556013135, 2.7633698328436713
-5.812028371953808, 2.771798831833175
-5.817158946360146, 2.780234493143518
-5.8222807557703815, 2.788686133291512
-5.827400201284512, 2.797140438111382
-5.832506793364077, 2.805607322303897
-5.837599528490536, 2.814074470699172
-5.842964923816485, 2.822426534619441
-5.8486329439994575, 2.8306106391828525
-5.854312160058759, 2.83883094671731
-5.85945957142648, 2.847421937398167
-5.864386668185824, 2.856060870452535
-5.86931431568856, 2.8646229676237205
-5.8741672353887635, 2.8732310120966003
-5.879004989895958, 2.881846297123392
-5.88384907728895, 2.8904723407470114
-5.88867417127191, 2.899097390190136
-5.893181092969566, 2.907847539754536
-5.897423437729464, 2.9167145259342546
-5.902001923713391, 2.92537078447578
-5.906929729604619, 2.9338453521313794
-5.91194932283859, 2.9423110667169663
-5.916985625479163, 2.9507734336617446
-5.92203301853461, 2.959239812814109
-5.927080803690119, 2.9677005986941754
-5.932135791486212, 2.9761649740064597
-5.937189368956543, 2.9846240189193236
-5.942249117962328, 2.993086907296623
-5.947306485341848, 3.001544771293316
-5.952369356923141, 3.010006689039165
-5.957429179309027, 3.0184638108322823
-5.962494043529018, 3.026925141658265
-5.967555393597022, 3.0353818421247967
-5.9726214633753, 3.043842864175073
-5.9776836944688245, 3.052299374578154
-5.982750420324657, 3.0607602873251216
-5.9878130806966565, 3.0692167729134727
-5.993081464445762, 3.0775754054090694
-5.998633737526275, 3.085811156853498
-6.004212899289735, 3.0940894430985044
-6.009223192383274, 3.1027814381788477
-6.014018801037533, 3.11150568866303
-6.0190726815984865, 3.1199983855810998
-6.024423363321788, 3.12838286580947
-6.029789643068159, 3.136803504729568
-6.035026790653297, 3.145309573735273
-6.040140777682881, 3.153868341172337
-6.045172455820137, 3.162480006495551
-6.050116258134192, 3.171132473091403
-6.0549903283984055, 3.1798382774499108
-6.059767110518863, 3.188583908487959
-6.064458814360684, 3.19738127405308
-6.069071620432383, 3.206219604644594
-6.073591125152295, 3.2151075036175647
-6.078016272788742, 3.224032908637451
-6.082365448089219, 3.2330094451984213
-6.086612464957294, 3.242021708305988
-6.090769290315302, 3.2510818411644116
-6.094843098400104, 3.2601793503487486
-6.098819346759076, 3.269321542318576
-6.102697983756205, 3.2784962672909805
-6.10649674997931, 3.287717931745207
-6.110190659412517, 3.2969695841117366
-6.113791020140685, 3.306263778967447
-6.117305812189288, 3.315590555727084
-6.1207201423736235, 3.3249560542831973
-6.12403483609322, 3.334348249960617
-6.127266775884554, 3.3437823822858443
-6.130392179858244, 3.3532401581935605
-6.133421554006296, 3.3627345599211025
-6.136363608116161, 3.37225632776706
-6.139203070151645, 3.3818104433568275
-6.141941590680652, 3.391385131494032
-6.1445729054729785, 3.400992971224898
-6.147116490685994, 3.410617305769656
-6.149540814965837, 3.4202723173306553
-6.15189009101624, 3.4299467425704253
-6.154130392157627, 3.439651478773047
-6.156266577090792, 3.449369439256334
-6.1583213871579, 3.459113835513957
-6.160255693576169, 3.4688714133701364
-6.162103835308471, 3.4786544192519724
-6.163853332333957, 3.4884488431656955
-6.165496534915224, 3.4982652517870036
-6.1670583839495645, 3.508093143437124
-6.168511697387083, 3.5179437551583703
-6.169857191480449, 3.527797812648912
-6.1711103106096665, 3.5376699202133204
-6.172267507210741, 3.5475475094841245
-6.173320544585684, 3.557445328283952
-6.174271882735845, 3.5673429831697545
-6.175130023690501, 3.577256095587645
-6.175893480151957, 3.587171994578857
-6.176544343636688, 3.597098227284172
-6.177101252935814, 3.607025606152054
-6.177564691952752, 3.6169615759422156
-6.177934828121811, 3.6269025360579286
-6.178195019877899, 3.6368479792983512
-6.178356112037681, 3.6467873768935983
-6.178427714225598, 3.6567330136777407
-6.178393048533923, 3.6666755160036235
-6.178255864523996, 3.6766197432388634
-6.178030520373787, 3.6865264592738143
-6.177699650577265, 3.696571092125828
-6.177255585325783, 3.7065965385280024
-6.176711736992474, 3.7166123454578335
-6.176078944272622, 3.7266314686966897
-6.175340376559772, 3.7366396100376154
-6.174501582244294, 3.7466395777933688
-6.173573789779507, 3.75663955747504
-6.172540833628547, 3.7666252062996795
-6.171408182434207, 3.7765995339234317
-6.170186828732727, 3.786571110383025
-6.1688609908170005, 3.7965251674340443
-6.167436058617405, 3.806464909738483
-6.165922778953576, 3.8163992675159975
-6.164305760735714, 3.826313026371631
-6.162590295912022, 3.83620954997027
-6.160786873521375, 3.846098105845898
-6.1588805095313255, 3.855963037298869
-6.15687640116065, 3.8658078613093863
-6.154784746113535, 3.875642259183232
-6.152591071505607, 3.885449769381225
-6.150300608422394, 3.895233770687225
-6.147923304745443, 3.905004094928267
-6.145445090786395, 3.9147441764945636
-6.142871012032803, 3.9244577431141923
-6.140210675381601, 3.9341551191820425
-6.1374504371892655, 3.9438194174886285
-6.134595404129749, 3.953454038931692
-6.131655058796504, 3.9630691922561807
-6.12861626493346, 3.9726476642301
-6.125483882120014, 3.9821934194596778
-6.122266875097814, 3.991717368400845
-6.1189526142493875, 4.001201874473502
-6.115545845601153, 4.010651027453401
-6.112055201026841, 4.02007599492372
-6.108468559987063, 4.029458789317799
-6.104790547106748, 4.038803627826619
-6.101029454173903, 4.048121922919623
-6.097173677310943, 4.057395349057882
-6.09322771496379, 4.066628247433207
-6.0891995139113515, 4.075832265634423
-6.085078000016115, 4.084988758922564
-6.080867541419783, 4.094102188783722
-6.072192023519755, 4.112216504203478
-6.06772051972114, 4.121202937864175
-6.063168389709948, 4.1301557768332255
-6.058525628045788, 4.139055772923976
-6.053796333248337, 4.1479076183510015
-6.048987394488508, 4.156723597201217
-6.043992999899773, 4.165622359160491
-6.039205981894274, 4.1740474187778505
-6.034351965651274, 4.182552630503718
-6.029356225174985, 4.191035870192554
-6.024254592873105, 4.199465589777441
-6.019067917930643, 4.207846131673842
-6.013795144456998, 4.216169075038528
-6.008440063741867, 4.2244383020148355
-6.003011852445783, 4.23266431433013
-5.997498886169089, 4.240829358195669
-5.991905081297704, 4.248939024076065
-5.986239089052696, 4.257003155616622
-5.980489832676936, 4.265003760061046
-5.974661067422691, 4.272946552141009
-5.9687612047515, 4.280841611705568
-5.962779736879245, 4.28867064699877
-5.9564882426046335, 4.296133118322446
-5.950005303114554, 4.30333481874525
-5.943685670806713, 4.31076064842546
-5.937541760582212, 4.318429405872807
-5.931356751004465, 4.326098434650247
-5.925107770298175, 4.333719209567231
-5.918792002427621, 4.341284530173289
-5.912385792933961, 4.348773943369013
-5.905870614612386, 4.356163322717128
-5.899273095748205, 4.363496674522568
-5.892601333020776, 4.370759284245743
-5.885859964179524, 4.377955636875476
-5.879055653873168, 4.385096962083939
-5.872179770908282, 4.392163711571508
-5.865234897454218, 4.3991619282422585
-5.8582277333040285, 4.4061027486805475
-5.851150384196906, 4.412966447358391
-5.844005353382936, 4.4197592065593865
-5.836799071534644, 4.426492352293334
-5.829524334919556, 4.433145981018397
-5.822183538282536, 4.439726384715046
-5.8147828097378795, 4.446245064411723
-5.807315609215948, 4.452681944846359
-5.799784193037645, 4.459043423305902
-5.79219436022826, 4.465341164211493
-5.784540227730516, 4.471554927046918
-5.776823901376121, 4.477691205303163
-5.769050832456098, 4.483761811967049
-5.761215783094233, 4.489746355466332
-5.753320691875421, 4.495651424212464
-5.74537064624627, 4.501488966869893
-5.737361056617977, 4.50723845533784
-5.729293693895507, 4.512906569143462
-5.721173274192697, 4.518505375854612
-5.712995856436644, 4.52401422553325
-5.704763029684599, 4.529439887931098
-5.696479126183182, 4.534794538969694
-5.688140855388738, 4.5400574245261485
-5.679749621698952, 4.545235400775974
-5.671309369083502, 4.550340736348039
-5.662817461078012, 4.555352589948812
-5.654275110700859, 4.560277902056063
-5.645685868244169, 4.565129020997259
-5.637047754144416, 4.569885037218464
-5.62836179010347, 4.5745529688068665
-5.619631131053184, 4.579145225441791
-5.610854456449195, 4.583640847545858
-5.602032587817091, 4.588046932563028
-5.593168373838214, 4.592373309320959
-5.584262607611769, 4.5966197560168425
-5.5753137336257845, 4.600773560759583
-5.566323706591978, 4.604841240351647
-5.557293642964311, 4.608810568899508
-5.548225583693547, 4.612701848989472
-5.539117555011422, 4.61649919656802
-5.529974081684245, 4.620197788407011
-5.520792091737032, 4.623810739175824
-5.511575522407001, 4.627336618280284
-5.502323649698525, 4.630768445791345
-5.493038651934565, 4.634098119548675
-5.483720205823497, 4.637352384431729
-5.474370611150786, 4.640498536271543
-5.464988843417172, 4.643566385840377
-5.446137406343167, 4.649404541192288
-5.436669948952106, 4.652174288993758
-5.427173499072249, 4.654864488995514
-5.417652863838758, 4.657444328109064
-5.408104837115301, 4.659944053860226
-5.398534332166969, 4.662339566519167
-5.38893936688163, 4.664638796957367
-5.379321234991386, 4.666852049167542
-5.369683413715274, 4.668962231206406
-5.36002459012132, 4.67097553930823
-5.350345079170995, 4.6728981102945975
-5.3406485080923085, 4.674723901274752
-5.330931122645299, 4.676459198438358
-5.321199397697552, 4.678089656632105
-5.311453334747646, 4.679621759480782
-5.301691829651971, 4.681058839695391
-5.291917748112283, 4.682392971182038
-5.282129796460415, 4.68363431812418
-5.272331751331422, 4.684777976218976
-5.262519314781503, 4.685829933924915
-5.25269996667762, 4.6867763828127815
-5.242873299963896, 4.687623764274685
-5.233037894776583, 4.688375389020785
-5.223197277186697, 4.689023519842797
-5.213349299779856, 4.689578232239266
-5.203513605814146, 4.689491163391344
-5.193761156455403, 4.689194035367369
-5.184063674482324, 4.688945006871441
-5.174387922157958, 4.68862281507247
-5.164698551453485, 4.688285905922325
-5.154997091155015, 4.688031631083037
-5.145302780331526, 4.687683704672459
-5.135598750380402, 4.68742693129178
-5.125859951127001, 4.6870773658816605
-5.11609232609345, 4.686696398188617
-5.106315674233568, 4.68630038604572
-5.096536059213573, 4.685905591683615
-5.086758406301061, 4.685493622894041
-5.076979498503021, 4.685072629102919
-5.067196424827878, 4.684656492939296
-5.057416107798012, 4.6842262210976795
-5.047635157660066, 4.683789549368376
-5.037850473278988, 4.683360136619554
-5.028068869973257, 4.682918599208168
-5.018286871248059, 4.682472405905322
-5.008501287309297, 4.682035081505871
-4.998718899574467, 4.681586969229088
-4.988936231971861, 4.681135342685039
-4.9791500685856915, 4.680693627603174
-4.969367167880793, 4.680241989376614
-4.959584059182112, 4.679787572011627
-4.949797507435968, 4.679343741951467
-4.940014255374597, 4.678890548981807
-4.930230836022898, 4.678435054421433
-4.920444005006784, 4.677990586629376
-4.910660496223063, 4.677537118647251
-4.900876844433172, 4.677081660892045
-4.891089801329029, 4.676637515048475
-4.881306093159873, 4.67618460523341
-4.871522256634578, 4.675729907412768
-4.861735043449939, 4.6752867042232396
-4.851951172742701, 4.674834889004899
-4.8421671829258255, 4.674381416184595
-4.832379826645947, 4.673939556562754
-4.8225958169474055, 4.6734891830391145
-4.812811693884672, 4.673037236315249
-4.803024211804987, 4.672596979744232
-4.7932400782881635, 4.67214827249519
-4.7834558349557454, 4.671698046612407
-4.773668238323903, 4.67125956084677
-4.763883990901138, 4.6708126649887
-4.754099635817185, 4.670364285712157
-4.744311932052116, 4.669927679010445
-4.734527577293028, 4.669482688118466
-4.724743116135143, 4.669036236471569
-4.71495531020967, 4.668601578501416
-4.70517085254296, 4.66815855271918
-4.695386289166013, 4.66771408070401
-4.685598384480493, 4.66728141610123
-4.675813826956313, 4.666840393887137
-4.66602916403999, 4.666397934681047
-4.6562411629797325, 4.665967291844461
-4.646456507757372, 4.665528297590649
-4.636671747221215, 4.665087872160178
-4.626883651514414, 4.66465926895632
-4.617098900176014, 4.6642223179306965
-4.607314043446788, 4.663783939321689
-4.597525854395392, 4.663357386785195
-4.58774100814851, 4.662922488337103
-4.577956056332979, 4.662486164457531
-4.568167774962002, 4.662061669191424
-4.558382834770723, 4.66162882883105
-4.548597788767539, 4.661194564256131
-4.538809415921812, 4.66077212998879
-4.529024382591739, 4.6603413507360045
-4.519239243164025, 4.659909147879111
-4.5094507795709715, 4.659488776474265
-4.499665653804388, 4.659060059733557
-4.489880421626842, 4.658629919605768
-4.480091867937223, 4.658211611717623
-4.470306650368906, 4.657784957845655
-4.460521326058395, 4.657356880548447
-4.450732682872798, 4.656940636046628
-4.440947374093293, 4.656516044720403
-4.431161958228729, 4.6560900297652354
-4.421373226114755, 4.655675848010484
-4.411587826685499, 4.655253318466142
-4.401802319820776, 4.65482936498178
-4.392013499324236, 4.654417245004751
-4.382228009787377, 4.65399677619249
-4.372442412459759, 4.653574883059484
-4.362653504111938, 4.653164823676746
-4.352867924996744, 4.652746414361305
-4.3430822377323235, 4.652326580299209
-4.333293242054694, 4.651918580188494
-4.323507573881677, 4.6515022290143415
-4.313721797198935, 4.651084452638334
-4.3039327147062485, 4.650678510387332
-4.294146957989897, 4.650264215920956
-4.2843610924019995, 4.649848495778508
-4.274571923604268, 4.649444609916547
-4.264786078854777, 4.649032370673878
-4.255000124871076, 4.648618705268602
-4.245210870274884, 4.648216874287185
-4.235424937999312, 4.647806688751394
-4.225638896126339, 4.647395076558472
-4.21584955623568, 4.64699529892459
-4.2060635369386885, 4.6465871655576425
-4.196277407680772, 4.646177605033856
-4.186487982997602, 4.6457798791986535
-4.1767018771819355, 4.64537379644878
-4.166915661041612, 4.644966286039017
-4.157126152066201, 4.644570610443388
-4.147339960233001, 4.644166576749966
-4.137553657711299, 4.64376111489143
-4.127764064942472, 4.643367487969671
-4.117977787591488, 4.642965501766375
-4.108191399188096, 4.642562086891332
-4.09840172312338, 4.642170507073487
-4.088615360753098, 4.641770566790319
-4.078828886966474, 4.641369197327884
-4.0690391281021965, 4.640979663041297
-4.059252681209925, 4.640581767105947
-4.039676281368726, 4.6397949511535295
-4.029889750450656, 4.639399097992208
-4.020103107388378, 4.639001814635047
-4.010313184409468, 4.638616366686821
-4.000526569960702, 4.638222554724851
-3.9907398430038303, 4.637827312058346
-3.9809498387076943, 4.637443904915521
-3.9711631412222883, 4.637052132577684
-3.9613763308649004, 4.636658929026476
-3.951586245743527, 4.636277561112634
-3.941799465714485, 4.635887826823417
-3.9320125724496244, 4.635496660811918
