0.9097183028286808, 4.533238709440886, -7.258151378403133e-05
0.9196603685467563, 4.532756475656536, -7.258199869086823e-05
0.9296024137683538, 4.532273873678658, -7.25824836786404e-05
0.9395444384798087, 4.531790903506317, -7.258296874679271e-05
0.9494864426674567, 4.531307565138592, -7.258345389604681e-05
0.959428426317633, 4.530823858574546, -7.258393912568106e-05
0.9693703894166731, 4.530339783813249, -7.258442443619506e-05
0.9793123319509118, 4.52985534085377, -7.25849098275888e-05
0.9892542539066846, 4.529370529695183, -7.258539529969577e-05
0.9991961552703262, 4.528885350336554, -7.25858808522939e-05
1.009138036028171, 4.528399802776951, -7.258636648577177e-05
1.019079896166553, 4.527913887015441, -7.258685219996286e-05
1.0290217356718072, 4.52742760305109, -7.258733799508921e-05
1.0389635545302665, 4.52694095088297, -7.258782387076224e-05
1.0489053527282657, 4.526453930510144, -7.258830982714848e-05
1.0588471302521383, 4.52596654193168, -7.258879586430345e-05
1.0687888870882178, 4.525478785146644, -7.258928198233816e-05
1.0787306232228369, 4.524990660154104, -7.258976818097507e-05
1.0886723386423276, 4.524502166953119, -7.25902544603807e-05
1.098614033333024, 4.524013305542764, -7.259074082055506e-05
1.1085557072812589, 4.523524075922099, -7.259122726144263e-05
1.1184973604733637, 4.523034478090185, -7.259171378326545e-05
1.1284389928956708, 4.52254451204609, -7.259220038557945e-05
1.1383806045345126, 4.522054177788876, -7.259268706871769e-05
1.1483221953762206, 4.52156347531761, -7.259317383279118e-05
1.1582637654071266, 4.521072404631353, -7.259366067735584e-05
1.1682053146135614, 4.520580965729165, -7.259414760291127e-05
1.178146842981857, 4.520089158610113, -7.25946346090689e-05
1.1880883504983442, 4.519596983273257, -7.259512169610627e-05
1.1980298371493534, 4.519104439717658, -7.259560886374583e-05
1.2079713029212156, 4.51861152794238, -7.259609611237616e-05
1.2179127478002605, 4.5181182479464805, -7.259658344160869e-05
1.227854171772819, 4.517624599729024, -7.259707085149891e-05
1.237795574825222, 4.51713058328907, -7.259755834243542e-05
1.247736956943798, 4.516636198625674, -7.259804591402963e-05
1.2576783181148763, 4.516141445737901, -7.259853356633705e-05
1.267619658324787, 4.515646324624808, -7.25990212994132e-05
1.2775609775598595, 4.515150835285455, -7.259950911331359e-05
1.2875022758064223, 4.5146549777189, -7.25999970079827e-05
1.2974435530508044, 4.5141587519241995, -7.260048498347604e-05
1.3073848092793343, 4.513662157900418, -7.260097303979363e-05
1.3173260444783408, 4.513165195646606, -7.260146117665789e-05
1.3272672586341512, 4.512667865161824, -7.260194939445741e-05
1.3372084517330949, 4.512170166445128, -7.260243769302566e-05
1.3471496237614988, 4.5116720994955735, -7.260292607236263e-05
1.3570907747056908, 4.511173664312219, -7.260341453257935e-05
1.3670319045519974, 4.510674860894116, -7.260390307356479e-05
1.3769730132867477, 4.510175689240325, -7.260439169509691e-05
1.3869141008962667, 4.509676149349901, -7.260488039773083e-05
1.3968551673668828, 4.509176241221894, -7.260536918096694e-05
1.4067962126849212, 4.508675964855369, -7.26058580450828e-05
1.416737236836709, 4.50817532024937, -7.260634698985635e-05
1.4266782398085722, 4.507674307402951, -7.260683601545415e-05
1.4366192215868379, 4.507172926315171, -7.260732512204271e-05
1.4465601821578307, 4.506671176985076, -7.260781430928898e-05
1.4565011215078763, 4.506169059411728, -7.260830357735948e-05
1.4664420396233, 4.505666573594173, -7.260879292630973e-05
1.4763829364904273, 4.505163719531457, -7.260928235586217e-05
1.486323812095584, 4.504660497222645, -7.260977186640538e-05
1.4962646664250936, 4.5041569066667835, -7.26102614576618e-05
1.50620549946528, 4.503652947862919, -7.261075112963145e-05
1.5161463112024702, 4.503148620810105, -7.261124088264737e-05
1.5260871016229869, 4.502643925507395, -7.261173071632099e-05
1.5360278707131534, 4.502138861953835, -7.261222063081885e-05
1.5459686184592945, 4.501633430148479, -7.261271062608543e-05
1.555909344847734, 4.501127630090368, -7.261320070217625e-05
1.5658500498647943, 4.5006214617785565, -7.261369085914682e-05
1.5757907334967993, 4.500114925212094, -7.261418109688611e-05
1.5857313957300707, 4.499608020390024, -7.261467141539413e-05
1.5956720365509325, 4.4991007473114, -7.26151618148374e-05
1.6056126559457082, 4.49859310597527, -7.261565229493838e-05
1.615553253900718, 4.498085096380675, -7.261614285597462e-05
1.6254938304022852, 4.497576718526667, -7.261663349794611e-05
1.635434385436732, 4.497067972412289, -7.261712422057531e-05
1.6453749189903792, 4.496558858036585, -7.261761502402875e-05
1.6553154310495493, 4.496049375398609, -7.261810590830642e-05
1.665255921600563, 4.495539524497403, -7.261859687340833e-05
1.675196390629742, 4.4950293053320065, -7.261908791938998e-05
1.6851368381234062, 4.494518717901469, -7.261957904630689e-05
1.6950772640678775, 4.4940077622048324, -7.262007025399253e-05
1.7050176684494753, 4.493496438241145, -7.262056154233587e-05
1.7149580512545206, 4.492984746009452, -7.262105291172549e-05
1.724898412469334, 4.492472685508789, -7.262154436182833e-05
1.734838752080235, 4.491960256738202, -7.262203589269989e-05
1.7447790700735426, 4.491447459696739, -7.26225275045067e-05
1.7547193664355771, 4.490934294383436, -7.262301919719327e-05
1.7646596411526572, 4.490420760797334, -7.262351097075959e-05
1.7745998942111025, 4.489906858937481, -7.262400282503911e-05
1.7845401255972322, 4.489392588802913, -7.262449476019839e-05
1.794480335297364, 4.488877950392671, -7.262498677623741e-05
1.8044205232978179, 4.488362943705796, -7.262547887298965e-05
1.8143606895849096, 4.487847568741331, -7.262597105084367e-05
1.8243008341449598, 4.48733182549831, -7.262646330941092e-05
1.834240956964285, 4.486815713975779, -7.262695564869137e-05
1.8441810580292022, 4.486299234172772, -7.262744806901811e-05
1.8541211373260305, 4.485782386088332, -7.262794057011357e-05
1.8640611948410863, 4.485265169721496, -7.262843315208878e-05
1.8740012305606868, 4.484747585071302, -7.262892581488822e-05
1.883941244471149, 4.484229632136788, -7.26294185585119e-05
1.8938812365587883, 4.483711310916987, -7.262991138318187e-05
1.9038212068099227, 4.483192621410942, -7.263040428850953e-05
1.9137611552108678, 4.482673563617685, -7.263089727482797e-05
1.923701081747939, 4.482154137536254, -7.26313903418041e-05
1.933640986407453, 4.48163434316569, -7.263188348988203e-05
1.9435808691757255, 4.48111418050502, -7.263237671861766e-05
1.9535207300390718, 4.480593649553283, -7.26328700285106e-05
1.9634605689838054, 4.480072750309515, -7.263336341906124e-05
1.9734003859962437, 4.47955148277275, -7.263385689032509e-05
1.9833401810626998, 4.4790298469420184, -7.263435044269073e-05
1.9932799541694888, 4.4785078428163585, -7.263484407588061e-05
2.003219705302924, 4.477985470394799, -7.263533779000575e-05
2.0131594344493218, 4.477462729676381, -7.263583158489961e-05
2.023099141594994, 4.476939620660135, -7.263632546078425e-05
2.0330388267262545, 4.476416143345089, -7.26368194174376e-05
2.0429784898294177, 4.475892297730275, -7.263731345497071e-05
2.0529181308907978, 4.475368083814729, -7.263780757338356e-05
2.0628577498967067, 4.474843501597477, -7.263830177273167e-05
2.072797346833456, 4.474318551077558, -7.263879605295953e-05
2.0827369216873595, 4.473793232253997, -7.263929041406714e-05
2.0926764744447297, 4.473267545125826, -7.263978485588796e-05
2.1026160050918787, 4.472741489692071, -7.264027937892159e-05
2.11255551361512, 4.472215065951764, -7.264077398272395e-05
2.122495000000764, 4.471688273903937, -7.264126866723952e-05
2.1324344642351223, 4.471161113547615, -7.264176343269035e-05
2.1423739063045066, 4.470633584881832, -7.264225827907644e-05
2.1523133261952276, 4.47010568790561, -7.264275320639779e-05
2.1622527238935962, 4.469577422617979, -7.26432482146544e-05
2.172192099385926, 4.469048789017967, -7.264374330367973e-05
2.182131452658525, 4.468519787104597, -7.264423847369583e-05
2.192070783697703, 4.467990416876903, -7.264473372453617e-05
2.202010092489771, 4.46746067833391, -7.26452290564783e-05
2.2119493790210387, 4.466930571474641, -7.264572446913364e-05
2.221888643277816, 4.466400096298122, -7.264621996266873e-05
2.2318278852464126, 4.465869252803375, -7.26467155371946e-05
2.241767104913138, 4.465338040989435, -7.26472111926002e-05
2.2517063022643, 4.464806460855312, -7.264770692899658e-05
2.26164547728621, 4.464274512400047, -7.264820274605066e-05
2.271584629965174, 4.463742195622654, -7.264869864409551e-05
2.2815237602875, 4.463209510522155, -7.264919462329766e-05
2.2914628682395013, 4.462676457097581, -7.264969068315752e-05
2.30140195380748, 4.46214303534795, -7.265018682400814e-05
2.311341016977747, 4.461609245272286, -7.265068304579403e-05
2.3212800577366113, 4.461075086869604, -7.265117934834864e-05
2.3312190760703757, 4.460540560138936, -7.265167573200504e-05
2.341158071965352, 4.460005665079297, -7.265217219654119e-05
2.3510970454078435, 4.4594704016897095, -7.265266874195708e-05
2.361035996384159, 4.458934769969196, -7.265316536830824e-05
2.370974924880603, 4.458398769916775, -7.265366207553914e-05
2.3809138308834856, 4.457862401531468, -7.265415886392734e-05
2.3908527143791107, 4.457325664812292, -7.26546557327512e-05
2.400791575353785, 4.456788559758268, -7.26551526828434e-05
2.410730413793814, 4.456251086368417, -7.265564971392635e-05
2.420669229685502, 4.4557132446417524, -7.265614682577803e-05
2.4306080230151546, 4.455175034577298, -7.2656644018676e-05
2.440546793769077, 4.454636456174069, -7.265714129234269e-05
2.4504855419335763, 4.454097509431084, -7.265763864711117e-05
2.460424267494955, 4.453558194347356, -7.26581360827594e-05
2.4703629704395174, 4.4530185109219085, -7.265863359917635e-05
2.4803016507535682, 4.452478459153754, -7.265913119680611e-05
2.4902403084234113, 4.451938039041906, -7.26596288751491e-05
2.5001789434353494, 4.451397250585383, -7.266012663453836e-05
2.510117555775688, 4.450856093783203, -7.266062447491839e-05
2.520056145430729, 4.450314568634378, -7.266112239595612e-05
2.529994712386776, 4.449772675137923, -7.266162039826218e-05
2.5399332566301314, 4.449230413292852, -7.266211848144799e-05
2.5498717781471014, 4.448687783098179, -7.266261664551354e-05
2.559810276923984, 4.448144784552918, -7.266311489051436e-05
2.5697487529470835, 4.447601417656084, -7.266361321661696e-05
2.579687206202702, 4.447057682406684, -7.26641116235438e-05
2.5896256366771393, 4.446513578803734, -7.26646101114059e-05
2.5995640443567, 4.445969106846246, -7.266510868020326e-05
2.6095024292276836, 4.445424266533234, -7.266560732993588e-05
2.6194407912763933, 4.44487905786371, -7.266610606065926e-05
2.629379130489127, 4.444333480836678, -7.266660487242893e-05
2.6393174468521874, 4.443787535451157, -7.266710376502283e-05
2.6492557403518755, 4.443241221706153, -7.2667602738552e-05
2.6591940109744927, 4.442694539600677, -7.266810179312744e-05
2.6691322587063366, 4.442147489133738, -7.266860092874916e-05
2.6790704835337062, 4.441600070304347, -7.266910014513961e-05
2.6890086854429036, 4.4410522831115085, -7.266959944252083e-05
2.698946864420227, 4.440504127554239, -7.267009882111486e-05
2.7088850204519788, 4.439955603631541, -7.26705982803666e-05
2.7188231535244527, 4.439406711342423, -7.267109782077563e-05
2.7287612636239515, 4.438857450685889, -7.26715974420089e-05
2.7386993507367725, 4.4383078216609535, -7.267209714434397e-05
2.748637414849214, 4.437757824266617, -7.267259692766981e-05
2.758575455947575, 4.437207458501892, -7.267309679187539e-05
2.768513474018153, 4.4366567243657755, -7.267359673696072e-05
2.7784514690472455, 4.4361056218572825, -7.267409676314784e-05
2.788389441021151, 4.435554150975411, -7.267459687038125e-05
2.798327389926166, 4.435002311719172, -7.267509705843889e-05
2.808265315748586, 4.434450104087564, -7.267559732754281e-05
2.818203218474709, 4.433897528079596, -7.267609767769301e-05
2.828141098090832, 4.43334458369427, -7.267659810877847e-05
2.8380789545832528, 4.432791270930591, -7.26770986208547e-05
2.848016787938268, 4.432237589787558, -7.267759921386618e-05
2.8579545981421695, 4.431683540264181, -7.267809988775742e-05
2.8678923851812566, 4.431129122359456, -7.267860064286147e-05
2.8778301490418254, 4.430574336072387, -7.267910147884526e-05
2.8877678897101684, 4.430019181401977, -7.267960239581983e-05
2.8977056071725795, 4.429463658347226, -7.268010339372966e-05
2.9076433014153578, 4.428907766907133, -7.268060447268576e-05
2.9175809724247985, 4.428351507080704, -7.268110563268815e-05
2.927518620187191, 4.42779487886694, -7.26816068736813e-05
2.937456244688832, 4.427237882264833, -7.268210819560972e-05
2.9473938459160185, 4.426680517273385, -7.268260959858441e-05
2.95733142385504, 4.426122783891598, -7.268311108260539e-05
2.967268978492193, 4.425564682118469, -7.268361264733958e-05
2.9772065098137688, 4.425006211952995, -7.26841142933976e-05
2.9871440178060626, 4.424447373394181, -7.268461602033538e-05
2.9970815024553663, 4.423888166441019, -7.268511782826392e-05
3.0070189637479725, 4.423328591092511, -7.268561971723875e-05
3.016956401670174, 4.422768647347642, -7.268612168720434e-05
3.0268938162082635, 4.422208335205421, -7.26866237381052e-05
3.036831207348531, 4.421647654664841, -7.268712587027437e-05
3.0467685750772695, 4.421086605724895, -7.268762808315676e-05
3.0567059193807715, 4.4205251883845795, -7.268813037708544e-05
3.0666432402453285, 4.419963402642893, -7.268863275200488e-05
3.076580537657228, 4.419401248498825, -7.268913520819265e-05
3.086517811602764, 4.418838725951376, -7.268963774520465e-05
3.0964550620682303, 4.418275834999536, -7.269014036315191e-05
3.1063922890399116, 4.417712575642301, -7.269064306225648e-05
3.1163294925041, 4.417148947878664, -7.269114584246283e-05
3.1262666724470884, 4.416584951707616, -7.269164870349343e-05
3.136203828855164, 4.416020587128153, -7.269215164562581e-05
3.146140961714617, 4.415455854139265, -7.269265466880448e-05
3.156078071011736, 4.414890752739941, -7.269315777286289e-05
3.1660151567328123, 4.414325282929177, -7.269366095796759e-05
3.1759522188641323, 4.413759444705964, -7.269416422439612e-05
3.185889257391986, 4.413193238069294, -7.269466757159337e-05
3.195826272302664, 4.412626663018154, -7.269517099972589e-05
3.205763263582448, 4.412059719551532, -7.269567450918224e-05
3.2157002312176326, 4.4114924076684225, -7.269617809951834e-05
3.2256371751945028, 4.410924727367814, -7.269668177090072e-05
3.2355740954993477, 4.410356678648696, -7.269718552332938e-05
3.245510992118455, 4.409788261510052, -7.26976893566933e-05
3.2554478650381102, 4.409219475950882, -7.269819327121452e-05
3.2653847142446, 4.408650321970163, -7.269869726672651e-05
3.275321539724213, 4.4080807995668865, -7.269920134317376e-05
3.2852583414632335, 4.407510908740036, -7.269970550083382e-05
3.2951951194479494, 4.406940649488601, -7.270020973942914e-05
3.305131873664645, 4.40637002181157, -7.270071405912626e-05
3.3150686040996074, 4.405799025707929, -7.270121845986965e-05
3.325005310739123, 4.405227661176663, -7.270172294171484e-05
3.334941993569478, 4.404655928216754, -7.270222750438426e-05
3.3448786525769556, 4.404083826827192, -7.270273214837752e-05
3.3548152877478405, 4.403511357006957, -7.270323687330604e-05
3.3647518990684158, 4.402938518755035, -7.270374167928084e-05
3.3746884865249727, 4.402365312070416, -7.270424656630192e-05
3.38462505010379, 4.401791736952075, -7.270475153436928e-05
3.394561589791151, 4.401217793398998, -7.270525658342741e-05
3.4044981055733428, 4.400643481410167, -7.270576171369836e-05
3.414434597436646, 4.400068800984566, -7.270626692473803e-05
3.4243710653673447, 4.3994937521211765, -7.270677221710153e-05
3.4343075093517244, 4.39891833481898, -7.270727759051132e-05
3.444243929376066, 4.39834254907696, -7.270778304491188e-05
3.4541803254266514, 4.397766394894094, -7.27082885803032e-05
3.4641166974897644, 4.397189872269366, -7.270879419696286e-05
3.474053045551687, 4.396612981201754, -7.270929989455777e-05
3.4839893695987016, 4.396035721690236, -7.270980567314345e-05
3.4939256696170893, 4.395458093733796, -7.271031153283092e-05
3.5038619455931337, 4.394880097331411, -7.271081747367569e-05
3.5137981975131125, 4.39430173248206, -7.271132349551124e-05
3.523734425363309, 4.3937229991847175, -7.271182959850409e-05
3.5336706291300053, 4.393143897438369, -7.271233578254321e-05
3.5436068087994794, 4.392564427241988, -7.271284204757311e-05
3.5535429643580123, 4.391984588594558, -7.271334839381582e-05
3.5634790957918843, 4.391404381495045, -7.271385482088277e-05
3.573415203087377, 4.390823805942432, -7.271436132927356e-05
3.5833512862307675, 4.390242861935688, -7.271486791865511e-05
3.593287345208337, 4.3896615494738045, -7.271537458908295e-05
3.6032233800063667, 4.389079868555738, -7.271588134055706e-05
3.613159390611131, 4.388497819180481, -7.27163881732995e-05
3.6230953770089105, 4.387915401346997, -7.271689508703272e-05
3.633031339185986, 4.387332615054264, -7.271740208192323e-05
3.6429672771286326, 4.386749460301254, -7.271790915763798e-05
3.6529031908231326, 4.386165937086946, -7.271841631456555e-05
3.6628390802557607, 4.385582045410307, -7.271892355270593e-05
3.6727749454127947, 4.384997785270314, -7.271943087183708e-05
3.682710786280514, 4.3844131566659374, -7.2719938271959e-05
3.6926466028451945, 4.383828159596148, -7.272044575334924e-05
3.7025823950931125, 4.383242794059924, -7.272095331578576e-05
3.7125181630105466, 4.382657060056234, -7.272146095932408e-05
3.7224539065837714, 4.382070957584046, -7.272196868396419e-05
3.732389625799066, 4.381484486642328, -7.272247648953956e-05
3.742325320642704, 4.380897647230059, -7.272298437638325e-05
3.752260991100961, 4.3803104393462045, -7.272349234443976e-05
3.7621966371601143, 4.379722862989733, -7.27240003933205e-05
3.7721322588064394, 4.379134918159618, -7.272450852330303e-05
3.7820678560262087, 4.378546604854821, -7.272501673472043e-05
3.7920034288056996, 4.377957923074318, -7.272552502690655e-05
3.8019389771311882, 4.377368872817069, -7.272603340036099e-05
3.8118745009889468, 4.376779454082053, -7.27265418548062e-05
3.8218100003652493, 4.376189666868229, -7.272705039057525e-05
3.831745475246369, 4.375599511174565, -7.272755900733507e-05
3.841680925618581, 4.375008987000031, -7.272806770514118e-05
3.851616351468159, 4.374418094343593, -7.272857648410458e-05
3.8615517527813763, 4.3738268332042125, -7.272908534422529e-05
3.8714871295445064, 4.3732352035808555, -7.272959428533676e-05
3.881422481743822, 4.372643205472492, -7.273010330760554e-05
3.8913578093655956, 4.372050838878082, -7.273061241108714e-05
3.9012931123961003, 4.371458103796597, -7.273112159550399e-05
3.911228390821606, 4.370865000226992, -7.273163086124468e-05
3.9211636446283857, 4.370271528168234, -7.273214020814267e-05
3.931098873802713, 4.369677687619285, -7.273264963597592e-05
3.9410340783308566, 4.369083478579116, -7.273315914502199e-05
3.9509692581990925, 4.36848890104668, -7.273366873505882e-05
3.9609044133936875, 4.3678939550209455, -7.273417840625296e-05
3.9708395439009108, 4.367298640500868, -7.273468815882644e-05
3.9807746497070364, 4.3667029574854155, -7.273519799233519e-05
3.990709730798334, 4.366106905973551, -7.273570790700123e-05
4.000644787161074, 4.365510485964226, -7.273621790276907e-05
4.0105798187815225, 4.364913697456403, -7.27367279795832e-05
4.0205148256459555, 4.364316540449047, -7.273723813766564e-05
4.030449807740638, 4.363719014941114, -7.273774837701641e-05
4.040384765051841, 4.363121120931563, -7.273825869719142e-05
4.050319697565826, 4.362522858419356, -7.273876909874577e-05
4.0602546052688755, 4.361924227403446, -7.273927958123538e-05
4.070189488147252, 4.3613252278828, -7.273979014493781e-05
4.080124346187217, 4.360725859856368, -7.274030078996407e-05
4.090059179375046, 4.360126123323109, -7.274081151598111e-05
4.099993987697006, 4.359526018281984, -7.274132232304442e-05
4.109928771139363, 4.358925544731945, -7.274183321132055e-05
4.119863529688384, 4.35832470267195, -7.274234418075398e-05
4.129798263330335, 4.357723492100952, -7.274285523145574e-05
4.139732972051487, 4.357121913017917, -7.274336636309275e-05
4.149667655838103, 4.356519965421786, -7.274387757594258e-05
4.159602314676452, 4.355917649311524, -7.274438887006074e-05
4.169536948552795, 4.3553149646860785, -7.274490024511415e-05
4.179471557453404, 4.354711911544407, -7.274541170143589e-05
4.189406141364544, 4.354108489885466, -7.274592323902596e-05
4.199340700272478, 4.353504699708206, -7.274643485760679e-05
4.20927523416347, 4.352900541011577, -7.274694655751146e-05
4.219209743023788, 4.352296013794534, -7.27474583384069e-05
4.229144226839694, 4.351691118056029, -7.274797020040413e-05
4.239078685597452, 4.351085853795015, -7.274848214383622e-05
4.249013119283332, 4.350480221010441, -7.27489941683146e-05
4.258947527883592, 4.349874219701261, -7.274950627378374e-05
4.268881911384498, 4.349267849866427, -7.275001846057672e-05
4.2788162697723156, 4.348661111504884, -7.2750530728527e-05
4.288750603033304, 4.348054004615585, -7.275104307763458e-05
4.298684911153729, 4.347446529197479, -7.275155550773293e-05
4.308619194119852, 4.346838685249517, -7.275206801932166e-05
4.318553451917934, 4.346230472770648, -7.275258061195666e-05
4.328487684534241, 4.345621891759812, -7.275309328558244e-05
4.338421891955034, 4.345012942215967, -7.275360604069858e-05
4.348356074166576, 4.34440362413806, -7.275411887669447e-05
4.358290231155128, 4.343793937525033, -7.275463179390318e-05
4.36822436290695, 4.343183882375836, -7.275514479254674e-05
4.378158469408305, 4.342573458689413, -7.275565787201455e-05
4.388092550645452, 4.341962666464718, -7.27561710328617e-05
4.3980266066046525, 4.341351505700691, -7.275668427469961e-05
4.407960637272164, 4.340739976396277, -7.275719759808341e-05
4.417894642634252, 4.340128078550423, -7.275771100234696e-05
4.427828622677173, 4.339515812162073, -7.275822448804536e-05
4.437762577387186, 4.338903177230169, -7.275873805473454e-05
4.447696506750555, 4.338290173753656, -7.275925170247e-05
4.457630410753536, 4.337676801731477, -7.27597654315848e-05
4.467564289382393, 4.337063061162578, -7.276027924191242e-05
4.477498142623378, 4.336448952045901, -7.276079313339734e-05
4.487431970462752, 4.335834474380387, -7.276130710609507e-05
4.4973657728867735, 4.335219628164981, -7.276182115983909e-05
4.5072995498817, 4.334604413398621, -7.276233529490694e-05
4.517233301433789, 4.333988830080251, -7.276284951124312e-05
4.527167027529299, 4.333372878208811, -7.276336380851456e-05
4.5371007281544875, 4.332756557783243, -7.276387818727637e-05
4.547034403295615, 4.332139868802484, -7.276439264719547e-05
4.556968052938931, 4.331522811265477, -7.276490718810535e-05
4.566961640659328, 4.3302418607756525, -6.81200554998318e-05
4.576840049234193, 4.328762635867222, -6.881364046129601e-05
4.5866463698351945, 4.3275172615980395, -6.991769342495902e-05
4.596457747051939, 4.326385501642592, -7.029884604514702e-05
4.606279676820353, 4.3253504660749345, -7.056348739414853e-05
4.6161112711651295, 4.324410545309457, -7.075529300581973e-05
4.625951528329568, 4.323566355972549, -7.088330584803515e-05
4.635835762348888, 4.323052711465097, -7.032165651599254e-05
4.645774328960527, 4.322982610990595, -6.981542360967596e-05
4.655727977984759, 4.323022087334485, -6.938466280159705e-05
4.665684484954362, 4.323085907781804, -6.902669014346996e-05
4.675642132990673, 4.3231588212537035, -6.886230671410143e-05
4.685599606010859, 4.3232375132957594, -6.877956621836878e-05
4.695556815297761, 4.323320761083134, -6.872532442669943e-05
4.7055137716899615, 4.323407811506039, -6.869098990081035e-05
4.715470485940938, 4.323498083479323, -6.866986647297013e-05
4.725426977230834, 4.32359110337449, -6.86573782092692e-05
4.735383268536033, 4.323686481292163, -6.865045596765595e-05
4.745339383585192, 4.323783895842191, -6.864705826031825e-05
4.755295345159378, 4.323883082124656, -6.864583814192304e-05
4.76525117421433, 4.323983821827176, -6.864591548211285e-05
4.77520688950017, 4.3240859350311265, -6.864672224599078e-05
4.785162507476246, 4.324189273444307, -6.864789782645708e-05
4.795118042393848, 4.324293714822161, -6.864921850174843e-05
4.8050735064672265, 4.324399158374004, -6.865055008420384e-05
4.815028910083931, 4.324505520982291, -6.865181627330186e-05
4.82498426202512, 4.324612734091466, -6.865297761793343e-05
4.834939569678974, 4.324720741147388, -6.865401762301548e-05
4.844894839238236, 4.324829495489512, -6.865493365043607e-05
4.854850075877797, 4.324938958615081, -6.865573102493583e-05
4.864805283911121, 4.325049098749371, -6.865641927178423e-05
4.874760466926104, 4.325159889667478, -6.86570097629402e-05
4.884715627901781, 4.325271309723243, -6.865751428869471e-05
4.894670769307753, 4.325383341048608, -6.865794422811211e-05
4.904625893188437, 4.32549596889335, -6.865831010399726e-05
4.914581001234052, 4.325609181080471, -6.865862137844791e-05
4.924536094840186, 4.325722967556916, -6.865888639601136e-05
4.934491175157692, 4.325837320022854, -6.865911241288325e-05
4.944446243134327, 4.325952231625753, -6.865930567195866e-05
4.954401299549442, 4.326067696707906, -6.865947150380691e-05
4.964356345042854, 4.326183710598034, -6.86596144299223e-05
4.974311380138838, 4.326300269439274, -6.865973826775118e-05
4.984266405266021, 4.326417370047185, -6.865984622839161e-05
4.994221420773891, 4.326535009792502, -6.865994100413442e-05
5.004176426946482, 4.3266531865043785, -6.86600248470115e-05
5.0141314240136845, 4.326771898390464, -6.866009963674147e-05
5.024086412160648, 4.326891143970946, -6.866016694007104e-05
5.034041391535525, 4.3270109220240744, -6.866022806151229e-05
5.04399636225588, 4.327131231541191, -6.866028408558655e-05
5.05395132441402, 4.327252071689581, -6.86603359125737e-05
5.063906278081377, 4.327373441781831, -6.866038429093058e-05
5.073861223312113, 4.327495341250496, -6.866042984116083e-05
5.083816160146148, 4.327617769627201, -6.866047307785283e-05
5.093771088611622, 4.327740726525372, -6.866051442727672e-05
5.103726008726946, 4.327864211625986, -6.86605542434271e-05
5.113680920502496, 4.327988224665797, -6.866059281895875e-05
5.123635823942011, 4.328112765427616, -6.866063039662196e-05
5.133590719043738, 4.328237833732299, -6.866066717720054e-05
5.143545605801403, 4.328363429432099, -6.866070332717245e-05
5.153500484204981, 4.328489552405212, -6.866073898420533e-05
5.163455354241362, 4.328616202551237, -6.866077426231909e-05
5.173410215894884, 4.328743379787472, -6.86608092559382e-05
5.183365069147772, 4.328871084045809, -6.866084404333339e-05
5.19331991398051, 4.328999315270197, -6.86608786889531e-05
5.203274750372148, 4.329128073414549, -6.86609132464211e-05
5.213229578300536, 4.329257358440994, -6.866094776003528e-05
5.223184397742553, 4.329387170318457, -6.866098226626649e-05
5.233139208674275, 4.329517509021465, -6.866101679570136e-05
5.2430940110710855, 4.329648374529174, -6.866105137337541e-05
5.2530488049078246, 4.329779766824569, -6.866108602010534e-05
5.263003590158884, 4.329911685893786, -6.866112075293307e-05
5.272958366798271, 4.330044131725574, -6.866115558606944e-05
5.282913134799676, 4.3301771043108275, -6.866119053150488e-05
5.292867894136542, 4.330310603642224, -6.866122559873178e-05
5.3028226447820925, 4.330444629713906, -6.866126079607682e-05
5.312777386709382, 4.330579182521236, -6.866129612981275e-05
5.322732119891309, 4.330714262060564, -6.866133160576826e-05
5.332686844300657, 4.330849868329077, -6.866136722849525e-05
5.342641559910116, 4.330986001324638, -6.8661403001824e-05
5.352596266692289, 4.331122661045681, -6.866143892836352e-05
5.36255096461971, 4.331259847491098, -6.86614750115555e-05
5.372505653664855, 4.331397560660169, -6.866151125284325e-05
5.382460333800161, 4.331535800552488, -6.866154765411414e-05
5.392415004998026, 4.331674567167924, -6.86615842170335e-05
5.402369667230809, 4.331813860506546, -6.866162094287809e-05
5.41232432047085, 4.331953680568609, -6.866165783248057e-05
5.422278964690463, 4.332094027354518, -6.866169488650709e-05
5.432330808543492, 4.331631160581107, -7.199111215505649e-05
5.442297788989246, 4.3309192113065995, -7.170369649089903e-05
5.452171829221835, 4.3304412954372244, -7.264613766044814e-05
5.462040912482281, 4.330077110926891, -7.29301716091979e-05
5.471911403241134, 4.329809523430264, -7.312910691892327e-05
5.481782758326872, 4.32963679012555, -7.327569098525277e-05
5.491654251637867, 4.329559448893459, -7.337445986860258e-05
5.501537062314136, 4.3298238382622065, -7.277500260427505e-05
5.511436052697808, 4.330527236088734, -7.255317684090601e-05
5.521345900486514, 4.331337174886948, -7.22379251312244e-05
5.531260146549904, 4.332170229241812, -7.21405203050196e-05
5.541176085509354, 4.333011318478928, -7.211310539539939e-05
5.551093260988158, 4.333857160733676, -7.211114192262613e-05
5.56101139734302, 4.334706587403549, -7.212479979989972e-05
5.57093028664573, 4.33555887933922, -7.214657725918006e-05
5.58084977268172, 4.336413477488492, -7.217169949719215e-05
5.590769736001781, 4.337269922238325, -7.219728506485668e-05
5.600690084372141, 4.338127832203125, -7.222168913900706e-05
5.610610746059679, 4.338986890887951, -7.224405498401643e-05
5.620531664909408, 4.339846835973814, -7.22640162061916e-05
5.630452796686887, 4.340707450286173, -7.228150189775295e-05
5.640374106342117, 4.34156855417259, -7.229661076429972e-05
5.650295565950433, 4.342429999104891, -7.230953106612814e-05
5.660217153152834, 4.343291662335526, -7.232049073935265e-05
5.670138849966325, 4.344153442450403, -7.23297272222645e-05
5.680060641869856, 4.345015255676919, -7.233747001145208e-05
5.689982517096876, 4.3458770328241325, -7.234393132660166e-05
5.699904466083788, 4.346738716749794, -7.234930183996902e-05
5.709826481037051, 4.347600260265177, -7.235374948533213e-05
5.719748555591146, 4.3484616244029635, -7.23574200586774e-05
5.729670684536772, 4.349322776985853, -7.236043879188525e-05
5.739592863603672, 4.350183691443948, -7.236291238260639e-05
5.749515089286286, 4.351044345837893, -7.236493116868914e-05
5.759437358703177, 4.351904722052024, -7.236657126119539e-05
5.769359669483299, 4.3527648051280705, -7.236789653580766e-05
5.779282019673645, 4.353624582714859, -7.236896043399943e-05
5.789204407664099, 4.3544840446139546, -7.236980755570555e-05
5.799126832126108, 4.355343182404434, -7.237047504732308e-05
5.809049291962535, 4.356201989133056, -7.237099379753253e-05
5.8189717862666255, 4.357060459058441, -7.237138945626054e-05
5.828894314288332, 4.3579185874398405, -7.237168330159749e-05
5.8388168754066605, 4.358776370362699, -7.237189296799285e-05
5.84873946910697, 4.359633804594641, -7.237203306065254e-05
5.858662094962281, 4.360490887466571, -7.237211566790691e-05
5.868584752617897, 4.361347616774461, -7.237215079092252e-05
5.8785074417787415, 4.362203990698311, -7.23721466999172e-05
5.888430162198914, 4.363060007735178, -7.237211023197743e-05
5.89835291367311, 4.363915666643923, -7.237204703747224e-05
5.9082756960294995, 4.364770966399572, -7.237196178572214e-05
5.918198509123899, 4.36562590615563, -7.237185833386395e-05
5.928121352834938, 4.366480485212973, -7.237173986790468e-05
5.938044227060085, 4.367334702994157, -7.237160901907291e-05
5.947967131712346, 4.368188559022201, -7.237146796063021e-05
5.957890066717573, 4.369042052903094, -7.237131848697453e-05
5.967813032012205, 4.369895184311302, -7.237116207969851e-05
5.977736027541442, 4.370747952977855, -7.237099996199037e-05
5.9876590532577065, 4.371600358680481, -7.237083314381998e-05
5.997582109119387, 4.372452401235457, -7.237066245885382e-05
6.0075051950897915, 4.373304080490901, -7.237048859548567e-05
6.017428311136306, 4.374155396321206, -7.237031212209422e-05
6.02735145722967, 4.375006348622485, -7.237013350741561e-05
6.0372746333434035, 4.375856937308759, -7.23699531389177e-05
6.047197839453302, 4.376707162308852, -7.236977133617817e-05
6.057121075537068, 4.377557023563797, -7.236958836287499e-05
6.067044341573959, 4.3784065210247185, -7.236940443700046e-05
6.076967637544527, 4.379255654651072, -7.236921973796662e-05
6.086890963430385, 4.380104424409187, -7.236903441465437e-05
6.096814319214022, 4.380952830271076, -7.236884858924375e-05
6.10673770487866, 4.38180087221343, -7.236866236282058e-05
6.116661120408122, 4.382648550216819, -7.236847581909567e-05
6.12658456578672, 4.3834958642650115, -7.236828902684733e-05
6.136508040999182, 4.384342814344407, -7.236810204264144e-05
6.146431546030566, 4.385189400443592, -7.236791491382899e-05
6.156355080866219, 4.386035622552943, -7.236772767887922e-05
6.166278645491709, 4.3868814806643295, -7.236754036993309e-05
6.176202239892801, 4.387726974770847, -7.236735301335839e-05
6.186125864055419, 4.388572104866602, -7.23671656309155e-05
6.196049517965599, 4.389416870946538, -7.236697824042349e-05
6.205973201609503, 4.390261273006282, -7.236679085698139e-05
6.215896914973383, 4.3911053110420415, -7.236660349269064e-05
6.22582065804355, 4.391948985050497, -7.236641615798733e-05
6.2357444308063865, 4.3927922950286975, -7.236622886080957e-05
6.245668233248319, 4.39363524097404, -7.236604160809623e-05
6.255592065355818, 4.394477822884161, -7.236585440556498e-05
6.265515927115376, 4.395320040756932, -7.236566725832283e-05
6.275439818513541, 4.396161894590402, -7.236548016958944e-05
6.285363739536861, 4.397003384382769, -7.236529314308404e-05
6.295287690171907, 4.397844510132349, -7.23651061810271e-05
6.305211670405275, 4.39868527183757, -7.236491928608313e-05
6.3151356802235625, 4.399525669496929, -7.236473245963992e-05
6.325059719613385, 4.400365703109003, -7.236454570347384e-05
6.334983788561362, 4.401205372672429, -7.236435901863958e-05
6.344907887054128, 4.402044678185881, -7.236417240613635e-05
6.3548320150783155, 4.402883619648079, -7.23639858666858e-05
6.364756172620575, 4.403722197057774, -7.236379940128712e-05
6.374680359667537, 4.404560410413743, -7.236361301049543e-05
6.384604576205855, 4.405398259714783, -7.23634266946993e-05
6.394528822222186, 4.40623574495971, -7.23632404541763e-05
6.404453097703175, 4.407072866147357, -7.236305428925949e-05
6.414377402635484, 4.40790962327657, -7.236286820033744e-05
6.424301737005771, 4.408746016346202, -7.236268218774322e-05
6.434226100800695, 4.4095820453551156, -7.236249625125479e-05
6.4441504940069105, 4.410417710302176, -7.236231039126073e-05
6.4540749166110825, 4.4112530111862664, -7.23621246080941e-05
6.463999368599872, 4.41208794800626, -7.236193890142184e-05
6.473939790998845, 4.4131678252399364, -7.250283851195638e-05
6.483908557724175, 4.414587650168056, -7.322833663975237e-05
6.4939057173468155, 4.416015288586516, -6.82783369498341e-05
6.503877201822567, 4.417234753426363, -7.13704217772948e-05
6.51390791010439, 4.417873288422948, -7.470650727497974e-05
6.523913734874494, 4.418193908364286, -7.276519452609209e-05
6.533867318040423, 4.41863519330951, -7.28550039032494e-05
6.5438179415672755, 4.419091332947277, -7.26406877067931e-05
6.55376884522585, 4.4195469227890225, -7.253968935116983e-05
6.563719395097488, 4.41999987616063, -7.246538678251646e-05
6.573669650575255, 4.42045022792472, -7.240873239572343e-05
6.583647930355897, 4.421143034827969, -7.233681177037932e-05
6.593669522288235, 4.422172989839789, -7.295357921455192e-05
6.603713353904033, 4.423201972328147, -6.758848387677929e-05
6.613723034995702, 4.4240133455379524, -7.118571679576302e-05
6.623764836385144, 4.42481953921763, -7.100885009758695e-05
6.633806902321149, 4.4254915147969145, -7.143395321607127e-05
6.643846605555811, 4.425996256585314, -7.239581185036759e-05
6.653892947365908, 4.42639942232418, -7.30128981856204e-05
6.663946195538391, 4.426716417434384, -7.136111635891451e-05
6.673999476385503, 4.426927337426137, -7.228777243789564e-05
6.6840535623082635, 4.427038445334786, -7.286446114707079e-05
6.694111468154777, 4.427062485425403, -7.113622583099222e-05
6.704166507375553, 4.426980149486787, -7.200778743593483e-05
6.7142195908223, 4.426797716508508, -7.254679513357676e-05
6.72427395915912, 4.426527923024892, -7.083742754487865e-05
6.73432219534165, 4.4261517454371555, -7.17554889844152e-05
6.744365236015878, 4.425675472351431, -7.234040033193834e-05
6.754406785472438, 4.425111811655351, -7.065271429274045e-05
6.764439022746665, 4.424441962999253, -7.159065887057947e-05
6.7744631120119365, 4.42367217542101, -7.217588048108459e-05
6.784483198078997, 4.422815096740481, -7.049345489584802e-05
6.794490900658459, 4.421852167662178, -7.144206582282431e-05
6.804348323836751, 4.420440623805204, -6.988623259168714e-05
6.814134344551493, 4.418646675334394, -6.82605874065545e-05
6.823934829884871, 4.416833531283694, -7.052284569186718e-05
6.833747096636235, 4.4150227552954355, -6.7153025164024e-05
6.843553928910112, 4.413200414445385, -6.838020647553789e-05
6.8533599380473875, 4.411373137052961, -7.107428862401788e-05
6.863173725959407, 4.409552866576612, -6.772067601690246e-05
6.8729818218588825, 4.407723478005438, -6.891568643613288e-05
6.8827888494756895, 4.405891063924542, -7.155327678770584e-05
6.892603499247403, 4.404067257054835, -6.815086279204907e-05
6.90241237598428, 4.402235691639964, -6.928494514912842e-05
6.91222013017214, 4.400402204377247, -7.186578631079854e-05
6.922035470149127, 4.398578229393365, -6.842104983817432e-05
6.9318450397691365, 4.396747270587027, -6.9510207903134e-05
6.941653492257157, 4.394915012260673, -7.205178990288275e-05
6.9514695268125575, 4.393092767860325, -6.857860760378642e-05
6.9612798029565575, 4.391263963577114, -6.963929105363587e-05
6.971088970217888, 4.389434201767188, -7.215656172593343e-05
6.9809057177910185, 4.387614730728655, -6.866602031535551e-05
6.990716716373771, 4.385788932272406, -6.970971543607263e-05
7.000526612399341, 4.383962365135597, -7.221268187307395e-05
7.010344088851895, 4.382146245832357, -6.871205706732164e-05
7.020155825448925, 4.380323929300062, -6.974595662856409e-05
7.029966465027374, 4.378500950064352, -7.224071614536642e-05
7.039784683726823, 4.37668850727496, -6.873430988080242e-05
7.04959716900625, 4.374869938255599, -6.976263820440698e-05
7.059408560646574, 4.37305076483461, -7.225274318289898e-05
7.069227528744208, 4.3712421781213, -6.874305598802977e-05
7.079040768088474, 4.369427503143156, -6.976824387450176e-05
7.088852915781109, 4.367612255444642, -7.225572920593892e-05
7.098672636390208, 4.365807623296574, -6.874418921570813e-05
7.108486631838722, 4.363996922386365, -6.976761758320515e-05
7.118299536787937, 4.3621856655546765, -7.225363647517247e-05
7.128120010587759, 4.360385041138491, -6.874105167709033e-05
7.137934762193282, 4.358578357136333, -6.97634995981411e-05
7.147748423968018, 4.356771125685343, -7.224870181027354e-05
7.157569650225233, 4.354974536810685, -6.873552699249164e-05
7.1673851568962315, 4.35317189174813, -6.975743232323639e-05
7.1771995741298396, 4.351368703049103, -7.224218279028305e-05
7.1870215513079385, 4.349576163331956, -6.872867321305876e-05
7.196837811305215, 4.34777756759159, -6.975028151406937e-05
7.206652982103767, 4.345978429418067, -7.223478483953105e-05
7.216475708215324, 4.3441899445267955, -6.872108354893935e-05
7.226292719437332, 4.34239540196793, -6.974253236757821e-05
7.2361086416129154, 4.340600316718358, -7.222690315372704e-05
7.245932114419858, 4.338815887869927, -6.871309024275574e-05
7.2557498745643665, 4.337025398697871, -6.97344565654956e-05
7.265566545766902, 4.335234365759563, -7.221875897095442e-05
7.275390762893384, 4.333453991676948, -6.87048792636924e-05
7.285209269548431, 4.331667554049537, -6.972620615625091e-05
7.295026687339683, 4.329880571122287, -7.221047609212716e-05
7.304851646335375, 4.328104249130536, -6.869655466795743e-05
7.314670897030201, 4.326321860057709, -6.971786620812992e-05
7.324489058925215, 4.324538923894995, -7.220212377395674e-05
7.3343147573007, 4.322766650535016, -6.868817466454402e-05
7.344134749534226, 4.320988306382607, -6.970948430423674e-05
7.353953653024469, 4.319209413206692, -7.21937407517359e-05
7.3637800882710085, 4.317441184578998, -6.867977180857743e-05
7.373600819527722, 4.3156668813508565, -6.970108705411926e-05
7.383420462093988, 4.313892027085252, -7.218534868519422e-05
7.393247631694548, 4.312127839042479, -6.867136430183107e-05
7.403069099453375, 4.310357572538513, -6.969268933398887e-05
7.4128894785729855, 4.308586752938194, -7.217695968086968e-05
7.422717380008406, 4.306826601192935, -6.866296231766711e-05
7.432539581747656, 4.305060367097601, -6.968429945625187e-05
7.44236069489849, 4.303293577821938, -7.216858050190789e-05
7.4521893256508935, 4.301537458007155, -6.865457153798493e-05
7.4620122588510025, 4.299775251939074, -6.967592206180706e-05
7.471834103513723, 4.298012488592719, -7.216021492306712e-05
7.4816634610684405, 4.296260396295602, -6.864619513174963e-05
7.491573842516571, 4.294794559812357, -7.005629618284104e-05
7.501603728943379, 4.293716159122919, -6.982339313382768e-05
7.51164832843438, 4.292653995605396, -6.96850784666081e-05
7.521659881787054, 4.291480488050791, -7.1703733654227e-05
7.531613243689632, 4.290113859059976, -7.22874450486688e-05
7.5415602049969275, 4.288653691869397, -7.05584915468016e-05
7.5514903812169285, 4.287091306016352, -7.158478230373522e-05
7.561403627902719, 4.285432311374268, -7.22883626154136e-05
7.571305254292239, 4.283688868489888, -7.07351448658855e-05
7.581185149995233, 4.28184282904632, -7.182139686628952e-05
7.591045028297275, 4.279899834995414, -7.255165352709758e-05
7.600890618095801, 4.277872027593272, -7.102282509818814e-05
7.610711344513669, 4.275741708185188, -7.213930509231137e-05
7.62050913818134, 4.273514543224364, -7.28863970956839e-05
7.630290096318431, 4.271202636296625, -7.137532366391364e-05
7.6400431529913195, 4.268788684919733, -7.251600648916501e-05
7.649770430099737, 4.266278312933442, -7.327942116391872e-05
7.6594783827870625, 4.263683541933522, -7.178517083761271e-05
7.669155447488655, 4.260987435033556, -7.294830660958818e-05
7.678803926279392, 4.2581955322290606, -7.372845841147058e-05
7.688430626441047, 4.255319743211309, -7.225066522364987e-05
7.698023489150126, 4.252343490023358, -7.343513518059952e-05
7.707584990789997, 4.24927220595628, -7.423188170840866e-05
7.717122286758226, 4.2461176671995755, -7.276986273863084e-05
7.726622829308567, 4.242863657399885, -7.397445160350902e-05
7.736089263870429, 4.239515488511855, -7.478701979135582e-05
7.745529086854565, 4.236084784302084, -7.33398153976994e-05
7.754929268183876, 4.232555697512145, -7.456323505911078e-05
7.76429261706503, 4.228933408711918, -7.539066116352133e-05
7.773626964497157, 4.225229373382407, -7.395714560837208e-05
7.782918810710808, 4.221428128360162, -7.51981465215712e-05
7.792171125789342, 4.217534717392746, -7.603937156752671e-05
7.801392068123737, 4.213560412556188, -7.461829101657047e-05
7.810567677449314, 4.2094901470578785, -7.587546773507592e-05
7.8197010811809315, 4.20532882347056, -7.67292318506474e-05
7.828800757092854, 4.20108751582181, -7.531917725250858e-05
7.837852294637074, 4.196751567505703, -7.659101917756317e-05
7.8468589740896215, 4.192325736896071, -7.745598526698316e-05
7.855829585465534, 4.1878208860779464, -7.605542794997255e-05
7.864749280885272, 4.183222783687121, -7.734028293449047e-05
7.873621489736707, 4.178536042199242, -7.821499327237413e-05
7.8824552755295905, 4.173771248450672, -7.682432436034725e-05
7.891235297575723, 4.168914488601737, -7.812363894083019e-05
7.899965123263536, 4.163970202377844, -7.900483921208235e-05
7.908734241987286, 4.158892031684092, -0.00012047272907272921
7.917239759626835, 4.153901724916436, -0.00012343949149107303
7.925756717273919, 4.148801163331609, -0.00012406836539446964
7.9342012223774665, 4.143622716530896, -0.00010506169539498122
7.942638976196454, 4.138301182911875, -0.0001102147803818121
7.951000030535933, 4.132909926451818, -0.00010872436684228326
7.959322124550968, 4.127449069618957, -0.00010973766027028153
7.967577240304828, 4.121897585341584, -0.00010878301823519232
7.975781385050893, 4.116266758522168, -0.00011213256157449614
7.983932657438817, 4.110558452820612, -0.00010799946356104817
7.992025377421294, 4.104768501382059, -0.00011174393230084512
8.000052182356477, 4.098892735110128, -0.00011013933626957684
8.008035517796655, 4.092947021988267, -0.00011113648908595009
8.01594622884899, 4.0869134868853125, -0.00011023388661696165
8.0238007580872, 4.08080285527788, -0.00011356524876604546
8.031597672570042, 4.074617100452866, -0.00010947247979098407
8.039330730013303, 4.068352661114565, -0.00011317234604296678
8.046992736592312, 4.062005735548589, -0.00011160311983487992
8.054606627971607, 4.055591040187814, -0.00011254980591157704
8.062142636470508, 4.049092403111593, -0.00011168077556578115
8.06961745385694, 4.0425197491587515, -0.00011496064901317382
8.077030103795023, 4.035874997928943, -0.00011089577765144298
8.084373767606301, 4.029155146040047, -0.0001145184365741736
8.091641455533171, 4.022356718500982, -0.00011297191291037567
8.098856513760605, 4.015493201959975, -0.00011384265024405593
8.105988644988038, 4.008550115722254, -0.00011299126774988455
8.113054755099158, 4.001536581968642, -0.0001161979609847763
8.12005432294774, 3.994454408734943, -0.00011214917855839612
8.126979984045965, 3.98730116969295, -0.00011567260747757935
8.133824974111644, 3.9800737100812267, -0.00011413646854335768
8.14061298738174, 3.9727842351499825, -0.00011491355612031073
8.147313273527024, 3.9654199753651382, -0.00011406506969335872
8.15394293818898, 3.957989248648576, -0.00011718323593906677
8.16050188355399, 3.9504937092398573, -0.00011313961003639461
8.166982256169508, 3.942931531632435, -0.0001165496670064714
8.173377529747485, 3.9352998960919088, -0.0001150114542670666
8.179711702707042, 3.927609679905699, -0.0001156837957784762
8.185953634834247, 3.919849858096124, -0.0001148243356483003
8.192120633295142, 3.9120279350679366, -0.00011784497462202781
8.198212975414606, 3.904145383171032, -0.00011379563174118701
8.204222394827083, 3.8962009913179583, -0.00011708535791332686
8.210142594189483, 3.8881922889937877, -0.00011553336106073786
8.215997839942677, 3.8801287706837297, -0.00011609656062161466
8.221756658275234, 3.872001198297647, -0.00011521418119592175
8.227436573433957, 3.8638162420554347, -0.00011813421776335487
8.233038176410675, 3.8555751885446394, -0.00011406944510322647
8.23855288233826, 3.8472774429258862, -0.00011723919457484744
8.24397460732165, 3.8389209090428107, -0.00011566326949619121
8.24932785901594, 3.8305136402559166, -0.00011611979128378636
8.254580878550295, 3.8220482315659643, -0.00011520517005286779
8.259751414821352, 3.813530461737234, -0.00011802878158501118
8.264840288636996, 3.8049614261465905, -0.00011394101751616148
8.269838693705513, 3.7963411280824944, -0.00011699907327528125
8.274740728851183, 3.787667863773957, -0.00011539087335277198
8.279571117926116, 3.778948182632098, -0.00011575131292457241
8.28429787530882, 3.770176580096231, -0.00011479833042221665
8.288939010852923, 3.761357905076882, -0.00011753549033138855
8.29349550231648, 3.752493094838074, -0.00011341846684309598
8.297958439544324, 3.7435827296674953, -0.00011637899933653051
8.302322084202656, 3.7346255377753854, -0.00011473649186155566
8.306611329065463, 3.7256264904739886, -0.0001150122518453478
8.310794040854708, 3.7165820637212903, -0.0001140177502357842
8.314888479904187, 3.7074960810262203, -0.00011668419663801721
8.318895701396405, 3.698369355316021, -0.00011253467296462594
8.322806787182975, 3.689203003834053, -0.00011541986303909013
8.326616108753951, 3.679996217237827, -0.00011374609198844254
8.330348671179419, 3.67075229553915, -0.00011395471288583314
8.33397226157456, 3.6614697688493782, -0.00011291856959300128
8.33750537904226, 3.652151351793246, -0.00011553518810136776
8.340949089536306, 3.6427977979063955, -0.00011135277192675375
8.344294564918739, 3.633410691169919, -0.00011419023511188842
8.347536239246585, 3.6239897140042983, -0.00011248356086007716
8.350699218484335, 3.6145364438492935, -0.00011265261373616386
8.353751263144332, 3.6050515127359115, -0.00011157688175644775
8.35671109638969, 3.5955364329445336, -0.0001141680891810215
8.35909890746068, 3.5858975176390864, -0.00011273045705617601
8.361241138941487, 3.576229679507763, -0.00010716652594960907
8.363396718174181, 3.5666073950541786, -0.00010774921929579406
8.36550342306824, 3.5569618180957625, -0.00010930531996505843
8.367606492176476, 3.547307100253722, -0.00010472107388820318
8.36969356481621, 3.5376476985706002, -0.00010716304800495458
8.37176261290678, 3.52798524919107, -0.00010523356142144724
8.373838800580401, 3.5183184376720185, -0.0001053445021352295
8.375893063740401, 3.5086505851023846, -0.00010425660825053029
8.377943794935334, 3.498979204111559, -0.00010681528657818795
8.379994649805793, 3.489307753234844, -0.00010274396148796106
8.38203653384333, 3.4796344738875646, -0.00010558308988306564
8.384065682807629, 3.469961092885372, -0.00010404359841087452
8.386107229124187, 3.4602848623328137, -0.00010439569960268846
8.388130711185088, 3.4506093944731266, -0.00010344196218481372
8.390154059609904, 3.4409312539233836, -0.0001061604237960756
8.392180375437718, 3.431254126693417, -0.00010219774382391744
8.394200158862361, 3.4215757133206353, -0.00010513832528652456
8.396209042559555, 3.4118979243202614, -0.00010371043996609819
8.398233959346058, 3.4022077926230936, -9.065053735146655e-05
8.400247426386432, 3.392485749409748, -7.47172111644212e-05
8.402258697754652, 3.3827199675620383, -7.63104069849696e-05
8.404275910195423, 3.372965966727612, -7.455566620800935e-05
8.406282754744678, 3.3632114060449543, -7.536958471193733e-05
8.40828528037646, 3.3534558557396683, -7.596322369507469e-05
8.410297668295815, 3.3436997924337413, -7.425143716055516e-05
8.412299610753694, 3.3339433738203543, -7.511546705013528e-05
8.414297399049449, 3.324186164985811, -7.575657252156809e-05
8.416305228558441, 3.314428585049502, -7.407842069973025e-05
8.41830274346425, 3.3046707784104212, -7.496932178902016e-05
8.420296205842766, 3.2949122874192733, -7.563660054843435e-05
8.422299810339139, 3.285153503324009, -7.397706879885835e-05
8.424293176295997, 3.2753945655863226, -7.488278638762003e-05
8.426282549041243, 3.2656350032905146, -7.556459119184566e-05
8.428282122177881, 3.2558751896593026, -7.391542090079417e-05
8.43027150052837, 3.2461152649091116, -7.482934853347833e-05
8.432256919907102, 3.236354749998651, -7.551926336935022e-05
8.434252573371719, 3.226594005483638, -7.387588869123274e-05
8.436238057582809, 3.21683317541468, -7.479436687513052e-05
8.438219602975662, 3.207071775446308, -7.548882607577578e-05
8.440211402352606, 3.197310156448965, -7.384870872489957e-05
8.4421930477816, 3.1875484680047195, -7.476970148390105e-05
8.444170766642376, 3.1777862220316715, -7.546671734048882e-05
8.446158751647879, 3.1680237613814635, -7.382844208070338e-05
8.448136592275802, 3.158261242104888, -7.475081381541626e-05
8.450110514153925, 3.148498173258517, -7.544927629221654e-05
8.452094709999326, 3.1387348906107353, -7.38120527147279e-05
8.454068767822806, 3.1289715571973558, -7.473516912420708e-05
8.45603891223071, 3.1192076797033206, -7.543445768726231e-05
8.458019335996328, 3.1094435873417328, -7.379784391325916e-05
8.45998962629413, 3.09967945041548, -7.472135043179451e-05
8.461956007118074, 3.089914773513169, -7.54211179820885e-05
8.463932671326239, 3.0801498795928786, -7.378486682874108e-05
8.465899205611176, 3.0703849463759756, -7.470856518865254e-05
8.467861833583214, 3.0606194765101775, -7.540861750227057e-05
8.470140450408353, 3.0508841558323656, -7.681578521145926e-05
8.472822524123616, 3.041025783906667, -0.00015591461366598613
8.475328584053583, 3.0316194077137113, -0.00017013625941486588
8.47725360642016, 3.0219413351700224, -9.330175390048767e-05
8.479002986689148, 3.0120715721791647, -0.0001027221493003494
8.480820213482957, 3.0023891917589047, -0.00010317169033491336
8.482641498627173, 2.992709062781643, -0.00010365217452484865
8.484685553063713, 2.9829736306798167, -0.00017142360107291754
8.486946388751965, 2.9735388196681773, -0.00016819558270281254
8.48921564682407, 2.9640139185629217, -0.00015627865821155051
8.49146326051348, 2.9543628338012997, -0.00010198154855645125
8.493619052312285, 2.9445911941639507, -0.00010704204603495526
8.495586044567153, 2.9348304830287653, -0.00010651625234975315
8.497477599532195, 2.92504493650105, -0.00010933016173669818
8.498812880745943, 2.915226072028281, -0.00010586315570815241
8.499920188241985, 2.9054035069486117, -0.00010388770274921688
8.501035660242188, 2.895609943366197, -0.00010478084569082169
8.502102800759564, 2.885791803836467, -0.00010417244261629044
8.503136809279034, 2.8759978628925107, -7.973370037261951e-05
8.5041542237367, 2.866062290083915, -7.548193411655024e-05
8.505167544335798, 2.856150436279242, -7.36364228519637e-05
8.506169458598833, 2.846239542863414, -7.408085989724089e-05
8.507479074853137, 2.8363435822888143, -7.60853196402067e-05
8.509183973569483, 2.8264417683013825, -7.746355775489766e-05
8.510884133437095, 2.8165192888417385, -7.351335385730184e-05
8.512385580173792, 2.8065958790386643, -7.549903840570193e-05
8.5133703464125, 2.796644675535955, -0.00010017527492844902
8.51400007565174, 2.786741458700384, -7.245465717642396e-05
8.514727768615701, 2.7768157020151873, -7.27171404111826e-05
8.515465055925755, 2.7668997099278263, -7.212637035292069e-05
8.516200952228289, 2.7569816112675047, -7.162159901658027e-05
8.51693426484425, 2.7470616266987213, -7.121635794615777e-05
8.517665241804181, 2.737140151280901, -7.089032868551337e-05
8.518394306037553, 2.7272174795268898, -7.062710450561616e-05
8.519121850857095, 2.7172938427263937, -7.04139264430248e-05
8.519848213009745, 2.7073694263658674, -7.024081408218974e-05
8.520573675511566, 2.697444380251897, -7.009991536077731e-05
8.521298474829317, 2.6875188258253484, -6.998501853094918e-05
8.52202280798476, 2.6775928618116476, -6.989118330175126e-05
8.522746838841654, 2.6676665686661623, -6.981446085718712e-05
8.523470703509734, 2.6577400120967334, -6.975168028777734e-05
8.52419451493419, 2.6478132458685173, -6.970028472436107e-05
8.524918366766453, 2.637886314047121, -6.965820479015727e-05
8.525642336613373, 2.627959252799866, -6.962376021196759e-05
8.526366488755329, 2.618032091847776, -6.959558280666966e-05
8.527090876414189, 2.60810485564011, -6.957255580791744e-05
8.527815543642056, 2.5981775643074436, -6.955376577311156e-05
8.528540526891812, 2.5882502344372247, -6.953846424578858e-05
8.52926585632153, 2.578322879706372, -6.952603704069027e-05
8.529991556876958, 2.5683955113984127, -6.951597952176147e-05
8.530717649189077, 2.558468138826932, -6.950787662413083e-05
8.531444150318002, 2.548540769682911, -6.950138665345884e-05
8.532171074369128, 2.5386134103199556, -6.94962281085898e-05
8.532898433003416, 2.5286860659888144, -6.94921689347594e-05
8.533626235859787, 2.51875874103037, -6.948901773973226e-05
8.534354490904668, 2.508831439034576, -6.948661660144406e-05
8.535083204721282, 2.498904162971455, -6.948483516849846e-05
8.535812382748947, 2.488976915299097, -6.94835658151538e-05
8.536542029481035, 2.4790496980527648, -6.94827196572878e-05
8.537272148628729, 2.469122512918426, -6.948222327440856e-05
8.53800274325643, 2.4591953612934594, -6.948201600853743e-05
8.538733815893773, 2.449268244336777, -6.948204773954414e-05
8.539465368628203, 2.43934116301022, -6.948227704911547e-05
8.540197403181576, 2.4294141181127578, -6.94826697067441e-05
8.54092992097352, 2.419487110308749, -6.948319742039466e-05
8.541662923173728, 2.4095601401512807, -6.948383680438486e-05
8.542396410745292, 2.3996332081014646, -6.948456852784446e-05
8.543130384480492, 2.3897063145443806, -6.948537661072285e-05
8.543864845030376, 2.379779459802258, -6.948624784242075e-05
8.544599792929247, 2.3698526441453693, -6.948717130200732e-05
8.545335228614876, 2.3599258678010266, -6.948813796014974e-05
8.546071152445231, 2.3499991309610273, -6.948914035204146e-05
8.546807564712319, 2.340072433787816, -6.949017230639676e-05
8.54754446565359, 2.3301457764195614, -6.949122872068614e-05
8.548281855461399, 2.3202191589743615, -6.949230537617312e-05
8.549019734290852, 2.310292581553726, -6.949339878481453e-05
8.549758102266203, 2.30036604424544, -6.949450606269503e-05
8.550496959486246, 2.2904395471259535, -6.949562482544414e-05
8.551236306028704, 2.280513090262335, -6.949675310158332e-05
8.551976141953888, 2.2705866737138978, -6.949788926119416e-05
8.552716467307722, 2.2606602975335437, -6.949903195641038e-05
8.553457282124228, 2.250733961768875, -6.950018007284564e-05
8.554198586427578, 2.2408076664631134, -6.950133268934788e-05
8.554940380233814, 2.23088141165585, -6.9502489043749e-05
8.555682663552256, 2.2209551973836796, -6.950364850638602e-05
8.556425436386675, 2.211029023680721, -6.950481055634228e-05
8.557168698736247, 2.2011028905790426, -6.950597476323983e-05
8.557912450596326, 2.191176798109018, -6.950714077047504e-05
8.558656691959147, 2.1812507462996145, -6.950830828417187e-05
8.55940142281435, 2.1713247351786436, -6.950947706063637e-05
8.56014664314942, 2.1613987647729553, -6.951064689847408e-05
8.560892352950075, 2.151472835108609, -6.951181763165115e-05
8.561638552200558, 2.1415469462110055, -6.951298912216686e-05
8.562385240883907, 2.131621098104999, -6.951416125633436e-05
8.563132418982168, 2.121695290814996, -6.951533394006226e-05
8.563880086476543, 2.1117695243650316, -6.951650709580148e-05
8.564628243347556, 2.1018437987788325, -6.951768065877051e-05
8.565376889575159, 2.0919181140798657, -6.95188545760117e-05
8.56612602513887, 2.0819924702913934, -6.952002880367125e-05
8.566875650017767, 2.072066867436494, -6.952120330494527e-05
8.567625764190653, 2.062141305538109, -6.952237805041284e-05
8.568376367636043, 2.052215784619051, -6.952355301448332e-05
8.56912746033225, 2.042290304702034, -6.952472817689515e-05
8.569879042257417, 2.0323648658096958, -6.952590352077292e-05
8.570631113389501, 2.0224394679645896, -6.952707903168376e-05
8.571383673706375, 2.012514111189225, -6.95282546984699e-05
8.57213672318578, 2.002588795506055, -6.952943051097282e-05
8.572890261805409, 1.9926635209374939, -6.9530606461643e-05
8.573644289542857, 1.9827382875059216, -6.953178254343051e-05
8.574398806375676, 1.9728130952336902, -6.953295875139487e-05
8.575153812281366, 1.9628879441431257, -6.95341350806511e-05
8.5759093072374, 1.952962834256535, -6.953531152770198e-05
8.576665291221211, 1.943037765596207, -6.953648808921686e-05
8.577421764210197, 1.9331127381844155, -6.953766476291978e-05
8.578178726181754, 1.9231877520434217, -6.953884154631274e-05
8.578936177113262, 1.9132628071954747, -6.954001843784141e-05
8.579694116982072, 1.9033379036628142, -6.954119543600701e-05
8.58045254576552, 1.8934130414676715, -6.954237253964379e-05
8.58121146344095, 1.8834882206322705, -6.954354974764154e-05
8.581970869985698, 1.8735634411788276, -6.954472705927861e-05
8.582730765377082, 1.8636387031295532, -6.954590447383335e-05
8.583491149592426, 1.853714006506652, -6.954708199058413e-05
8.584487495567597, 1.8437713574920203, -6.99077138638371e-05
8.585477082027756, 1.833809216626769, -7.18509481824059e-05
8.586045839291826, 1.8238593688488491, -7.230772306460187e-05
8.586592089146817, 1.8139073318533225, -7.257008429906175e-05
8.58714874218535, 1.8039499546127664, -7.077465675875416e-05
8.587695329254359, 1.7939931913470035, -7.154384269109082e-05
8.588238233073621, 1.784036021841004, -7.212254420324582e-05
8.588791615635023, 1.7740767061268685, -7.041249670347582e-05
8.58933541878317, 1.7641183503957851, -7.124275652098389e-05
8.589875866000375, 1.7541598689322797, -7.188356087350911e-05
8.590427104826547, 1.744199457129313, -7.021484338587403e-05
8.59096899439414, 1.7342401982494136, -7.107762826202846e-05
8.591507707304395, 1.724280973069815, -7.175187278785078e-05
8.592057385186607, 1.714319935772571, -7.01055411361784e-05
8.592597842636442, 1.7043601553130072, -7.098594561494309e-05
8.59313522423808, 1.6944004954297893, -7.167832856158629e-05
8.59368366931763, 1.684439087740252, -7.004424519951868e-05
8.594222967966838, 1.6744789941651619, -7.09342657223555e-05
8.594759248389517, 1.6645190693104241, -7.163666698473126e-05
8.595306647822067, 1.6545574318978447, -7.00093512143174e-05
8.595844942566563, 1.6445971407560038, -7.090468539333594e-05
8.596380251598635, 1.634637045279017, -7.16126533226169e-05
8.596926710939655, 1.6246752564738665, -6.998909942090847e-05
8.597464089266298, 1.614714832179586, -7.0887381951934e-05
8.597998500337845, 1.6047546187326824, -7.159845448462265e-05
8.59885223488696, 1.5947646025184365, -7.2872857758699e-05
8.600096668026568, 1.5847765345875406, -7.463478898861453e-05
8.601349407976532, 1.5747724311754114, -7.378935684393406e-05
8.601923241023544, 1.564782481459379, -7.378514671729786e-05
8.602392134528179, 1.5547600478747192, -7.092256262947183e-05
8.603334401719504, 1.5447367065146809, -7.226090603335011e-05
8.604298633897923, 1.534700523466518, -7.483585290096739e-05
8.605083988053874, 1.524683448531431, -7.457863361071126e-05
8.60572715766979, 1.514668567590235, -7.573332901228413e-05
8.606271390495559, 1.5046464893550475, -7.654865131917488e-05
8.606349661836859, 1.4947026471170222, -7.332626566819433e-05
8.606057791893251, 1.4847693601384737, -7.164273603493809e-05
8.605846462073446, 1.4748280172349866, -7.0904224293733e-05
8.60565317837035, 1.4648828764429878, -7.023846728654304e-05
8.605459024377918, 1.4549348215038342, -6.969994087879794e-05
8.605261626448202, 1.4449845338681433, -6.927412389728937e-05
8.605061165356766, 1.4350324896970104, -6.893680439490346e-05
8.604858158688467, 1.4250788829419598, -6.875013351614889e-05
8.604653166595629, 1.4151248696524392, -6.87235858907731e-05
8.604446628890942, 1.4051709969419175, -6.870218107118964e-05
8.604238895880147, 1.3952171786661915, -6.868706917340095e-05
8.604030264711549, 1.3852634071111631, -6.867649241965035e-05
8.603820982182244, 1.3753096774307039, -6.866906272290363e-05
8.603611252965678, 1.3653559840668352, -6.86638156394137e-05
8.603401246693355, 1.355402321227677, -6.866008630962428e-05
8.603191103869106, 1.3454486833010102, -6.86574160193576e-05
8.602980940813968, 1.335495065085413, -6.865548770990104e-05
8.60277085379285, 1.325541461898827, -6.865408173190035e-05
8.60256092245037, 1.3155878696114585, -6.865304549641404e-05
8.602351212666365, 1.3056342846340356, -6.865227264779561e-05
8.602141778925782, 1.2956807038814897, -6.865168876490912e-05
8.601932666283624, 1.2857271247247297, -6.865124153210278e-05
8.601723911992938, 1.2757735449383416, -6.86508939781727e-05
8.601515546817431, 1.2658199615170747, -6.865101400160833e-05
8.601307596967715, 1.255866374798555, -6.865847266440683e-05
8.60110008528285, 1.2459128206333316, -6.866443528213972e-05
8.600893028474387, 1.2359592841739868, -6.866915894659931e-05
8.60068644059925, 1.2260057590453586, -6.867289098255736e-05
8.600480333237185, 1.216052240545356, -6.867580359071201e-05
8.600274715939852, 1.2060987248156494, -6.867803803006778e-05
8.600069596595297, 1.1961452086705076, -6.867971132457074e-05
8.599864981718985, 1.186191689479855, -6.868092041767415e-05
8.59966087669222, 1.176238165073508, -6.868174558433138e-05
8.599457285958877, 1.1662846336618784, -6.868225327383293e-05
8.599254213187955, 1.1563310937702718, -6.868249847558072e-05
8.599051661407902, 1.1463775441844848, -6.868252668473795e-05
8.59884963311772, 1.1364239839057684, -6.868237553370182e-05
8.598648130378757, 1.1264704121135534, -6.868207614668664e-05
8.598447154890605, 1.1165168281346052, -6.868165426110462e-05
8.598246708053809, 1.1065632314175118, -6.86811311582658e-05
8.598046791021755, 1.0966096215115806, -6.868052443292916e-05
8.597847404743483, 1.0866559980493853, -6.867984863062615e-05
8.59764854999919, 1.076702360732334, -6.867911577618235e-05
8.597450227429439, 1.0667487093187356, -6.86783358088694e-05
8.597252437559423, 1.056795043613934, -6.867751694528135e-05
8.597055180818943, 1.0468413634621507, -6.867666597576427e-05
8.596858457558954, 1.0368876687397441, -6.867578851332823e-05
8.596662268065257, 1.0269339593496338, -6.867488919759523e-05
8.596466612569781, 1.0169802352166912, -6.867397186238744e-05
8.596271491259914, 1.0070264962839361, -6.867303967694749e-05
8.596076904286273, 0.9970727425093799, -6.86720952602915e-05
8.595882851769012, 0.9871189738634324, -6.867114077685477e-05
8.595689333803172, 0.9771651903267443, -6.867017801565067e-05
8.595496350462987, 0.9672113918884326, -6.866920845499669e-05
8.595303901805524, 0.9572575785446112, -6.86682333169153e-05
8.595111987873638, 0.9473037502971743, -6.86672536109878e-05
8.594920608698457, 0.9373499071527945, -6.866627017182436e-05
8.594729764301393, 0.9273960491220928, -6.86652836889845e-05
8.594539454695859, 0.9174421762189517, -6.866429473262325e-05
8.594349679888618, 0.9074882884599509, -6.86633037735862e-05
8.594160439880962, 0.8975343858638957, -6.866231120122857e-05
8.593971734669664, 0.8875804684514326, -6.866131733734848e-05
8.59378356424772, 0.8776265362447274, -6.866032244740028e-05
8.593595928605085, 0.8676725892672025, -6.865932675148567e-05
8.593408827729109, 0.8577186275433161, -6.865833043095959e-05
8.593222261605046, 0.8477646510983832, -6.865733363603521e-05
8.593036230216422, 0.8378106599584267, -6.865633649044689e-05
8.592850733545278, 0.8278566541500528, -6.865533909683474e-05
8.592665771572504, 0.8179026337003488, -6.865434153990879e-05
8.592481344277983, 0.8079485986368005, -6.86533438896686e-05
8.592297451640775, 0.7979945489872194, -6.865234620373473e-05
8.592114093639275, 0.7880404847796901, -6.865134853006882e-05
8.591931270251335, 0.778086406042517, -6.865035090819482e-05
8.59174898145433, 0.7681323128041897, -6.864935337058675e-05
8.59156722722526, 0.7581782050933473, -6.864835594416752e-05
8.591386007583521, 0.7482240823206545, -6.864823381791396e-05
8.591205322777917, 0.738269949756826, -6.864821780155905e-05
8.59102517276858, 0.728315806851819, -6.864819563356939e-05
8.59084555753756, 0.7183616535151557, -6.864817331170281e-05
8.5906664770629, 0.7084074897692927, -6.864815116153222e-05
8.590487931319869, 0.6984533156429141, -6.864812919693541e-05
8.590309920282959, 0.6884991311650581, -6.864810741769034e-05
8.590132443926393, 0.6785449363647944, -6.864808582351944e-05
8.589955502224255, 0.6685907312711984, -6.864806441436722e-05
8.589779095150481, 0.6586365159133497, -6.864804318978956e-05
8.589603222678933, 0.6486822903203302, -6.864802214967547e-05
8.589427884783385, 0.638728054521222, -6.86480012938584e-05
8.589253081437532, 0.6287738085451084, -6.864798062233834e-05
8.589078812615035, 0.6188195524210713, -6.864796013489327e-05
8.58890507828948, 0.6088652861781917, -6.864793983130113e-05
8.588731878434448, 0.598911009845548, -6.864791971172846e-05
8.58855921302347, 0.5889567234522177, -6.864789977600871e-05
8.58838708203005, 0.5790024270272734, -6.864788002386435e-05
8.588215485427693, 0.5690481205997869, -6.86478604554619e-05
8.588044423189851, 0.5590938041988258, -6.864784107074584e-05
8.587873895289993, 0.5491394778534542, -6.864782186960516e-05
8.58770390170156, 0.5391851415927328, -6.864780285198435e-05
8.587534442397985, 0.5292307954457183, -6.86477840178279e-05
8.587365517352701, 0.5192764394414644, -6.864776536708028e-05
8.587197126539126, 0.5093220736090198, -6.864774689985254e-05
8.58702926993068, 0.4993676979774298, -6.86477286158671e-05
8.586861947500772, 0.48941331257573567, -6.864771051534602e-05
8.586695159222819, 0.4794589174329744, -6.864769259812276e-05
8.586528905070217, 0.4695045125781789, -6.864767486403078e-05
8.586363185016376, 0.45955009804037755, -6.864765731334765e-05
8.586197999034702, 0.4495956738485949, -6.86476399457403e-05
8.586033347098581, 0.4396412400318513, -6.864762276143077e-05
8.585869229181439, 0.42968679661916204, -6.864760576019702e-05
8.585705645256656, 0.4197323436395392, -6.864758894215006e-05
8.585542595297632, 0.40977788112198993, -6.86475723072344e-05
8.585380079277776, 0.3998234090955167, -6.864755585511695e-05
8.585218097170474, 0.3898689275891187, -6.864753958629732e-05
8.585056648949138, 0.37991443663179003, -6.864752350044245e-05
8.58489573458715, 0.36995993625252044, -6.864750759755234e-05
8.58473535405793, 0.3600054264802959, -6.864749187757146e-05
8.584575507334858, 0.3500509073440972, -6.864747634044432e-05
8.58441619439134, 0.3400963788729013, -6.864746098644847e-05
8.584257415200776, 0.3301418410956811, -6.864744581513982e-05
8.58409916973657, 0.32018729404140445, -6.864743082679592e-05
8.583941457972115, 0.31023273773903515, -6.864741602119473e-05
8.58378427988081, 0.30027817221753283, -6.864740139839176e-05
8.58362763543607, 0.2903235975058524, -6.864738695849804e-05
8.583471524611278, 0.28036901363294464, -6.864737270106946e-05
8.583315947379841, 0.2704144206277557, -6.864735862655014e-05
8.583160903715168, 0.260459818519228, -6.86473447346625e-05
8.583006393590658, 0.2505052073362987, -6.864733102546206e-05
8.582852416979717, 0.24055058710790145, -6.864731749883779e-05
8.582698973855738, 0.23059595786296497, -6.864730415484521e-05
8.582546064192146, 0.22064131963041397, -6.864729099342881e-05
8.582393687962327, 0.21068667243916858, -6.864727801453308e-05
8.582241845139691, 0.2007320163181445, -6.864726521821352e-05
8.58209053569765, 0.19077735129625323, -6.864725260424809e-05
8.581939759609599, 0.18082267740240193, -6.864724017280333e-05
8.581789516848957, 0.17086799466549338, -6.864722792393474e-05
8.581639807389125, 0.16091330311442584, -6.864721585736477e-05
8.58149063120351, 0.1509586027780933, -6.864720397320445e-05
8.581341988265526, 0.14100389368538563, -6.864719227150928e-05
8.58119387854859, 0.131049175865188, -6.864718075205722e-05
8.58104630202609, 0.12109444934638133, -6.86471694149593e-05
8.580899258671451, 0.11113971415784231, -6.864715825993795e-05
8.580752748458082, 0.10118497032844315, -6.864714728749277e-05
8.58060677135938, 0.09123021788705166, -6.864713649706866e-05
8.580461327348777, 0.0812754568625314, -6.864712588888766e-05
8.580316416399674, 0.07132068728374154, -6.864711546283875e-05
8.580172038485486, 0.061365909179536854, -6.864710521903294e-05
8.58002819357963, 0.05141112257876781, -6.864709515713718e-05
8.579884881655516, 0.04145632751028061, -6.864708527770658e-05
8.579742102686557, 0.03150152400291683, -6.864707558001948e-05
8.579599856646174, 0.02154671208551406, -6.864706606446447e-05
8.579458143507784, 0.011591891786905294, -6.864705673098603e-05
8.579316963244798, 0.001637063135919173, -6.864704757941764e-05
8.57917631583063, -0.00831777383861992, -6.864703860987031e-05
8.579036201238704, -0.018272619107892015, -6.864702982223303e-05
8.578896619442428, -0.028227472643081432, -6.864702121639477e-05
8.578757570415233, -0.038182334415376856, -6.864701279257757e-05
8.578619054130526, -0.04813720439597133, -6.864700455055939e-05
8.57848107056174, -0.05809208255606226, -6.864699649039574e-05
8.578343619682286, -0.0680469688668515, -6.86469886119756e-05
8.578206701465586, -0.07800186329954499, -6.864698091529897e-05
8.578070315885066, -0.0879567658253531, -6.864697340042136e-05
8.577934462914143, -0.09791167641549092, -6.864696606723175e-05
8.577799142526247, -0.10786659504117732, -6.864695891578565e-05
8.57766435469479, -0.11782152167363587, -6.864695194591652e-05
8.57753009939319, -0.12777645628409426, -6.864694515762437e-05
8.577396376594887, -0.13773139884378466, -6.864693855107573e-05
8.577263186273305, -0.14768634932394356, -6.864693212621509e-05
8.577130528401867, -0.15764130769581192, -6.864692588270938e-05
8.576998402953985, -0.1675962739306348, -6.864691982072513e-05
8.5768668099031, -0.17755124799966165, -6.864691394048439e-05
8.576735749222637, -0.18750622987414675, -6.864690824132103e-05
8.576605220886021, -0.19746121952534776, -6.864690272384566e-05
8.57647522486669, -0.20741621692452752, -6.864689738778074e-05
8.576345761138054, -0.21737122204295276, -6.864689223318177e-05
8.576216829673557, -0.22732623485189463, -6.86468872597712e-05
8.576088430446628, -0.23728125532262895, -6.864688246782658e-05
8.575960563430694, -0.24723628342643544, -6.864687785712587e-05
8.575833228599183, -0.2571913191345981, -6.864687342778009e-05
8.575706425925533, -0.26714636241840606, -6.864686917967822e-05
8.575580155383177, -0.27710141324915166, -6.864686511270923e-05
8.57545441694554, -0.28705647159813225, -6.864686122703967e-05
8.575329210586064, -0.29701153743664943, -6.86468575225585e-05
8.575204536278177, -0.30696661073600917, -6.86468539990992e-05
8.57508039399531, -0.31692169146752147, -6.86468506568838e-05
8.57495678371091, -0.3268767796025013, -6.864684749569028e-05
8.57483370539841, -0.33683187511226703, -6.864684451557412e-05
8.574711159031235, -0.3467869779681423, -6.864684171653535e-05
8.57458914458283, -0.35674208814145425, -6.864683909862945e-05
8.57446766202664, -0.36669720560353514, -6.864683666146787e-05
8.574346711336092, -0.37665233032572065, -6.864683440543917e-05
8.574226292484632, -0.38660746227935194, -6.86468323302103e-05
8.5741064054457, -0.39656260143577327, -6.864683043605879e-05
8.57398705019273, -0.4065177477663342, -6.864682872259609e-05
8.573868226699172, -0.4164729012423881, -6.864682719009974e-05
8.573749934938451, -0.42642806183529286, -6.864682583845871e-05
8.573632174884022, -0.43638322951641045, -6.8646824667562e-05
8.573514946509325, -0.4463384042571075, -6.864682367746511e-05
8.57339824978781, -0.4562935860287549, -6.86468228680015e-05
8.5732820846929, -0.4662487748027275, -6.864682223933771e-05
8.57316645119806, -0.47620397055040475, -6.864682179141823e-05
8.57305134927673, -0.48615917324317054, -6.864682152413204e-05
8.57293677890235, -0.4961143828524133, -6.86468214373126e-05
8.572822740048364, -0.5060695993495251, -6.864682153145951e-05
8.572709232688233, -0.5160248227059028, -6.864682180585113e-05
8.572596256795391, -0.5259800528929471, -6.864682226087604e-05
8.57248381234329, -0.5359352898820635, -6.864682289658974e-05
8.57237189930538, -0.545890533644662, -6.864682371265918e-05
8.572260517655113, -0.555845784152156, -6.864682470925088e-05
8.572149667365938, -0.5658010413759649, -6.86468258861983e-05
8.572039348411295, -0.5757563052875101, -6.8646827243668e-05
8.571929560764646, -0.5857115758582193, -6.86468287813824e-05
8.571820304399445, -0.5956668530595236, -6.864683049961906e-05
8.571711579289136, -0.6056221368628583, -6.864683239810043e-05
8.571603385407176, -0.6155774272396635, -6.864683447699305e-05
8.57149572272702, -0.6255327241613836, -6.864683673613037e-05
8.571388591222114, -0.635488027599467, -6.86468391755124e-05
8.571281990865927, -0.6454433375253663, -6.864684179508362e-05
8.571175921631902, -0.6553986539105384, -6.864684459489956e-05
8.5710703834935, -0.6653539767264458, -6.864684757484918e-05
8.570965376424178, -0.6753093059445531, -6.8646850734988e-05
8.570860900397395, -0.6852646415363313, -6.86468540752605e-05
8.570756955386605, -0.6952199834732541, -6.864685759566669e-05
8.57065354136527, -0.7051753317268006, -6.864686129598452e-05
8.57055065830685, -0.7151306862684532, -6.864686517632501e-05
8.570448306184797, -0.7250860470697003, -6.864686923691021e-05
8.570346484972585, -0.7350414141020326, -6.864687347735154e-05
8.570245194643665, -0.7449967873369463, -6.86468778975935e-05
8.570144435171498, -0.7549521667459415, -6.864688249802464e-05
8.570044206529548, -0.7649075523005229, -6.86468872782009e-05
8.569944508691288, -0.7748629439721992, -6.86468922383443e-05
8.569845341630172, -0.7848183417324838, -6.864689737823282e-05
8.56974670531967, -0.7947737455528935, -6.864690269808849e-05
8.569648599733245, -0.8047291554049507, -6.864690819752273e-05
8.56955102484436, -0.8146845712601813, -6.864691387697963e-05
8.569453980626486, -0.8246399930901156, -6.864691973601511e-05
8.569357467053086, -0.8345954208662881, -6.864692577474019e-05
8.56926148409763, -0.8445508545602379, -6.864693199315486e-05
8.569166031733584, -0.8545062941435084, -6.864693839125913e-05
8.569071109934423, -0.8644617395876465, -6.86469449691085e-05
8.568976718673612, -0.8744171908642044, -6.864695172642543e-05
8.568882857924615, -0.8843726479447387, -6.864695866326542e-05
8.56878952766092, -0.894328110800809, -6.864696577985052e-05
8.568696727855984, -0.904283579403981, -6.864697307584766e-05
8.56860445848329, -0.9142390537258224, -6.864698055136786e-05
8.5685127195163, -0.9241945337379079, -6.864698820630011e-05
8.568421510928493, -0.9341500194118146, -6.864699604064439e-05
8.568330832693343, -0.9441055107191237, -6.864700405451174e-05
8.568240684784318, -0.9540610076314221, -6.86470122476246e-05
8.56815106717491, -0.9640165101203003, -6.8647020620205e-05
8.568061979838575, -0.9739720181573527, -6.864702917203092e-05
8.567973422748807, -0.9839275317141795, -6.864703790326887e-05
8.567885395879081, -0.9938830507623835, -6.864704681369682e-05
8.56779789920287, -1.003838575273571, -6.86470559034813e-05
8.567710932693654, -1.013794105219355, -6.864706517234476e-05
8.567624496324905, -1.0237496405713524, -6.864707462056474e-05
8.567538590070118, -1.0337051813011833, -6.864708424780819e-05
8.567453213902763, -1.043660727380472, -6.864709405429714e-05
8.567368367796334, -1.0536162787808487, -6.864710403986507e-05
8.567284051724304, -1.0635718354739456, -6.864711420451197e-05
8.56720026566016, -1.0735273974314004, -6.864712454812683e-05
8.567117009577382, -1.0834829646248556, -6.864713507082065e-05
8.567034283449452, -1.0934385370259574, -6.864714577259345e-05
8.566952087249865, -1.1033941146063555, -6.86471566532787e-05
8.566870420952098, -1.1133496973377066, -6.864716771287638e-05
8.56678928452964, -1.123305285191668, -6.86471789513865e-05
8.566708677955978, -1.1332608781399032, -6.864719036886457e-05
8.566628601204604, -1.1432164761540804, -6.86472019653106e-05
8.566549054249004, -1.1531720792058722, -6.864721374039151e-05
8.566470037062663, -1.163127687266954, -6.864722569432935e-05
8.56639154961907, -1.1730833003090069, -6.864723782723514e-05
8.566313591891717, -1.1830389183037138, -6.864725013877582e-05
8.5662361638541, -1.1929945412227656, -6.864726262895138e-05
8.566159265479708, -1.2029501690378557, -6.864727529787285e-05
8.566082896742033, -1.2129058017206809, -6.864728814565124e-05
8.56600705761457, -1.2228614392429429, -6.864730117178697e-05
8.565931748070811, -1.232817081576349, -6.86473143766686e-05
8.565856968084251, -1.2427727286926091, -6.86473277601296e-05
8.56578271762838, -1.252728380563437, -6.864734132228101e-05
8.565708996676705, -1.2626840371605534, -6.864735506284525e-05
8.565635805202714, -1.2726396984556803, -6.864736898198887e-05
8.565563143179906, -1.282595364420545, -6.86473830794343e-05
8.56549101058179, -1.2925510350268792, -6.864739735568115e-05
8.56541940738185, -1.30250671024642, -6.864741181017431e-05
8.565348333553596, -1.3124623900509083, -6.864742644296928e-05
8.565277789070521, -1.3224180744120873, -6.864744125412159e-05
8.565207773906126, -1.3323737633017065, -6.864745624368673e-05
8.565138288033923, -1.3423294566915194, -6.864747141166472e-05
8.565069331427399, -1.3522851545532821, -6.86474867578335e-05
8.565000904060069, -1.3622408568587585, -6.864750228235961e-05
8.56493300590543, -1.372196563579712, -6.864751798513202e-05
8.564865636936991, -1.3821522746879145, -6.864753386603972e-05
8.564798797128262, -1.39210799015514, -6.86475499250272e-05
8.564732486452742, -1.4020637099531672, -6.864756616253853e-05
8.564666704883933, -1.41201943405378, -6.864758257774106e-05
8.564601452395355, -1.4219751624287649, -6.864759917135643e-05
8.564536728960501, -1.431930895049913, -6.864761594288504e-05
8.564472534552888, -1.4418866318890209, -6.864763289249343e-05
8.564408869146027, -1.4518423729178884, -6.864765002018158e-05
8.564345732713425, -1.4617981181083193, -6.864766732572747e-05
8.56428312522859, -1.4717538674321224, -6.864768480929762e-05
8.56422104666503, -1.4817096208611122, -6.8647702470781e-05
8.564159496996274, -1.491665378367103, -6.864772031017763e-05
8.564098476195825, -1.5016211399219186, -6.864773832759852e-05
8.5640379842372, -1.5115769054973835, -6.86477565227106e-05
8.563978021093908, -1.5215326750653286, -6.864777489556939e-05
8.563918586739472, -1.5314884485975873, -6.864779344639693e-05
8.563859681147404, -1.5414442260659968, -6.864781217502669e-05
8.563801304291216, -1.5514000074424021, -6.864783108129213e-05
8.563743456144433, -1.561355792698649, -6.864785016530428e-05
8.563686136680564, -1.571311581806589, -6.864786942695211e-05
8.563629345873132, -1.5812673747380772, -6.864788886651318e-05
8.563573083695669, -1.5912231714649732, -6.864790848343238e-05
8.563517350121671, -1.6011789719591418, -6.864792827798727e-05
8.563462145124683, -1.6111347761924504, -6.864794825017784e-05
8.56340746867822, -1.6210905841367713, -6.864796839994858e-05
8.56335332075579, -1.6310463957639811, -6.864798872718847e-05
8.563299701330934, -1.6410022110459621, -6.8648009231842e-05
8.563246610377172, -1.6509580299545985, -6.864802991413121e-05
8.563194047868025, -1.6609138524617792, -6.864805077383407e-05
8.56314201377702, -1.670869678539399, -6.864807181095056e-05
8.563090508077677, -1.6808255081593553, -6.864809302531416e-05
8.563039530743541, -1.6907813412935506, -6.864811441731344e-05
8.56298908174812, -1.7007371779138905, -6.86481359863933e-05
8.562939161064946, -1.7106930179922868, -6.864815773277577e-05
8.562889768667555, -1.7206488615006537, -6.86481796566274e-05
8.562840904529475, -1.7306047084109113, -6.864820175750408e-05
8.56279256862424, -1.7405605586949822, -6.864822403573889e-05
8.562744760925376, -1.7505164123247932, -6.86482464911653e-05
8.562697481406415, -1.7604722692722774, -6.864826912367228e-05
8.562650730040898, -1.7704281295093716, -6.864829193342636e-05
8.562604506802346, -1.7803839930080152, -6.864831492031653e-05
8.562558811664296, -1.7903398597401536, -6.864833808423176e-05
8.562513644600296, -1.8002957296777349, -6.864836142511654e-05
8.56246900558387, -1.810251602792712, -6.86483849430819e-05
8.562424894588558, -1.8202074790570433, -6.864840863823884e-05
8.562381311587897, -1.83016335844269, -6.86484325101433e-05
8.562338256555421, -1.8401192409216174, -6.864845655896179e-05
8.562295729464681, -1.850075126465796, -6.864848078474983e-05
8.562253730289209, -1.8600310150472, -6.864850518761845e-05
8.56221225900255, -1.869986906637808, -6.864852976712355e-05
8.562171315578235, -1.879942801209603, -6.864855452348717e-05
8.56213089998981, -1.8898986987345727, -6.864857945665381e-05
8.562091012210827, -1.8998545991847064, -6.86486045667345e-05
8.56205165221482, -1.9098105025320016, -6.864862985356268e-05
8.562012819975331, -1.9197664087484574, -6.864865531697184e-05
8.561974515465915, -1.9297223178060767, -6.864868095723953e-05
8.561936738660108, -1.939678229676868, -6.86487067741437e-05
8.561899489531463, -1.9496341443328449, -6.864873276751782e-05
8.56186276805353, -1.9595900617460242, -6.864875893769495e-05
8.561826574199848, -1.9695459818884242, -6.864878528428653e-05
8.561790907943973, -1.979501904732071, -6.86488118075701e-05
8.56175576925946, -1.9894578302489967, -6.864883850749015e-05
8.56172115811985, -1.9994137584112335, -6.864886538365811e-05
8.56168707449869, -2.009369689190818, -6.864889243646255e-05
8.561653518369535, -2.0193256225597938, -6.864891966573694e-05
8.56162048970595, -2.0292815584902066, -6.864894707142577e-05
8.561587988481485, -2.039237496954105, -6.864897465347353e-05
8.561556014669678, -2.0491934379235444, -6.864900241176919e-05
8.561524568244097, -2.0591493813705855, -6.864903034664582e-05
8.5614936491783, -2.069105327267291, -6.864905845760383e-05
8.561463257445839, -2.0790612755857265, -6.86490867451428e-05
8.561433393020275, -2.0890172262979667, -6.864911520854111e-05
8.561404055875165, -2.098973179376084, -6.864914384852039e-05
8.561375245984062, -2.108929134792162, -6.864917266447002e-05
8.561346963320526, -2.1188850925182825, -6.864920165666755e-05
8.561319207858126, -2.128841052526534, -6.864923082505747e-05
8.561291979570422, -2.13879701478901, -6.864926016952877e-05
8.561265278430977, -2.1487529792778064, -6.864928969019246e-05
8.561239104413351, -2.1587089459650253, -6.864931938665997e-05
8.561213457491105, -2.1686649148227723, -6.864934925931987e-05
8.56118833763781, -2.178620885823158, -6.864937930811665e-05
8.561163744827027, -2.1885768589382923, -6.864940953277276e-05
8.561139679032317, -2.198532834140297, -6.864943993334371e-05
8.56111614022726, -2.208488811401293, -6.86494705098295e-05
8.56109312838542, -2.218444790693407, -6.864950126228564e-05
8.561070643480349, -2.2284007719887695, -6.86495321906011e-05
8.561048685485643, -2.238356755259514, -6.864956329460936e-05
8.561027254374855, -2.2483127404777825, -6.864959457464348e-05
8.561006350121547, -2.2582687276157167, -6.864962603037039e-05
8.560985972699314, -2.268224716645464, -6.864965766184561e-05
8.56096612208172, -2.278180707539176, -6.864968946912464e-05
8.56094679824233, -2.2881367002690083, -6.864972145215198e-05
8.560928001154734, -2.298092694807124, -6.864975361065007e-05
8.560909730792494, -2.3080486911256815, -6.864978594489646e-05
8.560891987129184, -2.318004689196854, -6.864981845483564e-05
8.560874770138392, -2.3279606889928126, -6.864985114030109e-05
8.560858079793693, -2.3379166904857356, -6.86498840012928e-05
8.560841916068657, -2.347872693647802, -6.864991703792178e-05
8.560826278936872, -2.3578286984511996, -6.864995024996601e-05
8.56081116837191, -2.3677847048681175, -6.86499836375365e-05
8.560796584347358, -2.377740712870749, -6.86500172004667e-05
8.56078252683679, -2.387696722431291, -6.865005093897869e-05
8.560768995813794, -2.3976527335219493, -6.865008485290591e-05
8.56075599125195, -2.4076087461149256, -6.865011894213735e-05
8.560743513124848, -2.417564760182434, -6.8650153206673e-05
8.560731561406062, -2.427520775696688, -6.865018764651287e-05
8.560720136069191, -2.4374767926299064, -6.865022226165696e-05
8.560709237087808, -2.447432810954313, -6.865025705216077e-05
8.560698864435512, -2.4573888306421354, -6.865029201780226e-05
8.560689018085887, -2.4673448516656036, -6.865032715880348e-05
8.560679698012516, -2.4773008739969553, -6.865036247477585e-05
8.560670904188994, -2.4872568976084297, -6.86503979658859e-05
8.560662636588908, -2.4972129224722694, -6.865043363218915e-05
8.560654895185863, -2.5071689485607265, -6.865046947357456e-05
8.560647679953432, -2.51712497584605, -6.865050549009766e-05
8.56064099086522, -2.5270810043004985, -6.865054168153639e-05
8.560634827894814, -2.5370370338963326, -6.865057804816832e-05
8.560629191015813, -2.546993064605819, -6.865061458966037e-05
8.560624080201809, -2.5569490964012243, -6.865065130606807e-05
8.560619495426398, -2.5669051292548244, -6.865068819750242e-05
8.560615436663182, -2.5768611631388967, -6.865072526374139e-05
8.560611903885757, -2.5868171980257224, -6.865076250500701e-05
8.56060889706772, -2.5967732338875873, -6.865079992091072e-05
8.560606416182672, -2.606729270696782, -6.865083751167456e-05
8.560604461204214, -2.6166853084256, -6.865087527746505e-05
8.560603032105949, -2.626641347046345, -6.86509132177271e-05
8.56060212886147, -2.636597386531312, -6.865095133279375e-05
8.560601751444391, -2.646553426852815, -6.865098962260952e-05
8.560601899828306, -2.656509467983162, -6.865102808722989e-05
8.560602573986827, -2.6664655098946706, -6.865106672626631e-05
8.560603773893561, -2.676421552559657, -6.865110554010734e-05
8.5606054995221, -2.6863775959504466, -6.865114452847543e-05
8.560607750846069, -2.696333640039369, -6.865118369137058e-05
8.560610527839069, -2.7062896847987554, -6.865122302879278e-05
8.560613830474713, -2.716245730200943, -6.865126254068654e-05
8.56061765872661, -2.7262017762182706, -6.865130222727389e-05
8.56062201256836, -2.7361578228230825, -6.865134208811075e-05
8.560626891973579, -2.7461138699877305, -6.865138212341915e-05
8.56063229691588, -2.756069917684564, -6.865142233314359e-05
8.560638227368887, -2.766025965885942, -6.86514627174506e-05
8.560644683306197, -2.775982014564229, -6.865150327572955e-05
8.560651664701439, -2.7859380636917868, -6.865154400848006e-05
8.560659171528226, -2.795894113240987, -6.865158491559109e-05
8.560667203760158, -2.8058501631842034, -6.865162599695163e-05
8.56067576137087, -2.8158062134938144, -6.865166725228411e-05
8.560684844333975, -2.825762264142199, -6.865170868225468e-05
8.560694452623087, -2.8357183151017473, -6.865175028614168e-05
8.560704586211841, -2.8456743663448503, -6.86517920643892e-05
8.560715245073842, -2.8556304178439023, -6.865183401638664e-05
8.560726429182717, -2.8655864695712996, -6.86518761427446e-05
8.560738138512097, -2.8755425214994492, -6.865191844324103e-05
8.560750373035596, -2.8854985736007577, -6.865196091754289e-05
8.560763132726843, -2.895454625847634, -6.86520035658722e-05
8.560776417559453, -2.9054106782124984, -6.865204638834e-05
8.560790227507063, -2.9153667306677677, -6.86520893846132e-05
8.560804562543296, -2.925322783185864, -6.865213255502489e-05
8.560819422641778, -2.935278835739221, -6.865217589913097e-05
8.560834807776141, -2.945234888300268, -6.865221941715349e-05
8.560850717920008, -2.9551909408414425, -6.865226310903694e-05
8.560867153047024, -2.9651469933351846, -6.865230697483682e-05
8.560901598144989, -2.9850590980701552, -6.865239522740874e-05
8.560919608063216, -2.9950151502562847, -6.865243961456935e-05
8.560938142859113, -3.004971202284788, -6.865248417525782e-05
8.560957202506314, -3.014927254128125, -6.865252890958518e-05
8.560976786978452, -3.0248833057587614, -6.865257381760692e-05
8.560996896249165, -3.034839357149168, -6.865261889921204e-05
8.561017530292105, -3.0447954082718187, -6.865266415445603e-05
8.561038689080881, -3.054751459099189, -6.865270958322789e-05
8.561060372589159, -3.0647075096037666, -6.865275518558311e-05
8.561082580790561, -3.0746635597580347, -6.865280096141069e-05
8.561105313658734, -3.084619609534484, -6.865284691076612e-05
8.561128571167323, -3.0945756589056095, -6.86528930335939e-05
8.56115235328997, -3.104531707843911, -6.865293932972749e-05
8.561176660000315, -3.1144877563218922, -6.865298579938894e-05
8.561201491272003, -3.124443804312059, -6.86530324423007e-05
8.561226847078688, -3.1343998517869234, -6.865307925862929e-05
8.561252727394013, -3.144355898719, -6.86531262482637e-05
8.561279132191622, -3.1543119450808126, -6.86531734110929e-05
8.561306061445157, -3.1642679908448823, -6.865322074733893e-05
8.561333515128268, -3.1742240359837366, -6.865326825655771e-05
8.561361493214612, -3.184180080469909, -6.865331593919333e-05
8.56138999567784, -3.194136124275933, -6.865336379491271e-05
8.561419022491597, -3.2040921673743537, -6.865341182393792e-05
8.561448573629542, -3.2140482097377143, -6.865346002588035e-05
8.561478649065325, -3.224004251338562, -6.86535084011286e-05
8.5615092487726, -3.2339602921494515, -6.865355694923858e-05
8.561540372725025, -3.243916332142941, -6.865360567048784e-05
8.561572020896246, -3.253872371291592, -6.865365456465433e-05
8.561604193259935, -3.2638284095679655, -6.865370363179357e-05
8.56163688978974, -3.2737844469446338, -6.865375287201658e-05
8.561670110459323, -3.2837404833941726, -6.86538022850458e-05
8.561703855242351, -3.2936965188891576, -6.86538518711588e-05
8.561738124112471, -3.3036525534021726, -6.865390162991147e-05
8.561772917043358, -3.313608586905801, -6.865395156158138e-05
8.56180823400866, -3.323564619372638, -6.8654001666002e-05
8.561844074982046, -3.3335206507752724, -6.865405194328433e-05
8.561880439937182, -3.3434766810863077, -6.865410239326186e-05
8.56191732884773, -3.3534327102783443, -6.86541530160456e-05
8.56195474168736, -3.363388738323987, -6.865420381158005e-05
8.561992678429736, -3.373344765195851, -6.865425477964315e-05
8.562031139048528, -3.3833007908665502, -6.865430592034594e-05
8.56207012351741, -3.3932568153087046, -6.865435723385493e-05
8.562109631810042, -3.403212838494936, -6.865440871978157e-05
8.562149663900094, -3.4131688603978727, -6.865446037818135e-05
8.562190219761248, -3.423124880990146, -6.865451220927632e-05
8.562231299367173, -3.4330809002443936, -6.865456421289995e-05
8.56227290269154, -3.443036918133256, -6.865461638899673e-05
8.562315029708019, -3.452992934629373, -6.865466873745563e-05
8.56235768039029, -3.4629489497053974, -6.865472125833216e-05
8.562400854712035, -3.4729049633339786, -6.865477395157082e-05
8.562444552646928, -3.482860975487777, -6.865482681722712e-05
8.562488774168635, -3.492816986139448, -6.865487985524554e-05
8.562533519250849, -3.5027729952616613, -6.865493306557058e-05
8.56257878786724, -3.512729002827084, -6.865498644798018e-05
8.562624579991494, -3.522685008808388, -6.865504000280742e-05
8.562670895597291, -3.5326410131782535, -6.86550937300523e-05
8.562717734658325, -3.5425970159093594, -6.865514762927072e-05
8.562765097148263, -3.5525530169743926, -6.865520170062922e-05
8.562812983040793, -3.5625090163460427, -6.865525594407229e-05
8.56286139230961, -3.572465013997004, -6.865531035982197e-05
8.56291032492839, -3.5824210098999707, -6.865536494765623e-05
8.562959780870823, -3.592377004027648, -6.865541970746403e-05
8.563009760110598, -3.6023329963527435, -6.865547463918986e-05
8.563060262621406, -3.6122889868479646, -6.865552974305578e-05
8.563111288376934, -3.622244975486027, -6.865558501883973e-05
8.563162837350868, -3.6322009622396485, -6.865564046654171e-05
8.563214909516919, -3.642156947081554, -6.865569608627275e-05
8.56326750484876, -3.6521129299844666, -6.865575187769979e-05
8.563320623320093, -3.6620689109211204, -6.865580784121139e-05
8.56337426490461, -3.6720248898642485, -6.865586397641898e-05
8.563428429576012, -3.6819808667865916, -6.86559202834891e-05
8.56348311730799, -3.6919368416608918, -6.865597676225521e-05
8.563538328074246, -3.701892814459897, -6.865603341277282e-05
8.563594061848475, -3.7118487851563584, -6.865609023509744e-05
8.563650318604378, -3.7218047537230334, -6.865614722900704e-05
8.563707098315657, -3.73176072013268, -6.865620439461262e-05
8.563764400956018, -3.7417166843580594, -6.86562617319697e-05
8.56382222649915, -3.751672646371945, -6.865631924085625e-05
8.563880574918764, -3.761628606147107, -6.865637692132776e-05
8.563939446188568, -3.771584563656321, -6.86564347732177e-05
8.563998840282263, -3.781540518872367, -6.865649279674813e-05
8.564058757173557, -3.7914964717680304, -6.865655099180801e-05
8.564119196836154, -3.8014524223160984, -6.865660935834184e-05
8.564180159243763, -3.8114083704893646, -6.865666789618308e-05
8.56424164437009, -3.8213643162606257, -6.865672660549826e-05
8.564303652188851, -3.8313202596026823, -6.865678548623189e-05
8.564366182673762, -3.84127620048834, -6.865684453838394e-05
8.564429235798523, -3.8512321388904085, -6.86569037617879e-05
8.564492811536851, -3.8611880747816993, -6.865696315644376e-05
8.564556909862466, -3.871144008135031, -6.865702272246255e-05
8.56462153074908, -3.8810999389232244, -6.865708245967772e-05
8.564686674170396, -3.891055867119106, -6.865714236803377e-05
8.564752340100148, -3.9010117926955057, -6.865720244769724e-05
8.564818528512042, -3.9109677156252554, -6.865726269844608e-05
8.5648852393798, -3.9209236358811923, -6.865732312033579e-05
8.564952472677147, -3.9308795534361614, -6.865738371325536e-05
8.565020228377794, -3.9408354682630087, -6.865744447742683e-05
8.565088506455469, -3.9507913803345813, -6.865750541246163e-05
8.565157306883899, -3.9607472896237366, -6.86575665186373e-05
8.565226629636799, -3.9707031961033326, -6.86576277956763e-05
8.565296474687894, -3.98065909974623, -6.865768924368965e-05
8.56536684201092, -3.990615000525294, -6.86577508630104e-05
8.565671516373643, -4.000611181943107, -6.855523975268785e-05
8.56632210842072, -4.010668141536212, -6.938847529264214e-05
8.566983770998617, -4.020743200762865, -7.036875992072478e-05
8.567522780252805, -4.03080275304854, -7.222130726031173e-05
8.567868332782375, -4.0408387138035335, -7.36928875418319e-05
8.568108771231229, -4.0508782532208905, -7.463860811002254e-05
8.56826445271857, -4.060922728034151, -7.32671193816592e-05
8.568315183557935, -4.070964521992193, -7.44465888555812e-05
8.568267028035969, -4.081004591439257, -7.520291170592941e-05
8.568132464981717, -4.091046590796622, -7.358810868224319e-05
8.567892154280399, -4.101083656945736, -7.45716515520023e-05
8.567552319414329, -4.111116807955217, -7.515642138700152e-05
8.56712548684685, -4.12114996113441, -7.340491262158855e-05
8.566592660766265, -4.131175612596344, -7.428174388851572e-05
8.565960114991915, -4.141194868053732, -7.477521502186057e-05
8.565240368484483, -4.151211948884583, -7.295658058520393e-05
8.56441472787832, -4.161218752385147, -7.378166597787894e-05
8.56348945731514, -4.171216495470821, -7.423214742718898e-05
8.562477016667561, -4.181209721202606, -7.238760091460295e-05
8.56135898677492, -4.1911897599076875, -7.319336229161255e-05
8.560141593841202, -4.201157973336912, -7.362864002946612e-05
8.558837232875575, -4.211119257018988, -7.178148330216905e-05
8.557427756069321, -4.221064393603844, -7.258616195471301e-05
8.555919324478424, -4.230994890738355, -7.302180180568385e-05
8.554324247789781, -4.240915998697611, -7.118512451742554e-05
8.55262465599903, -4.250817979370348, -7.199893096671017e-05
8.55082662745728, -4.260702492995475, -7.244358057267863e-05
8.548942371547765, -4.27057514433245, -7.062441429234179e-05
8.546954305469853, -4.280425687317913, -7.145297729205247e-05
8.54486838550389, -4.290256038527138, -7.196003099235737e-05
8.54269681145064, -4.300071744174126, -7.029508168582277e-05
8.540422398162965, -4.309861849378902, -7.128730085703694e-05
8.538051036837855, -4.319628255481225, -7.195745064997316e-05
8.535594781506243, -4.329377141789668, -7.036126166909407e-05
8.53303665377489, -4.339097270588268, -7.14025630952908e-05
8.5303824072904, -4.348790878855371, -7.208899824118209e-05
8.527643915447442, -4.358464608987297, -7.057308419256003e-05
8.524804660240063, -4.3681063145955195, -7.17842621501541e-05
8.521870468573635, -4.377717979870332, -7.266478213835414e-05
8.518853125027396, -4.3873065722510765, -7.126973476673237e-05
8.515736322012604, -4.3968598770087, -7.25089605029261e-05
8.512525554693747, -4.406380514335978, -7.34020724333373e-05
8.509232444281196, -4.415875758997053, -7.202161357355852e-05
8.505841045069731, -4.425332904316052, -7.327393192235743e-05
8.502356714704668, -4.434754739128474, -7.41786697071034e-05
8.498790902026958, -4.444148877679348, -7.28108911750569e-05
8.495128032883947, -4.453502141294178, -7.407444368923155e-05
8.491373322845737, -4.462817483830912, -7.498872070932361e-05
8.487538034111024, -4.47210284862865, -7.363138451454976e-05
8.483606977717443, -4.481344596284777, -7.49040237553733e-05
8.479585224552908, -4.490545843796382, -7.582556888080516e-05
8.47548384164922, -4.499714858841522, -7.447621811113025e-05
8.471288039993016, -4.508837553652975, -7.575554927080619e-05
8.467002742261656, -4.517917202292536, -7.668240537550552e-05
8.462638798546214, -4.526962382008859, -7.533880601212628e-05
8.458181722071277, -4.535958503936349, -7.662523774920604e-05
8.453636200194204, -4.544908965005749, -7.755336270665047e-05
8.449012841005946, -4.553822629988349, -7.621606370861178e-05
8.444297709862777, -4.562684566115919, -7.750518754939817e-05
8.439495440723164, -4.571498364181749, -7.842825302883938e-05
8.434554071739148, -4.580364678980464, -0.0001175913168700582
8.429688116617553, -4.5888913792210655, -0.00017864202901118897
8.424865768829724, -4.597380918421611, -0.00016327316947634118
8.419882869071634, -4.605863922582272, -0.00016779272371070242
8.414797445410267, -4.614301085231234, -0.00016718652870229
8.409623824804957, -4.622689749720365, -0.00016768310247122775
8.404368069217714, -4.631029343998942, -0.00016514690862140524
8.39902757446011, -4.63930864989098, -0.00016646395891012356
8.39360642322567, -4.647532845721657, -0.00016925786742105764
8.388109414749549, -4.655714506477166, -0.0001667263758719506
8.382530006780586, -4.6638346604886385, -0.0001680457605549024
8.376871196289779, -4.671897231324634, -0.0001708586585566496
8.371137473140065, -4.67991493729815, -0.00016833056036225091
8.365322860851967, -4.687868641134867, -0.00016965555275427757
8.359430279391749, -4.695762380178951, -0.00017246985040925145
8.353463882890521, -4.703608988078127, -0.0001699352713631086
8.347418281137594, -4.711389142040609, -0.0001712559203032038
8.341296295476845, -4.71910699494512, -0.0001740611637879863
8.335101717052352, -4.726775485176677, -0.00017151160151096523
8.328829734878475, -4.734375128041666, -0.0001728181685525798
8.322483056981948, -4.741910187226993, -0.00017560368468721999
8.316065120218125, -4.749393680897901, -0.00017303031662718737
8.309571704605565, -4.756805971016782, -0.00017431401867362695
8.303005397320813, -4.764151425258068, -0.00017707107043368753
8.296369262631314, -4.771443137214788, -0.00017446659324121816
8.289659667280587, -4.778661342862961, -0.00017571932614091068
8.282879069727176, -4.785810509761027, -0.00017843963704816668
8.276030155388844, -4.792903791418305, -0.00017579718788163223
8.269109882570225, -4.799921317444272, -0.00017701175202722297
8.262120573073938, -4.806867649217204, -0.00017968779015009595
8.255064529456979, -4.81375598849003, -0.00017700118623165118
8.24793930713996, -4.820566379198626, -0.0001781709983819657
8.240747090595987, -4.827303468592284, -0.00018079601655329736
8.233489792275039, -4.833980495194602, -0.00017806013470650361
8.226165565240116, -4.840577441338017, -0.0001791793459861024
8.218776452143485, -4.847099034751173, -0.00018174751763955221
8.211323974656766, -4.853558538410648, -0.0001789576578614116
8.2038068913616, -4.859935892558723, -0.00018002112555171035
8.196227104072122, -4.866235895441394, -0.00018252751889297203
8.188585740710854, -4.872471822852782, -0.00017967997878615138
8.180882161321447, -4.878623597782137, -0.00018068378179059152
8.173118123237836, -4.884696084520808, -0.0001831242175633907
8.165294360106826, -4.890702562107934, -0.00018021598099859926
8.157410838793517, -4.896622958199622, -0.00018115669814272595
8.149469172237222, -4.902462194732367, -0.0001835282593270482
8.141469700529065, -4.908233542627081, -0.00018055716990195148
8.133412999510053, -4.913916954380741, -0.0001814323684140029
8.125300540669878, -4.919517400248538, -0.0001837330359083511
8.117132265738467, -4.925048134084692, -0.00018069828419453593
8.108909353714571, -4.930489158988053, -0.00018150655845022845
8.100633133317691, -4.935845487940791, -0.0001837352944076831
8.09230314945256, -4.941130346667462, -0.00018063658472006194
8.0839211845115, -4.946323809151442, -0.00018137744110408027
8.075488426221467, -4.951430922759782, -0.00018353433428819343
8.067004022991027, -4.956464875006765, -0.00018037236784057553
8.058470355721573, -4.961405833152042, -0.00018104651001199512
8.04988847150088, -4.96625887203869, -0.0001831327073621991
8.041257123533242, -4.9710371310305606, -0.00017990915440063704
8.032579291067911, -4.975720888189566, -0.00018051790508832877
8.02385588462102, -4.9803152336936, -0.0001825355757987812
8.015085262092626, -4.984833248546015, -0.0001792532364566224
8.006270991449787, -4.989255347312543, -0.000179799457816876
7.99741324680649, -4.993594838063236, -0.0001796037950591023
7.98851343299765, -4.997849085702693, -0.00017923377084211323
7.979570943082136, -5.002019820412428, -0.00017812425403390675
7.970588750675728, -5.006091451152083, -0.00018098495725515917
7.961564495126583, -5.010085742208989, -0.00017881379869166825
7.952501367578791, -5.0139862106364985, -0.00017786979463663144
7.943399714465708, -5.017798192166702, -0.00017668761674721756
7.934262216644867, -5.021511012184808, -0.0001793268962654304
7.92508529790143, -5.0251429523407785, -0.00017668853095736958
7.915873665267718, -5.028680408172583, -0.00017545580201622224
7.906629137626315, -5.032117590003604, -0.000178037309465362
7.897347612645563, -5.035472663483658, -0.00017536050259842062
7.8880361301942825, -5.038728837477139, -0.00017730712755731348
7.878689356320963, -5.041901487848577, -0.00017440668136303739
7.86931452474355, -5.044971544420374, -0.0001763225880628827
7.859906357486589, -5.047956658382742, -0.00017341675917809107
7.850472240486121, -5.050838599565261, -0.00017531035050527555
7.841006497481456, -5.053634948408433, -0.00017238352382226152
7.831516894171457, -5.056327619155351, -0.00017426173138412882
7.821997428414136, -5.058934086779389, -0.00017131874224302068
7.81245619853879, -5.061436416685487, -0.00017318511320885133
7.802886944104078, -5.063852734797084, -0.00017025073806264945
7.793295699190434, -5.066171225169332, -0.00017023835581470026
7.7836812342698725, -5.068395189318525, -0.0001683354041903118
7.774046331748869, -5.070519382191836, -0.00016856037786067146
7.764389724333657, -5.072552552183855, -0.0001680967561339397
7.754713941108924, -5.074489329629872, -0.00016803466589371263
7.745020874750895, -5.076326006838823, -0.00016917798599674905
7.735308428179612, -5.078069324163125, -0.0001687836748575644
7.725543370511159, -5.079186159460378, -0.00016797829100512196
7.715823001272054, -5.080047507835339, -0.00015963307916694314
7.706160786367869, -5.080991984319296, -0.0001621158368393938
7.696510587982541, -5.081842432688719, -0.00016217405279334018
7.686849218653811, -5.082693694894022, -0.00016210290746071498
7.677181025626915, -5.083617289098843, -0.00016078774679928465
7.66751387748062, -5.084454108968688, -0.00015989322845533227
7.657839316511179, -5.085363118115275, -0.00015980221331768352
7.648168783025976, -5.086184307691269, -0.0001586667374989248
7.638502986580067, -5.087088387906702, -0.00015908486894156137
7.628844257829024, -5.087994911033714, -0.00015891877113216601
7.619184656204963, -5.088892593518925, -0.00015866786175261494
7.609524305683897, -5.089781688745065, -0.00015847929229051427
7.599863517067432, -5.090663211291949, -0.00015832335793536378
7.590202384650315, -5.091538147670245, -0.00015819319319904102
7.580540984196468, -5.092407370757672, -0.0001580843596925008
7.570879375949821, -5.093271643806404, -0.0001579930319533518
7.561217606800153, -5.094131633426442, -0.0001579161348563285
7.551555713485058, -5.094987921627641, -0.00015785118493327754
7.541893724900597, -5.095841016461348, -0.00015779616606559355
7.532231663859734, -5.0966913613613425, -0.0001577494351527875
7.522569548445613, -5.0975393433247875, -0.00015770964753597516
7.5129073930530845, -5.098385300070205, -0.0001576756981154781
7.503245209191795, -5.099229526296024, -0.00015764667480061556
7.4935830061068245, -5.100072279149927, -0.0001576218216232106
7.483920791259409, -5.100913783006668, -0.00015760050942109638
7.474258570700225, -5.101754233640483, -0.00015758221247058612
7.464596349360034, -5.102593801868071, -0.0001575664897908169
7.454934131276667, -5.103432636728685, -0.00015755297013264613
7.445271919772845, -5.104270868259799, -0.00015754133987438967
7.435609717595964, -5.105108609919592, -0.00015753133322526924
7.425947527028388, -5.1059459607008995, -0.0001575227242547328
7.416285349974807, -5.1067830069759355, -0.0001575153203866586
7.40662318803171, -5.107619824105912, -0.00015750895705873846
7.396961042542888, -5.108456477845499, -0.00015750349332538383
7.387298914643959, -5.109293025568233, -0.00015749880821291917
7.377636805298258, -5.110129517335669, -0.00015749479769655572
7.367974715325889, -5.110965996830176, -0.00015749137217124787
7.358312645427383, -5.1118025021687945, -0.00015748845433677383
7.348650596203035, -5.112639066613262, -0.00015748597741715997
7.338988568168777, -5.113475719189457, -0.0001574838836568282
7.329326561769298, -5.114312485227869, -0.00015748212305038978
7.319664577388898, -5.115149386835054, -0.00015748065225829055
7.310002615360547, -5.115986443305005, -0.00015747943368960016
7.3003406759734535, -5.116823671478001, -0.0001574784347138647
7.290678759479406, -5.117661086053692, -0.00015747762698631318
7.281016866098142, -5.118498699864226, -0.00015747698587414982
7.271354996021868, -5.119336524112526, -0.00015747648995606545
7.261693149419105, -5.120174568580208, -0.00015747612059746618
7.252031326437958, -5.121012841808892, -0.00015747586158082472
7.242369527208914, -5.121851351258447, -0.00015747569878743484
7.232707751847221, -5.122690103445018, -0.00015747561992174308
7.223046000454942, -5.123529104061449, -0.00015747561427287282
7.213384273122714, -5.124368358082324, -0.0001574756725097326
7.203722569931264, -5.125207869855622, -0.00015747578649932814
7.194060890952721, -5.126047643182679, -0.00015747594915410668
7.184399236251736, -5.126887681387936, -0.0001574761542952885
7.174737605886476, -5.127727987379793, -0.00015747639653429513
7.1650759999094396, -5.128568563703689, -0.00015747667117466113
7.1554144183682284, -5.1294094125884335, -0.0001574769741188864
7.145752861306152, -5.130250535986593, -0.0001574773017947173
7.136091328762798, -5.131091935609755, -0.00015747765108592437
7.126429820774498, -5.131933612959265, -0.00015747801927373795
7.116768337374767, -5.132775569353074, -0.00015747840398766533
7.107106878594652, -5.133617805949121, -0.00015747880315891694
7.097445444463042, -5.134460323765762, -0.00015747921498332484
7.087784035006959, -5.1353031236995905, -0.00015747963788614872
7.0781226502517836, -5.136146206540954, -0.0001574800704937651
7.068461290221485, -5.136989572987542, -0.0001574805116082989
7.05879995493877, -5.1378332236561794, -0.00015748096018358693
7.049138644425279, -5.138677159093177, -0.000157481415307692
7.0394773587016966, -5.139521379783312, -0.00015748187618419562
7.029816097787891, -5.140365886157688, -0.0001574823421191529
7.020154861703011, -5.14121067860058, -0.00015748281250593799
7.000832464093545, -5.142901123030007, -0.0001574837645869076
6.991171302604428, -5.143746775601055, -0.00015748424541728312
6.981510166015304, -5.144592715418161, -0.00015748472895538157
6.971849054342899, -5.14543894270727, -0.0001574852148942818
6.962187967603613, -5.146285457673687, -0.00015748570296653108
6.9525269058135875, -5.147132260504733, -0.00015748619293937116
6.942865868988712, -5.147979351372013, -0.00015748668460813242
6.933204857144677, -5.148826730433442, -0.00015748717779595633
6.923543870296992, -5.14967439783499, -0.0001574876723470786
6.913882908461006, -5.150522353712211, -0.0001574881681263851
6.904221971651938, -5.151370598191568, -0.00015748866501619219
6.8945610598848885, -5.152219131391601, -0.00015748916291297155
6.88490017317485, -5.153067953423931, -0.00015748966172701717
6.875239311536734, -5.153917064394159, -0.00015749016138000282
6.865578474985376, -5.154766464402622, -0.00015749066180359428
6.855917663535545, -5.155616153545078, -0.0001574911629378395
6.846256877201953, -5.156466131913284, -0.00015749166473050247
6.8365961159992645, -5.157316399595513, -0.00015749216713734082
6.826935379942097, -5.158166956676998, -0.00015749267011716528
6.817274669045043, -5.159017803240326, -0.0001574931736363916
6.807613983322664, -5.159868939365772, -0.00015749367766471067
6.79795332278949, -5.1607203651316045, -0.0001574941821755882
6.788292687460037, -5.161572080614333, -0.0001574946871464311
6.778632077348797, -5.162424085888942, -0.00015749519255731093
6.768971492470248, -5.163276381029084, -0.00015749569839035304
6.7593109328388685, -5.1641289661072545, -0.00015749620463084701
6.749650398469115, -5.164981841194941, -0.00015749671126530362
6.73998988937544, -5.165835006362752, -0.00015749721828206553
6.730329405572294, -5.1666884616805335, -0.00015749772567169584
6.72066894707412, -5.167542207217462, -0.00015749823342453562
6.7110085138953615, -5.16839624304214, -0.00015749874153375698
6.701348106050462, -5.1692505692226725, -0.0001574992499926431
6.691687723553858, -5.170105185826722, -0.00015749975879486566
6.68202736642, -5.170960092921578, -0.00015750026793659444
6.672367034663326, -5.171815290574196, -0.00015750077741200075
6.662706728298286, -5.172670778851253, -0.0001575012872181425
6.653046447339328, -5.173526557819181, -0.00015750179735152248
6.643386191800911, -5.174382627544196, -0.00015750230780980923
6.633725961697486, -5.1752389880923335, -0.0001575028185897831
6.624065757043519, -5.176095639529474, -0.0001575033296899453
6.614405577853482, -5.176952581921356, -0.00015750384110785332
6.604745424141838, -5.177809815333605, -0.0001575043528422304
6.595085295923068, -5.17866733983175, -0.00015750486489207738
6.5854251932116545, -5.179525155481235, -0.00015750537725561786
6.575765116022094, -5.180383262347431, -0.0001575058899320747
6.566105064368877, -5.181241660495645, -0.00015750640292078177
6.556445038266507, -5.182100349991141, -0.00015750691622073987
6.546785037729489, -5.182959330899139, -0.00015750742983139387
6.5371250627723425, -5.183818603284817, -0.00015750794375218868
6.527465113409585, -5.184678167213331, -0.00015750845798301327
6.517805189655751, -5.185538022749815, -0.00015750897252325702
6.508145291525371, -5.18639816995938, -0.00015750948737242032
6.498485419032987, -5.187258608907139, -0.0001575100025306142
6.488825572193149, -5.188119339658177, -0.00015751051799733906
6.479165751020417, -5.188980362277584, -0.00015751103377292797
6.469505955529347, -5.189841676830444, -0.0001575115498568258
6.4598461857345155, -5.190703283381832, -0.00015751206624931013
6.450186441650496, -5.191565181996843, -0.00015751258294988135
6.4405267232918755, -5.192427372740559, -0.000157513099958706
6.430867030673248, -5.193289855678074, -0.00015751361727633917
6.4212073638092075, -5.194152630874485, -0.0001575141349018372
6.411547722714363, -5.195015698394903, -0.0001575146528359772
6.401888107403331, -5.195879058304441, -0.00015751517107848167
6.392228517890727, -5.1967427106682225, -0.00015751568962918405
6.382568954191184, -5.197606655551383, -0.000157516208488806
6.372909416319338, -5.198470893019072, -0.0001575167276569589
6.363249904289831, -5.199335423136456, -0.00015751724713403137
6.353590418117317, -5.200200245968692, -0.00015751776691985686
6.343930957816449, -5.201065361580975, -0.00015751828701421333
6.334271523401896, -5.201930770038503, -0.00015751880741854407
6.324612114888334, -5.202796471406488, -0.0001575193281314613
6.314952732290435, -5.203662465750155, -0.00015751984915374218
6.3052933756228935, -5.204528753134747, -0.0001575203704854422
6.2956340449004005, -5.20539533362552, -0.00015752089212667242
6.285974740137663, -5.2062622072877405, -0.0001575214140778769
6.276315461349388, -5.207129374186698, -0.0001575219363387781
6.266656208550294, -5.207996834387697, -0.00015752245890965355
6.256996981755111, -5.2088645879560485, -0.0001575229817905588
6.2473377809785635, -5.209732634957091, -0.0001575235049818824
6.237678606235396, -5.210600975456163, -0.00015752402848356883
6.228019457540359, -5.21146960951864, -0.00015752455229561813
6.218360334908201, -5.2123385372098925, -0.00015752507641858537
6.208701238353688, -5.213207758595324, -0.00015752560085241507
6.19904216789159, -5.214077273740344, -0.00015752612559682966
6.189383123536685, -5.214947082710375, -0.00015752665065293936
6.179724105303762, -5.215817185570868, -0.00015752717601974497
6.1700651132076105, -5.216687582387281, -0.00015752770169841224
6.160406147263031, -5.21755827322509, -0.0001575282276886636
6.150747207484829, -5.218429258149785, -0.00015752875399044353
6.141088293887824, -5.219300537226879, -0.00015752928060430715
6.131429406486834, -5.2201721105218954, -0.00015752980752975487
6.121770545296693, -5.221043978100379, -0.0001575303347678414
6.112111710332242, -5.221916140027888, -0.0001575308623179561
6.102452901608322, -5.2227885963699965, -0.00015753139018048756
6.0927941191397865, -5.223661347192293, -0.00015753191835587987
6.0831353629415, -5.224534392560386, -0.00015753244684424406
6.073456854280943, -5.225603833780139, -0.00015912538003537424
6.063752233886849, -5.2269204250827075, -0.00015918330786796053
6.054017825971215, -5.228233883979482, -0.00015984232948096366
6.044267361702173, -5.229494549874428, -0.00016063147324901772
6.034503773515588, -5.230692350549894, -0.00016134246897719917
6.024728484031438, -5.231821912764613, -0.0001619621865542875
6.014942728934454, -5.232878852077044, -0.0001624832126611575
6.005147585160343, -5.233859361457052, -0.00016290472544355783
5.995313509843891, -5.2341553839573525, -0.00016402321658026686
5.985553755395595, -5.2342666025026645, -0.00015737491166128992
5.975841928093554, -5.2344302487582075, -0.00015670201445761034
5.966149576220679, -5.2345736933653475, -0.00015824313936796397
5.956438346076623, -5.2347028212294795, -0.00015702521307309203
5.946736722208857, -5.234847969839937, -0.0001574104495679074
5.93700217200901, -5.234984313719466, -0.00015710190018042303
5.927171563917018, -5.235316849555788, -0.00015310612745211838
5.917283990193713, -5.235939942792606, -0.00015326964486095385
5.9073793084513735, -5.236557831184105, -0.00015387703657021579
5.897512642145406, -5.237097482786283, -0.00015746834735302917
5.887662965876915, -5.237563249052643, -0.0001600884025982907
5.877828358780174, -5.237952466439338, -0.0001606149699641124
5.867990149422223, -5.238261719345941, -0.00016088605459430028
5.858166568058547, -5.237876959963819, -0.0001622922961905804
5.848428047460857, -5.23731187760574, -0.0001559679425414684
5.838736694944548, -5.23678749548269, -0.00015690297253484475
5.829060496562542, -5.236256714695912, -0.00015724726472671202
5.819366265245111, -5.23570814574738, -0.00015449255111688043
5.8096836334907325, -5.235164990221328, -0.00015672943811567697
5.799961293206504, -5.234615884835228, -0.0001545035030978137
5.790222486288025, -5.233996326664993, -0.00015381354196664088
5.780454745444012, -5.233369534941963, -0.000150869233698947
5.770691802960996, -5.232726283754924, -0.0001516632353299463
5.760929578028749, -5.232072696542752, -0.000153704721046366
5.75116037950596, -5.2314200219391145, -0.00015094806466470212
5.741394527772238, -5.230754867777765, -0.00015167276775529537
5.731629729031895, -5.230082485233125, -0.00015375594193922648
5.72185857235563, -5.2294138025566825, -0.00015101679512319333
5.712091227746889, -5.228735035660177, -0.00015174630666664468
5.702325251281822, -5.228051130768287, -0.00015383032885468717
5.692553131996814, -5.227372752614437, -0.0001510950887378959
5.682784993966646, -5.226685902707578, -0.0001518186265314636
5.673018303426165, -5.225995308381031, -0.00015389656770503635
5.663245553120188, -5.225311445527659, -0.00015115710233393198
5.653476877978817, -5.224620155288816, -0.00015187374361674832
5.6437096964826825, -5.223926022705568, -0.00015394550526182105
5.633936505370493, -5.223239400298917, -0.00015120170091920127
5.624167446905615, -5.222546024433333, -0.0001519126581557284
5.614399906328436, -5.221850389697374, -0.0001539789908355238
5.604626384812608, -5.221162770298548, -0.0001512315777961737
5.594857027225206, -5.220468835479343, -0.00015193801679713737
5.585089201383854, -5.219773020272159, -0.00015400043620666937
5.575315413161545, -5.219085548555993, -0.0001512503257095621
5.565545808013668, -5.218392045330277, -0.00015195342017743085
5.555777742501763, -5.217696907617416, -0.00015401321476127272
5.546003725730134, -5.217010328518125, -0.00015126084058281197
5.53623390348548, -5.216317901513018, -0.0001519618424002389
5.526465625919308, -5.2156239981047205, -0.0001540201225657123
5.516691405132149, -5.214938792334329, -0.00015126625718142606
5.506921386024604, -5.214247856338049, -0.0001519658702517912
5.497152914709697, -5.213555546026436, -0.00015402315504520203
5.4873785059540445, -5.212872023898068, -0.00015126828027683947
5.477608303030073, -5.2121828473127545, -0.00015196698043212775
5.467839649750901, -5.211492362311562, -0.00015402362500410716
5.458065063437944, -5.2108107245873345, -0.00015126806847720609
5.4482946852241545, -5.2101234809893215, -0.00015196617501594956
5.438525857731592, -5.209434971400232, -0.0001540224176396765
5.4287511007532725, -5.208755347779034, -0.00015126639759699412
5.418980552942799, -5.208070149231993, -0.00015196412190909836
5.409211556444338, -5.207383711890514, -0.00015402012024418044
5.399436633463374, -5.206706185971662, -0.00015126378048740952
5.389665919950655, -5.206023104634813, -0.00015196126133038002
5.37989675803249, -5.205338801821286, -0.00015401711880047575
5.370121672286188, -5.20466342729776, -0.00015126055344005795
5.3603507958136944, -5.203982509442751, -0.0001519578814044853
5.35058147102081, -5.203300381020042, -0.00015401366548062345
5.340806224829182, -5.202627192183101, -0.00015125693584722155
5.331035187397198, -5.201948467286919, -0.00015195416987040522
5.321265701602528, -5.201268538574407, -0.00015400992441211292
5.311490296692701, -5.200597557128201, -0.00015125307036789604
5.301719099821348, -5.199921043772042, -0.00015195024870767737
5.291949454462545, -5.199243330653707, -0.00015400600215559335
5.282173892177263, -5.198574570136217, -0.00015124904956809182
5.272402537075096, -5.197900279832315, -0.00015194619702080248
5.2626327333071465, -5.197224792070653, -0.00015400196778436737
5.252857014739387, -5.1965582607217575, -0.0001512449334270527
5.243085502412349, -5.195886200396082, -0.00015194206604557392
5.233315541206322, -5.195212943781963, -0.0001539978660246577
5.223539667286443, -5.1945486464041055, -0.00015124076077066562
5.213767998608441, -5.193878820006999, -0.00015193788894030114
5.203997880815499, -5.193207797754442, -0.0001539937258154822
5.194221852367776, -5.192545736919779, -0.00015123655671533953
5.184450028126487, -5.19187814647089, -0.00015193368714844224
5.174679754519439, -5.1912093601219205, -0.0001539895658694279
5.164903572298794, -5.190549536955449, -0.00015123233750047316
5.155131593225414, -5.189884183221636, -0.00015192947453201988
5.145361164525739, -5.189217633233319, -0.00015398539828170854
5.13558482924158, -5.188560047920953, -0.0001512281136187288
5.125812696030204, -5.187896930856094, -0.00015192526004659257
5.116042112925602, -5.187232616981406, -0.000153981230864908
5.106265625257385, -5.1865772690996, -0.00015122389184868412
5.096493338577577, -5.185916388129905, -0.00015192104947447937
5.086722601733402, -5.185254309664809, -0.00015397706866260297
5.076945962340697, -5.184601198394383, -0.0001512196765642848
5.067173522845685, -5.18394255260353, -0.00015191684654630722
5.0574026329123685, -5.183282708547264, -0.0001539729149287461
5.047625842441439, -5.182631832812173, -0.00015121547058566387
5.037853250773453, -5.181975421061377, -0.000151912653666042
5.028082208391356, -5.181317810220473, -0.0001539687717586613
5.018305267479443, -5.180669168777788, -0.00015121127572897963
5.0085325242731695, -5.180014989783744, -0.0001519084723805575
4.998761330075723, -5.179359610839495, -0.00015396464049916014
4.988984239353817, -5.178713202337814, -0.00015120709315985525
4.979211345238683, -5.1780612547232305, -0.0001519043036811718
4.969439999854443, -5.177408106275445, -0.00015396052201377408
4.9596627599491, -5.176763929292781, -0.00015120292362508225
4.949889715550726, -5.176114211619185, -0.00015190014820309905
4.9401182196046936, -5.175463292214627, -0.00015395641685284067
4.93034083113921, -5.174821345282983, -0.00015119876759983608
4.920567637080373, -5.174173856071986, -0.00015189600634779588
4.910795991194882, -5.173525164222775, -0.00015395232536558057
4.901018454790065, -5.1728854458441065, -0.00015119462538332185
4.891245111691318, -5.172240183591237, -0.00015189187836817108
4.881473316486588, -5.171593717786819, -0.00015394824776948646
4.871695632761254, -5.170956226443374, -0.00015119049716211252
4.8619221412413385, -5.170313189627017, -0.00015188776441976692
4.8521501973358365, -5.169668948341923, -0.0001539441841977851
4.842372366907138, -5.169033682502954, -0.0001511863830491733
4.8325987275832345, -5.168392869590187, -0.00015188366459611968
4.822826635593937, -5.167750851289062, -0.0001539401347295799
4.813048659077573, -5.167117809415211, -0.0001511822831101184
4.803274872565498, -5.166479218865553, -0.0001518795789501315
4.79350263310802, -5.1658394220064405, -0.00015393609940805852
4.783724511118374, -5.165208602552547, -0.00015117819738025284
4.773950578032658, -5.164572232820434, -0.00015187550750822565
4.764178191721374, -5.163934655856888, -0.00015393207825437072
4.7543999248715965, -5.163306057273837, -0.00015117412587378753
4.744625845825592, -5.162671906810203, -0.00015187145028122684
4.734853313273687, -5.162036548192683, -0.00015392807127395658
4.725074902175761, -5.161410168928601, -0.00015117006859372006
4.715300677781665, -5.160778236181921, -0.00015186740726719217
4.7055279996011965, -5.160145094358675, -0.00015392407846370748
4.69574944486598, -5.159520932859705, -0.00015116602553472136
4.685975075734869, -5.158891216276669, -0.00015186337845773945
4.676202252536776, -5.158260289694324, -0.00015392009981390897
4.666423554774013, -5.15763834440514, -0.00015116199668446795
4.6566490415158714, -5.157010842431085, -0.0001518593638409893
4.64687607391, -5.156382129535032, -0.0001539161353103502
4.637097233728348, -5.155762398899162, -0.00015115798202830488
4.627322576952075, -5.155137109978369, -0.0001518553634008435
4.617549465547191, -5.154510609213012, -0.0001539121849367664
4.607770483554231, -5.1538930916730665, -0.0001511539815499674
4.5979956838676515, -5.153270014248944, -0.00015185137711970498
4.588222429271449, -5.152645724057865, -0.00015390824867528297
4.578443306073679, -5.152030418055667, -0.00015114999523047068
4.568668364083544, -5.151409550570887, -0.00015184740497864446
4.558894966902651, -5.150787469396954, -0.0001539043265068596
4.549115703105509, -5.150174373373649, -0.00015114602305016378
4.539340619417513, -5.149555714270214, -0.00015184344695828855
4.529567080257482, -5.148935840555656, -0.00015390041841156776
4.519787676465339, -5.1483249529517625, -0.00015114206498939575
4.5100124516841005, -5.147708500671078, -0.0001518395030380426
4.500238771149431, -5.147090832857534, -0.00015389652436886836
4.490459227965592, -5.146482152113, -0.00015113812102790503
4.4806838626946766, -5.145867905095901, -0.00015183557319742302
4.470910041388807, -5.1452524416244625, -0.0001538926443584998
4.4611303594155185, -5.1446459661786905, -0.00015113419114465287
4.451354854257428, -5.144033922865478, -0.00015183165741572413
4.441580892782728, -5.143420662176701, -0.00015388877835936787
4.431801072621163, -5.142816390468573, -0.0001511302753182675
4.422025428177335, -5.142206549299041, -0.00015182775567268436
4.412251327135121, -5.14159548983297, -0.00015388492635071138
4.402471369385406, -5.140993420300866, -0.0001511263735287094
4.392695586256223, -5.140385779714296, -0.00015182386794593272
4.382921346246752, -5.1397769199104815, -0.00015388108831115854
4.373141251507946, -5.139177050992286, -0.0001511224857539406
4.363365330292727, -5.138571609427482, -0.00015181999421531867
4.353590951915191, -5.137964947724993, -0.00015387726421939307
4.343810720785289, -5.137367277858114, -0.00015111861197308896
4.334034662082301, -5.136764033753394, -0.00015181613445924835
4.324260145934836, -5.136159568590834, -0.00015387345405487585
4.314479779010781, -5.135564096212213, -0.00015111475216528225
4.30470358341722, -5.134963048005441, -0.00015181228865635
4.294928930096904, -5.134360777820935, -0.00015386965779617956
4.28514842797457, -5.133767501367044, -0.0001511109063091487
4.275372096086579, -5.133168647495618, -0.0001518084567858069
4.2655973061894334, -5.132568570726844, -0.00015386587542193242
4.255816669463639, -5.131977488633713, -0.00015110707438298343
4.246040201876301, -5.13138082753458, -0.00015180463882558115
4.236265275997284, -5.130782942618762, -0.00015386210691070712
4.226484505261787, -5.130194053321972, -0.00015110325636547017
4.21670790256913, -5.129599583431638, -0.00015180083475535566
4.206932841302143, -5.1290038888055705, -0.00015385835224113187
4.19715193714964, -5.12841719074026, -0.00015109945223529264
4.187375199944629, -5.1278249104948, -0.000151797044553037
4.177600003882515, -5.1272314045948315, -0.0001538546113920014
4.16781896690465, -5.126646896195721, -0.0001510956619718007
4.1580420957791935, -5.126056804030774, -0.0001517932681974754
4.148266765513737, -5.125465485292834, -0.00015385088434233252
4.138485596301084, -5.124883164994207, -0.00015109188555273434
4.1287085918460225, -5.124295259344994, -0.0001517895056672991
4.118933127967951, -5.123706126204589, -0.0001538471710702538
4.109151827110031, -5.123125992440327, -0.00015108812295699936
4.099374689915162, -5.1225402717416575, -0.00015178575694102525
4.089599093014143, -5.121953322633888, -0.0001538434715545045
4.079817661099414, -5.121375373837449, -0.0001510843741629464
4.070040391753461, -5.120791836523722, -0.00015178202199717106
4.060264662418106, -5.120207069883275, -0.00015383978577387936
4.050483100033969, -5.119631304487724, -0.00015108063914948122
4.040705699124612, -5.119049948992941, -0.0001517783008147533
4.030929837942472, -5.118467363254116, -0.00015383611370639594
4.021148145675273, -5.117893779692119, -0.00015107691789517652
4.011370613789128, -5.11731460444988, -0.00015177459337173405
4.0015946213466975, -5.116734198046571, -0.00015383245533096002
3.991812799781715, -5.116162794750405, -0.00015107321037804988
3.9820351375043352, -5.115585798193931, -0.0001517708996467415
3.9722590143870575, -5.115007569559661, -0.00015382881062653286
3.9624770641085165, -5.114438344961225, -0.00015106951657700707
3.952699272024405, -5.113863525523352, -0.00015176721961868145
3.942923018816656, -5.113287473091254, -0.000153825179570799
3.933140940407723, -5.112720425622068, -0.00015106583647039873
3.92336301910032, -5.11214778173526, -0.0001517635532653494
3.9135866363854244, -5.111573903938101, -0.00015382156214288623
3.90380443042821, -5.11100903202932, -0.00015106217003679756
3.8940263804799047, -5.11043856212568, -0.00015175990056609523
3.8842498688401297, -5.109866857395865, -0.00015381795832097866
3.8744675359156795, -5.109304159478275, -0.0001510585172544987
3.8646893579077957, -5.108735861989541, -0.00015175626149865895
3.854912717924351, -5.108166328759109, -0.00015381436808381554
3.8451302586126586, -5.107605803263149, -0.00015105487810201934
3.835351953125469, -5.107039676620707, -0.00015175263604189082
3.8255751853785105, -5.106472313321349, -0.00015381079140958098
3.8157926002585105, -5.105913958677105, -0.00015105125255798768
3.806014167871227, -5.105350001311988, -0.00015174902417408598
3.7962372729398512, -5.104784806375061, -0.00015380722827690319
3.786454562589418, -5.104228621012277, -0.00015104764060031028
3.776676003880204, -5.103666831355189, -0.00015174542587359507
3.7668989823424504, -5.103103803211698, -0.00015380367866396627
3.7571161473384076, -5.102549785559786, -0.00015104404220794843
3.747337462884359, -5.101990162041086, -0.00015174184111876876
3.7375603153172148, -5.1014292991217065, -0.00015380014254956498
3.7277773562353214, -5.100877447609748, -0.00015104045735875316
3.7179985466124883, -5.100319988659479, -0.00015173826988840178
3.708221273591883, -5.099761289394565, -0.00015379661991182791
3.698438191006847, -5.099211602451321, -0.0001510368860315192
3.6886592567902188, -5.0986563064991985, -0.0001517347121604007
3.6788818588910286, -5.0980997693187895, -0.00015379311072921675
3.669098653376499, -5.097552245372704, -0.00015103332820454174
3.65931959514001, -5.096999110848126, -0.0001517311679133937
3.649542072936053, -5.0964447341819445, -0.00015378961498013766
3.639758745064624, -5.095899371661151, -0.00015102978385606036
3.629979563381152, -5.095348396993224, -0.00015172763712573145
3.6202019174451934, -5.094796179270677, -0.00015378613264288576
3.610418467788401, -5.094252976603009, -0.0001510262529643147
3.6006391632297703, -5.093704160220521, -0.00015172411977548705
3.590861394133522, -5.093154099870736, -0.00015378266369603377
3.581077823261849, -5.092613055483731, -0.00015102273550782197
3.571298396398832, -5.092066395815187, -0.00015172061584134422
3.5615205047129517, -5.091518491266991, -0.00015377920811759926
3.5517368131958245, -5.090979603587901, -0.00015101923146476626
3.5419572645981323, -5.090435099061513, -0.0001517171253012095
3.5321792508922196, -5.089889348743446, -0.00015377576588621045
3.5223954392980104, -5.089352616199225, -0.0001510157408133317
3.5126157695343116, -5.088810265242924, -0.00015171364813393318
3.5028376343769168, -5.088266667583246, -0.00015377233697977388
3.4930537032729436, -5.08773208860059, -0.00015101226353209096
3.48327391291084, -5.0871918896420425, -0.00015171018431731076
3.473495656869458, -5.086650443068741, -0.0001537689213770843
3.4637116068219824, -5.086118016074066, -0.0001510087995992282
3.453931696428031, -5.085579967540652, -0.00015170673382974842
3.444153320069105, -5.085040670481449, -0.00015376551905615932
3.434369151643334, -5.084510393900911, -0.00015100534899276097
3.4245891217830358, -5.083974494219759, -0.00015170329664987436
3.4148106256719535, -5.083437345102119, -0.00015376212999518302
3.4050263394320437, -5.082909217361612, -0.00015100191169103994
3.3952461906698472, -5.082375464959592, -0.00015169987275542862
3.3854675753709476, -5.081840462210718, -0.00015375875417261708
3.3756831718800018, -5.081314481735893, -0.0001509984876726933
3.3659029047793028, -5.0807828750396276, -0.00015169646212476184
3.3561241708558742, -5.080250017086481, -0.0001537553915669787
3.34633965067594, -5.079726182302735, -0.00015099507691557212
3.3365592657990817, -5.079196719738607, -0.00015169306473650224
3.3267804138133563, -5.078666005007908, -0.00015375204215611893
3.316995777505429, -5.078144314340406, -0.0001509916793977495
3.3072152754137036, -5.077616994334553, -0.00015168968056855636
3.2974363059268645, -5.077088421252783, -0.0001537487059183329
3.287651554050887, -5.076568873126457, -0.00015098829509768708
3.2778709353045343, -5.076043694104795, -0.00015168630959899732
3.2680918488767134, -5.075517261098212, -0.00015374538283191574
3.2583069819915775, -5.074999853937762, -0.0001509849239935135
3.2485262471497887, -5.074476814325977, -0.00015168295180628677
3.2387470443400668, -5.073952519820612, -0.00015374207287482955
3.228962063003613, -5.073437252050535, -0.00015098156606346835
3.2191812126245285, -5.072916350274097, -0.00015167960716855333
3.2094018939909366, -5.07239419269577, -0.00015373877602586905
3.1996167987599544, -5.0718810627403315, -0.00015097822128562477
3.18983583340066, -5.0713622972244945, -0.00015167627566403663
3.180056399500181, -5.07084227499881, -0.0001537354922628853
3.170271190930408, -5.070331281282075, -0.00015097488963849992
3.160490111146945, -5.069814650451895, -0.00015167295727069874
3.150710562535509, -5.069296762004256, -0.00015373222156417343
3.140925241181633, -5.0687879029500955, -0.00015097157109955628
3.1311440475289927, -5.068273405230424, -0.00015166965196694582
3.1213643847614834, -5.067757648986035, -0.0001537289639075845
3.1115789511771417, -5.067250923018115, -0.0001509682656476441
3.1017976442092627, -5.066738556833612, -0.000151666359731073
3.092017867839515, -5.0662249312174925, -0.00015372571927191325
3.082232322577296, -5.065720336759299, -0.0001509649732605034
3.07245090284707, -5.065210100534444, -0.00015166308054070932
3.062671013427871, -5.064698603971422, -0.00015372248763473317
3.052885357039315, -5.064196139446252, -0.00015096169391648484
3.0431038250985876, -5.0636880316053325, -0.00015165981437448295
3.0333238231816733, -5.063178662520062, -0.00015371926897445043
3.0235380562172707, -5.062678326351039, -0.00015095842759371703
3.013756412616834, -5.0621723453181735, -0.00015165656121035598
3.003976298752898, -5.061665102135122, -0.00015371606326941567
2.994190421762089, -5.061166892745208, -0.0001509551742699955
2.9844086670516954, -5.060663036944345, -0.000151653321026346
2.9746284417903817, -5.0601579180878336, -0.00015371287049742444
2.964842455321562, -5.0596618338998125, -0.00015095193392378192
2.9550605900499147, -5.059160101754743, -0.0001516500938010812
2.945280253939822, -5.058657105648922, -0.0001537096906369384
2.9354941585403402, -5.058163145085425, -0.00015094870653303838
2.9257121832550905, -5.057663535019781, -0.0001516468795118575
2.915931736843771, -5.0571626600886415, -0.00015370652366603066
2.9061455330599264, -5.05667082157215, -0.00015094549207578245
2.8963634483076857, -5.056173332009408, -0.00015164367813735868
2.886582892141643, -5.055674576676798, -0.00015370336956260777
2.8767965805186897, -5.055184858629647, -0.0001509422905304203
2.8670143868450224, -5.054689487993143, -0.0001516404896557133
2.8572337214697208, -5.05419285068277, -0.00015370022830479835
2.847447302551865, -5.0537052515271546, -0.00015093910187474746
2.8376650005012913, -5.0532119982400925, -0.00015163731404477243
2.8278842264611477, -5.05271747737552, -0.00015369709987095304
2.818097700791555, -5.0522319955335036, -0.0001509359260871146
2.8083152909075455, -5.051740858018945, -0.00015163415128266466
2.7985344087459305, -5.051248452023616, -0.00015369398423914493
2.7887477768667166, -5.050765085917131, -0.0001509327631452062
2.7789652596917054, -5.050276062598012, -0.0001516310013475186
2.7691842699509506, -5.049785769895238, -0.00015369088138744713
2.759397532403188, -5.0493045179461, -0.00015092961302726193
2.74961490847856, -5.048817607245244, -0.00015162786421746288
2.7398338116999508, -5.048329426258215, -0.0001536877912938217
2.730046969023671, -5.047850286888116, -0.0001509264757115769
2.720264238889772, -5.047365487228229, -0.00015162473987057057
2.710483035613553, -5.046879416380031, -0.00015368471393667482
2.7006960883477404, -5.046402388010554, -0.0001509233511760022
2.6909132525438686, -5.0459196978142264, -0.00015162162828474823
2.6811319433092415, -5.045435735527833, -0.000153681649293691
2.6713448919918386, -5.044960816580468, -0.00015092023939849986
2.6615619510562563, -5.044480234270195, -0.00015161852943818
2.651780536401382, -5.043998378968481, -0.00015367859734316536
2.6419933815692898, -5.043525567864606, -0.000150917140357254
2.632210336039213, -5.043047091862787, -0.00015161544330899446
2.62242881650121, -5.042567341968527, -0.00015367555806333755
2.6126415586902856, -5.042096637129439, -0.00015091405403022673
2.602858409101892, -5.041620265858378, -0.00015161236987548676
2.5930767852168373, -5.041142619794263, -0.00015367253143189208
2.5832894249619, -5.040674019641165, -0.00015091098039554662
2.5735061718503256, -5.040199751523085, -0.00015160930911506387
2.5637244441532587, -5.039724207711725, -0.00015366951742751267
2.5539369819880844, -5.039257710665741, -0.00015090791943128679
2.5441536258874273, -5.038785544122779, -0.000151606261006354
2.5343717949123485, -5.038312100986696, -0.00015366651602743975
2.5245842313696727, -5.037847705468876, -0.00015090487111529827
2.5148007728129884, -5.037377638923101, -0.00015160322552698613
2.5050188390928567, -5.036906294884754, -0.00015366352721041254
2.4952311747043776, -5.036443999316081, -0.0001509018354258762
2.4854476142236837, -5.035976031189496, -0.0001516002026551999
2.475665578290423, -5.035506784671274, -0.0001536605509542266
2.4658778135867974, -5.035046587472662, -0.0001508988123410382
2.4560941517130757, -5.0345807161872, -0.00015159719236901292
2.4463120140975696, -5.034113565611436, -0.00015365758723706602
2.436524149608419, -5.033655465203747, -0.00015089580183846873
2.426740386871612, -5.033191689181293, -0.00015159419464655377
2.4169581481037055, -5.032726632970264, -0.00015365463603672636
2.407170184357607, -5.0322706277743094, -0.00015089280389635196
2.3973863212866213, -5.031808945436694, -0.00015159120946572902
2.387603981895128, -5.0313459820126205, -0.00015365169733166928
2.3778159194196276, -5.030892070449155, -0.00015088981849292749
2.368031956542331, -5.030432480218167, -0.00015158823680450073
2.358249517055025, -5.029971608003233, -0.00015364877109974584
2.34846135637663, -5.029519788492985, -0.00015088684560582433
2.338677294219854, -5.029062288790371, -0.00015158527664110855
2.328894755163475, -5.028603506206725, -0.00015364585731875158
2.3191064968076556, -5.028153777170379, -0.00015088388521339313
2.3093223358972, -5.027698366417851, -0.00015158232895345902
2.299539697797452, -5.027241671887608, -0.00015364295596714816
2.2897513422886453, -5.026794031745823, -0.00015088093729342944
2.2799670831492733, -5.02634070836507, -0.00015157939371951423
2.2701843465308253, -5.025886100310317, -0.0001536400670225646
2.260395894392429, -5.025440547483728, -0.00015087800182406186
2.2506115375478712, -5.024989309896415, -0.00015157647091762483
2.2408287029343597, -5.024536786739215, -0.00015363719046340707
2.2310401546887397, -5.02409331964844, -0.00015087507878314144
2.221255700661689, -5.023644166276214, -0.00015157356052519777
2.2114727685757174, -5.023193726438626, -0.00015363432626785967
2.2016841247442094, -5.022752343504268, -0.0001508721681489078
2.1918995740563294, -5.022305272768765, -0.00015157066252091678
2.1821165450194724, -5.021856914672829, -0.00015363147441360692
2.1723278061223734, -5.021417614315483, -0.00015086926989926752
2.1625431592942967, -5.020972624638337, -0.00015156777688235534
2.1527600338270934, -5.02052634670609, -0.00015362863487855538
2.1429712003836694, -5.020089127346358, -0.00015086638401223817
2.133186457934994, -5.019646217149196, -0.00015156490358764207
2.12340323655695, -5.019202017802678, -0.00015362580764083367
2.1136143090854382, -5.018766877861164, -0.00015086351046572632
2.1038294715347323, -5.018326045565624, -0.0001515620426149611
2.094046154764329, -5.01788392322689, -0.00015362299267890345
2.0842571337819336, -5.017450861124194, -0.0001508606492379161
2.0744722016467354, -5.0170121051519265, -0.00015155919394216344
2.0646887900014175, -5.016572058243031, -0.00015362018997050475
2.05489967602431, -5.016141072399792, -0.000150857800306603
2.045114649821128, -5.015704391172461, -0.00015155635754698915
2.0353311438173183, -5.015266418115478, -0.00015361739949348863
2.0255419373606443, -5.01483750695234, -0.0001508549636500267
2.015756817604957, -5.014402898891636, -0.00015155353340823297
2.005973217758045, -5.013966998108676, -0.00015361462122626124
1.996183919335918, -5.013540160046316, -0.0001508521392458162
1.9863987065421767, -5.013107623573948, -0.0001515507215031353
1.976615013366526, -5.012673793487143, -0.00015361185514672915
1.9668256234920334, -5.012249026946262, -0.00015084932707237764
1.9570403181736629, -5.011818560483978, -0.00015154792181021337
1.9472565321826083, -5.01138679951549, -0.00015360910123285443
1.9374670513678078, -5.0109641029168355, -0.00015084652710745106
1.9276816540372042, -5.010535704886428, -0.00015154513430704064
1.9178977757430555, -5.010106011458464, -0.00015360635946265466
1.9081082044989792, -5.009685383222823, -0.00015084373932927608
1.8983227156675124, -5.009259052046115, -0.00015154235897191226
1.8885387455815539, -5.00883142458093, -0.00015360362981431397
1.878749084418206, -5.00841286312914, -0.00015084096371570377
1.8689635045962212, -5.007988597228014, -0.00015153959578317888
1.8591794432287103, -5.007563034147907, -0.00015360091226590544
1.8493896926550704, -5.0071465379008435, -0.00015083820024447414
1.8396040223518875, -5.006724335697241, -0.00015153684471813644
1.8298198702120598, -5.006300835424572, -0.00015359820679522462
1.8200300307360808, -5.0058864028031955, -0.0001508354488942154
1.8102442704599961, -5.005466262719098, -0.00015153410575530213
1.8004600280560623, -5.005044823676288, -0.00015359551338056665
1.790670100184675, -5.004632453101602, -0.00015083270964250106
1.7808842504429587, -5.004214373559079, -0.00015153137887241597
1.7710999182821052, -5.003794994168613, -0.00015359283199983809
1.7613099025212167, -5.003384684061706, -0.00015082998246757073
1.7515239638201203, -5.002968663482881, -0.0001515286640477731
1.7417395424085131, -5.002551342167316, -0.00015359016263122305
1.7319494392630064, -5.002143090949335, -0.00015082726734705343
1.7221634121077574, -5.001729127756419, -0.0001515259612593356
1.71237890195054, -5.001313862938392, -0.00015358750525251708
1.7025887119242773, -5.000907669030577, -0.00015082456425941082
1.6928025968190819, -5.000495761645857, -0.00015152327048512104
1.6830179984203772, -5.000082551748089, -0.0001535848598420153
1.6732277220161973, -4.999678413571759, -0.00015082187318249396
1.6634415194642416, -4.999268560417607, -0.0001515205917029805
1.6536568333271526, -4.998857403862905, -0.00015358222637773533
1.6438664710468756, -4.998455319839469, -0.00015081919409426492
1.634080181550325, -4.998047519338351, -0.00015151792489109805
1.624295408176936, -4.997638414549611, -0.00015357960483763922
1.6145049605213606, -4.997238383100583, -0.0001508165269728523
1.604718584581362, -4.99683263367506, -0.00015151527002771337
1.5949337244727368, -4.996425579075285, -0.00015357699520013313
1.585143191941644, -4.996027598622271, -0.00015081387179605166
1.5753567300583267, -4.995623898695008, -0.0001515126270903444
1.5655717837145138, -4.995218892707295, -0.00015357439744267953
1.5557811668066652, -4.994822961672009, -0.00015081122854221363
1.5459946194791394, -4.994421309665778, -0.00015150999605750837
1.5362095873991684, -4.994018350713345, -0.00015357181154385113
1.5264188866123085, -4.993624467517608, -0.00015080859718902273
1.5166322543386688, -4.993224861855296, -0.0001515073769071673
1.506847137020554, -4.9928239483614565, -0.00015356923748161
1.49705635285141, -4.9924321114272185, -0.00015080597771488513
1.4872696361287339, -4.992034550531819, -0.0001515047696172278
1.4774844340694726, -4.991635680920021, -0.00015356667523380718
1.4676935670137568, -4.991245888669341, -0.0001508033700977074
1.4579067663381073, -4.990850370963987, -0.00015150217416570744
1.4481214800336846, -4.990453543657799, -0.00015356412477873782
1.4383305305860918, -4.990065794512873, -0.0001508007743156181
1.4285436464525179, -4.989672318420808, -0.00015149959053084583
1.4187582763979025, -4.9892775318439195, -0.00015356158609453052
1.4089672450521147, -4.988891824227067, -0.0001507981903462463
1.3991802779546498, -4.988500388171686, -0.0001514970186908826
1.389394824643797, -4.988107640747935, -0.00015355905915909185
1.379603711892481, -4.987723973081615, -0.00015079561816805365
1.3698166623241481, -4.987334575486432, -0.00015149445862339128
1.360031126250003, -4.986943865639786, -0.00015355654395066143
1.3502399325848153, -4.986562236346601, -0.00015079305775916874
1.340452801037624, -4.986174875635286, -0.0001514919103067225
1.3306671826921173, -4.985786201789857, -0.00015355404044725685
1.320875908603699, -4.985406609292554, -0.00015079050909722058
1.3110886955686456, -4.985021283888923, -0.00015148937371894933
1.3013029954426998, -4.9846346444689775, -0.0001535515486270067
1.2915116414206842, -4.984257087190461, -0.00015078797216067086
1.281724347387758, -4.983873795518474, -0.00015148684883803387
1.271938565971284, -4.983489188948433, -0.00015354906846815064
1.2621471325042897, -4.98311366531176, -0.00015078544692737061
1.252359757962469, -4.982732405795547, -0.00015148433564227126
1.2425738957443684, -4.9823498304999845, -0.0001535465999485397
1.232782383320007, -4.981976338928375, -0.0001507829333756705
1.222994928757259, -4.981597109992225, -0.00015148183410956806
1.2132089862254258, -4.981216564395878, -0.00015354414304646902
1.2034173953303005, -4.980845103312722, -0.00015078043148336606
1.1936298612335876, -4.98046790338109, -0.00015147934421810838
1.1838438388749073, -4.980089385908878, -0.00015354169773990067
1.1740521699946114, -4.979719953737727, -0.00015077794122847488
1.1642645568498864, -4.979344781235243, -0.0001514768659459098
1.1544784551502394, -4.978968290312248, -0.00015353926400740736
1.1446867087693595, -4.978600885476842, -0.0001507754625894031
1.1348990170615705, -4.978227738828309, -0.00015147439927148953
1.1251128365058285, -4.977853272879795, -0.0001535368418266181
1.1153210131079452, -4.977487893804052, -0.00015077299554416834
1.1055332433210325, -4.977116771434467, -0.0001514719441722545
1.0957469843930643, -4.976744328885881, -0.000153534431175828
1.0859550844607515, -4.976380973993911, -0.00015077054007078816
1.076167237077653, -4.976011874328447, -0.00015146950062688846
1.0663809002603224, -4.97564145360543, -0.0001535320320332767
1.0565889242751512, -4.97528012132152, -0.00015076809614722464
1.046800999777799, -4.9749130427855475, -0.00015146706861329795
1.037014585552966, -4.9745446423139255, -0.00015352964437714833
1.0272225339955023, -4.974185331062574, -0.00015076566375193945
1.0174345328648262, -4.973820272081659, -0.0001514646481097226
1.007648041713349, -4.973453890287468, -0.00015352726818540496
0.9978559150631563, -4.973096598493364, -0.00015076324286295018
0.9880678377790835, -4.972733557493277, -0.00015146223909406897
0.9782812701808179, -4.9723691928027485, -0.00015352490343656378
0.9684890689164564, -4.972013918890801, -0.0001507608334582189
0.9587009159579135, -4.9716528942975176, -0.00015145984154474323
0.9489142723917143, -4.971290545137093, -0.00015352255010830929
0.939121996990744, -4.9709372875324025, -0.00015075843551598522
0.9293337688356564, -4.970578277772113, -0.00015145745543965194
0.9195470497793792, -4.97021794256845, -0.00015352020817915868
0.9097547007183593, -4.969866699696353, -0.0001507560490144333
0.8999663978436535, -4.96950970319546, -0.0001514550807573678
0.8901796037741536, -4.969151380375428, -0.00015351787762735158
0.880387181528644, -4.968802150661464, -0.00015075367393180272
0.8705988044102458, -4.9684471658465945, -0.00015145271747563083
0.8608119358033813, -4.968090853837291, -0.0001535155584309611
0.8510194408479429, -4.967743635707237, -0.0001507513102460556
0.8412309899607826, -4.967390661005246, -0.0001514503655729582
0.8314440472914137, -4.967036358233992, -0.00015351325056811582
0.8216514800996098, -4.9666911501138475, -0.00015074895793559806
0.811862955917619, -4.966340183951819, -0.0001514480250271455
0.8020759396596087, -4.965987888846172, -0.0001535109540170554
0.7922833007040058, -4.965644689162175, -0.00015074661697817016
0.7824947037001211, -4.965295729967425, -0.00015144569581670986
0.7727076143263382, -4.9649454409551765, -0.0001535086687563525
0.7629149040785064, -4.964604248133809, -0.0001507442873525111
0.7531262347246678, -4.964257294333897, -0.0001514433779197799
0.7433390727069856, -4.9639090098430785, -0.00015350639476380268
0.7335462916374998, -4.963569822311058, -0.00015074196903641646
0.723757550404655, -4.963224872333793, -0.00015144107131453977
0.7139703162139525, -4.962878590792687, -0.00015350413201770108
0.7041774647923938, -4.962541406976979, -0.00015073966200829236
0.6943886521504944, -4.962198459250409, -0.00015143877597917355
0.6846013462566579, -4.961854179087544, -0.00015350188049639835
0.6748084249516142, -4.961518997415376, -0.00015073736624632295
0.6650195413696222, -4.961178050367807, -0.00015143649189192088
0.6552321642415463, -4.960835770011969, -0.00015349964017830064
0.6454391735206126, -4.960502588910821, -0.00015073508172847028
0.6356502194664957, -4.960163640970825, -0.00015143421903096588
0.6258627715720839, -4.959823358851058, -0.00015349741104137005
0.6160697119018641, -4.959492176748676, -0.0001507328084335846
0.6062806878426001, -4.959155226345083, -0.00015143195737477022
0.5964931696487654, -4.958816940890702, -0.00015349519306406822
0.5867000414948728, -4.958487756215096, -0.00015073054633918392
0.5769109478964507, -4.958152801777001, -0.00015142970690129598
0.5671233598691164, -4.957816511417581, -0.0001534929862245793
0.5573301636961739, -4.957489322597033, -0.00015072829542389643
0.5475410010235932, -4.957156362553815, -0.00015142746758906034
0.537753343627695, -4.956822065719211, -0.00015349079050142045
0.5279600798993381, -4.956496871182282, -0.00015072605566601727
0.5181708486166099, -4.9561659039635835, -0.00015142523941624741
0.5083831223160958, -4.955833599083929, -0.00015348860587255375
0.498589791494971, -4.955510397259455, -0.00015072382704356402
0.4888004920651195, -4.955181421295206, -0.00015142302236104133
0.4790126973229505, -4.954851106800919, -0.0001534864323165519
0.46921929987071853, -4.954529896118028, -0.00015072160953505387
0.4594299327557823, -4.954202909838442, -0.00015142081640184823
0.4496420700339343, -4.953874584160221, -0.00015348426981159902
0.4398486064112691, -4.953555363048327, -0.00015071940311855991
0.43005917207230115, -4.95323036488392, -0.00015141862151690777
0.4202712418317648, -4.952904026452755, -0.00015348211833604575
0.4104777124983559, -4.952586793341577, -0.00015071720777265485
0.4006882113954253, -4.952263781723141, -0.00015141643768445956
0.3909002140962084, -4.951939428970329, -0.00015347997786840928
0.381106619510761, -4.951624182289867, -0.00015071502347546728
0.37131705210295335, -4.951303155648513, -0.0001514142648831318
0.3615289882040804, -4.950980787005643, -0.00015347784838681822
0.35173532882431663, -4.950667525186214, -0.00015071285020518133
0.34194569556973503, -4.95034848195334, -0.00015141210309083108
0.33215756552924863, -4.950028095852311, -0.0001534757298695677
0.3223638418119088, -4.949716817324531, -0.00015071068794036968
0.3125741431676753, -4.949399755931857, -0.0001514099522861856
0.30278594744263737, -4.949081350804875, -0.00015347362229534145
0.29299215984348065, -4.948772053999681, -0.00015070853665921646
0.283202396265737, -4.948456972879227, -0.00015140781244737944
0.27341413531222925, -4.948140547158809, -0.0001534715256424346
0.26362028428603446, -4.947833230507448, -0.00015070639634007232
0.2538304562299429, -4.94752012809157, -0.00015140568355315187
0.24404213050306883, -4.947205680210556, -0.00015346943988903128
0.23424821650363561, -4.946900342144598, -0.00015070426696145445
0.22445832442337962, -4.946589216865957, -0.00015140356558146495
0.21466993437726387, -4.946276745257511, -0.00015346736501364866
0.20487595785741347, -4.945973384208851, -0.00015070214850149144
0.19508600220619923, -4.945664234500441, -0.00015140145851078035
0.18529754829399037, -4.945353737598051, -0.0001534653009946929
0.1755035097055669, -4.945052351998917, -0.0001507000409388115
0.165713490935624, -4.944745176294064, -0.00015139936231955975
0.15592497360949348, -4.944436652531548, -0.00015346324781073672
0.14613087340336536, -4.9441372408144995, -0.00015069794425159877
0.13634079196594817, -4.943832037546859, -0.0001513972769861538
0.12655221167709324, -4.943525485358379, -0.00015346120544001973
0.11675805030315284, -4.943228045956316, -0.0001506958584183149
0.10696790664854072, -4.942924813559887, -0.0001513952024891907
0.09717926384718448, -4.942620231379938, -0.00015345917386122565
0.08738504175435016, -4.942324762726097, -0.0001506937834175326
0.07759483633184916, -4.942023499635216, -0.00015139313880685457
0.06780613146724122, -4.9417208858986355, -0.0001534571530525386
0.058011849103458, -4.941427386426608, -0.00015069171922749147
0.0482215823614016, -4.941128091075964, -0.00015139108591755157
0.0384328158818197, -4.94082744421795, -0.00015345514299247576
0.028638473694060453, -4.94053591236167, -0.0001506896658265977
0.018848146079810422, -4.9402385831863045, -0.00015138904380013196
0.009059318432561492, -4.9399399016423935, -0.00015345314365983187
-0.0007350831331723511, -4.93965033583616, -0.00015068762319359053
-0.010525471173224615, -4.939354971271469, -0.0001513870124325023
-0.020314359541804137, -4.939058253477563, -0.00015345115503279105
-0.030108820040481384, -4.938770652156035, -0.00015068559130654302
-0.03989926806091427, -4.938477250637774, -0.00015138499179362386
-0.04968821670545691, -4.938182495030139, -0.00015344917709003703
-0.05948273569301562, -4.937896856628325, -0.0001506835701441389
-0.06927324324937598, -4.937605416592622, -0.00015138298186173627
-0.07906225172548216, -4.937312621607877, -0.00015344720980986493
-0.08885682875882883, -4.93702894456117, -0.0001506815596850064
-0.09864739540763122, -4.936739464444512, -0.00015138098261563426
-0.10843646327186864, -4.936448628519661, -0.00015344525317118052
-0.11823109790887677, -4.936166911263814, -0.0001506795599072741
-0.12802172320760216, -4.935879389503062, -0.0001513789940332244
-0.13781085001750443, -4.935590511075475, -0.00015344330715222343
-0.14760554181701385, -4.93531075204663, -0.00015067757078979227
-0.1573962253241087, -4.935025187079025, -0.00015137701609363452
-0.1671854106381747, -4.934738264586454, -0.0001534413717317329
-0.1769801591599907, -4.9344604622211214, -0.00015067559231096705
-0.18677090043486616, -4.934176852484289, -0.00015137504877515973
-0.19656014381255837, -4.933891884364864, -0.00015343944688800404
-0.20635494861744993, -4.93361603709995, -0.00015067362444931565
-0.2161457472204803, -4.933334381031895, -0.00015137309205648375
-0.22593504822222477, -4.933051365724129, -0.00015343753259999815
-0.23572990887192447, -4.932777471996924, -0.00015067166718341074
-0.2455207643644468, -4.9324977680360425, -0.00015137114591606826
-0.2553101225516307, -4.93221670397885, -0.0001534356288461769
-0.2651050386088329, -4.931944762227035, -0.00015066972049182503
-0.27489595055314564, -4.931667008812118, -0.00015136921033243045
-0.2846853654881179, -4.931387894444801, -0.00015343373560500195
-0.2944803365164785, -4.931117903106457, -0.0001506677843530202
-0.30427130447584033, -4.930842098676695, -0.00015136728528430954
-0.3140607757219092, -4.930564932438956, -0.00015343185285532357
-0.32385580128604363, -4.930296889952563, -0.00015066585874579097
-0.3336468248246726, -4.930023032947547, -0.00015136537075022272
-0.3434363519461059, -4.929747813279494, -0.00015342998057571444
-0.35323143161158876, -4.929481718083939, -0.00015066394364882107
-0.3630225102946615, -4.929209806943658, -0.00015136346670902023
-0.37281209285668404, -4.928936532285796, -0.00015342811874480278
-0.38260722619004767, -4.928672382820375, -0.00015066203904035014
-0.392398359583698, -4.928402415985238, -0.0001513615731388862
-0.402187997152492, -4.928131084778501, -0.0001534262673412723
-0.41198318372122616, -4.927868879482923, -0.0001506601448992284
-0.42177437139254365, -4.927600855393751, -0.00015135969001889293
-0.4315640635352465, -4.927331466079469, -0.00015342442634364017
-0.4413593029077963, -4.92707120339386, -0.00015065826120419512
-0.4511505444248257, -4.92680512049189, -0.0001513578173275021
-0.46094029070952963, -4.926537671511821, -0.0001534225957308677
-0.47073558245529545, -4.9262793498767286, -0.00015065638793387848
-0.48052687738703675, -4.926015206603623, -0.0001513559550434529
-0.4903166773827877, -4.925749696399945, -0.0001534207754818051
-0.5001120210721232, -4.925493314256345, -0.00015065452506685117
-0.5099033689885277, -4.925231109054182, -0.00015135410314548459
-0.5196932222653242, -4.924967536069497, -0.00015341896557474755
-0.5294886174695359, -4.92471309185879, -0.00015065267258174142
-0.5392800179415087, -4.924452823170084, -0.00015135226161222537
-0.5490699240703005, -4.924191185847438, -0.00015341716598854527
-0.5588653703616462, -4.92393867801146, -0.00015065083045734395
-0.5686568229610415, -4.923680344279162, -0.00015135043042241447
-0.5784467815137294, -4.923420641062021, -0.00015341537670215954
-0.5882422784654181, -4.923170068043044, -0.00015064899867250903
-0.5980337827650412, -4.922913667710545, -0.00015134860955490215
-0.607823793314475, -4.922655897042819, -0.0001534135976943296
-0.6176193405006642, -4.922407257283551, -0.00015064717720597587
-0.6274108960742686, -4.922152788794671, -0.0001513467989882611
-0.6372009581942462, -4.921896949120715, -0.00015341182894357264
-0.6469965551900426, -4.921650241064319, -0.00015064536603620615
-0.6567881616123299, -4.921397702863331, -0.00015134499870134155
-0.6665782748775962, -4.921143792627939, -0.00015341007042912747
-0.6763739212590536, -4.920899014718024, -0.00015064356514216115
-0.6861655781056718, -4.920648405249655, -0.00015134320867293827
-0.695955742091918, -4.920396422898077, -0.00015340832212945577
-0.7057514374360359, -4.920153573578698, -0.00015064177450274663
-0.7155431442835783, -4.9199048912881205, -0.00015134142888206803
-0.7253333585674414, -4.919654835266063, -0.00015340658402357432
-0.7351291024521648, -4.919413912981738, -0.00015063999409653528
-0.7449208588781696, -4.919167156314578, -0.0001513396593070815
-0.7547111230372292, -4.918919025068199, -0.00015340485609022236
-0.7645069150414474, -4.918680028263901, -0.00015063822390237736
-0.7742987206243954, -4.918435195666259, -0.00015133789992716196
-0.7840890342371752, -4.918188987642178, -0.00015340313830836116
-0.7938848739407197, -4.917951914763352, -0.00015063646389940066
-0.8036767282600354, -4.917709004681779, -0.00015133615072104867
-0.8134670909060004, -4.917464718327087, -0.00015340143065678546
-0.8232629778896452, -4.917229567819637, -0.00015063471406590034
-0.8330548805256932, -4.916988578701162, -0.00015133441166764738
-0.8428452917852493, -4.916746212463412, -0.00015339973311445654
-0.852641225630709, -4.916512982773722, -0.00015063297438133727
-0.8624331761647941, -4.916273913065838, -0.00015133268274575284
-0.8722236356192861, -4.916033465393062, -0.00015339804566016912
-0.8820196159092147, -4.9158021549679844, -0.00015063124482417312
-0.8918116139235808, -4.915565003118672, -0.0001513309639342708
-0.9016021211552926, -4.915326472459375, -0.00015339636827310654
-0.9113981474732828, -4.91509707974624, -0.00015062952537336916
-0.9211901925511112, -4.914861844203949, -0.00015132925521227358
-0.9309807471432643, -4.914625229007117, -0.00015339470093206353
-0.9407768190738465, -4.914397752453745, -0.00015062781600783115
-0.9505689107992559, -4.914164431667411, -0.0001513275565585559
-0.9603595123360065, -4.913929730382515, -0.00015339304361583483
-0.9701556294646461, -4.913704168437207, -0.00015062611670674242
-0.9799477674226905, -4.9134727608562505, -0.000151325867951968
-0.9897384154891322, -4.9132399719332565, -0.0001533913963037148
-0.9995345774022314, -4.9130163230448085, -0.00015062442744867566
-1.0093267611789005, -4.91278682711914, -0.00015132418937174874
-1.0191174553610607, -4.912555949008486, -0.00015338975897444262
-1.0289136616459549, -4.9123342116261846, -0.0001506227482128697
-1.0387058908281694, -4.912106625806217, -0.0001513225207965263
-1.0484966307130068, -4.911877656958859, -0.00015338813160720166
-1.0582928809579655, -4.911657829532486, -0.00015062107897817478
-1.0680851551335802, -4.911432152269128, -0.00015132086220559504
-1.0778759403089868, -4.911205091136503, -0.00015338651418095317
-1.0876722341032101, -4.9109871721163465, -0.0001506194197235522
-1.0974645528610125, -4.9107634018610025, -0.0001513192135778607
-1.1072553829158107, -4.910538246895054, -0.00015338490667465843
-1.1170517198494287, -4.910322234731905, -0.00015061777042812974
-1.1268440827791337, -4.910100369936485, -0.0001513175748922846
-1.1366349573030747, -4.909877119589673, -0.00015338330906755626
-1.1464313369671497, -4.909663012734834, -0.00015061613107081318
-1.1562237436594007, -4.909443051851762, -0.00015131594612793897
-1.1660146622431646, -4.909221704577048, -0.00015338172133855243
-1.1758110842296845, -4.909009501482325, -0.0001506145016306748
-1.1856035342760562, -4.908791442964536, -0.00015131432726400718
-1.1953944965112506, -4.908571997215391, -0.00015338014346688578
-1.205190960413133, -4.908361696333118, -0.00015061288208684243
-1.2149834534061237, -4.908145538634056, -0.00015131271827939496
-1.2247744588852834, -4.9079279928644794, -0.0001533785754316841
-1.2345709642963698, -4.907719592647494, -0.00015061127241838834
-1.244363499829403, -4.907505334221133, -0.00015131111915328566
-1.2541545481459866, -4.907289686885635, -0.00015337701721201968
-1.2639510946610468, -4.907083185787306, -0.00015060967260438485
-1.2737436723284732, -4.90687082508814, -0.00015130952986491808
-1.2835347630768625, -4.906657074641754, -0.00015337546878696484
-1.2933313502915877, -4.906452471115979, -0.00015060808262384873
-1.3031239696886798, -4.906242006599025, -0.0001513079503931425
-1.3129151024641814, -4.906030151497317, -0.00015337393013570289
-1.3227117299751843, -4.9058274439985246, -0.00015060650245607432
-1.3325043906981364, -4.905618874119332, -0.00015130638071741975
-1.3422955650969772, -4.905408912818403, -0.00015337240123752816
-1.352092232501796, -4.905208099801546, -0.00015060493208013392
-1.3618849341477244, -4.905001423016197, -0.00015130482081671115
-1.371676149767053, -4.904793353972668, -0.00015337088207156846
-1.3814728566641432, -4.904594433893249, -0.00015060337147521086
-1.391265598831083, -4.904389648658365, -0.0001513032706702555
-1.401056855268966, -4.904183470329404, -0.00015336937261706263
-1.4108536012577044, -4.903986441643452, -0.00015060182062048844
-1.4206463835446101, -4.903783546416198, -0.00015130173025718063
-1.4304376804000332, -4.903579257259516, -0.0001533678728532495
-1.4402344650807128, -4.903384118423613, -0.00015060027949498345
-1.450027287087456, -4.9031831116616855, -0.00015130019955678087
-1.459818623960322, -4.9029807101355365, -0.00015336638275975645
-1.4696154469341551, -4.902787459606806, -0.00015059874807826779
-1.4794083082615248, -4.902588339768462, -0.00015129867854846157
-1.4891996847526516, -4.902387824331648, -0.0001533649023151562
-1.4989965456217644, -4.902196460567771, -0.00015059722634935824
-1.5087894458714637, -4.901999226111813, -0.00015129716721118402
-1.518580861582585, -4.901800595223692, -0.00015336343149913167
-1.5283777599500188, -4.901611116682895, -0.00015059571428754914
-1.5381706987246653, -4.901415766068681, -0.0001512956655244091
-1.5479621532584273, -4.901219018189157, -0.0001533619702909217
-1.5577590887281376, -4.901031423330229, -0.00015059421187230138
-1.5675520656312627, -4.900837955017672, -0.00015129417346737561
-1.577343558591226, -4.900643088607214, -0.0001533605186699316
-1.5871405307680815, -4.900457375889505, -0.0001505927190825762
-1.5969335454041258, -4.900265788339082, -0.00015129269101954446
-1.6067250763947607, -4.900072801858721, -0.00015335907661545578
-1.6165220848845394, -4.899888969742145, -0.000150591235897779
-1.626315136858857, -4.899699261414899, -0.00015129121816004343
-1.6361067054855445, -4.899508153326227, -0.00015335764410701058
-1.6459037498949347, -4.899326200271263, -0.00015058976229753718
-1.6556968388137885, -4.899138369628805, -0.0001512897548683334
-1.6654884446828173, -4.898949138393983, -0.0001533562211236128
-1.6752855246194178, -4.8987690628616845, -0.00015058829826092301
-1.685078650089978, -4.898583108366191, -0.0001512883011235977
-1.6948702928085464, -4.898395752447959, -0.0001533548076452229
-1.7046674078808624, -4.898217552899949, -0.0001505868437674529
-1.7144605695112063, -4.898033473014175, -0.00015128685690568577
-1.7242522486874197, -4.897847990875841, -0.0001533534036508577
-1.734049398504863, -4.897671665774324, -0.00015058539879636568
-1.743842595903975, -4.897489458961597, -0.0001512854221935589
-1.7536343111468415, -4.897305849067052, -0.00015335200911992253
-1.7634314953197294, -4.897131396874813, -0.00015058396332717772
-1.7732247280974978, -4.896951061599047, -0.00015128399696673345
-1.7830164790169303, -4.896769322412759, -0.00015335062403215582
-1.7928136971564848, -4.896596741593164, -0.00015058253733918336
-1.8026069649237015, -4.896418276318864, -0.00015128258120494786
-1.8123987511305188, -4.896238406305885, -0.00015334924836696295
-1.8221960028488637, -4.896067695322889, -0.00015058112081206554
-1.8319893052172238, -4.895891098515135, -0.00015128117488721893
-1.841781126323145, -4.8957130961411135, -0.00015334788210374928
-1.8515784112333065, -4.895544253459264, -0.0001505797137252296
-1.8613717478154053, -4.8953695235837325, -0.00015127977799334058
-1.8711636034330488, -4.895193387314898, -0.00015334652522203118
-1.880960921148954, -4.8950264113993365, -0.00015057831605791439
-1.8907542915582864, -4.894853546922296, -0.00015127839050288472
-1.9103435314376476, -4.894514164541943, -0.00015057692778991383
-1.920136935288609, -4.8943431639302615, -0.0001512770123952567
-1.9299288587711545, -4.894170755272898, -0.0001533438395217579
-1.9397262409439244, -4.894007508287718, -0.0001505755489006333
-1.9495196778518074, -4.893838370008864, -0.0001512756436498619
-1.9593116346893262, -4.89366782285898, -0.00015334251066206894
-1.969109048515013, -4.893506438039102, -0.0001505741793697557
-1.9789025180960054, -4.893339160561146, -0.00015127428424643874
-1.9886945079047118, -4.893170473387377, -0.00015334119110221867
-1.998491953000832, -4.893010949200342, -0.00015057281917674192
-2.0082854548720195, -4.892845530991964, -0.0001512729341644481
-2.0180774772690158, -4.892678702263543, -0.0001533398808219455
-2.027874953253981, -4.892521037177513, -0.0001505714683013304
-2.037668487033339, -4.8923574767079945, -0.00015127159338379492
-2.047460541636627, -4.892192504894782, -0.00015333857980093235
-2.0572580481297447, -4.892036697378525, -0.0001505701267225379
-2.067051613436145, -4.891874993117772, -0.0001512702618838846
-2.0768436998646136, -4.891711876690225, -0.00015333728801852908
-2.08664123648608, -4.891557925213129, -0.00015056879442071347
-2.096434832939287, -4.891398075631657, -0.0001512689396443445
-2.1062269508127205, -4.891236813060862, -0.00015333600545469617
-2.1160245171836243, -4.89108471609293, -0.0001505674713752625
-2.1258181444042905, -4.890926719661877, -0.00015126762664474658
-2.135610293343363, -4.890767309419537, -0.000153334732089061
-2.145407889085684, -4.8906170654313925, -0.00015056615756564584
-2.1552015466953502, -4.890460920622518, -0.00015126632286516228
-2.1650595623777438, -4.890554739865372, -0.00015153393237149482
-2.1749490074696034, -4.8909481534616726, -0.00015179739195197994
-2.1848551568904475, -4.891347514925786, -0.00015218801222066647
-2.1947701204967025, -4.891698128306413, -0.0001526379072621098
-2.204691408970862, -4.891988995536424, -0.00015310365283954797
-2.2145342154469483, -4.891687153715245, -0.0001585387305334529
-2.2243384493265697, -4.891343831688819, -0.0001575019190305782
-2.2341634677565785, -4.891382152715328, -0.00015866016151167006
-2.2440025751930173, -4.8914124106179155, -0.00015892007287898746
-2.253844506064958, -4.891373734317576, -0.00015927779063351633
-2.2636861363143237, -4.891257033536603, -0.0001595745553176764
-2.273526305260664, -4.891058697258122, -0.00015981454346725155
-2.283377711910305, -4.890740907092741, -0.00015583919652290001
-2.293222991326532, -4.890282950229244, -0.00015466457753104956
-2.303076780147113, -4.889723630129766, -0.00015492250324761203
-2.312924483288255, -4.889074869509885, -0.0001534898451143185
-2.322763760297108, -4.88833346614275, -0.00015348989519381462
-2.3325940775912373, -4.887498762368114, -0.00015349732830260976
-2.3422872432583253, -4.886090662892637, -0.0001613298063941615
-2.351915237392718, -4.884428466188557, -0.00015016938507123045
-2.361634934731081, -4.883086834465781, -0.000155571325164916
-2.3714582514503646, -4.88204124409774, -0.00015795651101063735
-2.3812762721826037, -4.880955963184512, -0.00015765116435639825
-2.3910624104754397, -4.879761557319955, -0.00015471054977811427
-2.400823419406176, -4.878428883403846, -0.00015364200480605383
-2.410584473433085, -4.876994097430901, -0.0001539379822498299
-2.420331616758906, -4.875470628995411, -0.00015260144374751317
-2.4300620616645734, -4.873855843589022, -0.0001527161233735863
-2.4397751443507514, -4.872149055056855, -0.00015284835221246462
-2.4494693727762837, -4.870349730396629, -0.00015314887770528918
-2.4591413836287126, -4.868455945346518, -0.00015426899899939617
-2.4687933795444845, -4.866469183850373, -0.00015601489322286666
-2.478428316512963, -4.864392352597839, -0.00015616430133225112
-2.488041292188496, -4.862221858227895, -0.00015637936520107587
-2.497630557596685, -4.859957448198926, -0.0001568231376706808
-2.5071987771541164, -4.857602381352871, -0.00015432024817746415
-2.516741424526296, -4.855152497615122, -0.00015451878067268554
-2.5262586373086275, -4.852608782348046, -0.00015475015700833206
-2.5357491596352895, -4.849971277649531, -0.00015506014417349112
-2.5452107013024423, -4.847240079084416, -0.00015587188283799902
-2.5546461280929593, -4.844417570345371, -0.0001545723085195072
-2.564052855165758, -4.841501561047707, -0.0001548650312319655
-2.5734294782612377, -4.838492304711325, -0.0001551903887898609
-2.5827745016205053, -4.835390067113673, -0.00015568797581211324
-2.592084390100588, -4.832193873574855, -0.0001570169963887591
-2.6013616182262136, -4.828905414268409, -0.00015898180788775917
-2.6106093315246675, -4.825527450499132, -0.00015937555044026608
-2.6198210911920246, -4.8220550774334425, -0.00015754319099658964
-2.628990949810715, -4.81848807089043, -0.00016009254674176354
-2.638133631361858, -4.814835274937426, -0.0001575941512322876
-2.6472323901265025, -4.81108716959131, -0.00015883515122061542
-2.6562924288318004, -4.8072473882567355, -0.00015865913194268444
-2.6653056699004964, -4.803312541150935, -0.00016206456160361427
-2.674283517149735, -4.799291059245345, -0.00016230798286043235
-2.6832247345404823, -4.795181025368551, -0.00016069127681556106
-2.6921178144904, -4.790978910483356, -0.00016116286644218825
-2.7009717823534003, -4.786690500822783, -0.00016094970879015902
-2.709778044528003, -4.782310689916368, -0.00016147374766589673
-2.718539327049541, -4.777842320906747, -0.00016200217769629655
-2.727249130971489, -4.773280080490707, -0.00016335477290474465
-2.7359090502129604, -4.76862987440365, -0.0001660619850960554
-2.7445312666326607, -4.7638974057312895, -0.00016375530300272167
-2.752962595356799, -4.759175197885546, -0.00010797616503716023
-2.7616991817877143, -4.754080743458471, -7.32864094332708e-05
-2.7703398526564285, -4.748878923516054, -8.591007797448258e-05
-2.7788509829644896, -4.743660349373568, -0.00010898317571111926
-2.7872830515180067, -4.738406808080898, -0.00010578674461314552
-2.7956651277885327, -4.733057285697793, -0.00010541943188357994
-2.803997099542366, -4.727619891283009, -0.00010966577166771074
-2.8122804519459317, -4.722107759302254, -0.00010517978618368451
-2.8205062176899256, -4.716506986818552, -0.00010778244253112357
-2.828668257464762, -4.710827743891033, -0.00010857794510366059
-2.8367888353870447, -4.70506739668453, -0.00010719360158689684
-2.8448381608061983, -4.699226676565515, -0.00010690380397820887
-2.852832090494127, -4.693301022856715, -0.00011117919640252216
-2.860772558074115, -4.68730300907895, -0.00010667977567552223
-2.868650018383108, -4.681219215839132, -0.00010931137251091183
-2.876458750057769, -4.675060337698827, -0.00011007753142744381
-2.8842210654369618, -4.668822383088559, -0.00010870571641163895
-2.8919070809591445, -4.662508077284971, -0.00010838496774834283
-2.8995325867078083, -4.656111809415965, -0.00011266862766501351
-2.9071000077722804, -4.649646190808576, -0.00010813847104362839
-2.9145992319256613, -4.643098302773594, -0.00011077514059543159
-2.92202501237433, -4.636479290808687, -0.0001114985687787895
-2.929399514961717, -4.62978369772632, -0.00011011869133370489
-2.9366928936223307, -4.623016180098481, -0.00010975250707234707
-2.9439207564163126, -4.616170075057756, -0.00011402161852408499
-2.9510860674959662, -4.609257971069155, -0.00010944945282609364
-2.958178127524595, -4.602267502958136, -0.00011207115856715077
-2.9651922402472324, -4.5952102098317145, -0.00011274206035621903
-2.9721503112208705, -4.588079211081023, -0.0001113341872158724
-2.979022705223563, -4.5808810796317285, -0.00011091119043321607
-2.9858247374675946, -4.5736081345866095, -0.00011514536790441232
-2.992559960012112, -4.566272873636799, -0.00011052212509959913
-2.999217071503354, -4.558863553659321, -0.00011311067228336746
-3.0057920017068778, -4.551392042983346, -0.00011372240209112094
-3.0123062752361114, -4.5438500873495045, -0.00011226892139098998
-3.0187306321378182, -4.536246135795557, -0.00011178097050457136
-3.025079989891366, -4.528571543824768, -0.00011596272101932481
-3.031358542311412, -4.5208386476872064, -0.00011128230567492015
-3.0375543783311962, -4.5130364053943595, -0.00011382203745907704
-3.0436641216412728, -4.505176938402335, -0.00011437078505982523
-3.0497088022731966, -4.4972506787737, -0.00011285736216498643
-3.0556596910120484, -4.489267891087996, -0.00011230003358753127
-3.061531205631175, -4.481219027669503, -0.00011641585052707404
-3.067328225643679, -4.4731161801131885, -0.0001116757056297546
-3.0730382330491492, -4.464949088746382, -0.00011415457870112
-3.0786586045928233, -4.456730053725812, -0.00011463999711475159
-3.0842097718046135, -4.4484482652048065, -0.00011305660851534949
-3.089663689226269, -4.440115730694447, -0.00011242970874636438
-3.0950341860779336, -4.431722074491659, -0.00011647083063670571
-3.100326860263218, -4.4232790509888655, -0.00011167244351928396
-3.105528591131447, -4.4147772501704665, -0.00011408353658165504
-3.110637538567055, -4.406229049051668, -0.0001145097312620913
-3.1156734345361072, -4.397622466497417, -0.00011285160927776428
-3.1206090502325545, -4.388971156558279, -0.00011216002170189032
-3.1254575494565917, -4.380263996021644, -0.00011612411528794109
-3.1302252709216893, -4.371512311841477, -0.00011127322954845864
-3.1348985316881435, -4.362707638259747, -0.0001136138131331843
-3.139476313072682, -4.353862355486561, -0.00011398796266021138
-3.1439775702715664, -4.344963396268668, -0.00011225345172138912
-3.148376028853139, -4.336025970534496, -0.00011150829426864739
-3.152684117549399, -4.32703830155038, -0.00011539622536566041
-3.1569089261575645, -4.318011195813734, -0.0001105013242420072
-3.1610362378035575, -4.3089371901256275, -0.00011277350542887588
-3.16462452650378, -4.299676698350835, -0.00011812877860456483
-3.167931200139153, -4.290336533940848, -0.00011304505746723148
-3.1712761356420796, -4.2810521612098675, -0.00010725449460041725
-3.1745732998113945, -4.27174221744448, -0.00010839410346974443
-3.1778554386178106, -4.262427396309019, -0.00010827225143889008
-3.181138344078719, -4.253098436475451, -0.00010600949578803975
-3.1843994662280015, -4.2437714816800725, -0.000105003423867156
-3.1876516244046003, -4.23443434753387, -0.00010851628424096704
-3.1909041487337033, -4.2250974968446595, -0.00010365392127725803
-3.1941438426478794, -4.215753575444832, -0.0001056391228442255
-3.197372308934327, -4.206413644811334, -0.00010604398725322373
-3.2006076283967677, -4.197063921619183, -0.00010421843833757771
-3.203826761648496, -4.1877195358304125, -0.0001035610238354634
-3.207041489876893, -4.178367600233636, -0.00010730750792892207
-3.2102605361414716, -4.169017904790513, -0.00010265389430358374
-3.2137414827969297, -4.159752855648126, -0.00010646789326024253
-3.2175695374909976, -4.150572995817069, -0.00010647520994472304
-3.221410398952669, -4.141353868114557, -0.00011183811191017856
-3.22520140622567, -4.132103833737825, -0.00011101331175694673
-3.228824885926965, -4.122801981998425, -0.00011091550908171044
-3.2323258399226478, -4.113469361226088, -0.00010656099257355667
-3.235739459339474, -4.104098405614491, -0.00010907097211215744
-3.2385921959786184, -4.094585659991851, -0.00011398552895020009
-3.2414102229719823, -4.085059780716409, -0.00011154859219214552
-3.244653415147684, -4.075655909086995, -0.00011154783865052753
-3.2478630742365646, -4.06620248657106, -0.00010706476664745779
-3.2508947821462617, -4.056717982989739, -0.00010714390353727676
-3.253393315069754, -4.0471185974463495, -0.00011545694348658042
-3.2556029875140093, -4.037475730050718, -0.00010784463042945447
-3.258168998918184, -4.0279273442634524, -0.0001113469075222362
-3.261048593730005, -4.018404065195153, -0.00011012803812682215
-3.263878961385659, -4.008829822560429, -0.00010579384160358529
-3.2665284263282888, -3.9992324625325537, -0.00010592420635696653
-3.2690995462751893, -3.9896020331547075, -0.00010980807263094583
-3.2715877795705555, -3.9799488204610793, -0.00010516993930465013
-3.2735226105133863, -3.970221209205213, -0.00010952113608625469
-3.2752125240766348, -3.9604636892686127, -0.0001050583474140887
-3.2768843643866092, -3.9507408673170596, -0.000107677780802784
-3.2785940554525737, -3.941027467738283, -0.0001047394391406331
-3.2802307777363318, -3.931286850828235, -0.00010195805696705529
-3.2818442968817267, -3.9215412746644063, -0.00010098470006908444
-3.2834472240245876, -3.911787711771074, -0.00010449569465970088
-3.28505141052447, -3.9020339345197947, -9.974183266264758e-05
-3.286637275043002, -3.8923026848015327, -9.009145699767629e-05
-3.2882188004721327, -3.882510634410532, -7.429807514502951e-05
-3.2898044956733887, -3.8726491936128693, -7.203474502337492e-05
-3.2913724130268456, -3.862814388006982, -7.272124662188739e-05
-3.292936286141225, -3.8529792029641174, -7.484413535646661e-05
-3.294508946261897, -3.8431390251473, -7.1284601125432e-05
-3.2960712511884394, -3.8333010117669324, -7.205172275670524e-05
-3.297629536692502, -3.8234628788438205, -7.429656563417986e-05
-3.299197003229597, -3.8136202276719513, -7.083922459161229e-05
-3.3007545084290113, -3.803780097522147, -7.168583491162783e-05
-3.3023083203995016, -3.7939401341396994, -7.399367329208317e-05
-3.303871568220468, -3.784095891127621, -7.059131511577554e-05
-3.3054250796526916, -3.7742543676160847, -7.148080398622358e-05
-3.3069750823566713, -3.7644131698201684, -7.382290615909337e-05
-3.3085346642603684, -3.7545678227634003, -7.04505822975432e-05
-3.310084636419656, -3.7447253062766985, -7.136356897335938e-05
-3.3116312032243895, -3.734883203944828, -7.372465062477351e-05
-3.3131874310234943, -3.725037023214517, -7.036873968252477e-05
-3.314734122432169, -3.715193736089535, -7.129469338706951e-05
-3.3162774684471, -3.7053509127975572, -7.36662957130374e-05
-3.3178305222504587, -3.6955040493427997, -7.031946076097029e-05
-3.319374082010364, -3.685660116005996, -7.12526392623869e-05
-3.320914330936252, -3.6758166747686, -7.363011412953036e-05
-3.3224643143212687, -3.66596921354144, -7.028830250727092e-05
-3.3240048285754153, -3.6561247042132488, -7.122552759436518e-05
-3.325542052303059, -3.646280703342436, -7.36062978641816e-05
-3.327089025871621, -3.636432692600564, -7.026725853620519e-05
-3.328626545445895, -3.6265876473254752, -7.120676281630045e-05
-3.33016078681039, -3.616743120223711, -7.358939388274477e-05
-3.3317047870691083, -3.606894587760686, -7.025187253806298e-05
-3.3332393429905993, -3.5970490297428537, -7.119267047250855e-05
-3.3347706285403547, -3.5872039959027204, -7.357636189575523e-05
-3.3363116784910165, -3.5773549580787902, -7.023965836561175e-05
-3.3378432906903894, -3.567508901109666, -7.118119952687074e-05
-3.339371637845924, -3.5576633722459152, -7.356550410397844e-05
-3.34090975292153, -3.547813839026091, -7.022922717159208e-05
-3.342438435110101, -3.5379672916305114, -7.117120385852216e-05
-3.343963856175514, -3.528121275104696, -7.355587153656806e-05
-3.345499047566144, -3.518271252873575, -7.021980251215032e-05
-3.347024809968211, -3.5084242206269547, -7.116204261131687e-05
-3.348547314378405, -3.4985777213619835, -7.354693349675978e-05
-3.3500795908942296, -3.48872721449774, -7.021095012088585e-05
-3.3516024417775547, -3.478879701322062, -7.115335731666672e-05
-3.3531220373569113, -3.46903272287315, -7.353839310753063e-05
-3.3546514064716284, -3.4591817346281046, -7.020242704608437e-05
-3.3561713530046178, -3.449333743517015, -7.114494741439215e-05
-3.357688046671961, -3.439486288670962, -7.353008425869945e-05
-3.3592145151071877, -3.4296348216643504, -7.019409734082549e-05
-3.3607315638389483, -3.419786355088962, -7.113670067226963e-05
-3.36224536200233, -3.4099384261995263, -7.352191398884989e-05
-3.363768936054866, -3.400086482693298, -7.018588492008204e-05
-3.365283093184045, -3.390237542829329, -7.112855427254816e-05
-3.366794001961837, -3.3803891420049705, -7.351383026327207e-05
-3.368314687686935, -3.3705367240581703, -7.017774719059178e-05
-3.3698259592122746, -3.360687312913074, -7.112047304635993e-05
-3.3713339845569688, -3.350838442122034, -7.350580394593909e-05
-3.3728517878709656, -3.3409855516772256, -7.016966029976812e-05
-3.3743601796756044, -3.3311356711613764, -7.111243729401862e-05
-3.3758653274431523, -3.3212863322905206, -7.349781871313077e-05
-3.377380254180933, -3.311432971222162, -7.016161088008177e-05
-3.378885772079616, -3.3015826231887027, -7.110443597285743e-05
-3.380698901350127, -3.29173924383382, -7.187254282464695e-05
-3.3829032709243223, -3.2819389980028304, -7.386668785958062e-05
-3.385134083671737, -3.2720249620139246, -0.00010562648038053846
-3.3871115326858954, -3.26236618112848, -0.00017497381550812818
-3.388468104438685, -3.2526488568368936, -9.38564321681934e-05
-3.389593892383876, -3.2426717346507066, -7.590597806966803e-05
-3.390836608312404, -3.23279093150961, -7.689969111762673e-05
-3.3920898913883684, -3.2229282296416293, -7.643543183127877e-05
-3.3933426594908087, -3.2130640459943596, -7.601339588630962e-05
-3.3945935376684413, -3.2031983219334816, -7.567184496182211e-05
-3.395842647857113, -3.1933313911906747, -7.53950750212451e-05
-3.3970903148205696, -3.1834634956403067, -7.517014995794824e-05
-3.398336850275557, -3.173594823934904, -7.498694845214926e-05
-3.39958252228089, -3.163725527982915, -7.483745737041358e-05
-3.4008275561107815, -3.153855731222596, -7.4715291491112e-05
-3.402072139866054, -3.1439855343162275, -7.461533872460402e-05
-3.4033164301853236, -3.1341150195349767, -7.453348919600478e-05
-3.4045605572970765, -3.1242442542381834, -7.446642618902377e-05
-3.405804629347159, -3.1143732936599062, -7.441146386116815e-05
-3.4070487360634214, -3.104502183151135, -7.436642057445653e-05
-3.40829295184027, -3.094630959990441, -7.432951946290123e-05
-3.4095373383244736, -3.0847596548507625, -7.429930993912981e-05
-3.4107819465764613, -3.0748882929909938, -7.42746053890575e-05
-3.4120268188727425, -3.0650168952264893, -7.425443345743243e-05
-3.4132719902064226, -3.0551454787212786, -7.423799618971882e-05
-3.414517489534685, -3.045274057636026, -7.422463793849143e-05
-3.41576334081481, -3.0354026436588915, -7.421381941985494e-05
-3.4170095638638385, -3.0255312464410977, -7.42050966715535e-05
-3.4182561750714004, -3.0156598739547555, -7.41981039352746e-05
-3.419503187990492, -3.005788532787131, -7.41925396952614e-05
-3.420750613826852, -2.995917228382856, -7.418815526749611e-05
-3.4219984618442263, -2.986045965243448, -7.41847454545086e-05
-3.4232467396998607, -2.9761747470917563, -7.418214088106279e-05
-3.4244954537221752, -2.966303577007584, -7.418020169919215e-05
-3.425744609140535, -2.956432457539577, -7.417881241206237e-05
-3.4269942102753586, -2.946561390797576, -7.417787761543337e-05
-3.428244260695384, -2.936690378528851, -7.41773184873562e-05
-3.4294947633477597, -2.926819422181064, -7.417706989859552e-05
-3.430745720665629, -2.9169485229542746, -7.417707802626072e-05
-3.4319971346571223, -2.9070776818438913, -7.417729838787857e-05
-3.433249006978937, -2.8972068996761817, -7.417769421691478e-05
-3.4345013389972032, -2.8873361771375916, -7.417823512262389e-05
-3.435754131837793, -2.8774655147989905, -7.417889598310135e-05
-3.437007386427934, -2.8675949131357017, -7.417965603057075e-05
-3.4382611035306185, -2.8577243725440655, -7.418049809648775e-05
-3.4395152837730407, -2.8478538933551203, -7.418140798709505e-05
-3.4407699276701296, -2.83798347584592, -7.418237396766836e-05
-3.442025035643987, -2.828113120248896, -7.418338633624622e-05
-3.4432806080399767, -2.8182428267595685, -7.418443707174482e-05
-3.444536645140009, -2.8083725955429584, -7.418551954213592e-05
-3.445793147173539, -2.798502426738857, -7.418662826419453e-05
-3.4470501143266534, -2.7886323204662076, -7.418775870432492e-05
-3.448307546749581, -2.7787622768267073, -7.418890711385906e-05
-3.4495654445629045, -2.7688922959078024, -7.419007039355385e-05
-3.450823807862704, -2.759022377785145, -7.419124598090354e-05
-3.4520826367247928, -2.7491525225246436, -7.419243175688095e-05
-3.453341931208235, -2.7392827301841502, -7.419362596966517e-05
-3.4546016913582447, -2.7294130008148523, -7.419482717047066e-05
-3.4558619172085865, -2.7195433344624265, -7.419603416164433e-05
-3.457122608783559, -2.7096737311679986, -7.419724595314481e-05
-3.458383766099635, -2.6998041909689228, -7.419846172590505e-05
-3.459645389166821, -2.689934713899439, -7.419968080246697e-05
-3.4609074779897737, -2.6800652999912113, -7.420090262366674e-05
-3.462170032568725, -2.6701959492737766, -7.420212672615278e-05
-3.463433052900256, -2.6603266617749073, -7.420335272728673e-05
-3.464696538977926, -2.6504574375209193, -7.420458031071053e-05
-3.4659604907927943, -2.6405882765369233, -7.420580921457809e-05
-3.4672249083338533, -2.630719178847033, -7.42070392223404e-05
-3.4687352903638424, -2.6208486221665277, -7.462617832021401e-05
-3.470588305128166, -2.610963669219658, -7.604203564104406e-05
-3.47245177627674, -2.601052633334289, -7.709397303207188e-05
-3.474176911030779, -2.5910374505301856, -0.00011092984862154376
-3.475223184564781, -2.5813323788664895, -8.918144072656009e-05
-3.476031463658014, -2.571351117585172, -7.562358646118206e-05
-3.4769221799367758, -2.5614379290824014, -7.599196299817867e-05
-3.477820420749595, -2.5515346018147627, -7.55022637436431e-05
-3.4787174294738805, -2.5416295271283884, -7.508098797670559e-05
-3.479612282375542, -2.5317228714450595, -7.4741485650065e-05
-3.4805052092114233, -2.521814965755626, -7.446732546650958e-05
-3.4813965753291685, -2.5119060567544063, -7.424523184684784e-05
-3.482286717412843, -2.501996338717667, -7.406483538113795e-05
-3.4831759226949575, -2.492085968013292, -7.391797654165977e-05
-3.484064432065645, -2.482175071382667, -7.379819633257512e-05
-3.4849524465007793, -2.4722637519076507, -7.370035489101534e-05
-3.485840133275188, -2.4623520936362144, -7.362034203844958e-05
-3.4867276314042064, -2.452440165240734, -7.355485616461488e-05
-3.4876150562911676, -2.44252802293305, -7.350123431881794e-05
-3.4885025036573194, -2.432615712798297, -7.345732084329537e-05
-3.4893900528462365, -2.422703272671, -7.342136513927011e-05
-3.490277769591528, -2.4127907336487375, -7.339194159122764e-05
-3.4911657083284817, -2.4028781213175225, -7.336788644518588e-05
-3.4920539141206355, -2.392965456746786, -7.334824775401261e-05
-3.4929424242627922, -2.383052757299475, -7.333224546457462e-05
-3.4938312696131097, -2.3731400372931426, -7.331923943149077e-05
-3.4947204756989403, -2.3632273085405644, -7.330870366684117e-05
-3.495610063634124, -2.353314580792578, -7.330020552848149e-05
-3.4965000508794035, -2.343401862101419, -7.32933888417664e-05
-3.497390451872469, -2.3334891591191442, -7.32879601679226e-05
-3.498281278549777, -2.3235764773430616, -7.328367760561783e-05
-3.4991725407785945, -2.3136638213177254, -7.328034163778252e-05
-3.500064246714593, -2.303751194801309, -7.327778763521753e-05
-3.5009564030978093, -2.2938386009027494, -7.327587970767935e-05
-3.5018490154974873, -2.2839260421948264, -7.327450565453031e-05
-3.5027420885146694, -2.2740135208074657, -7.32735728122269e-05
-3.5036356259497423, -2.2641010385047418, -7.327300463683128e-05
-3.504529630941041, -2.2541885967484454, -7.32727378897069e-05
-3.5054241060794618, -2.2442761967505844, -7.327272031698584e-05
-3.506319053503263, -2.234363839516732, -7.327290873682113e-05
-3.507214474976447, -2.224451525881858, -7.32732674608716e-05
-3.50811037195357, -2.2145392565399122, -7.327376699189925e-05
-3.5090067456333522, -2.204627032068288, -7.327438294735256e-05
-3.509903597002984, -2.1947148529480254, -7.327509517246478e-05
-3.5108009268747766, -2.184802719580517, -7.327588700578591e-05
-3.5116987359164464, -2.1748906323013064, -7.327674467311196e-05
-3.5125970246761735, -2.164978591391509, -7.327765678755149e-05
-3.513495793603308, -2.155066597087233, -7.327861393480184e-05
-3.5143950430654898, -2.145154649587387, -7.32796083312004e-05
-3.515294773362806, -2.135242749060116, -7.328063354178349e-05
-3.516194984739504, -2.125330895648139, -7.328168424614034e-05
-3.5170956773936535, -2.115419089473144, -7.328275604545631e-05
-3.517996851485155, -2.105507330639443, -7.328384530252974e-05
-3.518898507142351, -2.0955956192369687, -7.328494901032157e-05
-3.5198006444674914, -2.0856839553437716, -7.328606468243182e-05
-3.5207032635412627, -2.075772339028085, -7.328719026311603e-05
-3.521606364426517, -2.065860770350004, -7.328832405262276e-05
-3.522509947171366, -2.0559492493629166, -7.328946464552066e-05
-3.5234140118117314, -2.0460377761146553, -7.32906108796838e-05
-3.5243185583734666, -2.0361263506484586, -7.329176179438068e-05
-3.525223586874085, -2.0262149730037646, -7.329291659519122e-05
-3.526129097324221, -2.0163036432168764, -7.329407462508541e-05
-3.527035089728817, -2.0063923613214976, -7.329523534110871e-05
-3.527941564088108, -1.9964811273491827, -7.329639829412038e-05
-3.5288485203984403, -1.986569941329714, -7.329756311275082e-05
-3.5297559586529434, -1.9766588032914005, -7.329872949013438e-05
-3.5306638788420845, -1.966747713261339, -7.329989717203e-05
-3.5315722809541406, -1.9568366712656209, -7.330106594871655e-05
-3.53248116497557, -1.9469256773295054, -7.330223564683269e-05
-3.5333905308913254, -1.9370147314775634, -7.330340612260455e-05
-3.5343003786851215, -1.9271038337337978, -7.330457725751582e-05
-3.535210708339651, -1.9171929841217408, -7.330574895320074e-05
-3.536121519836752, -1.9072821826645328, -7.330692112877957e-05
-3.537032813157566, -1.8973714293849924, -7.330809371702829e-05
-3.5379445882826555, -1.8874607243056687, -7.330926666243576e-05
-3.5388568451921025, -1.8775500674488927, -7.331043991909425e-05
-3.5397695838656, -1.8676394588368088, -7.331161344920067e-05
-3.5406828042825063, -1.85772889849141, -7.33127872212802e-05
-3.541596506421918, -1.847818386434563, -7.331396120946465e-05
-3.542510690262701, -1.8379079226880295, -7.331513539216017e-05
-3.5434253557835453, -1.827997507273483, -7.331630975171421e-05
-3.5443405029629833, -1.8180871402125238, -7.331748427341633e-05
-3.5452561317794267, -1.808176821526694, -7.331865894505407e-05
-3.546172242211182, -1.7982665512374838, -7.331983375680196e-05
-3.5470888342364737, -1.7883563293663403, -7.332100870011127e-05
-3.5480059078334536, -1.778446155934675, -7.332218376832067e-05
-3.5489234629802136, -1.7685360309638711, -7.332335895549047e-05
-3.5498414996548013, -1.7586259544752865, -7.332453425701324e-05
-3.5507600178352257, -1.7487159264902565, -7.33257096690032e-05
-3.551679017499465, -1.7388059470300994, -7.332688518835173e-05
-3.5525984986254704, -1.7288960161161178, -7.332806081217225e-05
-3.5535184611911697, -1.7189861337696009, -7.332923653846635e-05
-3.5544389051744774, -1.709076300011827, -7.33304123650691e-05
-3.55535983055329, -1.6991665148640638, -7.333158829081476e-05
-3.5562812373054977, -1.6892567783475707, -7.333276431426006e-05
-3.5572031254089773, -1.6793470904836, -7.333394043423924e-05
-3.558125494841598, -1.6694374512933952, -7.333511665019721e-05
-3.5590483455812287, -1.6595278607981954, -7.333629296102373e-05
-3.559971677605729, -1.6496183190192346, -7.333746936644125e-05
-3.560895490892955, -1.6397088259777408, -7.333864586572814e-05
-3.5618197854207647, -1.6297993816949357, -7.333982245860682e-05
-3.5627445611670123, -1.6198899861920402, -7.334099914468872e-05
-3.563669818109548, -1.609980639490269, -7.334217592347425e-05
-3.564595556226224, -1.6000713416108323, -7.334335279507442e-05
-3.5655217754948936, -1.590162092574938, -7.334452975882311e-05
-3.5664484758934054, -1.5802528924037906, -7.334570681499786e-05
-3.567375657399615, -1.5703437411185903, -7.334688396309907e-05
-3.568303319991373, -1.560434638740534, -7.334806120312676e-05
-3.5692314636465343, -1.5505255852908164, -7.334923853496988e-05
-3.570160088342951, -1.5406165807906282, -7.335041595862846e-05
-3.5710891940584815, -1.5307076252611571, -7.335159347393594e-05
-3.572018780770982, -1.5207987187235883, -7.335277108055926e-05
-3.5729488484583074, -1.510889861199104, -7.335394877888701e-05
-3.573879397098321, -1.5009810527088818, -7.33551265685306e-05
-3.5748104266688805, -1.4910722932740987, -7.335630444960106e-05
-3.5757419371478476, -1.481163582915928, -7.335748242193185e-05
-3.576673928513088, -1.4712549216555384, -7.335866048530093e-05
-3.577606400742467, -1.4613463095140993, -7.335983864004136e-05
-3.578539353813851, -1.451437746512776, -7.336101688609764e-05
-3.5794727877051056, -1.4415292326727274, -7.33621952231367e-05
-3.5804067023941037, -1.4316207680151138, -7.336337365126955e-05
-3.581341097858715, -1.421712352561092, -7.336455217038518e-05
-3.582275974076812, -1.4118039863318144, -7.336573078059461e-05
-3.583211331026271, -1.401895669348432, -7.336690948184232e-05
-3.5841471686849666, -1.3919874016320923, -7.336808827390628e-05
-3.585083487030778, -1.3820791832039399, -7.336926715706404e-05
-3.586020286041586, -1.372171014085118, -7.337044613103805e-05
-3.5869575656952684, -1.3622628942967645, -7.33716251958283e-05
-3.587895325969712, -1.352354823860017, -7.337280435137927e-05
-3.5888335668427995, -1.3424468027960095, -7.3373983597802e-05
-3.5897722882924166, -1.3325388311258726, -7.337516293492996e-05
-3.590711490296453, -1.3226309088707344, -7.337634236276314e-05
-3.5916511728327967, -1.3127230360517201, -7.337752188124602e-05
-3.5925913358793404, -1.302815212689953, -7.337870149054515e-05
-3.5935319794139753, -1.292907438806553, -7.337988119049399e-05
-3.594473103414597, -1.2829997144226366, -7.338106098098152e-05
-3.5954147078591028, -1.2730920395593195, -7.338224086211875e-05
-3.596356792725391, -1.263184414237712, -7.338342083362814e-05
-3.597299357991359, -1.2532768384789224, -7.338460089573173e-05
-3.5982424036349117, -1.2433693123040586, -7.338578104842952e-05
-3.5991859296339497, -1.2334618357342229, -7.338696129149946e-05
-3.600129935966376, -1.2235544087905157, -7.338814162499707e-05
-3.6010744226101004, -1.213647031494035, -7.338932204886683e-05
-3.602019389543031, -1.203739703865876, -7.339050256316426e-05
-3.602964836743077, -1.1938324259271311, -7.339168316777833e-05
-3.603910764188147, -1.1839251976988894, -7.339286386282007e-05
-3.6048571718561604, -1.1740180192022376, -7.339404464790089e-05
-3.60580405972503, -1.164110890458259, -7.339522552335387e-05
-3.60675142777267, -1.1542038114880362, -7.339640648906798e-05
-3.6076992759769984, -1.1442967823126473, -7.339758754504322e-05
-3.6086476043159386, -1.1343898029531674, -7.339876869105755e-05
-3.6095964127674103, -1.1244828734306693, -7.339994992716647e-05
-3.610545701309339, -1.1145759937662245, -7.340113125359204e-05
-3.6114954699196495, -1.1046691639808994, -7.340231266989017e-05
-3.612445718576266, -1.0947623840957577, -7.340349417628289e-05
-3.613396447257119, -1.0848556541318628, -7.340467577282572e-05
-3.61434765594014, -1.0749489741102731, -7.340585745913009e-05
-3.615299344603259, -1.0650423440520453, -7.340703923564007e-05
-3.616251513224408, -1.0551357639782317, -7.340822110191159e-05
-3.617204161781526, -1.0452292339098856, -7.340940305811117e-05
-3.618157290252548, -1.0353227538680532, -7.341058510412779e-05
-3.6191108986154132, -1.0254163238737815, -7.341176724007248e-05
-3.6200649868480625, -1.0155099439481117, -7.341294946594523e-05
-3.6210195549284383, -1.0056036141120837, -7.341413178141298e-05
-3.621974602834483, -0.9956973343867348, -7.341531418658676e-05
-3.6229301305441437, -0.9857911047930997, -7.341649668179961e-05
-3.6238861380353673, -0.9758849253522097, -7.341767926644094e-05
-3.6248426252861035, -0.9659787960850943, -7.341886194078828e-05
-3.6257995922743005, -0.9560727170127787, -7.342004470473062e-05
-3.6267570389779125, -0.9461666881562864, -7.342122755832348e-05
-3.6277149653748944, -0.9362607095366384, -7.342241050162235e-05
-3.6286733714431993, -0.9263547811748526, -7.342359353434968e-05
-3.629632257160787, -0.9164489030919436, -7.342477665661651e-05
-3.630591622505616, -0.9065430753089242, -7.342595986836731e-05
-3.631551467455645, -0.8966372978468039, -7.342714316954657e-05
-3.632511791988842, -0.886731570726589, -7.342832656020981e-05
-3.6334725960831675, -0.8768258939692845, -7.3429510040246e-05
-3.6344338797165885, -0.8669202675958912, -7.343069360971066e-05
-3.6353956428670724, -0.857014691627409, -7.343187726849276e-05
-3.6363578855125884, -0.8471091660848319, -7.34330610165923e-05
-3.6373206076311084, -0.8372036909891549, -7.34342448540648e-05
-3.6382838092006042, -0.8272982663613669, -7.34354287806327e-05
-3.63924749019905, -0.8173928922224559, -7.343661279646252e-05
-3.6402116506044235, -0.8074875685934079, -7.343779690155428e-05
-3.641176290394704, -0.7975822954952038, -7.343898109568592e-05
-3.6421414095478677, -0.7876770729488244, -7.344016537896847e-05
-3.6431070080418984, -0.7777719009752454, -7.344134975162397e-05
-3.6440730858547776, -0.7678667795954411, -7.344253421315283e-05
-3.6450396429644916, -0.7579617088303825, -7.344371876377709e-05
-3.6460066793490262, -0.7480566887010386, -7.344490340338572e-05
-3.6469741949863703, -0.7381517192283746, -7.344608813203424e-05
-3.647942189854514, -0.7282468004333539, -7.344727294961162e-05
-3.648910663931449, -0.718341932336937, -7.344845785622889e-05
-3.649879617195166, -0.7084371149600812, -7.344964285155298e-05
-3.650849049623663, -0.6985323483237419, -7.345082793591695e-05
-3.6518189611949348, -0.6886276324488704, -7.345201310904326e-05
-3.6527893518869825, -0.6787229673564165, -7.34531983709874e-05
-3.653760221677805, -0.6688183530673267, -7.345438372169388e-05
-3.654731570545402, -0.6589137896025448, -7.34555691612182e-05
-3.6557033984677796, -0.6490092769830126, -7.345675468944934e-05
-3.656675705422945, -0.639104815229668, -7.345794030633179e-05
-3.6576484913889025, -0.629200404363447, -7.345912601203208e-05
-3.6586217563436616, -0.6192960444052826, -7.346031180627266e-05
-3.659595500265233, -0.6093917353761051, -7.346149768910903e-05
-3.6605697231316285, -0.5994874772968417, -7.346268366059672e-05
-3.6615444249208613, -0.5895832701884176, -7.34638697206802e-05
-3.6625196056109495, -0.579679114071755, -7.346505586919294e-05
-3.66349526517991, -0.569775008967773, -7.346624210624597e-05
-3.6644714036057593, -0.5598709548973885, -7.346742843167275e-05
-3.665448020866521, -0.5499669518815151, -7.346861484569533e-05
-3.666425116940216, -0.5400629999410642, -7.346980134803616e-05
-3.6674026918048703, -0.5301590990969443, -7.347098793863971e-05
-3.6683807454385082, -0.520255249370061, -7.347217461778355e-05
-3.6693592778191593, -0.5103514507813175, -7.347336138519012e-05
-3.670338288924852, -0.5004477033516141, -7.347454824097044e-05
-3.6713177787336173, -0.49054400710184876, -7.347573518484696e-05
-3.672297747223486, -0.4806403620529156, -7.347692221704172e-05
-3.6732781943724953, -0.4707367682257073, -7.347810933733268e-05
-3.6742591201586823, -0.4608332256411133, -7.347929654594187e-05
-3.6752405245600865, -0.4509297343200202, -7.348048384264727e-05
-3.6762224075547425, -0.44102629428331175, -7.348167122755989e-05
-3.6772047691206935, -0.4311229055518698, -7.348285870040216e-05
-3.6781876092359833, -0.42121956814657263, -7.348404626134064e-05
-3.679170927878658, -0.411316282088296, -7.34852339103198e-05
-3.680154725026764, -0.40141304739791334, -7.348642164733965e-05
-3.6811390006583475, -0.39150986409629474, -7.348760947228916e-05
-3.682123754751461, -0.38160673220430835, -7.348879738539038e-05
-3.683108987284155, -0.37170365174281883, -7.34899853860882e-05
-3.6840946982344858, -0.3618006227326887, -7.34911734748267e-05
-3.685080887580505, -0.35189764519477756, -7.349236165138384e-05
-3.6860675553002693, -0.34199471914994206, -7.349354991575963e-05
-3.6870547013718413, -0.3320918446190367, -7.349473826784303e-05
-3.68804232577328, -0.3221890216229123, -7.349592670791161e-05
-3.689030428482645, -0.31228625018241823, -7.349711523557678e-05
-3.690019009478003, -0.3023835303184004, -7.349830385094958e-05
-3.6910080687374203, -0.29248086205170204, -7.349949255402999e-05
-3.691997606238961, -0.28257824540316395, -7.350068134465149e-05
-3.6929876219606976, -0.27267568039362367, -7.35018702229806e-05
-3.6939781158806992, -0.2627731670439165, -7.350305918896183e-05
-3.694969087977039, -0.2528707053748753, -7.350424824248414e-05
-3.6959605382277925, -0.24296829540732975, -7.350543738343651e-05
-3.696952466611031, -0.23306593716210655, -7.350662661198548e-05
-3.6979448731048374, -0.2231636306600306, -7.350781592796451e-05
-3.698937757687289, -0.2132613759219233, -7.350900533137361e-05
-3.6999311203364678, -0.20335917296860379, -7.351019482226828e-05
-3.700924961030456, -0.1934570218208882, -7.35113844005375e-05
-3.70191927974734, -0.1835549224995902, -7.351257406612577e-05
-3.702914076465204, -0.17365287502552076, -7.351376381903307e-05
-3.7039093511621366, -0.1637508794194879, -7.351495365925942e-05
-3.704905103816229, -0.1538489357022973, -7.35161435867493e-05
-3.7059013344055725, -0.1439470438947516, -7.35173336015027e-05
-3.7068980429082607, -0.13404520401765085, -7.351852370346412e-05
-3.7078952293023852, -0.12414341609179261, -7.351971389257805e-05
-3.708892893566048, -0.11424168013797147, -7.352090416884449e-05
-3.709891035677346, -0.10433999617697941, -7.352209453226344e-05
-3.710889655614378, -0.09443836422960583, -7.352328498272387e-05
-3.711888753355247, -0.08453678431663714, -7.352447552039232e-05
-3.712888328878055, -0.0746352564588574, -7.352566614493572e-05
-3.713888382160912, -0.06473378067704795, -7.352685685663163e-05
-3.7148889131819196, -0.05483235699198712, -7.352804765503596e-05
-3.7158899219191937, -0.04493098542445079, -7.352923854070381e-05
-3.7168914083508375, -0.03502966599521212, -7.353042951302458e-05
-3.7178933724549688, -0.02512839872504167, -7.353162057255336e-05
-3.7188958142097, -0.015227183634706964, -7.353281171873505e-05
-3.719898733593146, -0.005326020744973143, -7.353400295173618e-05
-3.720902130583427, 0.004575089923397256, -7.353519427161226e-05
-3.721906005158662, 0.0144761483496447, -7.353638567825227e-05
-3.7229103572969695, 0.024377154513012103, -7.353757717171172e-05
-3.7239151869764755, 0.03427810839274509, -7.353876875171306e-05
-3.724920494175304, 0.044179009968092146, -7.353996041853383e-05
-3.7259262788715786, 0.05407985921830435, -7.3541152171952e-05
-3.726932541043432, 0.06398065612263532, -7.354234401202309e-05
-3.72793928066899, 0.07388140066034149, -7.354353593858054e-05
-3.7289464977263878, 0.0837820928106821, -7.35447279517909e-05
-3.729954192193757, 0.09368273255291878, -7.354592005165417e-05
-3.730962364049232, 0.1035833198663162, -7.354711223789279e-05
-3.7319710132709503, 0.11348385473014141, -7.354830451061778e-05
-3.7329801398370517, 0.12338433712366431, -7.354949686988466e-05
-3.7339897437256755, 0.1332847670261574, -7.35506893155824e-05
-3.7349998249149623, 0.1431851444168959, -7.355188184754446e-05
-3.736010383383059, 0.1530854692751575, -7.355307446604842e-05
-3.7370214191081077, 0.16298574158022305, -7.355426717070568e-05
-3.7380329320682573, 0.1728859613113755, -7.35554599617938e-05
-3.739044922241661, 0.18278612844790126, -7.355665283909074e-05
-3.740057389606462, 0.19268624296908854, -7.355784580270752e-05
-3.7410703341408182, 0.20258630485422877, -7.355903885253312e-05
-3.7420837558228826, 0.21248631408261573, -7.356023198851203e-05
-3.7430976546308115, 0.22238627063354616, -7.356142521064424e-05
-3.7441120305427633, 0.23228617448631944, -7.356261851887425e-05
-3.7451268835368943, 0.24218602562023755, -7.356381191331307e-05
-3.7461422135913693, 0.2520858240146049, -7.356500539379418e-05
-3.7471580206843487, 0.26198556964872916, -7.356619896026206e-05
-3.748174304794001, 0.2718852625019201, -7.356739261288325e-05
-3.7491910658984904, 0.2817849025534905, -7.356858635149122e-05
-3.750208303975984, 0.2916844897827558, -7.356978017586391e-05
-3.751226019004654, 0.30158402416903385, -7.35709740863344e-05
-3.752244210962671, 0.3114835056916454, -7.357216808262512e-05
-3.75326287982821, 0.3213829343299137, -7.357336216490262e-05
-3.7542820255794465, 0.33128231006316516, -7.357455633277832e-05
-3.7553016481945543, 0.3411816328707281, -7.357575058675181e-05
-3.756321747651716, 0.3510809027319337, -7.35769449263235e-05
-3.7573423239291093, 0.3609801196261163, -7.357813935165991e-05
-3.75836337700492, 0.3708792835326127, -7.357933386281656e-05
-3.75938490685733, 0.3807783944307622, -7.358052845957141e-05
-3.760406913464524, 0.3906774522999066, -7.358172314203548e-05
-3.7614293968046915, 0.40057645711939094, -7.358291791020877e-05
-3.762452356856021, 0.41047540886856243, -7.358411276392474e-05
-3.7634757935967045, 0.42037430752677085, -7.358530770329441e-05
-3.764499707004933, 0.43027315307336933, -7.358650272815126e-05
-3.765524097058902, 0.4401719454877128, -7.358769783843977e-05
-3.766548963736808, 0.45007068474915934, -7.35888930344375e-05
-3.767574307016851, 0.45996937083706996, -7.359008831570035e-05
-3.768600126877227, 0.469868003730808, -7.359128368250589e-05
-3.769626423296141, 0.47976658340973916, -7.359247913463207e-05
-3.7706531962517964, 0.48966510985323203, -7.359367467224542e-05
-3.7716804457223962, 0.49956358304065823, -7.35948702951239e-05
-3.7727081716861486, 0.5094620029513915, -7.359606600337854e-05
-3.7737363741212615, 0.5193603695648081, -7.359726179684278e-05
-3.7747650530059453, 0.5292586828602883, -7.35984576757387e-05
-3.775794208318414, 0.5391569428172137, -7.359965363978871e-05
-3.7768238400368808, 0.5490551494149684, -7.360084968893732e-05
-3.777853948139561, 0.5589533026329397, -7.360204582329555e-05
-3.7788845326046734, 0.5688514024505181, -7.360324204286339e-05
-3.779915593410433, 0.5787494488470956, -7.360443834752983e-05
-3.7809471305350653, 0.5886474418020673, -7.360563473735038e-05
-3.7819791439567925, 0.5985453812948319, -7.360683121210299e-05
-3.783011633653836, 0.6084432673047894, -7.360802777189868e-05
-3.7840445996044254, 0.6183410998113429, -7.360922441679296e-05
-3.7850780417867878, 0.6282388787938978, -7.36104211465638e-05
-3.7854952985931374, 0.6383077338181221, -6.873881115648794e-05
-3.785686939639732, 0.6482942336738629, -6.84488743094569e-05
-3.786099715114851, 0.658167951339581, -6.86370780360046e-05
-3.7866244055459557, 0.6680318682176369, -6.872483163194998e-05
-3.7872451519791004, 0.6778896571604863, -6.879015766014795e-05
-3.7879604007591015, 0.6877405560608327, -6.903865941160214e-05
-3.7887704530323294, 0.6975820000816394, -6.928164633546174e-05
-3.7901383434333735, 0.7073754359150669, -6.827621976512877e-05
-3.7923064988771924, 0.7171373966606787, -6.936255621164955e-05
-3.7946036860959422, 0.7269363741140756, -7.090414027927094e-05
-3.7968523329539017, 0.7367605760460992, -7.235406945582668e-05
-3.799017757599058, 0.7466010981577391, -7.3600070048363e-05
-3.800958727072018, 0.7564507881346505, -7.79920923399402e-05
-3.8028980282668656, 0.7663310448742063, -7.85536044306534e-05
-3.8047708066594166, 0.7762938862125401, -0.00017552756649019674
-3.806441489404373, 0.7858035546519332, -0.00010471813587276113
-3.808085543060512, 0.7957686462808057, -0.0001003161687915255
-3.809540933482348, 0.8056250504045099, -0.00010676821915173162
-3.8108889083416613, 0.8154905014338607, -0.00010195758612219219
-3.8121434060168276, 0.8253774826666859, -0.000104259542020535
-3.813300056701655, 0.8352669209490954, -0.00010493387977339452
-3.814371390530757, 0.8451770397754321, -0.00010317454753411281
-3.8153378642378737, 0.8550860405758788, -0.00010263127492826651
-3.8162061154579345, 0.8650079984240343, -0.00010645756421928665
-3.816986651294378, 0.8749371787896696, -0.00010173178599270916
-3.8176409481947453, 0.8848644421239452, -0.00010637560689574777
-3.818216034413455, 0.89479652259671, -0.00010206242409760424
-3.8186824884668367, 0.9047397157118913, -0.00010263683451511296
-3.81904601698612, 0.9146769843377182, -0.00010119370798494787
-3.818111661929424, 0.9244905216044611, -7.281113980034393e-05
-3.8167896384291686, 0.9344176323893478, -7.014822886808325e-05
-3.815791514051162, 0.9442492101083768, -6.949658435750905e-05
-3.8149144910250588, 0.9540872102495679, -6.86690451034977e-05
-3.8141291060490894, 0.9639369406555436, -6.886093065006094e-05
-3.813432556585481, 0.9737930798847483, -6.973366054374708e-05
-3.8128260007081103, 0.9836512977562006, -7.047130517950917e-05
-3.8123110865627776, 0.9935117679551605, -7.107333612577094e-05
-3.811889330021968, 1.0033741109095269, -7.154734699288401e-05
-3.811562000425671, 1.013237857838958, -7.190395881750966e-05
-3.8113301405914166, 1.0231024817416754, -7.215638703605975e-05
-3.8111946017403038, 1.0329673952065486, -7.231847800714952e-05
-3.811156076200496, 1.0428319526307837, -7.240356030108197e-05
-3.811215125217337, 1.0526954552578647, -7.242387326844568e-05
-3.8113722018204736, 1.0625571572710133, -7.239033598749334e-05
-3.8116276693495457, 1.0724162719945218, -7.231250735445505e-05
-3.8119818163664734, 1.082271977736836, -7.219864775193097e-05
-3.8124348686366187, 1.0921234230727357, -7.20558298030749e-05
-3.8132221949393332, 1.1019605914819564, -7.116729996858862e-05
-3.8144592542503966, 1.1117878499065184, -7.010677196322979e-05
-3.815810416072071, 1.1216304318051422, -6.905066252588243e-05
-3.817188353205538, 1.1314816166688506, -6.869876763393457e-05
-3.818576378718156, 1.1413343082245708, -6.867756108558387e-05
-3.8199706899826813, 1.151187675733882, -6.906133098250056e-05
-3.821369489962318, 1.1610392965563803, -6.947009045460417e-05
-3.82277185542275, 1.1708895897591847, -6.982342394384888e-05
-3.824177096640553, 1.1807387952245116, -7.012800672484554e-05
-3.82558463982932, 1.1905870765699533, -7.038825793920234e-05
-3.826994009126841, 1.2004345793071742, -7.060904179884142e-05
-3.8284048108596016, 1.210281432172547, -7.079529716985666e-05
-3.82981671981438, 1.2201277473203012, -7.095172820653639e-05
-3.8312294675408523, 1.2299736213191392, -7.108264145427867e-05
-3.8326428325244795, 1.2398191365935396, -7.119187791571058e-05
-3.834056632000597, 1.2496643630295534, -7.128280190127345e-05
-3.8354707151703704, 1.2595093595793065, -7.135832198906789e-05
-3.8368849575953567, 1.2693541757729747, -7.142092857265192e-05
-3.8382992565736043, 1.279198853093291, -7.147273845031776e-05
-3.839713527328548, 1.2890434261956478, -7.151554077988731e-05
-3.84112769986883, 1.2988879239732238, -7.155084117888011e-05
-3.8425417164009077, 1.3087323704756557, -7.157990229406108e-05
-3.843955529196777, 1.3185767856942878, -7.160378011267232e-05
-3.8453690988363185, 1.328421186228781, -7.162335585225721e-05
-3.8467823927579894, 1.3382655858500245, -7.163936359028122e-05
-3.8481953840633976, 1.3481099959735137, -7.165241396089872e-05
-3.8496080505310237, 1.357954426056125, -7.166301432598443e-05
-3.850397520501691, 1.3680078401223088, -7.305862962259102e-05
-3.850949090455138, 1.3779837513039797, -7.203329499555489e-05
-3.851720037107768, 1.387828289432579, -7.21571909710339e-05
-3.8526027491830277, 1.3976595918911068, -7.217700651790393e-05
-3.853581823477535, 1.4074813516002795, -7.219843498973422e-05
-3.854655714406306, 1.4172928266600004, -7.233747162505022e-05
-3.8558247937566605, 1.4270919823831547, -7.256924277088128e-05
-3.857089701470342, 1.4368776902436122, -7.272816378378621e-05
-3.8584511047669245, 1.4466493234612976, -7.282866513314001e-05
-3.8599095212319945, 1.4564061114388915, -7.287961942131771e-05
-3.8614653493195674, 1.4661472458959546, -7.28891944507537e-05
-3.8631188876012477, 1.4758718891673996, -7.286486884039434e-05
-3.8648703499604866, 1.4855791775658005, -7.281330168329436e-05
-3.866719878174912, 1.495268224734465, -7.274029962311968e-05
-3.8686675523754435, 1.5049381249500011, -7.265084815410994e-05
-3.870713399724269, 1.5145879562157323, -7.254917707055775e-05
-3.8728574635986037, 1.5242168937638696, -7.25563889826808e-05
-3.8750994910496965, 1.5338232803812648, -7.259002097853573e-05
-3.8774393733918964, 1.5434061682738225, -7.26270477443558e-05
-3.879876976934191, 1.5529645910616146, -7.266877435535557e-05
-3.88241213407273, 1.5624975658805116, -7.271563819577498e-05
-3.885044652225693, 1.5720041098292972, -7.276792344812488e-05
-3.88777433706122, 1.5814832903683145, -7.284539039426052e-05
-3.890600940168431, 1.5909339091585748, -7.307899423808495e-05
-3.8935239071920202, 1.600354188834535, -7.331772002883152e-05
-3.8965429766040063, 1.609743239180936, -7.356336858749257e-05
-3.8996578503263764, 1.6191000969712896, -7.381597287514641e-05
-3.9028682123393788, 1.6284237961178036, -7.407516985502571e-05
-3.906173733008747, 1.6377133751314763, -7.434057646421577e-05
-3.909574070258676, 1.646967877648252, -7.46118161258913e-05
-3.9130688701968506, 1.6561863524155584, -7.488851840070643e-05
-3.916657767583125, 1.66536785324687, -7.517031664966423e-05
-3.9203403862172217, 1.674511438988311, -7.545684583915024e-05
-3.924116339268105, 1.6836161734996313, -7.5747740676535e-05
-3.927985229556721, 1.6926811256476466, -7.604263406285616e-05
-3.93194664980058, 1.701705369310013, -7.634115583249335e-05
-3.936000182826813, 1.7106879833874782, -7.664293175102532e-05
-3.9401454017591444, 1.71962805182302, -7.694758274440217e-05
-3.9443818701832503, 1.7285246636265361, -7.725472433911529e-05
-3.9531267630281515, 1.7461838988900409, -7.787491238614441e-05
-3.9576342681831425, 1.7549447259834852, -7.818716040269846e-05
-3.9622311845268636, 1.763658503784714, -7.850030220990512e-05
-3.9669170298970844, 1.7723243471348238, -7.88139239993324e-05
-3.9716913132935607, 1.7809413761558732, -7.912760663553176e-05
-3.976553534963318, 1.789508716291969, -7.944092611028575e-05
-3.9815031864800012, 1.7980254983509367, -7.975345409660939e-05
-3.986520393173103, 1.8064516248912719, -0.00013432396459378548
-3.991498774117675, 1.8146601220619494, -0.00010979713342701425
-3.996638908721918, 1.8229242734631146, -0.00010657373527017677
-4.001900225352291, 1.83118223842836, -0.00011076042678209719
-4.0072256156923265, 1.8393558526369624, -0.00010965334482992972
-4.012638149520795, 1.8474762776641545, -0.00011159104836444556
-4.018130988332013, 1.855536449256564, -0.00011024384545704757
-4.023711567347642, 1.863544380431231, -0.00011216436314304135
-4.029370972686498, 1.8714907859628662, -0.0001107927870716563
-4.035116774060273, 1.8793832730098758, -0.00011271913039490045
-4.04093978781883, 1.8872126953593227, -0.00011132637316602079
-4.0468478884665995, 1.8949865039318514, -0.00011325800154954324
-4.0528316527771295, 1.9026957176807437, -0.00011184437860994878
-4.058899227871109, 1.9103476355638978, -0.00011378006415807551
-4.065040955917963, 1.917933443054266, -0.00011234561317297054
-4.071265229485296, 1.9254602878794824, -0.0001142837892056936
-4.077562161857463, 1.9329195239690165, -0.00011282835709253147
-4.083940369737199, 1.9403181478898142, -0.00011476719429587279
-4.090389744067699, 1.9476476845160862, -0.00011329049774794209
-4.096919108488087, 1.954914978787935, -0.00011522797579449628
-4.103518138718988, 1.9621117293458394, -0.00011372965756795139
-4.110195850995411, 1.9692446286073104, -0.00011566362914033901
-4.116941713337617, 1.9763055519942319, -0.0001141433065386388
-4.1237649222221, 1.9833010381742373, -0.00011607155208925857
-4.130654745782514, 1.9902231424707602, -0.00011452885724178019
-4.137620549761963, 1.9970782483249652, -0.0001164491310149951
-4.144651410440639, 2.00385859413024, -0.00011488374388018974
-4.151756852809945, 2.0105704064407837, -0.00011679381246154641
-4.158925769503712, 2.0172061098998144, -0.000115205487808967
-4.166167835403824, 2.0237717723805875, -0.00011710316254243125
-4.173471767851142, 2.0302600079431707, -0.00011549175207342666
-4.180847382712543, 2.0366767238907233, -0.00011737491651359067
-4.188283230519407, 2.0430147268375416, -0.0001157403870586382
-4.19578925952316, 2.049279761561504, -0.0001176070203782742
-4.203353862050292, 2.0554648303265086, -0.00011594946886006596
-4.210987110336623, 2.061575513386526, -0.00011779766589531393
-4.218677247224521, 2.0676050116981983, -0.0001161173315373798
-4.226434460659281, 2.073558738967852, -0.0001179453199509628
-4.23424685283322, 2.07943009782635, -0.00011624259403286707
-4.24212471919751, 2.08522433339938, -0.00011804874891618855
-4.250056030239442, 2.090935052902067, -0.00011632418226237284
-4.258051180744982, 2.0965673308521047, -0.0001181070383790006
-4.266098018549536, 2.102114981876674, -0.0001163613466716451
-4.2742070296077, 2.107582907878836, -0.00011811960847024627
-4.2823659482603, 2.112965133630937, -0.00011635367542539576
-4.290585343450105, 2.118266386451685, -0.00011808622489745124
-4.298852845279188, 2.123480903882584, -0.00011630110332155885
-4.307179097471255, 2.1286132367431283, -0.00011800700575664846
-4.315551635236433, 2.1336578378420867, -0.000116203916480484
-4.323981168838284, 2.1386190796599966, -0.00011788242416604922
-4.332455148023026, 2.1434916326257887, -0.00011606275286868417
-4.340984341316874, 2.1482796891392715, -0.0001177133067910563
-4.349556122499292, 2.1529781394352163, -0.00011587859873513073
-4.358181310047891, 2.157590994214625, -0.00011750082835182418
-4.366847211327001, 2.1621133655117704, -0.00011565278107328325
-4.375564686426462, 2.166549080863055, -0.00011724650225231059
-4.384320985884264, 2.170893475876366, -0.00011538695627399953
-4.393180711413717, 2.1751760406636333, -0.00019637221604307253
-4.401802169537533, 2.179223592158929, -0.0001882602232981534
-4.410554020523409, 2.1832206591450443, -0.00018628024737288307
-4.419348053984028, 2.1871359260179495, -0.00018619831239008455
-4.4281783867147935, 2.1909634639819306, -0.0001858887227683681
-4.4370459285969455, 2.1947030233866838, -0.00018553944147348123
-4.445949899805026, 2.198353946696034, -0.00018516983142702337
-4.454889503571656, 2.201915592812472, -0.00018477660410226582
-4.463863942131106, 2.2053873690052077, -0.00018436089840884184
-4.472872392083954, 2.2087687160231404, -0.0001839239395290404
-4.481914008928304, 2.2120591051024987, -0.000183466892199724
-4.490987929807572, 2.2152580355410647, -0.0001829909372348948
-4.500093275582022, 2.218365032432502, -0.00018249726411911915
-4.509229152690779, 2.221379644694932, -0.00018198706671129772
-4.518394654784574, 2.2243014433481303, -0.00018146154060383335
-4.527588864154254, 2.2271300200059483, -0.00018092188072943438
-4.5368108529816595, 2.229864985557443, -0.0001803692793154732
-4.546059684435422, 2.2325059690133466, -0.00017980492417063454
-4.555334413631673, 2.2350526164976237, -0.0001792299972451783
-4.564634088477302, 2.2375045903662922, -0.00017864567343445215
-4.573957750411196, 2.239861568438036, -0.00017805311957219683
-4.5833044350570304, 2.242123243322956, -0.00017745349357795037
-4.592673172799442, 2.244289321837521, -0.00017684794372191392
-4.602062989293871, 2.2463595244952064, -0.0001762376079786354
-4.611472905919022, 2.2483335850635453, -0.00017562361343270716
-4.620901940179747, 2.2502112501794813, -0.00017500707572465357
-4.630349106067054, 2.2519922790158073, -0.00017438909850836515
-4.639813414381045, 2.253676442992384, -0.0001737707729105309
-4.649293873021878, 2.25526352552654, -0.0001731531769746386
-4.6587894872530144, 2.2567533218177243, -0.00017253737508676759
-4.668299259940545, 2.2581456386620853, -0.00017192441737085007
-4.677822191771797, 2.2594402942931078, -0.0001713153390500155
-4.687357281456006, 2.2606371182449663, -0.000170711159776904
-4.69690352590944, 2.2617359512355804, -0.00017011288292273496
-4.70645992042704, 2.2627366450667363, -0.0001695214948354562
-4.716025458842348, 2.2636390625389806, -0.00016893796406014516
-4.725599133677249, 2.2644430773792124, -0.0001683632405318214
-4.735220600088701, 2.26476649009155, -0.00016629380693200524
-4.7449071905755815, 2.264487500748556, -0.0001614154537558643
-4.754643985737012, 2.2641213611841544, -0.00015923960226693623
-4.764408412002686, 2.263767315184661, -0.00015791121828495625
-4.774195451740095, 2.263442510116932, -0.00015723385051297223
-4.783999757669471, 2.2631557457116274, -0.00015704139440397835
-4.793816914121383, 2.2629145882132495, -0.00015715395006504762
-4.803643478332579, 2.262725915447656, -0.00015744241638465661
-4.81347670816439, 2.262595919546049, -0.00015781759680155716
-4.823314378578371, 2.262530113108265, -0.0001582198974739435
-4.833154644120956, 2.2625333626317987, -0.00015861129637578797
-4.842995934702541, 2.2626099375169826, -0.00015896904297602044
-4.852836877468831, 2.2627635656449754, -0.000159280948439533
-4.862676238690346, 2.262997490077764, -0.00015954196344658556
-4.872519588891356, 2.2633225809293904, -0.0001528867227473807
-4.882362191048985, 2.2637990810137603, -0.00015522394655081984
-4.892211557047525, 2.264387562084785, -0.00015414230690452557
-4.902056808152311, 2.265070088498707, -0.00015484661108539077
-4.9118939929180785, 2.2658419202366464, -0.00015333898918395983
-4.921722104381081, 2.2667067829929435, -0.00015334070545858225
-4.93154003686799, 2.267665166481763, -0.00015335662718052312
-4.941344341986794, 2.2687191910018165, -0.00015402880544951314
-4.951137921243762, 2.2698657478991726, -0.00015453410352506136
-4.960921395804347, 2.2711046734904485, -0.00015412406556025715
-4.970685299983677, 2.2724424736040554, -0.00015615877808738965
-4.980439321748205, 2.273871590897221, -0.0001562330845497062
-4.990176928269096, 2.2753962614153433, -0.00015652765203144625
-4.999900524899902, 2.2770130111563507, -0.00015384850856875465
-5.009605808631346, 2.2787264024025777, -0.00015388824375045518
-5.019292717452562, 2.280535424885049, -0.0001539815735230876
-5.028959498109297, 2.282439989207911, -0.00015450873492195427
-5.038603632883074, 2.2844422564772673, -0.000156270802194991
-5.048233675880285, 2.2865335259391224, -0.0001532979039687299
-5.057834923822456, 2.2887268804897745, -0.00015681561975466884
-5.067421742632565, 2.2910064786103153, -0.000153615105641991
-5.076977690747705, 2.293386972912675, -0.00015444781614049052
-5.086511715285997, 2.295859892130414, -0.0001546644982292622
-5.096020296918333, 2.2984276753148785, -0.00015493775926589404
-5.1055002775845, 2.301090406361434, -0.00015572606186964322
-5.114954807291352, 2.3038452310610182, -0.0001544005960866235
-5.124381321690922, 2.306694257108597, -0.00015467652946021815
-5.1337783966208965, 2.309637160429497, -0.00015498666270885586
-5.143144525461793, 2.31267362259374, -0.00015547057323411773
-5.15247616890483, 2.315804584755583, -0.00015678517999362374
-5.161775799934052, 2.319028294126934, -0.00015873570660984715
-5.171046539558577, 2.3223419353095234, -0.0001591173159370407
-5.180283053209672, 2.325748092983598, -0.00015956394144495123
-5.18948414151856, 2.329247376429794, -0.00015766069510048109
-5.198642277972083, 2.3328425873543357, -0.0001602853923933223
-5.207772819345131, 2.33652357830675, -0.00015789306158164873
-5.216858651306915, 2.340299954437641, -0.00015945127382138713
-5.225905145915737, 2.3441688331648707, -0.00015934274194367992
-5.234912733351914, 2.3481271865265483, -0.00015908053729218885
-5.243873469175054, 2.3521793019209856, -0.00016246463226005092
-5.252801041112483, 2.3563178409451857, -0.00016088179615048048
-5.26168103835287, 2.3605473185034564, -0.0001613280663325667
-5.270520094363675, 2.3648650171561205, -0.0001612699097426895
-5.27931282730797, 2.3692721883460073, -0.00016165602732692852
-5.288059603835902, 2.3737682825183746, -0.00016220560749924395
-5.296755480304805, 2.37835692875946, -0.00016350624677297088
-5.305400422903874, 2.3830347651672263, -0.00016623994384318275
-5.314007269076463, 2.3877947228881955, -0.00016393623265048562
-5.3224388834325325, 2.3925610515294617, -7.032639032350518e-05
-5.331205092140036, 2.3977405717089804, -7.45950354434366e-05
-5.339823324892595, 2.4029634835504696, -9.392283820947034e-05
-5.348287526919135, 2.4081810703838555, -0.00010836312800638348
-5.3567112151707095, 2.413466928520453, -0.0001058074396709241
-5.365076501504296, 2.418843471191293, -0.00010550226772315652
-5.373391258994185, 2.4243073303639027, -0.00010974882767783578
-5.381657166084633, 2.4298457803150812, -0.00010526166524738034
-5.389865202662017, 2.4354727048161324, -0.00010786598938811176
-5.398009230412714, 2.4411779375636407, -0.00010866022249228502
-5.4061115253986305, 2.446964181285666, -0.00010727668303250892
-5.414142295196786, 2.4528305859565473, -0.00010698525657210078
-5.422117396675376, 2.458781767237074, -0.00011126152806822942
-5.430038788435069, 2.4648051493690035, -0.00010676056442571191
-5.437896895705136, 2.4709141284490515, -0.00010939275171162333
-5.445686022984576, 2.4770979820975465, -0.00011015659810653666
-5.453428480082355, 2.4833607786896965, -0.00010878476812004045
-5.461094377225605, 2.4896996954320048, -0.00010846180987722498
-5.46869949684437, 2.4961204008388465, -0.00011274518090559349
-5.476246290932043, 2.5026102839402835, -0.0001082129835618395
-5.483724616583, 2.509182236762213, -0.00011084928521865045
-5.491129254159748, 2.5158250918229847, -0.00011157007263778995
-5.498482358776534, 2.5225443832755596, -0.00011018914573307503
-5.505754091311221, 2.5293353523505937, -0.00010982014489568925
-5.512960047872459, 2.5362047163811234, -0.00011408787841926671
-5.520103221391474, 2.54313989044975, -0.00010951317084190171
-5.5271728806040885, 2.5501532092451527, -0.00011213354472172643
-5.534164360823011, 2.5572331148538936, -0.00011280143936615028
-5.541099550410785, 2.5643865623926567, -0.00011139155477468687
-5.547948829927693, 2.571606878281777, -0.00011096527481258
-5.554727496019318, 2.578901796074931, -0.00011519707394053169
-5.561439133527061, 2.586258824780468, -0.00011057091863098112
-5.568072408700651, 2.593689672095331, -0.00011315722602683875
-5.5746232863369105, 2.601182454279147, -0.00011376568346915805
-5.5811132677761055, 2.6087454971905335, -0.00011230934640932277
-5.587513117523092, 2.6163702536491598, -0.0001118177824419031
-5.593837729143578, 2.6240654177554967, -0.00011599633171999191
-5.600091331846143, 2.6318186641590966, -0.00011131277435277864
-5.606261982173681, 2.6396409954587283, -0.00011384954326959518
-5.612346342140191, 2.6475202789001324, -0.00011439489563191962
-5.618365411802349, 2.6554661503071277, -0.00011287800961562455
-5.624290493813554, 2.6634682516889683, -0.00011231692675695015
-5.630135978378563, 2.671536175491243, -0.00011642895870905834
-5.635906782632303, 2.679657845409735, -0.00011168564412444848
-5.6415903575941275, 2.6878434759862415, -0.00011416098205929703
-5.647184120756928, 2.696080760488193, -0.00011464313567122186
-5.652708467793877, 2.704380574314274, -0.00011305590973237356
-5.658135391878293, 2.7127308210320344, -0.00011242536963151917
-5.663478690550125, 2.721141916679376, -0.00011646239403412251
-5.668743999417362, 2.729602129197439, -0.00011166115535826693
-5.673918165932145, 2.738120821341633, -0.0001140684678754833
-5.678999394783224, 2.7466856113632807, -0.0001144916686157682
-5.684007376985445, 2.7553085425026884, -0.00011282954240204868
-5.688914930999525, 2.7639758760490603, -0.00011213469369703022
-5.693735184845014, 2.7726987696348355, -0.00011609469228152092
-5.698474517361941, 2.781465921209676, -0.0001112413171344695
-5.703119215300091, 2.790285746264477, -0.00011357816510709773
-5.707668304716897, 2.799145866464907, -0.00011394973085854243
-5.71214069769788, 2.8080594058068993, -0.00011221127233246309
-5.7165101729384, 2.817011073185053, -0.00011146379149540309
-5.7207891187717115, 2.8260126768130247, -0.00011534777050126177
-5.724984663153488, 2.8350534421253433, -0.00011045086071903576
-5.729082561685963, 2.8441407791072786, -0.00011271963335407476
-5.733082667612064, 2.8532624078719997, -0.00011305183825827125
-5.737003030488546, 2.862432445109599, -0.00011124294369152521
-5.740818486644535, 2.871634161022754, -0.00011045904452616773
-5.7445406067759395, 2.8808799440008177, -0.00011427297490201882
-5.748177254972214, 2.8901596404598786, -0.00010934558275338402
-5.751713700167473, 2.899479587709271, -0.00011155343547536445
-5.755150621037715, 2.9088276792886, -0.0001118620507235546
-5.758505142154787, 2.918218948404858, -0.00010999341583994848
-5.761753248074017, 2.927635348851174, -0.00010918830402645296
-5.764905658531815, 2.9370897539289937, -0.00011294417092083675
-5.767970949667038, 2.946572724609461, -0.00010800209343331257
-5.7709339556662975, 2.956089479137729, -0.00011015983086326564
-5.773796166656877, 2.9656281687616044, -0.00011046242854667598
-5.776573732939805, 2.975204656334956, -0.00010854676406080177
-5.779219707260905, 2.9847952581773938, -0.00011007725228423526
-5.78179848839674, 2.9944209417562213, -0.0001075340899314714
-5.784252011032184, 3.0040650797511903, -0.00010666207919318715
-5.786625450368391, 3.0137371044955854, -0.00010686193995956828
-5.788887271545082, 3.023427843844184, -0.00010682262391847885
-5.791051994068509, 3.03314650465839, -0.00010803609063009256
-5.793130894021821, 3.042878288909884, -0.00010624850640639227
-5.795093019781798, 3.0526361626962375, -0.00011001962512685592
-5.796966615462193, 3.062407870685118, -0.00010762919762674628
-5.798755588846307, 3.0722079672882843, -0.00010597922522775916
-5.800424487464237, 3.0820144376174716, -0.00010456943914372019
-5.802010538979831, 3.0918417793050064, -0.00010475243861018946
-5.803486239640016, 3.1016804830415374, -0.00010474256217979372
-5.804860263396143, 3.111537364636305, -0.00010615747828063293
-5.806138509783106, 3.1213996149799326, -0.00010398306504894039
-5.807328772417799, 3.1312820585440115, -0.00010383493386062481
-5.80840281732992, 3.14116790757633, -0.0001060177550724628
-5.809381141646319, 3.151069081466041, -0.00010749164866974414
-5.810265812297075, 3.1609738776418177, -0.00010520988165685363
-5.811064059261043, 3.170896931877751, -0.00010296933527309537
-5.8117452480680285, 3.180818432614195, -0.00010219443797632177
-5.8123294392589235, 3.190749619241075, -0.00010313291157260096
-5.812818729750443, 3.200679362680971, -0.00010131426242265817
-5.813214804643538, 3.2106223031869563, -0.00010220799134386116
-5.813497325036505, 3.220558829875182, -0.00010211530745479758
-5.813685878508686, 3.2305043653707703, -0.00010336844064218198
-5.813782303876015, 3.2404427787217904, -0.0001014091525758376
-5.813782096347569, 3.250394397002041, -0.0001015053771099006
-5.813665782294724, 3.260329471333667, -0.00010367263047295072
-5.8134670472725665, 3.27024828277955, -8.996262038274416e-05
-5.813158522310981, 3.2802577281483405, -7.314848848000155e-05
-5.812739959103469, 3.2902889177003254, -7.618671410053457e-05
-5.812232531667759, 3.300312759303335, -7.236099582635935e-05
-5.81161959433019, 3.3103276442787584, -7.296023795816398e-05
-5.810906240880686, 3.320335747680606, -7.500747001970565e-05
-5.810103777537228, 3.3303450650876574, -7.126275738889021e-05
-5.809195894365984, 3.340341459459107, -7.194335756494086e-05
-5.808188088413478, 3.3503278448482376, -7.406287357886177e-05
-5.807091447448743, 3.360312626500129, -7.036645437547007e-05
-5.805890031830076, 3.3702812270785745, -7.109857279247178e-05
-5.804589257365152, 3.3802367639092323, -7.3268835546203e-05
-5.803199982188584, 3.3901880276897116, -6.960398905980769e-05
-5.801375622797263, 3.399953810065865, -6.956170886424085e-05
-5.799168245666859, 3.4096491265590205, -6.89126689139008e-05
-5.796925661381213, 3.419362168040011, -7.104328100560053e-05
-5.794685339854563, 3.4290875852023426, -6.79844619251857e-05
-5.792434892057753, 3.4388058573961438, -6.964011340049314e-05
-5.790180672642832, 3.4485209133248675, -7.260282827820097e-05
-5.787933771359477, 3.458242617197208, -6.967621021664039e-05
-5.785679178656739, 3.4679573670761648, -7.108959428286932e-05
-5.78342245103886, 3.4776697312199114, -7.38198927766609e-05
-5.781174332992461, 3.487389259915755, -7.07257948044937e-05
-5.778919671925087, 3.4971023603928915, -7.19705426844297e-05
-5.776663761442394, 3.5068135267736187, -7.45444283812291e-05
-5.77441711307182, 3.5165322013385296, -7.133937266606827e-05
-5.772164524902392, 3.5262447855299186, -7.247850730041083e-05
-5.769911176579153, 3.535955722877406, -7.495777362148681e-05
-5.767667465694113, 3.545674382627617, -7.168564313980719e-05
-5.76541814820984, 3.555387153313387, -7.276215581913936e-05
-5.76316834078456, 3.565098444842833, -7.518665606226493e-05
-5.760928382632835, 3.574817582331022, -7.187539629938122e-05
-5.758683002214028, 3.584530947700207, -7.291593684016773e-05
-5.75643728068319, 3.5942429297079035, -7.530921673443158e-05
-5.754201526441415, 3.6039628256663083, -7.197564200883688e-05
-5.751960449835281, 3.6136770166301617, -7.299578655306505e-05
-5.7500089912324714, 3.6235316967231648, -7.245228552499317e-05
-5.748445456044734, 3.633496975109504, -7.172214302048063e-05
-5.746898175967857, 3.6434663902996456, -7.108432097074902e-05
-5.744679319495497, 3.653263343747326, -7.133567774192384e-05
-5.742192217130386, 3.662948109661936, -7.10660111098993e-05
-5.739811996778707, 3.6726184525896524, -7.18754689481571e-05
-5.737660024938188, 3.682392663456616, -7.186997859853772e-05
-5.735828874179372, 3.692308612015751, -7.103970797434078e-05
-5.73399631692155, 3.702223513847908, -7.063032807236302e-05
-5.7319556829304465, 3.7120457575702126, -7.486473716067366e-05
-5.729913115923944, 3.721916818625449, -6.88464904220476e-05
-5.727715970452754, 3.731727104089618, -6.975056109764788e-05
-5.725373940817828, 3.7414953368107824, -7.195958091615884e-05
-5.72294463453986, 3.751254042872476, -6.851065557478275e-05
-5.720415988821492, 3.7609825156377727, -6.96062693808508e-05
-5.71779299286387, 3.770683736766822, -7.213398965072448e-05
-5.71508501089107, 3.780368009882543, -6.882614909747842e-05
-5.712278355661249, 3.790018316644474, -7.000095030101905e-05
-5.709377851435011, 3.7996384455522976, -7.259706119217002e-05
-5.706392616981469, 3.809239022617341, -6.934383414675116e-05
-5.703309519354822, 3.818802684332559, -7.056735498561784e-05
-5.700133329931871, 3.828333379344545, -7.320715018699353e-05
-5.696872895621874, 3.837842026452475, -6.998996838331051e-05
-5.693515620544878, 3.8473109147886833, -7.124588139872934e-05
-5.69006619208504, 3.8567441371728695, -7.391525257322007e-05
-5.68653315356196, 3.866152881772164, -7.072299711818886e-05
-5.682904438974619, 3.8755190967340427, -7.200117172206921e-05
-5.679184631226374, 3.8848470086743907, -7.46910375113985e-05
-5.675381948289032, 3.8941480561659447, -7.151625246160087e-05
-5.6714848551549535, 3.903403858715409, -7.280965366174286e-05
-5.66749781822961, 3.912618770748027, -7.551358198693015e-05
-5.663428720026809, 3.9218044688989817, -7.235088536622358e-05
-5.659266560974695, 3.9309422570113717, -7.365432479666811e-05
-5.65501568183166, 3.94003661136214, -7.636735549548801e-05
-5.650683616678144, 3.949099429867842, -7.321239446889116e-05
-5.646259831409747, 3.958111668845784, -7.452365520638216e-05
-5.641748418350393, 3.96707786636365, -7.724440414103029e-05
-5.637156534902471, 3.976010127305388, -7.409410214387346e-05
-5.632474266265943, 3.984889158356427, -7.540717750187387e-05
-5.627705688873216, 3.993719667926366, -7.813030913161878e-05
-5.6228576350405985, 4.002513969359122, -7.497893563601643e-05
-5.61788348512218, 4.0112595589474935, -0.0001803619233424758
-5.613113560544549, 4.0197048518787275, -0.0001710248627805333
-5.608184042797282, 4.028216882366972, -0.00016949101227115015
-5.60313035647989, 4.03666467697808, -0.0001706419410251181
-5.597988673107688, 4.045073159448027, -0.00017106187040066834
-5.5927670068794635, 4.053432793088226, -0.00016963469110153895
-5.587456797170361, 4.06173142279187, -0.0001714556839241821
-5.5820648104332875, 4.069976652605539, -0.00017259624370247195
-5.576599826835652, 4.078178301656508, -0.000171226468572927
-5.571050321855692, 4.086318573062842, -0.00017302619353248838
-5.565420175082085, 4.09440309318031, -0.00017418697808491146
-5.559718002728493, 4.102441740997736, -0.00017282717923217117
-5.553932815120729, 4.110416476655339, -0.00017463063196271333
-5.548068342988699, 4.118333030586142, -0.00017579377866955292
-5.542132958048233, 4.1262015188659955, -0.00017443240058118148
-5.536116238969907, 4.134003604767849, -0.00017622894974961278
-5.5300217550070725, 4.141745118987703, -0.0001773854835867006
-5.523857601912775, 4.14943641283962, -0.00017601269149059018
-5.517613917848059, 4.157058868706323, -0.0001777923703083495
-5.511294096226754, 4.164618414229415, -0.00017893363010956786
-5.504905953476901, 4.172125623099582, -0.0001775387340725576
-5.498440203983778, 4.1795615966678366, -0.00017929250068027258
-5.491900067692545, 4.186932349925787, -0.0001804104196860834
-5.4852930578370644, 4.194248675361538, -0.00017898549894390658
-5.47861046190343, 4.201491415745316, -0.00018070511348283746
-5.471855320500473, 4.208666676229244, -0.0001817921480454232
-5.465034829383711, 4.215785454556222, -0.0001803294351788165
-5.458140857736541, 4.222828348029549, -0.00018200745822399833
-5.451176263719416, 4.229801550052533, -0.00018305703487642155
-5.444147911641299, 4.236716253203692, -0.000181549352070709
-5.437048262455875, 4.24355282433425, -0.00018317910328941034
-5.429879994061831, 4.250317542852304, -0.00018418522149887817
-5.4226496272164795, 4.257021783727933, -0.00018262645867572758
-5.415350219062339, 4.263645701019159, -0.0001842021958526896
-5.407984264402326, 4.270195661908686, -0.0001851594615837615
-5.400557930378224, 4.276683211254183, -0.0001835441786621761
-5.39306488362204, 4.283088305040466, -0.000185060794286096
-5.385507439199976, 4.28941739464186, -0.00018596462409703474
-5.377891402198413, 4.295682180643165, -0.00018428833431050062
-5.370211052272121, 4.301862439289956, -0.0001857420221604289
-5.362468519949508, 4.307964709258968, -0.0001865886382806936
-5.3546692390447745, 4.3140008354298045, -0.0001848475549008355
-5.346808114625944, 4.319950432569252, -0.00018623507222365054
-5.338887092749752, 4.325820124992259, -0.00018702164686196232
-5.330911229928772, 4.331621887952582, -0.00018521299284929293
-5.322876066474201, 4.3373351912417535, -0.00018653215415770363
-5.314783364972953, 4.342966742084786, -0.00018725652122425496
-5.306637797403648, 4.348528632661711, -0.00018537891248526783
-5.298435540734418, 4.354000209132769, -0.00018662874091623927
-5.290178168481281, 4.359388264292095, -0.00018728965734510217
-5.281869963428132, 4.364704993439581, -0.00018534230131311835
-5.273507747905996, 4.369929636598807, -0.00018652269696167734
-5.265092905084186, 4.37506906941372, -0.0001871198624049386
-5.256629324887931, 4.380135576762111, -0.00018510309987324058
-5.2481144787677545, 4.38510831209569, -0.0001862150323537204
-5.239549555427544, 4.3899942329890935, -0.00018674935159251893
-5.230938048741925, 4.39480570039081, -0.00018466440476594403
-5.222278085767032, 4.399521799450367, -0.00018570969402875726
-5.213570661434884, 4.404149561435371, -0.00018618263572683924
-5.204818871225266, 4.4087014084258715, -0.00018403209469525228
-5.196021498486067, 4.413156378819121, -0.00018501396404801973
-5.187179335898472, 4.417521583654599, -0.0001854284849689969
-5.178296094336988, 4.42181510368242, -0.00018445890536994414
-5.169370134758, 4.426015816960022, -0.00018415134018762158
-5.160401867901473, 4.430131894342501, -0.0001825917239656749
-5.151393065699243, 4.434148451288642, -0.00018416153939421198
-5.142346045726697, 4.438088025250679, -0.00018344023022659472
-5.133258439738364, 4.441934006416075, -0.00018163655069852735
-5.124134849587305, 4.445681439945855, -0.00018405032164281465
-5.1149722867988485, 4.4493434421455955, -0.0001826431418222585
-5.105774683270112, 4.4529185710041945, -0.00018152998481918425
-5.0965412847000415, 4.45639985329387, -0.00017986499217642615
-5.087274218148291, 4.459779172934881, -0.0001813397110248527
-5.077973031779179, 4.46308026219789, -0.00017910054144565368
-5.068640571807049, 4.466278028025533, -0.00018041263638624017
-5.059275252937432, 4.469394271459859, -0.0001781133573495186
-5.049880752407168, 4.472404907721735, -0.00017943080981269732
-5.040455224746252, 4.475333216277506, -0.0001771136631614767
-5.031002638536093, 4.478155357879312, -0.00017840644627437063
-5.021520675157275, 4.480894560712629, -0.00017607474619202312
-5.012013842202934, 4.483527076168496, -0.00017734959256382465
-5.002479302948259, 4.486076085772147, -0.00017500620254096155
-4.9929220851907985, 4.488517924490374, -0.00017626716451413227
-4.983232970005108, 4.490339726220992, -0.00017459319202434154
-4.973593683979376, 4.491944234975763, -0.00016668526171198517
-4.964019329347547, 4.4935862457802775, -0.00016634810932564248
-4.95445510639642, 4.495151323659103, -0.00016601648354275245
-4.944886206644724, 4.496740494152087, -0.00016468224070403936
-4.935302912414048, 4.4983496330602115, -0.00016219627915065038
-4.925726888953134, 4.4999295317177985, -0.00016256380182710917
-4.916134828338266, 4.501509884388856, -0.00016077660981211883
-4.906555427601555, 4.5030821770596345, -0.00016125218555357312
-4.8969852202547095, 4.504705301670089, -0.00016147375094416327
-4.887416935902193, 4.506321520285079, -0.00016106113942343514
-4.877846836383513, 4.507928207893807, -0.00016072753279483543
-4.868275668139706, 4.509526213107057, -0.0001604561665459192
-4.858703680637724, 4.511116631853014, -0.00016022595454512345
-4.8491310237643885, 4.5127004759678835, -0.00016003059129293673
-4.8395578241001, 4.514278634466362, -0.00015986447225496692
-4.829984184373051, 4.51585188500683, -0.00015972289540283624
-4.820410188258199, 4.517420907348692, -0.00015960199047015955
-4.810835904326444, 4.51898629543995, -0.00015949855074010033
-4.8012613890374, 4.5205485681161655, -0.00015940990999208093
-4.791686689095095, 4.5221081785117265, -0.00015933384401489725
-4.7821118433085426, 4.523665522320339, -0.0001592684909754727
-4.772536884066495, 4.525220945036131, -0.00015921228710624735
-4.762961838511512, 4.526774748294901, -0.00015916391466441748
-4.753386729478819, 4.528327195423209, -0.0001591222597130959
-4.743811576250561, 4.52987851629149, -0.00015908637776768098
-4.7342363951645945, 4.53142891155653, -0.00015905546575240015
-4.724661200108199, 4.53297855636892, -0.0001590288390248551
-4.715086002920403, 4.534527603612029, -0.00015900591248269036
-4.705510813721435, 4.536076186731082, -0.0001589861849685681
-4.695935641183698, 4.537624422203831, -0.0001589692263410658
-4.686360492755743, 4.539172411697904, -0.00015895466672449787
-4.676785374848223, 4.540720243954344, -0.00015894218752682265
-4.667210292988893, 4.542267996431999, -0.00015893151390922178
-4.657635251952414, 4.543815736742961, -0.00015892240845705174
-4.648060255869419, 4.545363523905585, -0.00015891466583090041
-4.638485308318526, 4.546911409438184, -0.00015890810823970813
-4.628910412404231, 4.548459438313653, -0.000158902581596565
-4.61933557082303, 4.550007649792628, -0.00015889795224338643
-4.6097607859197325, 4.551556078150668, -0.00015889410415409477
-4.600186059735549, 4.553104753312922, -0.00015889093654064546
-4.590611394049267, 4.5546537014079815, -0.00015888836180055765
-4.581036790412541, 4.5562029452512744, -0.00015888630375138213
-4.571462250180257, 4.557752504766933, -0.0001588846961122492
-4.561887774536665, 4.55930239735593, -0.00015888348119275086
-4.552313364517913, 4.560852638217367, -0.0001588826087620676
-4.542739021031532, 4.56240324062886, -0.0001588820350715281
-4.533164744873266, 4.563954216191234, -0.0001588817220072869
-4.523588339556679, 4.565694399607333, -0.0001606698515895233
-4.514006463099015, 4.567687701481323, -0.00016134040573756447
-4.504392545227464, 4.569682281188578, -0.00016215136036351607
-4.494679345711815, 4.571153608558623, -0.00016410558933271924
-4.485000722192597, 4.572407172896557, -0.00015847479647812523
-4.475372902734607, 4.573949574992848, -0.0001627969477933089
-4.465738297604702, 4.57574241546075, -0.00016281619543423442
-4.456069411083535, 4.577526911838416, -0.00016336035870101462
-4.4463818784440035, 4.579250854955352, -0.00016409216671375848
-4.436678887880622, 4.5809045340942625, -0.00016469805011321004
-4.426961350457355, 4.582483477257492, -0.00016518235809298565
-4.417157331102854, 4.583404112595849, -0.0001661768271778441
-4.407417896065622, 4.584110720914972, -0.00015880915439092647
-4.397732039920633, 4.584870658543078, -0.00016064861894377058
-4.388063143644619, 4.58562773604192, -0.0001596552754258851
-4.37837527064642, 4.586347744907471, -0.00015945354209717655
-4.368698568442832, 4.587100842645813, -0.0001585377159324386
-4.3589910161014265, 4.587847081562221, -0.00016037574108196395
-4.349250855567787, 4.588515453996049, -0.00015846800323887633
-4.339484357786565, 4.589170018863935, -0.00015868641353772306
-4.329715680901532, 4.589825658323175, -0.0001566090614360527
-4.319947976100768, 4.590463830132557, -0.0001576204333241238
-4.310178187247071, 4.591092998028831, -0.00015817308436305577
-4.300405079444433, 4.591727258788607, -0.00015609121320092623
-4.2906334458770665, 4.592346991605234, -0.0001571987132472641
-4.280860626185507, 4.592960212060538, -0.00015783884154968453
-4.271085038226541, 4.593580843481857, -0.00015581820393173462
-4.261311324863723, 4.594188901614961, -0.0001569635141982495
-4.2515367676322695, 4.594792130365602, -0.0001576516856249266
-4.241759718818918, 4.595404316620539, -0.00015566232074532005
-4.231984761964293, 4.596005218652755, -0.00015682705563813126
-4.222209164441611, 4.596602385386546, -0.00015754330687622886
-4.212431242641824, 4.597209512614873, -0.0001555709408201933
-4.202655543798183, 4.59780618955785, -0.00015674573418700266
-4.1928793254988115, 4.598399842902458, -0.0001574783179019712
-4.183100882792569, 4.599004111578051, -0.00015551545500974706
-4.173324743026881, 4.599598474932591, -0.0001566957682986314
-4.163548156663622, 4.600190281185678, -0.00015743752788122123
-4.1537694098232585, 4.600793123353269, -0.00015548122678105125
-4.143993015469897, 4.601386411858904, -0.00015666497021737946
-4.134216220502762, 4.601977443438634, -0.00015741242381323017
-4.124437306017224, 4.602579782895561, -0.0001554601593125038
-4.1146607748354525, 4.603172796430335, -0.00015664595377612445
-4.104883872027824, 4.60376374761903, -0.00015739696044758666
-4.095104876325641, 4.604366183197075, -0.00015544721792976057
-4.085328283205416, 4.6049594404053735, -0.0001566342688174016
-4.0755513369024685, 4.605550761411399, -0.00015738755084276912
-4.065772315962255, 4.606153680544213, -0.0001554397454232581
-4.055995710375072, 4.606747514935385, -0.0001566275445940013
-4.046218766430091, 4.6073394876818385, -0.00015738438618195794
-4.036439757788373, 4.607943137395156, -0.00015543609298451777
-4.026663172731753, 4.608537762147608, -0.00015662387232290298
-4.016886257508093, 4.60913057607461, -0.00015738285498623217
-4.007107283542291, 4.60973512052719, -0.00015543419998353958
-3.9973307376539973, 4.610330679322523, -0.00015662194681215214
-3.987553866793858, 4.610924460174958, -0.00015738232509771022
-3.977774941572985, 4.6115300063314395, -0.0001554334312490746
-3.9679984469492835, 4.6121265921471295, -0.00015662115158215917
-3.958221630624222, 4.612721421246054, -0.00015738244068774776
-3.94844276329027, 4.613328038229417, -0.00015543338957291208
-3.9386663278011738, 4.613925711101776, -0.00015662108857550372
-3.9288895726361237, 4.6145216409113035, -0.00015738297439465976
-3.9191107691483134, 4.615129373261336, -0.00015543381964888692
-3.9093343979297326, 4.6157281718273815, -0.00015662150113143758
-3.89955770825383, 4.616325236065545, -0.00015738377992446928
-3.8897789725097573, 4.616934112352311, -0.0001554345566250337
-3.880002668925746, 4.61753406134772, -0.0001566222232259329
-3.8702260475797408, 4.6181322815547805, -0.00015738476273952084
-3.86044738213983, 4.618742319974188, -0.00015543549374869015
-3.850671148404849, 4.619343435104167, -0.000156623147233248
-3.8408945972635467, 4.619942824909613, -0.00015738586157315604
-3.8311160038201746, 4.620554036918498, -0.00015543656175992515
-3.821339841402234, 4.621156328022086, -0.00015662420328549365
-3.811563361713108, 4.62175689591662, -0.0001573870366461394
-3.8017743110531557, 4.62262086074486, -0.00015942714657657397
-3.7919628779597616, 4.623775771607428, -0.00015940842677414357
-3.782122444264665, 4.62493758985349, -0.00015998071913259082
-3.77229264171621, 4.6255539376631996, -0.00015823783804752578
-3.762540343803155, 4.625953608085841, -0.00015591956077443125
-3.7528475012043665, 4.62646018636209, -0.00015778987955877843
-3.7431625037191796, 4.626966948191403, -0.0001574723584626403
-3.7334754440306437, 4.627465544690384, -0.00015730250625722864
-3.7237880525834313, 4.6279562233551, -0.00015718451206930828
-3.714100481649444, 4.628439915663973, -0.0001570862367980541
-3.7044127699165736, 4.6289175275705485, -0.0001570058394343432
-3.694724962127856, 4.629389858220794, -0.00015693988297010852
-3.6850370907454586, 4.62985760594161, -0.00015688550760800668
-3.675349179312048, 4.630321380393389, -0.00015684048918501725
-3.6656612449400456, 4.6307817136806495, -0.0001568030633904982
-3.65597329994366, 4.631239070157761, -0.0001567718257614037
-3.646285353079063, 4.631693855020222, -0.00015674565445439326
-3.6365974104766448, 4.632146421818984, -0.00015672364974861352
-3.626909476338853, 4.632597079028272, -0.00015670508701148833
-3.617221553461687, 4.633046095783389, -0.000156689380066799
-3.6075336436234107, 4.633493706891593, -0.0001566760526021116
-3.5978457478733703, 4.633940117206942, -0.00015666471581171626
-3.5881578667457785, 4.634385505449122, -0.00015665505086642773
-3.5784700004172083, 4.634830027536346, -0.00015664679512988888
-3.5687821488219655, 4.635273819493876, -0.00015663973128865472
-3.5590943117359988, 4.635716999991985, -0.00015663367874946266
-3.549406488837375, 4.636159672560345, -0.0001566284868039225
-3.5397186797493765, 4.636601927520114, -0.00015662402918098506
-3.5300308840707477, 4.637043843669575, -0.00015662019968132324
-3.5203431013965085, 4.637485489754725, -0.0001566169086694158
-3.5106553313318467, 4.637926925752255, -0.0001566140802360949
-3.5009675735010304, 4.6383682039888035, -0.00015661164990005139
-3.491279827552724, 4.63880937011739, -0.00015660956273000348
-3.4815920931627544, 4.639250463969223, -0.0001566077718089809
-3.471904370035122, 4.639691520296804, -0.00015660623696961418
-3.4622166579017923, 4.640132569422168, -0.00015660492375035862
-3.452528956521711, 4.640573637802431, -0.0001566038025254679
-3.442841265679303, 4.641014748523099, -0.00015660284778357125
-3.433153585182709, 4.641455921728439, -0.00015660203752121404
-3.4234659148618785, 4.641897174996912, -0.00015660135273420916
-3.4137782545666453, 4.642338523668701, -0.00015660077698825825
-3.4040906041648236, 4.642779981131386, -0.00015660029605585324
-3.3944029635404065, 4.643221559069218, -0.00015659989760802295
-3.3847153325918695, 4.643663267680518, -0.00015659957095126575
-3.3750277112305955, 4.644105115867362, -0.00015659930680372858
-3.3653400993794436, 4.644547111401034, -0.00015659909710352693
-3.35565249697144, 4.644989261066373, -0.00015659893484459841
-3.345964903948598, 4.6454315707876885, -0.0001565988139341501
-3.3362773202608604, 4.645874045738602, -0.00015659872907236583
-3.3265897458651574, 4.646316690437867, -0.00015659867564665753
-3.316902180724562, 4.646759508832974, -0.00015659864964145953
-3.307214624807546, 4.64720250437305, -0.00015659864755962483
-3.2974967597113136, 4.647833700780103, -0.00015813761795324677
-3.287740519319271, 4.648716880363543, -0.00015772317608642172
-3.2779552896450523, 4.649597826338881, -0.00015823292621525153
-3.2681441396148494, 4.649943895980796, -0.00016041671804190027
-3.258350918961486, 4.650261272271087, -0.00015747213414096795
-3.248557338827557, 4.650938049364761, -0.0001590446455195793
-3.238745518120159, 4.651611479446096, -0.00015937422114903343
-3.228918818276955, 4.651687489621657, -0.00016068156354726026
-3.2191144787153614, 4.6517407259237125, -0.00015787179893289593
-3.2093010692841406, 4.652177530427619, -0.00015951901416505487
-3.1994718829723503, 4.652607375672415, -0.00015973124357560042
-3.189635791015965, 4.652967721181055, -0.0001601173328700245
-3.179806645038321, 4.652664491265951, -0.0001616300718856878
-3.170063445392701, 4.652154134183729, -0.00015527082125876834
-3.1603652358295307, 4.651700435791255, -0.0001571921689429434
-3.150682829226388, 4.651234627589595, -0.00015676099544897903
-3.140984513713645, 4.650756703695173, -0.0001549726327837453
-3.1312963570785106, 4.650283859482894, -0.0001563050333789895
-3.1215772333924185, 4.649818538276793, -0.00015845846380746487
-3.1118361326232313, 4.649266876738672, -0.00015707909112505636
-3.1020677362585363, 4.648698531636393, -0.00015744289374303166
-3.092296323248339, 4.648131050971835, -0.0001555989869592711
-3.0825277681888106, 4.647546751212547, -0.00015681609301942956
-3.0727580012293765, 4.646953622549444, -0.00015754053464517304
-3.0629839634895286, 4.64636547805493, -0.0001556007489051936
-3.053212912065487, 4.64576342100321, -0.00015684479815897268
-3.043441330954284, 4.645155105449233, -0.0001575968203911815
-3.0336658689947265, 4.644554128667788, -0.00015566426358376573
-3.023893685873231, 4.643941207131397, -0.00015690264133860765
-3.0141211830063166, 4.643323737934787, -0.00015766388337840054
-3.004344921017987, 4.642715184179736, -0.00015572747585002045
-2.9945720316559044, 4.642095994326538, -0.00015695505780677355
-2.984798921078761, 4.641473374318199, -0.00015771756009108628
-2.9750221251740676, 4.640860690756265, -0.00015577618059176013
-2.9652487555788363, 4.64023821780134, -0.00015699432471977248
-2.9554752254576746, 4.639613034933347, -0.0001577569237679044
-2.945698053912557, 4.638998449690651, -0.00015581043453949395
-2.935924337872387, 4.6383746229065155, -0.00015702126557509688
-2.9261504949216395, 4.637748553667537, -0.00015778331740168294
-2.9163730357687916, 4.637133512382528, -0.00015583278210934415
-2.906599049665261, 4.636509584362611, -0.00015703849604276066
-2.896824957386898, 4.635883717516019, -0.0001577995751554928
-2.887047265359562, 4.6352691582941725, -0.0001558462822346951
-2.8772730557496637, 4.634645943383646, -0.00015704848663267157
-2.8674987516370294, 4.634020988189479, -0.00015780855561353668
-2.857720859901654, 4.633407519909823, -0.00015585378902138736
-2.847946456010788, 4.632785544577194, -0.00015705375001218158
-2.8381719651449844, 4.632161956657158, -0.00015781312046120322
-2.8283938954382006, 4.631549971819182, -0.00015585736972351105
-2.8186193162884496, 4.630929575897156, -0.00015705584015052176
-2.808844654793845, 4.630307650043104, -0.00015781473820974945
-2.7990664210508784, 4.629697402706696, -0.0001558583422513471
-2.789291678920372, 4.629078806088128, -0.0001570558291477675
-2.7795168572726006, 4.628458732978804, -0.00015781441435769317
-2.769738468600333, 4.62785038740187, -0.00015585760268793658
-2.759963571560241, 4.627233732182132, -0.00015705444204200392
-2.750188596690398, 4.626615634962931, -0.00015781282305615818
-2.7404100591527585, 4.62600929715194, -0.00015585574838494765
-2.7306350126110455, 4.625394674961307, -0.00015705216092709584
-2.720859889199137, 4.624778632969932, -0.000157810410219561
-2.7110812069213006, 4.624174371144219, -0.00015585317306099356
-2.7013060145839813, 4.623561840876491, -0.00015704930301901898
-2.691530745868253, 4.62294790503248, -0.0001578074683225572
-2.6817519217309598, 4.622345762898573, -0.00015585013438551565
-2.671976586209402, 4.621735362211015, -0.00015704607567773587
-2.6622011744993754, 4.621123564998598, -0.0001578041881803438
-2.65242221058058, 4.620523570361083, -0.00015584680023317254
-2.6426467337790447, 4.619915323134334, -0.00015704261388399532
-2.632871180783662, 4.619305685078242, -0.00015780069385923357
-2.6230920786416383, 4.618707855425636, -0.00015584327965850742
-2.6133164620062184, 4.618101776603003, -0.00015703900526531367
-2.603540769044964, 4.617494310469431, -0.00015779706584651
-2.5937615299007537, 4.616898656597817, -0.00015583964337084755
-2.583985774580033, 4.616294755324571, -0.0001570353066074337
-2.5742099427193206, 4.615689468846392, -0.00015779335628146596
-2.564430567574683, 4.615095997210141, -0.00015583593715950972
-2.554654674523691, 4.614494278870058, -0.0001570315546646217
-2.544878704665188, 4.613891176514724, -0.0001577895989062772
-2.535099194379057, 4.6132998907514695, -0.00015583219065018472
-2.525323164426679, 4.612700358288003, -0.00015702777320575345
-2.5155470573646053, 4.612099442404461, -0.00015778581554076743
-2.5057674127026948, 4.611510344324389, -0.00015582842299793898
-2.4959912465954486, 4.610912999097717, -0.00015702397759304043
-2.4862150030537835, 4.610314270660429, -0.0001577820202868785
-2.4764352247208197, 4.609727360888057, -0.00015582464658098205
-2.4666589231512788, 4.609132203231114, -0.00015702017774776866
-2.4568825438079562, 4.608535662322721, -0.00015777822225371274
-2.447102632468629, 4.607950940713247, -0.00015582086939414097
-2.4373261960939145, 4.607357970292401, -0.0001570163800744817
-2.4275496815965374, 4.606763616416849, -0.00015777442732162195
-2.4177696378891174, 4.606181082326237, -0.00015581709659706622
-2.407993067342916, 4.60559029837531, -0.00015701258870376433
-2.3982164183189907, 4.604998130660989, -0.00015777063928301693
-2.3884362428641936, 4.604417783121209, -0.0001558133315166521
-2.378659538764578, 4.603829184593257, -0.00015700880629704317
-2.368882755828164, 4.603239201924782, -0.00015776686058111
-2.3591024492349155, 4.602661039757472, -0.0001558095762962397
-2.3493256121894297, 4.602074625423282, -0.00015700503456550496
-2.3395486959454654, 4.601486826526984, -0.0001577630927872553
-2.3297682588146453, 4.600910848417194, -0.000155805832312228
-2.3199912894236148, 4.600326616929174, -0.0001570012746077709
-2.3102142404707395, 4.599741000428561, -0.00015775933690881372
-2.300433673397627, 4.599167204972606, -0.00015580210044718878
-2.2906565722563097, 4.5985851549062255, -0.0001569975271251689
-2.2808793911886887, 4.5980017193579705, -0.00015775559358971458
-2.2710986947645444, 4.597430105094449, -0.000155798381263339
-2.2613214624645295, 4.596850234975136, -0.00015699379256345347
-2.2515441498730526, 4.596268978892422, -0.00015775186323796486
-2.24176332468616, 4.595699544322373, -0.00015579467511656064
-2.2319859618162883, 4.595121852642964, -0.00015699007120301145
-2.222208518289341, 4.594542774510626, -0.000157748146109582
-2.2124275649256724, 4.593975518110598, -0.00015579098222945342
-2.2026500720726183, 4.59340000334265, -0.00015698636321714865
-2.1928724981965897, 4.592823101627005, -0.00015774444236221763
-2.1830914172402416, 4.592258021857516, -0.00015578730273752006
-2.1733137949889034, 4.591684682458657, -0.00015698266871033706
-2.163536091348513, 4.591109955613898, -0.00015774075209062932
-2.1537548833819993, 4.590547050924951, -0.00015578363672147377
-2.143977132315753, 4.589975885343652, -0.00015697898774208463
-2.134199299494268, 4.589403331815955, -0.00015773707534810777
-2.124417965098698, 4.588842600650607, -0.00015577998422561246
-2.1146400857995578, 4.588273607329274, -0.0001569753203439217
-2.1048621243789256, 4.5877032255595145, -0.00015773341216135384
-2.095080664134125, 4.5871446663562025, -0.00015577634527036421
-2.085302657182851, 4.586577843733193, -0.00015697166652772765
-2.075524567743799, 4.586009632158688, -0.00015772976254002646
-2.065742982228391, 4.585453243352727, -0.0001557727198619463
-2.0559648482045536, 4.584888589863645, -0.00015696802629394657
-2.0461866313266364, 4.584322546919277, -0.00015772612648273787
-2.0364049211180917, 4.583768326943837, -0.00015576910799675048
-2.026626660600128, 4.5832058410223935, -0.00015696439963547304
-2.0168483168617772, 4.582641965141358, -0.00015772250398105037
-2.0070664825364504, 4.5820899124281205, -0.00015576550966445168
-1.9972880961016815, 4.58152959250668, -0.0001569607865391509
-1.9875096260802272, 4.580967882120964, -0.00015771889502186331
-1.9777276682133738, 4.5804179951005155, -0.00015576192485083906
-1.967949156438033, 4.57985983961046, -0.00015695718698977013
-1.9581705607097142, 4.57930029315115, -0.00015771529958880093
-1.9483884798755084, 4.57875257025328, -0.00015575835353914824
-1.9386098433347478, 4.578196577625244, -0.00015695360096934508
-1.9288311224747337, 4.57763919352275, -0.0001577117176639331
-1.9190489192462759, 4.577093633176592, -0.000155754795710894
-1.909270158514177, 4.57653980184063, -0.0001569500284586689
-1.8994913130965663, 4.57598457852481, -0.00015770814922777543
-1.889708988045889, 4.575441179159004, -0.00015575125134653645
-1.8799301036954696, 4.574889507544679, -0.0001569464694378131
-1.8701511342932986, 4.5743364434449285, -0.0001577045942603439
-1.8603686879913746, 4.573795203487668, -0.00015574772042553642
-1.8505896805945907, 4.573245690024122, -0.00015694292388584996
-1.840810587779834, 4.572694783569429, -0.00015770105274059976
-1.8310280207965737, 4.57215570144853, -0.00015574420292713276
-1.8212488909243225, 4.571608344564539, -0.00015693939178212934
-1.8114696752678983, 4.571059594183549, -0.00015769752464772635
-1.8016869881721542, 4.570522668326475, -0.00015574069883028674
-1.7919077363942757, 4.569977466450485, -0.0001569358731050574
-1.7821283984660443, 4.569430870571506, -0.00015769400996062943
-1.7723455918256132, 4.568896099405414, -0.0001557372081138486
-1.762566218710893, 4.5683530509655474, -0.0001569323678333734
-1.7527867590796615, 4.567808608016582, -0.00015769050865749312
-1.743003833461284, 4.567275989968321, -0.00015573373075578045
-1.73322433957745, 4.566735093392409, -0.00015692887594548344
-1.7234447588109696, 4.566192801801172, -0.00015768702071689011
-1.7136617147803312, 4.565662335297303, -0.00015573026673498802
-1.7038821006940599, 4.5651235890129005, -0.0001569253974197382
-1.6941023993590267, 4.56458344720683, -0.0001576835461173931
-1.6843192374807598, 4.564055130673651, -0.00015572681602982197
-1.674539503757672, 4.563518533108036, -0.00015692193223454387
-1.6647596824197322, 4.562980539514293, -0.00015768008483685314
-1.6549764032574126, 4.562454371377841, -0.000155723378618855
-1.6451965504620774, 4.5619199209580295, -0.00015691848036814005
-1.6354166096858218, 4.561384074003529, -0.00015767663685445354
-1.6256332138019756, 4.560860052689566, -0.00015571995447954956
-1.6158532424979086, 4.560327747842325, -0.00015691504179865534
-1.6060731828468764, 4.559794045953728, -0.00015767320214749025
-1.596289670802974, 4.559272169887791, -0.00015571654359131104
-1.5865095815526389, 4.558742009039637, -0.00015691161650455143
-1.5767294035893162, 4.5582104506433625, -0.00015766978069492454
-1.5669457759457783, 4.557690718250741, -0.0001557131459315464
-1.5571655693105875, 4.557162699827953, -0.0001569082044637904
-1.5473852735964118, 4.556633283350176, -0.00015766637247466297
-1.5376015309126052, 4.556115693055929, -0.0001557097614788283
-1.5278212074529183, 4.555589815484569, -0.0001569048056548339
-1.5180407945482717, 4.555062539351243, -0.00015766297746516722
-1.5082569373825117, 4.554547089580201, -0.00015570639021139643
-1.4984764976576377, 4.554023351286086, -0.00015690142005603258
-1.488695968121855, 4.553498213922946, -0.00015765959564439935
-1.4789119970314055, 4.552984903099721, -0.0001557030321076014
-1.469131441599604, 4.552463302508461, -0.0001568980476451265
-1.459350795990968, 4.5519403023410145, -0.0001576562269906545
-1.4495667115320439, 4.551429128890005, -0.0001556996871455163
-1.439786040950523, 4.550909664426995, -0.00015689468840041076
-1.4300052798262661, 4.550388799880546, -0.00015765287148222784
-1.4202210825540293, 4.549879762225946, -0.0001556963553030477
-1.4104402973789478, 4.5493624323163795, -0.00015689134230040258
-1.4006594212952543, 4.548843701816031, -0.00015764952909724794
-1.390875111763818, 4.548336798381835, -0.00015569303655910138
-1.3810942125502834, 4.547821601450702, -0.00015688800932284197
-1.371313222062288, 4.5473050034213545, -0.00015764619981395445
-1.3615288008247157, 4.546800232631363, -0.00015568973089136184
-1.35174778812679, 4.546287167103463, -0.0001568846894461351
-1.3419666837885769, 4.54577269996983, -0.0001576428836101429
-1.3321821513968823, 4.545270060247655, -0.00015568643827812423
-1.3224010257675765, 4.544759124547591, -0.0001568813826480775
-1.3126198081321836, 4.5442467867342025, -0.000157639580464497
-1.3028351651373329, 4.543746276503274, -0.00015568315869740612
-1.2930539271286088, 4.543237469055485, -0.00015687808890713084
-1.2832725967480243, 4.542727258986685, -0.00015763629035492333
-1.2734878436999346, 4.542228876670256, -0.00015567989212778022
-1.2637064938627092, 4.541722195898993, -0.0001568748082012017
-1.2539250512878741, 4.541214111998963, -0.00015763301325955048
-1.244140188735415, 4.540717856020122, -0.00015567663854693103
-1.2343587276195547, 4.54021330034948, -0.00015687154050875174
-1.2245771734003648, 4.53970734104223, -0.00015762974915672912
-1.2147922018913573, 4.539213209823895, -0.00015567339793332025
-1.2050106300456842, 4.5387107776777915, -0.00015686828580746548
-1.195228964730986, 4.538206941387171, -0.00015762649802425477
-1.185443884812205, 4.53771493335211, -0.0001556701702648544
-1.1756622027844934, 4.537214623154315, -0.0001568650440758046
-1.1658804269220893, 4.536712908304016, -0.00015762325984042258
-1.1560952391392645, 4.536223021874845, -0.0001556669555199952
-1.146313447476243, 4.535724832048978, -0.0001568618152914536
-1.136531561612889, 4.535225237062551, -0.00015762003458330565
-1.126746266510701, 4.534737470661739, -0.00015566375367659369
-1.1169643657580541, 4.534241399631275, -0.0001568585994329852
-1.1071823704394606, 4.533743922932122, -0.00015761682223097706
-1.0973969685615474, 4.5332582749819945, -0.00015566056471283396
-1.0876149592639115, 4.532764321170275, -0.00015685539647808389
-1.0778328550347442, 4.532268961181665, -0.00015761362276167645
-1.0680473469236966, 4.5317854301044225, -0.00015565738860690015
-1.0582652296246664, 4.531293591934646, -0.00015685220640515585
-1.0484830170285462, 4.53080034707972, -0.00015761043615347692
-1.0386974032259115, 4.530318931297433, -0.00015565422533680984
-1.028915178468036, 4.529829207192677, -0.0001568490291919411
-1.0191328580475412, 4.529338075894452, -0.00015760726238439604
-1.0093471390938233, 4.528858773829067, -0.00015565107488074714
-0.9995648074186083, 4.52837116221229, -0.00015684586481667928
-0.9897823797152733, 4.52788214289366, -0.00015760410143261794
-0.9799965561499303, 4.527404952967015, -0.00015564793721672965
-0.9702141180978392, 4.526919452261061, -0.00015684271325738797
-0.9604315836521551, 4.52643254334481, -0.00015760095327599366
-0.9506456560136038, 4.525957463978624, -0.00015564481232283045
-0.9408631121240558, 4.525474072606226, -0.00015683957449208474
-0.9310804714754722, 4.524989272515031, -0.00015759781789281835
-0.9212944403010861, 4.524516302130929, -0.00015564170017728918
-0.9115117911124602, 4.524035018514721, -0.00015683644849889822
-0.9017290447993848, 4.52355232567116, -0.0001575946952611651
-0.8919429106254962, 4.5230814626906675, -0.00015563860075817892
-0.8821601566751294, 4.522602285253184, -0.00015683333525573495
-0.872377305234928, 4.52212169807974, -0.00015759158535899598
-0.8625910685968272, 4.521652940924287, -0.00015563551404340625
-0.8528082104210146, 4.5211758680879734, -0.00015683023474111213
-0.8430252543900127, 4.520697385007034, -0.0001575884881644951
-0.8332389158219488, 4.520230732097967, -0.00015563244001115528
-0.8234559539559461, 4.51975576228518, -0.0001568271469323257
-0.8136728938694292, 4.519279381719059, -0.00015758540365540252
-0.8038864539046112, 4.518814831477646, -0.00015562937863961013
-0.794103388882634, 4.518341963110665, -0.0001568240718078373
-0.7843202252748475, 4.517867683481597, -0.00015758233181012438
-0.7745336844454448, 4.51740523432903, -0.00015562632990651082
-0.764750516800669, 4.516934465830065, -0.00015682100934572007
-0.7549672502048193, 4.516462285560206, -0.00015757927260667826
-0.7451806090419613, 4.516001935917607, -0.00015562329379037454
-0.7353973393065237, 4.515533265708796, -0.000156817959523603
-0.7256139702547795, 4.515063183220251, -0.00015757622602302623
-0.7158272292885577, 4.514604931508681, -0.0001556202702688303
-0.7060438579935577, 4.514138358012105, -0.00015681492232005878
-0.6962603870170484, 4.513670371726903, -0.00015757319203701936
-0.6864735467765155, 4.513214216367369, -0.00015561725932017323
-0.6766900744520143, 4.512749738005047, -0.0001568118977126609
-0.6669065020808328, 4.512283846345173, -0.0001575701706270638
-0.6571195630940041, 4.511829785758625, -0.00015561426092242092
-0.6473359902690261, 4.511367400952527, -0.00015680888567981555
-0.6375523170322284, 4.510903602339909, -0.0001575671617710106
-0.6277652798260829, 4.5104516349472625, -0.00015561127505364647
-0.617981607028616, 4.509991342119311, -0.00015680588619898517
-0.6081978334542214, 4.509529634975844, -0.00015756416544698837
-0.5984106985547012, 4.509079759197962, -0.00015560830169175643
-0.5886269263116973, 4.5086215567700485, -0.00015680289924874247
-0.5788430529266906, 4.508161939517585, -0.00015756118163284816
-0.5690558208587013, 4.507714153775301, -0.00015560534081493493
-0.5592719496960764, 4.507258040169277, -0.00015679992480682747
-0.5494879770264056, 4.506800511229639, -0.00015755821030671857
-0.5397006483138191, 4.506354813943761, -0.00015560239240131057
-0.5299166787564555, 4.505900787581453, -0.00015679696285114675
-0.5201326073270354, 4.505445345376436, -0.0001575552514466727
-0.510345182492688, 4.505001734967746, -0.00015559945642856787
-0.500561115064434, 4.504549794270964, -0.00015679401336005094
-0.4907769453991452, 4.504096437222342, -0.00015755230503067263
-0.48098942496483993, 4.5036549121116085, -0.000155596532875113
-0.4712052601885092, 4.503205055502129, -0.00015679107631105804
-0.46142099281019966, 4.502753782031668, -0.00015754937103679145
-0.4516333772967059, 4.502314340639644, -0.00015559362171896352
-0.44184911569408014, 4.501866566539252, -0.00015678815168268523
-0.43206475112456455, 4.5014173750687, -0.00015754644944299123
-0.4222770410516188, 4.5009800158161335, -0.00015559072293791498
-0.41249268314344706, 4.500534322646595, -0.000156785239452506
-0.4027082219035084, 4.500087211597699, -0.00015754354022734507
-0.39292041778981546, 4.499651932905336, -0.00015558783651020702
-0.3831359640958155, 4.499208319088426, -0.00015678233959870447
-0.3733514067052054, 4.498763286882945, -0.00015754064336787055
-0.36356350906843876, 4.498330087171544, -0.00015558496241385722
-0.35377896010729737, 4.497888551129036, -0.0001567794520991872
-0.3439943070847369, 4.497445596188721, -0.00015753775884264076
-0.3342063164415388, 4.497014473879043, -0.0001555821006266056
-0.3244216727309123, 4.49657501403273, -0.00015677657693197178
-0.3146369245940925, 4.496134134779359, -0.0001575348866296178
-0.30484884146007574, 4.495705088292181, -0.00015557925112708038
-0.29506410351659107, 4.4952677030638615, -0.00015677371407535334
-0.2852792607821734, 4.49482889791922, -0.0001575320267067637
-0.2754910856719212, 4.494401925675346, -0.00015557641389279953
-0.2657062540111761, 4.493966613486853, -0.00015677086350707192
-0.25592131719479366, 4.49352988087275, -0.00015752917905215158
-0.24613305062186028, 4.493104981293013, -0.00015557358890228024
-0.236348125758424, 4.492671740566198, -0.00015676802520503408
-0.22656309537468167, 4.492237078904486, -0.00015752634364396556
-0.2167747378515934, 4.491814250409739, -0.00015557077613287396
-0.20698972029900803, 4.4913830795664955, -0.0001567651991472574
-0.1972045968614831, 4.490950487279053, -0.00015752352045989015
-0.18741614889973887, 4.490529728290201, -0.00015556797556309787
-0.17763103917051937, 4.4901006257524525, -0.0001567623853119815
-0.16784582319176283, 4.489670101261191, -0.00015752070947833152
-0.158057285301835, 4.489251410199175, -0.0001555651871711361
-0.14827208390746988, 4.488824374388889, -0.00015675958367694642
-0.13848677589900663, 4.488395916115781, -0.00015751791067691867
-0.12869814859034145, 4.487979291401595, -0.00015556241093456213
-0.11891285604129392, 4.487554320740795, -0.00015675679422028077
-0.10912745651362345, 4.487127927107852, -0.00015751512403400225
-0.09933874029464178, 4.486713367162539, -0.0001555596468316156
-0.08955335710034981, 4.486290460073295, -0.00015675401691972457
-0.07976786656294707, 4.485866129502593, -0.0001575123495273778
-0.06997906194104536, 4.485453632747255, -0.00015555689484042512
-0.06019358860992301, 4.485032787651709, -0.0001567512517537395
-0.050408007571239005, 4.484610518565377, -0.00015750958713534047
-0.040619115052789624, 4.484200083421188, -0.00015555415493895275
-0.03083355209222732, 4.4837812987415395, -0.0001567484987002321
-0.02104788105968993, 4.4833610895617815, -0.00015750683683557476
-0.011258901150042357, 4.4829527144499774, -0.0001555514271053271
-0.001473249066407977, 4.48253598860849, -0.0001567457577367759
0.008312511453577413, 4.482117837757582, -0.00015750409860637582
0.018101578250096347, 4.481711521099477, -0.00015554871131745474
0.027887318951457327, 4.4812968525185, -0.00015674302884183255
0.03767316845350734, 4.480880758418793, -0.00015750137242570572
0.04746232163359257, 4.480476498635789, -0.00015554600755351977
0.05724815044835556, 4.48006388573775, -0.00015674031199308658
0.06703408842810737, 4.479649846811678, -0.00015749865827158205
0.07682332748947458, 4.4792476423252525, -0.00015554331579137326
0.08660924391433594, 4.47883708353267, -0.00015673760716894414
0.09639526986844749, 4.478425098202757, -0.0001574959561221334
0.10618459430983274, 4.478024947434484, -0.00015554063600942136
0.11597059784250831, 4.4776164411699595, -0.00015673491434703424
0.12575671126865665, 4.47720650785882, -0.00015749326595515534
0.1355461205898154, 4.476808409230368, -0.0001555379681854041
0.14533221072904057, 4.476401953916606, -0.000156732233505541
0.15511841112592215, 4.475994071046956, -0.00015749058774883196
0.16490790482762874, 4.475598022980101, -0.0001555353122975056
0.17469408107315676, 4.475193617039907, -0.0001567295646224265
0.1844803679404855, 4.474787783034562, -0.00015748792148134738
0.19426994552453236, 4.474393783951177, -0.00015553266832363244
0.20405620737713456, 4.473991425807462, -0.0001567269076757638
0.21384258021564218, 4.473587639089358, -0.00015748526713066369
0.22363224118483846, 4.473195687411431, -0.00015553003624219075
0.23341858814630279, 4.472795375487221, -0.00015672426264379258
0.24320504645773727, 4.472393634479393, -0.00015748262467463192
0.25299479031590894, 4.4720037286290335, -0.0001555274160310316
0.2627812218890394, 4.471605461347473, -0.0001567216295040308
0.27256776517616454, 4.471205764473085, -0.00015747999409160274
0.2823575914281532, 4.470817902872519, -0.00015552480766795052
0.2921441071167692, 4.470421678656867, -0.00015671900823499563
0.30193073488336397, 4.470024024339202, -0.00015747737535942719
0.3117206430350262, 4.469638205410796, -0.00015552221113163123
0.32150724234396133, 4.469244022684448, -0.0001567163988143161
0.3312939540948188, 4.46884840934693, -0.0001574747684563449
0.341083943653025, 4.468464631513164, -0.00015551962639964723
0.35087062608812736, 4.4680724886996455, -0.00015671380122045386
0.36065742132905443, 4.467678914765815, -0.00015747217336026242
0.3704474918016889, 4.467297176449321, -0.00015551705345029365
0.3802342568698185, 4.466907071972297, -0.0001567112154313155
0.390021135107634, 4.466515535865851, -0.00015746959004930838
0.39981128600359295, 4.466135835489387, -0.0001555144922615881
0.4095981332126233, 4.465747767772668, -0.00015670864142469654
0.4193850939551586, 4.465358267917443, -0.00015746701850150036
0.42917532478435017, 4.464980603903938, -0.00015551194281182568
0.43896225364316455, 4.464594571371472, -0.0001567060791788366
0.44874929639926175, 4.464207106191442, -0.00015746445869513348
0.45853960667260557, 4.4638314769639615, -0.00015550940507891298
0.4683266166910992, 4.4634474780398605, -0.00015670352867186432
0.478113740970611, 4.463062045959174, -0.00015746191060816983
0.48790413020003554, 4.462688449940941, -0.00015550687904092309
0.49769122088911283, 4.462306483049468, -0.00015670098988179726
0.5074784262029013, 4.461923082492418, -0.00015745937421846046
0.5172688939013451, 4.461551518106828, -0.00015550436467604012
0.5270560647729192, 4.4611715816724145, -0.0001566984627865975
0.536843350632855, 4.46079021106347, -0.00015745684950452254
0.546633896314266, 4.460420676734076, -0.00015550186196222615
0.556421146881259, 4.460042769181321, -0.00015669594736467118
0.5662085128002203, 4.459663426945113, -0.00015745433644431817
0.5759991359795521, 4.459295921095644, -0.00015549937087799837
0.5857864657558927, 4.458920040849319, -0.00015669344359364734
0.5955739112477657, 4.458542725410655, -0.00015745183501569837
0.6053646114409804, 4.458177246465021, -0.0001554968914011523
0.6151520199416036, 4.4578033919500655, -0.0001566909514518211
0.6249395445212798, 4.457428101733936, -0.00015744934519706932
0.6347303212453446, 4.457064648116229, -0.00015549442350981657
0.6445178079861921, 4.45669281775778, -0.00015668847091726557
0.6543054111695678, 4.456319551189356, -0.0001574468669664486
0.6640962639424556, 4.455958121323847, -0.00015549196718217528
0.6738838284404728, 4.455588313547223, -0.00015668600196833138
0.6836715097444507, 4.455217069051863, -0.00015744440030196483
0.6934624380851382, 4.45485766136303, -0.00015548952239652358
0.7032500798582747, 4.454489874593744, -0.00015668354458275857
0.7130378388007598, 4.454120650597004, -0.0001574419451817466
0.7228288422292272, 4.453763263509503, -0.00015548708913082354
0.7326165607964364, 4.453397496173262, -0.00015668109873878677
0.7424043968963365, 4.4530302911009, -0.00015743950158397801
0.7521954749335665, 4.452674923039604, -0.00015548466736325928
0.7619832698148034, 4.452311173562315, -0.0001566786644145446
0.771771182592029, 4.451945985840289, -0.00015743706948667668
0.7815623347600067, 4.451592635230273, -0.00015548225707207042
0.7913502054762279, 4.451230902038057, -0.00015667624158810511
0.8011381944516904, 4.4508677300925275, -0.00015743464886830427
0.8109294202734015, 4.450516395359074, -0.00015547985823527455
0.8207173663465642, 4.4501566768782626, -0.0001566738302377635
0.8305054310421746, 4.4497955191356215, -0.00015743223970665632
0.8402967300416042, 4.449446198704235, -0.00015547747083138885
0.8500847509946651, 4.449088493361375, -0.0001566714303414818
0.8598728909333347, 4.448729348248215, -0.00015742984197997245
0.8696642626354679, 4.448382040544618, -0.00015547509483820887
0.8794523579923831, 4.448026346766471, -0.00015666904187744413
0.8892405726980214, 4.4476692127096165, -0.00015742745566665883
0.8990320166288409, 4.447323916159762, -0.00015547273023414077
0.9088201859145637, 4.446970232373325, -0.00015666666482389013
0.918608474912077, 4.4466151077998255, -0.00015742508074456651
0.9283999905985633, 4.446271820829891, -0.00015547037699720212
0.9381882333390443, 4.44592014546239, -0.0001566642991588929
0.9479765961543373, 4.445567028799527, -0.00015742271719221268
0.9577681831244664, 4.445225749835926, -0.00015546803510591012
0.9675564988466533, 4.444876081314816, -0.00015666194486052554
0.9773449350066256, 4.44452497099011, -0.0001574203649875039
0.9871365927893702, 4.4441856984595, -0.00015546570453828235
0.9969249810212044, 4.443838035212489, -0.00015665960190736072
1.00671349005375, 4.443488929653696, -0.0001574180241087353
1.016505218179078, 4.443151661982975, -0.0001554633852724474
1.0262936784494956, 4.44280600243801, -0.0001566572702771385
1.0360822598835033, 4.442458900073146, -0.00015741569453447957
1.0458740578823749, 4.442123635689466, -0.00015546107728675596
1.055662589721307, 4.4417799782747345, -0.00015665494994832052
1.0654512430866603, 4.441434877532055, -0.00015741337624236573
1.0752431104910278, 4.44110161486281, -0.00015545878055966966
1.0850317134293963, 4.440759958006766, -0.0001566526408989799
1.0948204382569684, 4.440416857314784, -0.00015741106921118853
1.1046123745997791, 4.4400855947876465, -0.00015545649506892856
1.114401048169497, 4.439745936918995, -0.00015665034310746728
1.1241898439911537, 4.439404834706492, -0.00015740877341868798
1.1339818488063438, 4.43907557074938, -0.00015545422079316085
1.143770592540318, 4.4387379102970925, -0.00015664805655168923
1.1535594588889153, 4.4383988049931045, -0.00015740648884327024
1.1633515317114114, 4.4380715380342135, -0.00015545195771066167
1.1731403451435367, 4.437735873427535, -0.00015664578121016293
1.1829292815529202, 4.4373987634613705, -0.0001574042154633415
1.1927214219186377, 4.437073491929162, -0.0001554497057994486
1.2025103045837982, 4.4367398215976035, -0.0001566435170610725
1.2122993105888025, 4.43640470539885, -0.00015740195325714135
1.2220915180346454, 4.436081427722073, -0.00015544746503787232
1.2318804694687115, 4.43574975009542, -0.00015664126408265755
1.241669544605157, 4.435416626093941, -0.00015739970220279842
1.2514618186690187, 4.4350953407016105, -0.00015544523540445
1.2612508384088505, 4.434765654209942, -0.00015663902225326876
1.2710399822135483, 4.434434520835882, -0.00015739746227877438
1.2808323224343052, 4.434115226157308, -0.00015544301687714368
1.2906214100177467, 4.433787529230972, -0.00015663679155086818
1.3004106220284906, 4.433458384914763, -0.00015739523346314233
1.3102030279460066, 4.433141079379549, -0.00015544080943469263
1.3199921829118888, 4.432815370449202, -0.00015663457195408403
1.3297814626674573, 4.4324882136215695, -0.00015739301573441944
1.3395739338225803, 4.4321728956596065, -0.0001554386130550589
1.3493631557107164, 4.4318491731561895, -0.00015663236344115594
1.3591525027508733, 4.431524002248161, -0.00015739080907084535
1.3689450386854343, 4.431210670289648, -0.0001554364277167597
1.378734327036623, 4.430888932644402, -0.000156630165990157
1.3885237409021156, 4.4305657460873, -0.0001573886134507707
1.3983163411589294, 4.430254398562728, -0.00015543425339814565
1.4081056955149513, 4.429934644207207, -0.00015662797957927133
1.4178951757475073, 4.4296134404326635, -0.00015738642885232412
1.427687839870369, 4.429304075772842, -0.00015543209007740089
1.437477259773985, 4.428986303138896, -0.00015662580418734917
1.4472668059163152, 4.428667080578849, -0.0001573842552541893
1.4570595334500016, 4.428359697214898, -0.00015542993773287606
1.4668490184449525, 4.428043904734692, -0.00015662363979218608
1.4766386300407446, 4.427726661821401, -0.0001573820926346614
1.4864314205310114, 4.427421258184755, -0.00015542779634325488
1.4962209701620206, 4.427107444290784, -0.0001566214863726878
1.5060106467559449, 4.426792179456816, -0.0001573799409717025
1.515803499749527, 4.426488753979231, -0.00015542566588661044
1.5255931135622927, 4.426176917104299, -0.00015661934390681642
1.5353828546999966, 4.425863628782554, -0.0001573778002441073
1.5451757697446067, 4.425562179896116, -0.00015542354634157096
1.5549654472858072, 4.425252318473365, -0.00015661721237286708
1.564755252513914, 4.424941005097064, -0.0001573756704303375
1.5745482291582416, 4.424641531234183, -0.00015542143768648709
1.584337969975531, 4.424333643697071, -0.00015661509174935695
1.5941278388416416, 4.424024303699769, -0.0001573735515084107
1.6039208766353523, 4.423726803293202, -0.00015541933989965395
1.6137106802773593, 4.423420888075526, -0.00015661298201474771
1.6235006123300493, 4.42311351989112, -0.0001573714434570661
1.6332937108237824, 4.422817991373948, -0.00015541725295969977
1.643083576840112, 4.422514046909847, -0.0001566108831472235
1.652873571628933, 4.422208648972569, -0.00015736934625454335
1.6626667303743028, 4.421915090778222, -0.00015541517684486417
1.6724566583155334, 4.421613115502182, -0.00015660879512535697
1.6822467153910072, 4.421309686246609, -0.00015736725987941513
1.692039933940601, 4.421018096808868, -0.00015541311153360882
1.7018299233582814, 4.420718089155717, -0.0001566067179274988
1.7116200422719046, 4.420416627016779, -0.0001573651843099766
1.7214133201792796, 4.420127004769771, -0.00015541105700456193
1.7312033706259324, 4.419828963174693, -0.0001566046515322217
1.7409935509301713, 4.4195294665876625, -0.00015736311952485593
1.7507868877498576, 4.419241809965875, -0.00015540901323607414
1.7605769987789746, 4.418945732864404, -0.00015660259591770975
1.7703672400272668, 4.4186482002649266, -0.00015736106550229279
1.7801606353147634, 4.418362507703203, -0.00015540698020666266
1.7899508064808076, 4.418068393531244, -0.0001566005510627022
1.7997411082275607, 4.417772823355314, -0.00015735902222091536
1.8095345615393355, 4.417489093288869, -0.00015540495789495568
1.8193247923977376, 4.417196940482675, -0.00015659851694532767
1.829115154198325, 4.416903331166664, -0.00015735698965935185
1.8389086650918136, 4.4166215620310725, -0.00015540294627930384
1.8486989551989728, 4.416331369027286, -0.00015659649354438088
1.8584893766097388, 4.416039719007926, -0.0001573549677957864
1.868282944643343, 4.415759909239144, -0.00015540094533822435
1.8780732935566233, 4.415471674474761, -0.00015659448083815697
1.8878637741348754, 4.415181982189167, -0.0001573529566089582
1.8976573988679653, 4.414904130223519, -0.0001553989550504009
1.9074478061456974, 4.414617852135925, -0.00015659247880511762
1.917238345449709, 4.414330116021582, -0.000157350956077551
1.9270320264426168, 4.414054220295779, -0.00015539697539440622
1.936822491644096, 4.413769897322737, -0.00015659048742433512
1.9466130892331055, 4.4134841158175195, -0.0001573489661796934
1.9564068260471286, 4.413210174768654, -0.00015539500634859094
1.9661973487326134, 4.412927805348315, -0.0001565885066735495
1.9759880041668225, 4.412643976890482, -0.00015734698689434667
1.985781796364221, 4.412371988956044, -0.00015539304789163877
1.9955723760949322, 4.412091571526943, -0.00015658653653172205
2.005363088935504, 4.411809694555145, -0.00015734501819991698
2.0151569360794963, 4.411539658173013, -0.00015539110000212242
2.0249475724176165, 4.411261191174079, -0.00015658457697725892
2.0347383422266767, 4.410981264127354, -0.00015734306007503251
2.0445322438814473, 4.4107131777358015, -0.00015538916265889213
2.05432293639012, 4.410436659606366, -0.00015658262798906586
2.064113762730751, 4.410158680924162, -0.00015734111249821048
2.0739077184614403, 4.409892542961868, -0.00015538723584013203
2.0836984667047678, 4.409617972141665, -0.0001565806895452715
2.093489349141017, 4.409341940263831, -0.00015733917544802356
2.103283358513724, 4.409077749169875, -0.00015538531952508094
2.113074162056767, 4.408805124099038, -0.00015657876162450401
2.122865100153634, 4.408531037465825, -0.000157337248903211
2.1326591627354174, 4.408268791679701, -0.0001553834136915344
2.1424500211441937, 4.407998110798782, -0.00015657684420600226
2.152241014467638, 4.407725967850856, -0.0001573353328424565
2.1620351298265126, 4.407465665812472, -0.00015538151831900882
2.1718260426679956, 4.407196927562428, -0.00015657493726783933
2.181617090784931, 4.40692672674087, -0.0001573334272445548
2.1914112584898633, 4.4066683668905435, -0.00015537963338557725
2.2012022253319836, 4.406401569712752, -0.00015657304078864343
2.21099332781028, 4.4061333094590625, -0.00015733153208752348
2.2207875474311938, 4.40587689023755, -0.0001553777588702565
2.230578567842835, 4.405612032573817, -0.00015657115474698724
2.2403697242513165, 4.405345711329916, -0.0001573296473505459
2.250163995359091, 4.405091231178384, -0.0001553758947516748
2.2599550689100885, 4.4048283114709275, -0.0001565692791221096
2.26974627881853, 4.404563927679165, -0.00015732777301252776
2.2795406009849914, 4.4043113850392155, -0.0001553740410084603
2.2893317272461355, 4.4040504017306965, -0.00015656741389219464
2.2991229902252672, 4.403787953833853, -0.0001573259090520418
2.308917363023195, 4.403537347147521, -0.00015537219761951881
2.3187085415662243, 4.403278298681028, -0.00015656555903592606
2.3284998571877242, 4.403017785122326, -0.00015732405544743866
2.3382942801908504, 4.4027691128320825, -0.000155370364563312
2.3480855105884544, 4.402511997651139, -0.00015656371453248719
2.3578768784249506, 4.402253416874227, -0.0001573222121776241
2.3676713512079535, 4.402006677422978, -0.00015536854181913418
2.3774626330337707, 4.401751493971556, -0.00015656188036006213
2.387254052658841, 4.401494844420531, -0.0001573203792216149
2.397048574797347, 4.40125003625165, -0.00015536672936511398
2.406839907625964, 4.40099678297416, -0.0001565600564976677
2.4166313786141327, 4.400742063093568, -0.00015731855655803928
2.4264259496847176, 4.400499184650852, -0.0001553649271803792
2.4362173330916663, 4.40024785999216, -0.00015655824292376552
2.4460088550184045, 4.399995068226997, -0.00015731674416563646
2.455803474598584, 4.399754117954711, -0.00015536313524372458
2.4655949081603428, 4.399504720360134, -0.0001565564396177055
2.475386480602064, 4.3992538551558455, -0.0001573149420233122
2.485181148270305, 4.399014831498711, -0.0001553613535340559
2.4949726315642984, 4.39876735941402, -0.00015655464655778273
2.504764254098363, 4.398518419216513, -0.0001573131501096947
2.514558969434072, 4.398281320619703, -0.00015535958203011235
2.524350502038664, 4.39803577249113, -0.00015655286372301402
2.5341421742433745, 4.397788755746781, -0.00015731136840363424
2.5439369368269, 4.397553580655939, -0.0001553578207106887
2.5537285183214014, 4.397309954930179, -0.00015655109109219412
2.563520239776005, 4.3970648600858135, -0.00015730959688436963
2.573315049188641, 4.396831606947052, -0.00015535606955469072
2.5831066791532993, 4.396589902071279, -0.00015654932864411775
2.5928984494379814, 4.396346727574206, -0.00015730783553036254
2.602693305261959, 4.396115394834106, -0.00015535432854113518
2.612484983277964, 4.395875609255952, -0.0001565475763578017
2.62227680197385, 4.395634353553948, -0.00015730608432068527
2.63207170379234, 4.395404939659566, -0.00015535259764865028
2.641863429441821, 4.395167071827144, -0.00015654583421165214
2.651655296130975, 4.394927733368465, -0.00015730434323413256
2.661450243528085, 4.394700236767343, -0.00015535087685641935
2.6712420163941104, 4.39446428512925, -0.00015654410218490789
2.6810339306595377, 4.394226862362631, -0.0001573026122497212
2.6908289232203124, 4.39400128150279, -0.00015534916614351468
2.700620742886883, 4.393767244508101, -0.00015654238025658573
2.71041270431252, 4.393531735882763, -0.0001573008913461349
2.7202077416229447, 4.393308069212709, -0.00015534746548845346
2.729999607675002, 4.3930759453109935, -0.00015654066840559144
2.7397916158457236, 4.39284234927664, -0.0001572991805026125
2.7495866974927123, 4.3926205952453765, -0.00015534577487019696
2.759378609516129, 4.392390382886683, -0.00015653896661055322
2.769170664017741, 4.392158697893521, -0.00015729747969794872
2.7789657895891433, 4.3919388549505385, -0.00015534409426831708
2.788757747170727, 4.391710552585416, -0.00015653727485059887
2.798549847589974, 4.391480777084136, -0.00015729578891121587
2.8083450166745743, 4.3912628436794225, -0.00015534242366127549
2.818137019402064, 4.391036449758915, -0.00015653559310452314
2.827929165326619, 4.390808582200711, -0.00015729410812154176
2.8377243775141276, 4.390592556784766, -0.0001553407630282555
2.8475164249761966, 4.390368069760421, -0.00015653392135167588
2.857308615994664, 4.390142108596997, -0.00015729243730744358
2.8671038708757273, 4.389927989620813, -0.00015533911234838493
2.8768959626619752, 4.38970540794469, -0.00015653225957057426
2.8866881983638892, 4.389481351628245, -0.00015729077644877076
2.896483495530079, 4.3892691375433275, -0.00015533747160045852
2.9062756312310367, 4.389048459667984, -0.00015653060774073468
2.91606791120686, 4.388826306651237, -0.00015728912552365193
2.9258632502506785, 4.388615995909613, -0.00015533584076393714
2.935655429457803, 4.388397220288122, -0.00015652896584111842
2.945447753298927, 4.388176969024293, -0.00015728748451177
2.955243133813803, 4.38796856007849, -0.00015533421981733797
2.9650353561194778, 4.387751685164446, -0.00015652733385035367
2.97482772341822, 4.387533334107285, -0.0001572858533919197
2.984623144998506, 4.38732682541036, -0.00015533260874028842
2.9944154099960434, 4.387111849657871, -0.00015652571174773477
3.004207820345644, 4.386895397261645, -0.0001572842321435619
3.0140032825866174, 4.386690787267174, -0.0001553310075119163
3.02379558987025, 4.38647770913087, -0.00015652409951272261
3.0335880428648805, 4.386263153850367, -0.00015728262074532484
3.0433835453627434, 4.386060441012454, -0.00015532941611096085
3.053175894527633, 4.3858492589474976, -0.0001565224971240009
3.062968389762378, 4.385636599238034, -0.00015728101917672488
3.072763932114255, 4.385435782011318, -0.00015532783451693843
3.0825563227564787, 4.385226494473398, -0.00015652090456086398
3.0923488598273523, 4.3850157287908225, -0.00015727942741655676
3.1021444416312893, 4.3848168056304715, -0.0001553262627086438
3.111936873347849, 4.384609411075808, -0.0001565193218021066
3.1217294518517824, 4.384400537876509, -0.0001572778454444479
3.1315250727067423, 4.384203507238225, -0.00015532470066575987
3.1413175450955606, 4.3839980041235895, -0.00015651774882752267
3.151110164630409, 4.38379102186448, -0.0001572762732391375
3.1609058241362753, 4.383595882204513, -0.0001553231483671924
3.1706983367961916, 4.3833922689871985, -0.00015651618561574043
3.18049099696072, 4.383187176125753, -0.00015727471078047506
3.190286694718296, 4.382993925900888, -0.00015532160579206922
3.2000792472490684, 4.382792201038734, -0.0001565146321460542
3.2098719476429682, 4.382588996032957, -0.00015727315804664466
3.2196676832539697, 4.382397633700535, -0.00015532007291990668
3.229460275256271, 4.38219779565194, -0.00015651308839770284
3.2392530154801444, 4.3819964769603885, -0.00015727161501799536
3.2490487885472072, 4.381807000978298, -0.0001553185497297216
3.2588414196226285, 4.381609048202204, -0.0001565115543502582
3.268634199277995, 4.38140961428399, -0.00015727008167298884
3.2784300094046652, 4.381222023110672, -0.00015531703620114135
3.2882226791557083, 4.381025954066576, -0.00015651002998257058
3.298015497845, 4.380828403381366, -0.00015726855799141903
3.3078113446357382, 4.380642695475822, -0.00015531553231329376
3.3176040526658213, 4.380448508623783, -0.00015650851527421183
3.3273969099923844, 4.380252839631794, -0.00015726704395235824
3.3371927930525644, 4.380069013453589, -0.00015531403804525112
3.346985538966016, 4.3798767072542235, -0.00015650701020375468
3.356778434534106, 4.3796829184162425, -0.0001572655395350453
3.3665743534700114, 4.3795009724255, -0.00015531255337652983
3.3763671368720676, 4.3793105453399805, -0.00015650551475177021
3.3861600702868526, 4.379118635117367, -0.00015726404471894107
3.3959560247056757, 4.378938567774777, -0.00015531107828675728
3.4057488452024867, 4.378750018264862, -0.00015650402889638704
3.415541816070043, 4.37855998511953, -0.00015726255948328438
3.425337805579885, 4.378381794886366, -0.00015530961275489474
3.4351306627785076, 4.378195121414368, -0.00015650255261762114
3.4449236707058213, 4.378006963808816, -0.00015726108380770265
3.45471969491569, 4.377830649146913, -0.00015530815676062515
3.464512588424089, 4.377645850175727, -0.0001565010858944338
3.4743056330190494, 4.377459566573021, -0.00015725961767132368
3.4841016915388594, 4.377285125944802, -0.00015530671028329834
3.4938946209659054, 4.3771021999379025, -0.0001564996287065079
3.503687701837309, 4.3769177888016895, -0.00015725816105377488
3.51348379427788, 4.376745220670151, -0.00015530527330220867
3.5232767592333456, 4.376564166091589, -0.00015649818103324886
3.5330698759908947, 4.376381625886097, -0.0001572567139344061
3.54286600196395, 4.376210928714817, -0.00015530384579692802
3.5526590020585127, 4.376031744029231, -0.000156496742854062
3.562452154312813, 4.375851073219279, -0.0001572552762925672
3.5722483134309786, 4.375682245472434, -0.00015530242774686176
3.582041348276223, 4.375504929145049, -0.00015649531414813067
3.59183453563878, 4.3753261261960334, -0.00015725384810771903
3.601630727515579, 4.375159166338385, -0.00015530101913152627
3.6114237967239844, 4.37498371683501, -0.00015649389489502674
3.621217018807208, 4.374806780212936, -0.00015725242935954453
3.6310132430570716, 4.3746416867098405, -0.0001552996199307155
3.6408063462420195, 4.374468102496892, -0.00015649248507448865
3.650599602659215, 4.3742930306683405, -0.00015725102002750457
3.6603958588974668, 4.37412980198575, -0.00015529823012344623
3.670188995673239, 4.373958081530227, -0.00015649108466575523
3.679982286038615, 4.373784872962393, -0.00015724962009100452
3.6897785738814783, 4.373623507566857, -0.00015529684968962343
3.6995717438632547, 4.373453649336374, -0.00015648969364828735
3.709365067791912, 4.3732823024970475, -0.00015724822952961626
3.7191613868565083, 4.37312279885573, -0.00015529547860881898
3.7289545896603635, 4.372954801318495, -0.00015648831200182345
3.738747946768305, 4.372785314676071, -0.00015724684832324476
3.748544296672648, 4.372627671256729, -0.00015529411686027172
3.7583375319155525, 4.372461532881555, -0.0001564869397058244
3.7681309218196715, 4.372293904905034, -0.00015724547645096232
3.7779273021826727, 4.372138120176051, -0.00015529276442416418
3.7877205694824916, 4.3719738394323695, -0.0001564855767399731
3.797513991800577, 4.371808068591365, -0.00015724411389256288
3.8073104022420394, 4.371654141021725, -0.00015529142127979068
3.8171037012175293, 4.371491716379578, -0.00015648422308373044
3.826897155568264, 4.37132780114432, -0.00015724276062778486
3.83669359570888, 4.371175729203623, -0.00015529008740683414
3.8464869259796908, 4.371015159133661, -0.00015648287871672384
3.8562804119826453, 4.370853097974994, -0.00015724141663647773
3.8660768814440014, 4.370702880133468, -0.00015528876278481096
3.875870242630673, 4.370544163106971, -0.00015648154361896927
3.8856637599063104, 4.370383954496356, -0.00015724008189771377
3.8954602583108784, 4.370235589224851, -0.00015528744739373712
3.9052536500348394, 4.370078723713712, -0.0001564802177694835
3.9150471982045145, 4.369920366123246, -0.00015723875639162
3.9248437251756583, 4.369773851893227, -0.0001552861412130735
3.934637147059227, 4.369618836369978, -0.00015647890114839358
3.944430725745177, 4.369462328272366, -0.00015723744009787932
3.954227280907146, 4.369317663555937, -0.00015528484422261402
3.9640207325735237, 4.369164496493719, -0.00015647759373527137
3.9738143413988753, 4.3690098363623155, -0.00015723613299617467
3.9836109243768063, 4.368867019632202, -0.00015528355640220814
3.9934044054500872, 4.368715699504806, -0.00015647629550991082
4.003198044038856, 4.368562885813586, -0.00015723483506613345
4.012994654458766, 4.368421915543161, -0.00015528227773176084
4.022788164563921, 4.368272440825003, -0.00015647500645199486
4.032581832541, 4.368121472048576, -0.00015723354628799369
4.042378470029792, 4.367982346711841, -0.00015528100819067747
4.0521720087926845, 4.367834715877977, -0.00015647372654109537
4.061965705783852, 4.367685590491598, -0.00015723226664066114
4.071762369969311, 4.367548308563201, -0.00015527974775880748
4.081555937016676, 4.367402520089324, -0.0001564724557574504
4.091349662648592, 4.367255236568888, -0.00015723099610487346
4.1011463531593835, 4.367119796524117, -0.00015527849641655544
4.1109399481188404, 4.36697584888657, -0.00015647119408063181
4.1207337020190495, 4.366830405708611, -0.0001572297346600915
4.13053041848472, 4.366696806023404, -0.00015527725414316018
4.1403240409847735, 4.366554697699171, -0.00015646994149032256
4.150117822781694, 4.366411093340878, -0.00015722848228627573
4.159914564832666, 4.366279332491813, -0.00015527602091885973
4.169708214502695, 4.36613906195853, -0.0001564686979664276
4.17950202382563, 4.365997294897735, -0.00015722723896310908
4.189298791093204, 4.36586737136206, -0.000155274796723337
4.199092467563462, 4.365728937098017, -0.0001564674634890184
4.2088863040425855, 4.3655890058132165, -0.00015722600467055203
4.218683096158942, 4.36546091806882, -0.00015527358153666349
4.238270662326927, 4.365186221523298, -0.00015722477938839852
4.248067478925115, 4.365059968048732, -0.00015527237533879967
4.2578612078901, 4.364925201760661, -0.00015646502159277764
4.267655097575629, 4.36478893746594, -0.0001572235630970531
4.277451938289573, 4.364664516740423, -0.00015527117810926194
4.2872456929508065, 4.3645315821603985, -0.00015646381413420007
4.2970396086883, 4.364397149081088, -0.00015722235577608767
4.306836473152801, 4.364274559584498, -0.00015526998982889895
4.316630253144038, 4.364143455193449, -0.0001564626156410065
4.326424194567169, 4.364010851810682, -0.00015722115740562925
4.336221082417896, 4.363890092023563, -0.00015526881047694951
4.3460148873737605, 4.363760816303091, -0.00015646142609404556
4.355808854117072, 4.3636300410986655, -0.00015721996796586035
4.365605764990558, 4.363511109502234, -0.00015526764003409577
4.375399594546542, 4.363383660934593, -0.00015646024547327775
4.385193586245443, 4.363254712390988, -0.00015721878743640838
4.394990519779099, 4.363137607467134, -0.00015526647847963204
4.404784373571564, 4.3630119845352695, -0.00015645907375871904
4.414578389862338, 4.362884861135624, -0.00015721761579756688
4.424375345694437, 4.36276958136691, -0.00015526532579424046
4.434169223360612, 4.362645782554431, -0.00015645791093010786
4.443963263880402, 4.3625204827825685, -0.00015721645302935183
4.453760241650088, 4.362407026652238, -0.00015526418195799252
4.463554142828069, 4.362285050443438, -0.0001564567569679043
4.473348207214896, 4.362161572783866, -0.0001572152991116127
4.483145206562171, 4.362049938775849, -0.00015526304695051563
4.492939130890921, 4.361929783655696, -0.00015645561185145818
4.502733218783655, 4.3618081265935915, -0.00015721415402519812
4.512530239349394, 4.361698313192494, -0.00015526192075221434
4.522324186468736, 4.361579977646649, -0.00015645447556195125
4.532118297507119, 4.361460139667882, -0.00015721301774956897
4.5419153389330456, 4.361352145358998, -0.00015526080334371528
4.551709308483664, 4.361235627873805, -0.00015645334807878886
4.561503442308307, 4.361117607464934, -0.00015721189026512983
4.57130050423702, 4.3610114307342505, -0.00015525969470475687
4.58109449586047, 4.360896729796741, -0.00015645222938193148
4.590888652112828, 4.360780525445011, -0.00015721077155228524
4.600685734187777, 4.360676164779209, -0.00015525859481552162
4.61042934351721, 4.360200663106323, -0.00015574610543167555
4.6201277291408545, 4.35979515253531, -0.0001557364028713093
4.629816242072593, 4.359784306437578, -0.00015676211097753745
4.639507834141145, 4.359840858672439, -0.00015660023679187063
4.6492013482319265, 4.359911494451864, -0.00015655234449041266
4.658895376184313, 4.359990059632153, -0.00015651855075393684
4.668589823676024, 4.360075136654895, -0.00015649300418418832
4.678284617353182, 4.360165872886282, -0.0001564751078536042
4.687979692743256, 4.360261560519137, -0.00015646281871856127
4.697674999265544, 4.360361585140685, -0.0001564546179174675
4.70737049628837, 4.360465410814298, -0.00015644938513464934
4.717066150953172, 4.360572569845469, -0.0001564462841878167
4.726761936577046, 4.3606826541045445, -0.00015644469443054643
4.736457831392942, 4.360795307464167, -0.00015644415750942775
4.746153817562762, 4.360910219190807, -0.0001564443368511359
4.755849880401983, 4.361027118170769, -0.00015644498704908694
4.765546007768404, 4.361145767866947, -0.00015644593073227409
4.775242189578553, 4.361265961914992, -0.00015644704113060293
4.784938417423676, 4.361387520278664, -0.00015644822894472776
4.794634684263628, 4.361510285893901, -0.00015644943248666054
4.80433098418179, 4.36163412173986, -0.00015645061028563
4.814027312188067, 4.361758908282873, -0.00015645173556577685
4.823723664059774, 4.361884541245944, -0.00015645279212556096
4.8334200362125745, 4.362010929662564, -0.00015645377128303828
4.843116425595298, 4.362137994178538, -0.0001564546696162794
4.852812829603824, 4.362265665570401, -0.00015645548730108816
4.862509246010272, 4.362393883452742, -0.00015645622690091399
4.8722056729044985, 4.362522595150433, -0.00015645689248589
4.881902108645548, 4.36265175471471, -0.0001564574890060566
4.891598551821211, 4.3627813220647935, -0.00015645802184410806
4.901295001214189, 4.362911262239032, -0.00015645849650863797
4.910991455773688, 4.363041544741585, -0.0001564589184245846
4.920687914591451, 4.363172142972488, -0.00015645929279711757
4.930384376881537, 4.3633030337304275, -0.0001564596245260952
4.94008084196312, 4.363434196778996, -0.0001564599181630988
4.949777309245884, 4.363565614468274, -0.00015646017788656374
4.959473778217561, 4.36369727140472, -0.00015646040750327828
4.9691702484332625, 4.363829154163185, -0.00015646061045648807
4.9788667195063505, 4.363961251035706, -0.00015646078984377088
4.988563191100608, 4.364093551812298, -0.0001564609484384083
4.99825966292347, 4.364226047589798, -0.00015646108871592013
5.007956134720235, 4.364358730605059, -0.00015646121287654635
5.017652606269029, 4.364491594089439, -0.0001564613228733358
5.0273490773764955, 4.364624632141889, -0.00015646142043335143
5.0370455478740315, 4.364757839618197, -0.00015646150708437112
5.046742017614567, 4.364891212034404, -0.00015646158417181866
5.056438486469723, 4.365024745482525, -0.00015646165288157876
5.066134954327408, 4.365158436557043, -0.00015646171425764965
5.075831421089675, 4.365292282290778, -0.00015646176921607635
5.085527886670908, 4.36542628009892, -0.0001564618185624922
5.095224350996208, 4.3655604277302595, -0.0001564618630034431
5.104920814000025, 4.36569472322458, -0.000156461903158156
5.114617275624934, 4.365829164875531, -0.00015646193956969645
5.124313735820601, 4.365963751198219, -0.00015646197271379503
5.13401019454286, 4.366098480900957, -0.00015646200300661883
5.143706651752922, 4.366233352860591, -0.00015646203081265408
5.153403107416684, 4.366368366100994, -0.0001564620564510344
5.1630995615041355, 4.366503519774295, -0.00015646208020059227
5.172796013988814, 4.3666388131445295, -0.00015646210230585433
5.182492464847363, 4.366774245573333, -0.00015646212297976136
5.1921889140591295, 4.366909816507492, -0.00015646214240855327
5.201885361605815, 4.3670455254680896, -0.00015646216075582142
5.211581807471183, 4.367181372041005, -0.00015646217816411845
5.221278251640784, 4.367317355868649, -0.0001564621947576228
5.2309746941017305, 4.367453476642764, -0.00015646221064513632
5.240671134842495, 4.3675897340981, -0.0001564622259220272
5.250367573852735, 4.36772612800696, -0.00015646224067128456
5.260064011123149, 4.367862658174375, -0.000156462254965406
5.269760446645334, 4.36799932443395, -0.00015646226886789627
5.279456880411674, 4.368136126644214, -0.0001564622824341555
5.289153312415239, 4.368273064685426, -0.00015646229571236736
5.298849742649694, 4.3684101384568175, -0.0001564623087449979
5.308546171109233, 4.36854734787417, -0.0001564623215684624
5.31824259778849, 4.368684692867685, -0.0001564623342156235
5.327939022682509, 4.368822173380179, -0.00015646234671473636
5.337635445786672, 4.368959789365439, -0.00015646235908994832
5.34733186709667, 4.369097540786844, -0.0001564623713626867
5.357028286608439, 4.3692354276161325, -0.00015646238355204733
5.366838615227444, 4.36878581779335, -0.00016220442272735225
5.376568390660481, 4.36819556240199, -0.00015240254868348346
5.386206000142043, 4.367867432628591, -0.00015764418566405203
5.395844563458477, 4.3678092631311785, -0.00015821250697689582
5.405510106197391, 4.368071175150428, -0.00015692291201152564
5.415190136810743, 4.368400981267142, -0.00015668961835135775
5.424871723033164, 4.368751438605027, -0.00015658880638536044
5.434554368039282, 4.369116123987314, -0.00015650754910362386
5.444237917770143, 4.369492902409635, -0.00015645669637709414
5.4539221587787114, 4.369880232208095, -0.00015642780713187587
5.463606934825491, 4.37027679628193, -0.00015641421898215935
5.473292126497219, 4.3706814464193675, -0.00015641122550064113
5.482977641344005, 4.371093179686646, -0.00015641536613658635
5.49266340777022, 4.371511120143049, -0.00015642412226546387
5.502349370232544, 4.371934502959189, -0.00015643568067541525
5.512035485550936, 4.372362660467048, -0.00015644875206050068
5.521721720080032, 4.372795009914494, -0.00015646243442918317
5.531408047537385, 4.373231042730838, -0.00015647611048180687
5.541094447334978, 4.373670315127769, -0.0001564893707303172
5.550780903296425, 4.374112439876753, -0.00015650195610383832
5.56046740266978, 4.374557079120509, -0.0001565137152548246
5.570153935367041, 4.375003938091712, -0.0001565245729361342
5.579840493377527, 4.375452759626584, -0.00015653450669511626
5.589527070314743, 4.375903319374183, -0.00015654352979754815
5.599213661065777, 4.376355421614145, -0.0001565516788061272
5.608900261519526, 4.376808895606226, -0.00015655900463046324
5.618586868355598, 4.37726359240445, -0.00015656556614940254
5.6282734788799695, 4.3777193820769815, -0.000156571425734775
5.637960090896682, 4.378176151280297, -0.0001565766461782414
5.647646702607453, 4.3786338011425805, -0.0001565812886347162
5.657333312532848, 4.379092245417024, -0.0001565854113112497
5.667019919450193, 4.379551408870669, -0.0001565890686835436
5.676706522344504, 4.380011225878796, -0.00015659231109099725
5.686393120369539, 4.380471639198646, -0.00015659518459543165
5.696079712816804, 4.380932598899608, -0.00015659773101450725
5.705766299090749, 4.381394061429937, -0.0001565999880749347
5.715452878688838, 4.381855988802594, -0.00015660198963995953
5.725139451185477, 4.382318347884949, -0.00015660376597509407
5.734826016219003, 4.382781109779185, -0.00015660534403671988
5.744512573481055, 4.3832442492817565, -0.00015660674776341033
5.754199122707922, 4.383707744411839, -0.00015660799836081374
5.763885663673415, 4.384171575999992, -0.00015660911457432425
5.77357219618298, 4.384635727329298, -0.00015661011294654248
5.783258720068837, 4.38510018382231, -0.00015661100805164363
5.792945235185919, 4.385564932767974, -0.00015661181271475755
5.80263174140849, 4.386029963083396, -0.0001566125382094774
5.81231823862729, 4.386495265106004, -0.00015661319443455168
5.822004726747167, 4.386960830412277, -0.00015661379007636533
5.831691205685043, 4.387426651659579, -0.00015661433274982706
5.841377675368196, 4.387892722448182, -0.00015661482912837643
5.851064135732821, 4.388359037200921, -0.00015661528505700462
5.860750586722789, 4.388825591058202, -0.00015661570565123073
5.870437028288585, 4.389292379786405, -0.00015661609538808463
5.880123460386406, 4.389759399697979, -0.00015661645818304537
5.8898098829773815, 4.390226647581757, -0.0001566167974617061
5.8994962960269195, 4.390694120642131, -0.0001566171162173946
5.90918269950411, 4.3911618164460124, -0.00015661741706696208
5.9188690933812556, 4.391629732876579, -0.00015661770229707939
5.928555477633431, 4.392097868092876, -0.0001566179739064255
5.938241852238118, 4.392566220494634, -0.000156618233639938
5.94792821717489, 4.393034788691533, -0.00015661848302245263
5.957614572425127, 4.393503571476399, -0.0001566187233859595
5.967300917971792, 4.393972567801852, -0.00015661895589341723
5.976987253799216, 4.394441776759875, -0.0001566191815597917
5.986673579892913, 4.394911197564057, -0.00015661940127265073
5.996359896239434, 4.395380829534063, -0.00015661961580554218
6.006046202826228, 4.395850672082081, -0.00015661982583525802
6.015732499641524, 4.396320724701035, -0.00015662003195132668
6.025418786674231, 4.396790986954276, -0.00015662023466900266
6.035105063913851, 4.397261458466583, -0.0001566204344380373
6.044791331350389, 4.397732138916322, -0.0001566206316515606
6.054477588974313, 4.3982030280286235, -0.00015662082665129917
6.064163836776464, 4.398674125569408, -0.0001566210197376794
6.073850074748024, 4.399145431340176, -0.0001566212111708265
6.083536302880476, 4.39961694517346, -0.00015662140117889134
6.093222521165548, 4.400088666928892, -0.00015662158996121445
6.1029087295952, 4.400560596489714, -0.00015662177769082408
6.112594928161574, 4.401032733759788, -0.00015662196452009836
6.122281116856984, 4.401505078660952, -0.00015662215058054318
6.13196729567389, 4.401977631130744, -0.00015662233598806585
6.141653464604874, 4.402450391120373, -0.0001566225208433636
6.1513396236426345, 4.402923358592999, -0.0001566227052346436
6.161025772779959, 4.403396533522198, -0.00015662288923817824
6.170711912009721, 4.403869915890631, -0.00015662307292135802
6.180398041324858, 4.404343505688895, -0.00015662325634308027
6.190084160718373, 4.4048173029145055, -0.0001566234395540267
6.199770270183331, 4.405291307571009, -0.00015662362259799556
6.209456369712827, 4.405765519667232, -0.00015662380551562105
6.219142459300004, 4.406239939216591, -0.00015662398833987679
6.228828538938042, 4.406714566236515, -0.00015662417109996163
6.238514608620143, 4.4071894007479315, -0.00015662435382274298
6.248200668339542, 4.407664442774833, -0.00015662453653009223
6.257886718089479, 4.408139692343867, -0.00015662471924260402
6.2675727578632285, 4.408615149484015, -0.0001566249019764876
6.277258787654075, 4.409090814226286, -0.00015662508474756365
6.286944807455322, 4.40956668660347, -0.00015662526756854422
6.296630817260274, 4.4100427666498945, -0.0001566254504511977
6.306316817062249, 4.410519054401247, -0.0001566256334052385
6.316002806854566, 4.410995549894397, -0.00015662581644015905
6.32568878663056, 4.4114722531672435, -0.00015662599956256518
6.335374756383571, 4.4119491642585835, -0.00015662618277989537
6.345060716106933, 4.4124262832080055, -0.00015662636609764524
6.3547466657939875, 4.412903610055783, -0.00015662654952114385
6.364432605438082, 4.413381144842796, -0.00015662673305494312
6.37411853503256, 4.413858887610444, -0.00015662691670248474
6.38380445457077, 4.414336838400594, -0.0001566271004677655
6.39349036404605, 4.414814997255508, -0.00015662728435350548
6.403176263451754, 4.415293364217811, -0.00015662746836231367
6.412862152781227, 4.415771939330425, -0.00015662765249641053
6.422548032027813, 4.416250722636551, -0.000156627836757961
6.432233901184852, 4.416729714179624, -0.00015662802114890795
6.441919760245687, 4.417208914003293, -0.00015662820567047264
6.451605609203658, 4.417688322151385, -0.0001566283903243204
6.461291448052103, 4.418167938667889, -0.0001566285751111729
6.470977276784354, 4.418647763596939, -0.0001566287600330285
6.480663095393749, 4.419127796982789, -0.00015662894508933212
6.490348903873612, 4.419608038869803, -0.0001566291302824152
6.500034702217276, 4.420088489302452, -0.00015662931561183369
6.509720490418057, 4.4205691483252885, -0.00015662950107925289
6.519406268469288, 4.421050015982937, -0.0001566296866846173
6.529092036364282, 4.421531092320091, -0.00015662987242853754
6.538777794096357, 4.422012377381513, -0.00015663005831118015
6.548463541658826, 4.422493871212013, -0.00015663024433365536
6.558178611620933, 4.423163680576138, -0.00015817771185511198
6.567930913414305, 4.42408560619851, -0.0001578038237507462
6.577712320609223, 4.425005439683012, -0.00015832626290140928
6.587506577506694, 4.425872013839481, -0.00015899632147436948
6.597310882156024, 4.426675185537114, -0.00015961161802435786
6.60712371322849, 4.427409610724163, -0.00016016167493937417
6.616943712333077, 4.428070941394667, -0.00016063377322111938
6.626769698186439, 4.428655406495269, -0.00016102307557885887
6.6366006036875715, 4.429159721271977, -0.00016133061711265384
6.646435581196631, 4.429581446444881, -0.00016135625012736465
6.656288282042867, 4.429856603940831, -0.00016322470036295167
6.666149558367389, 4.4300068207772245, -0.00016288228610294997
6.675952706332282, 4.429559068775468, -0.0001627553508778412
6.685738875816071, 4.429103568697811, -0.00015882083774065858
6.695565676158418, 4.429054927905234, -0.0001601769675597664
6.705407110500011, 4.428993486594507, -0.00015759293213257752
6.7152595106632225, 4.428783755409847, -0.0001602445945300679
6.725118387869934, 4.428456137480273, -0.00015916292942713683
6.734975834760494, 4.428028364747079, -0.000160615830904709
6.7448305510871895, 4.4275157669322835, -0.00016061852826954048
6.754678457775917, 4.426909679109378, -0.00016059314372274258
6.764516868552767, 4.4262102125752305, -0.00016143142168667524
6.774351815134273, 4.42542222058152, -0.00015856909705247446
6.784065959666856, 4.424026926136423, -0.00015894087275986069
6.793697426898238, 4.4223979549945325, -0.00015742865671292128
6.803304474196428, 4.420807730322927, -0.00015710279237013403
6.812910486208534, 4.419187420802591, -0.00015840655324150799
6.822531137455569, 4.417560226179765, -0.00015797929427546764
6.832152195165801, 4.415912846395103, -0.00015873294398038862
6.841778085121214, 4.41425518950295, -0.0001588819171768896
6.851409889892189, 4.41259439067704, -0.00015707973017858867
6.861038018357013, 4.410911568413615, -0.00015858266685109257
6.870667083321595, 4.4092154183471015, -0.00015947487745471278
6.88030182014162, 4.407519672069128, -0.00015769441016627583
6.88993258051858, 4.405807075191222, -0.00015913089530955604
6.8995636927735635, 4.404085322201573, -0.00016001293530726324
6.90919998682318, 4.4023678244818, -0.00015819908455294573
6.91883197608932, 4.4006366891917255, -0.0001595786356257678
6.928464015646704, 4.39889915060932, -0.00016042921216052886
6.938101061669729, 4.397168376147392, -0.00015857392052354147
6.947733663207721, 4.395426061538054, -0.00015990133630733316
6.957366149162355, 4.393679127387507, -0.00016072410871192933
6.967003549849892, 4.391940610067685, -0.0001588346937810292
6.97663646433882, 4.390191932107363, -0.00016012490592276496
6.98626926242617, 4.3884398368282636, -0.00016092549802387834
6.995907010079069, 4.38669725173016, -0.00015900950132585745
7.005540296681844, 4.3849454108693315, -0.0001602719394146468
7.015173470211342, 4.383190926664143, -0.00016105649844455616
7.0248116057629675, 4.3814466578529805, -0.00015912261496342506
7.034445296601912, 4.379693718447383, -0.0001603662115150506
7.044078878107901, 4.377938636439536, -0.0001611399433507077
7.053717430047638, 4.376194227599399, -0.000159193748755726
7.063351549505716, 4.3744415267362875, -0.00016042451494985288
7.072985563444403, 4.37268700790421, -0.00016119123209501485
7.082624555323627, 4.370943461391248, -0.00015923658415528674
7.092259126337185, 4.369191868989071, -0.00016045875336634374
7.10189359673196, 4.367438669935203, -0.00016122082714481456
7.111533049747982, 4.365696638155761, -0.00015926052063847118
7.121168089691647, 4.363946719502294, -0.00016047707761807084
7.130803031428755, 4.362195331162657, -0.00016123613392410308
7.1404429571578305, 4.3604552369672485, -0.00015927214450645044
7.150078475617921, 4.358707358703218, -0.00016048501741949828
7.159713897723426, 4.356958099715799, -0.00016124209844153858
7.1693543036269345, 4.355220217729171, -0.00015927571137619445
7.178990306848725, 4.353474617971865, -0.00016048616816843886
7.188626215105272, 4.351727695262497, -0.00016124196446470895
7.198267105887145, 4.349992203827986, -0.00015927402423993042
7.207903597738721, 4.34824903719049, -0.00016048289681902528
7.217539995679332, 4.346504585091916, -0.0001612378617537602
7.227181374146981, 4.3447715999587695, -0.0001592689200249353
7.236818356874984, 4.3430309667524165, -0.00016047675064034816
7.246455246520688, 4.341289072418741, -0.0001612311804101707
7.256097114215577, 4.33955866866834, -0.00015926159762552627
7.265734588993923, 4.337820633969315, -0.00016046873945757545
7.275371971363356, 4.336081353915144, -0.00016122282786645847
7.285014328987063, 4.33435358020326, -0.00015925283881157437
7.2946522962753555, 4.332618186162102, -0.00016045952174015277
7.304290171725546, 4.330881556973255, -0.0001612133949444594
7.313933019428031, 4.329156444777175, -0.00015924315234489006
7.323571479218165, 4.3274237186431534, -0.0001604495258668015
7.333209847673824, 4.325689763951771, -0.00016120326589397216
7.342853185245071, 4.323967333582509, -0.00015923286902042033
7.352492137224089, 4.322237292918595, -0.00016043903030660278
7.362130998328502, 4.32050602793624, -0.00016119269044845286
7.371774825324322, 4.318786292445915, -0.0001592222037950508
7.381414268981118, 4.317058948518043, -0.00016042821598638568
7.391053622194772, 4.315330382981873, -0.00016118183084756765
7.400697938018985, 4.313613350703194, -0.00015921129629875574
7.4103378727138915, 4.311888710683032, -0.0001604172004205373
7.419977717378706, 4.310162850770568, -0.0001611707924604744
7.429622521336557, 4.308448526967305, -0.0001592002372135526
7.4392629463465525, 4.30672659536388, -0.00016040605992068135
7.448903281727576, 4.305003444937481, -0.00016115964371271607
7.458548573060417, 4.303291832877162, -0.00015918908542222887
7.468189487608456, 4.30157261246733, -0.00016039484403745918
7.4778303129208865, 4.299852173883008, -0.00016114842903425242
7.4875605376827075, 4.298387816414437, -0.0001624245362384924
7.497388408856142, 4.297205125517467, -0.00015990793786485602
7.5072403180879235, 4.2960226802722365, -0.00015955438639286834
7.517089035961604, 4.294791482832441, -0.0001593880897471367
7.526931805031665, 4.293497335445325, -0.0001580187067884431
7.536719889247743, 4.292131396230625, -0.0001561115604757357
7.546470536130945, 4.290696194434772, -0.00015807864399736138
7.556195113657234, 4.289189152045287, -0.0001582844348849699
7.565906681976957, 4.287603363562346, -0.00015841804559152406
7.575604552982468, 4.285928569304863, -0.00015750338881864723
7.585282306405905, 4.284098871510345, -0.00015958613171979108
7.594951767614637, 4.282158456462483, -0.00015900596929901978
7.6046044115518265, 4.280126781077622, -0.00015761740198005914
7.6142323668745915, 4.278001841029035, -0.00015902895215280655
7.623837073459422, 4.275784761876374, -0.00015989535114052655
7.6334204994809856, 4.2734816957830795, -0.00016108971805883776
7.6429852938949745, 4.271094936231683, -0.00015953794349310435
7.652524037033757, 4.268613962193883, -0.00015977481106110858
7.662036893855471, 4.26604105560832, -0.0001600259390997505
7.671522337013944, 4.26337625830534, -0.00016056521039009564
7.68097580921021, 4.260616254437122, -0.00016198271236156359
7.69041081169249, 4.257773053212507, -0.0001593500103262424
7.6998121906720245, 4.254833265897534, -0.00015965756157260147
7.709183066203394, 4.251801291194032, -0.00016007430870618178
7.7185214152335995, 4.248676692262733, -0.00016069155952591618
7.727822960080365, 4.245456056623453, -0.00016246141470460662
7.737098280129813, 4.242149824770895, -0.00016282784402449346
7.74633705813917, 4.238749943499585, -0.0001625124143261325
7.755537180000598, 4.235253903463667, -0.00016353799875518105
7.76470938019713, 4.2316750896680855, -0.00016195348093472894
7.773838193529878, 4.227998800136274, -0.00016368608274058838
7.7829266863333775, 4.22423031808263, -0.0001657005571606418
7.7919890152077125, 4.220380490879083, -0.00016330159405830713
7.800997846154742, 4.216429888345418, -0.00016565815693281305
7.809972984200637, 4.2123947522303675, -0.00016551750246907027
7.8189043371171545, 4.2082668955103255, -0.00016484350209705623
7.82778997337532, 4.204048176481891, -0.0001652040934491672
7.836628588970841, 4.199735813522886, -0.00016771560958767084
7.845427209664951, 4.195340216634652, -0.00016826578100864742
7.854180112794629, 4.190855478248581, -0.00016882063971462857
7.862888874477355, 4.18628348801911, -0.00016737540910877202
7.871542197453317, 4.181617421951249, -0.0001692949878986938
7.880146951902021, 4.176863237435322, -0.00017054563067653294
7.888530620023203, 4.172161479489545, -8.08705961744538e-05
7.897316603449599, 4.166988240685863, -7.777584814505634e-05
7.905956270357732, 4.161774269551344, -9.250535741323063e-05
7.914438587078567, 4.156558449844938, -0.00010915228973312763
7.922857567582198, 4.151283556811978, -0.00011110499216188119
7.93123762851785, 4.145919985750364, -0.00010690127414370032
7.93956267604688, 4.140472168824833, -0.00011068140194209208
7.947825410139759, 4.134936138645977, -0.00010905382988535273
7.956047935604934, 4.1293286302951175, -0.00011008075907886772
7.96420156663809, 4.1236306225717145, -0.00010915121362287117
7.972302495322513, 4.117853374768063, -0.00011251635681619465
7.980348965440814, 4.11199886706826, -0.0001084019884876053
7.988335149980151, 4.1060632071238325, -0.0001121492872430685
7.996253737991243, 4.100042395423117, -0.000110561630569328
8.00412735333593, 4.093952007480422, -0.00011155227171477655
8.01192664494627, 4.087774727586148, -0.00011066411919252728
8.01966815886012, 4.081521083682645, -0.0001139880206717514
8.027350604204747, 4.075193063596999, -0.00010990656075371419
8.03496756891133, 4.068787300414589, -0.00011358966470292886
8.04251191855268, 4.062300110318074, -0.00011203006580839947
8.050006728188071, 4.055745854285546, -0.00011295772904290624
8.05742206023529, 4.049108888277462, -0.00011209644948617647
8.064774680895146, 4.042398902546004, -0.00011535779871874041
8.07206375685674, 4.03561779511946, -0.00011129936375753324
8.079282302269464, 4.028762746518501, -0.0001148947067306505
8.08642339509571, 4.021830385443722, -0.00011335294215414349
8.093510494607155, 4.014833816323903, -0.0001141971543598963
8.100513158153724, 4.0077590841529025, -0.00011334838061627384
8.10744835633759, 4.000615067357749, -0.00011652978990056573
8.114315702817457, 3.9934035321997965, -0.00011248382065626172
8.121107677603025, 3.9861222370303406, -0.00011597400860041684
8.127817589359944, 3.9787681299225266, -0.00011443856152731913
8.134469230430184, 3.9713530157257253, -0.00011518455378073389
8.141031724211897, 3.9638646583295594, -0.00011433413389383418
8.147522237453243, 3.956311129184284, -0.00011742328216002296
8.153940793936552, 3.948694029070196, -0.00011337895910445983
8.160279405880383, 3.9410117206258946, -0.00011675259694032825
8.166531620052108, 3.9332614905200596, -0.00011521137502129575
8.172721521484117, 3.9254537986377303, -0.00011585039628891902
8.178817862029005, 3.9175781629157895, -0.0001149850248146067
8.184838011783066, 3.909641835580778, -0.00011797490818282741
8.190782346275878, 3.9016462280215483, -0.00011392188791270463
8.196642490429742, 3.8935903170299064, -0.00011717447880665866
8.202412220293494, 3.8854717479134484, -0.00011561596451320488
8.20811588140824, 3.8772995834511295, -0.00011614582472291302
8.21372191275667, 3.8690651489012406, -0.00011525418890523387
8.219247906177653, 3.8607748486983744, -0.00011814394023218489
8.224694524966578, 3.852429902489942, -0.00011407295391813177
8.230053103459886, 3.844029898404518, -0.00011720717288909999
8.23531762219591, 3.835572863674303, -0.00011562240963480797
8.240512652036884, 3.827066389183634, -0.00011604813588428353
8.245606356658543, 3.8185036442299327, -0.00011512202702185226
8.250616566537325, 3.8098901337578845, -0.00011791801440885763
8.255544153083978, 3.8012268932014313, -0.0001138219351604075
8.260380266448935, 3.7925141069141706, -0.00011684804729050757
8.265119063509932, 3.7837502082984686, -0.0001152282951421002
8.269414759841544, 3.7748148070898635, -0.0001137784251609153
8.273344788182897, 3.7657541158049255, -0.00011100810086356327
8.277343160077496, 3.7567537378418976, -0.00011521716949219885
8.281590777807224, 3.747802180848769, -0.00011357785011728572
8.286146607178615, 3.738934466475099, -0.0001134127944599217
8.290685304206152, 3.7300313966658183, -0.000113175525334408
8.295049407912645, 3.72106501158441, -0.00011490716581114002
8.299313296019385, 3.7120582593851985, -0.0001134488766509345
8.303509092346893, 3.703010575597315, -0.00011385282793852092
8.30760120733, 3.6939208793670035, -0.00011302471537838477
8.311607374218715, 3.6847923012246038, -0.00011578398645284427
8.315528263546172, 3.6756254705854503, -0.00011176710272792212
8.319354558598647, 3.666421133012977, -0.0001147228327070815
8.323080291934236, 3.657178409301023, -0.00011314257587707877
8.326730305922341, 3.647900071978613, -0.00011341106561346681
8.330272111401673, 3.6385848442338418, -0.00011243155513140923
8.333724060846302, 3.62923506741278, -0.00011508513791280706
8.337087079800037, 3.6198514513736546, -0.0001109478425085908
8.340352230896135, 3.6104354943324513, -0.00011381317246028644
8.343513834231876, 3.600986917433533, -0.00011213675912058463
8.346596950975602, 3.5915069608283736, -0.00011232883081330192
8.349569250462146, 3.5819965241114033, -0.00011127015219941638
8.352449428062565, 3.5724568810117177, -0.00011387616230923436
8.354757059999958, 3.5627993856703024, -0.00011243969976476587
8.356818838926895, 3.5531146765530863, -0.00010690714135208612
8.35920346200371, 3.543522438499442, -0.00010814521584512349
8.361905770309543, 3.5339407881579734, -0.00010897948868188179
8.36452512356698, 3.5243227618394766, -0.0001074717435610717
8.36699697323751, 3.51467415093619, -0.00011069264960467118
8.369376067629155, 3.50499861424649, -0.00010908565598133357
8.371678050915683, 3.4952986423848533, -0.00010948729775106525
8.373869772509698, 3.4855788060345145, -0.00010853032269175777
8.375969835114155, 3.475838090288506, -0.0001112673565742961
8.377497345528012, 3.466037827521356, -0.00010961422971217383
8.37878008598222, 3.4562297977621883, -0.00010481030413778125
8.380091474529474, 3.4464605584786523, -0.00010583105447542485
8.381354273245135, 3.4366675489878356, -0.00010501570985266273
8.382587835248918, 3.42686703800564, -0.00010363187064277302
8.38381342274701, 3.4170617761227575, -0.00010606776690869069
8.385029169404119, 3.4072845769463727, -7.584566568230589e-05
8.38622854617462, 3.397362887081285, -7.501141570037673e-05
8.387411394306898, 3.3874727417117323, -7.537711468230679e-05
8.388603272323847, 3.3775812710102677, -7.334038901568585e-05
8.389784043203587, 3.367688931162725, -7.393791782617232e-05
8.390960117985921, 3.3577952186719338, -7.433954446489643e-05
8.392145700546923, 3.347899512669239, -7.250217135074122e-05
8.393320756381971, 3.3380037456509304, -7.324672424019463e-05
8.394491671112565, 3.3281071927421677, -7.37897349065153e-05
8.395672645518804, 3.3182090961876414, -7.204975032426564e-05
8.396843505634575, 3.3083113264335724, -7.287066274697107e-05
8.39801055083931, 3.298413092304795, -7.34887422563224e-05
8.39918797718531, 3.288513557169386, -7.180033900017202e-05
8.400355527810508, 3.2786145598751255, -7.266198414157543e-05
8.401519449127099, 3.268715273798509, -7.332075410243499e-05
8.402693932842341, 3.258814818290194, -7.166034858863135e-05
8.403858674776924, 3.2489150173538333, -7.254420827013108e-05
8.405019891383505, 3.239015024852349, -7.322523199426723e-05
8.406191772133454, 3.229113934682778, -7.158023772790845e-05
8.407353988134378, 3.219213564578834, -7.247626848266853e-05
8.40851273894016, 3.2093130572705992, -7.316957404207569e-05
8.40968221227181, 3.199411491140566, -7.153311788976602e-05
8.41084206491298, 3.189510682438008, -7.243587900618298e-05
8.411998486714534, 3.179609767312757, -7.313602280334397e-05
8.41316566435602, 3.169707814035402, -7.150432553887365e-05
8.414323246729548, 3.1598066399609794, -7.241081725051224e-05
8.415477418162247, 3.149905377143496, -7.311478339872002e-05
8.416642364698793, 3.140003086741941, -7.148575070559104e-05
8.41779773094312, 3.130101588639858, -7.239430868644092e-05
8.418949698043624, 3.1202000121717064, -7.31004191150686e-05
8.420112451640263, 3.110297413057795, -7.14728855407687e-05
8.421265634066797, 3.100395614494929, -7.238258304492762e-05
8.422415424607323, 3.0904937438643825, -7.308990174981211e-05
8.423576008626691, 3.0805908523843617, -7.146321718709547e-05
8.424727027318513, 3.07068876699767, -7.23735371220835e-05
8.42587465883901, 3.0607866135607122, -7.308154127655397e-05
8.427033088350617, 3.0508834393160487, -7.145534258606867e-05
8.428181956539635, 3.0409810751898614, -7.236599611015748e-05
8.429327440846775, 3.031078645753809, -7.307439343834377e-05
8.430483726272817, 3.0211751945723626, -7.144847761103579e-05
8.431630453351087, 3.01127255668362, -7.23593032888048e-05
8.432773799037783, 3.0013698555096573, -7.306793031863767e-05
8.433927948194746, 2.9914661311064528, -7.144218380372713e-05
8.435072541400794, 2.9815632226918414, -7.235309138964308e-05
8.436213755256963, 2.9716602526148197, -7.3061856657064e-05
8.437365774498796, 2.961756257520908, -7.143621591493288e-05
8.438508239861813, 2.951853080841568, -7.234715496351463e-05
8.43964732766429, 2.941949843896436, -7.305600727758321e-05
8.440797222522486, 2.932045579978553, -7.143043673546456e-05
8.441937565390939, 2.9221421367479437, -7.234137906048099e-05
8.443074532345742, 2.912238634520258, -7.305028975840289e-05
8.444222307887706, 2.9023341032716177, -7.142476948790444e-05
8.445360533225351, 2.892430394894949, -7.23356993531099e-05
8.446495384215325, 2.8825266287170237, -7.304465237578661e-05
8.447641045245014, 2.8726218314200547, -7.14191711999046e-05
8.448777157796577, 2.862717859128281, -7.233007983487028e-05
8.449909897519978, 2.852813830188967, -7.303906617500688e-05
8.451053448690235, 2.8429087680063927, -7.141361781326516e-05
8.452187453074224, 2.8330045329312177, -7.23245003432238e-05
8.453318086122376, 2.823100242337358, -7.303351493948007e-05
8.454459531997848, 2.813194916363177, -7.140809585037822e-05
8.455591432758482, 2.803290419579036, -7.231894958065199e-05
8.456719963659223, 2.793385868389846, -7.302798957958823e-05
8.457859308751555, 2.783480279677874, -7.140259775445523e-05
8.458989110387874, 2.773575522225433, -7.23134212102794e-05
8.460115543629913, 2.763670711471767, -7.302248499319042e-05
8.461252792417463, 2.7537648610516174, -7.139711928105807e-05
8.462380499399584, 2.7438598439509305, -7.230791166956685e-05
8.463504839446074, 2.7339547746460626, -7.301699830952746e-05
8.464639996385003, 2.724048663532096, -7.139165803932146e-05
8.465765613163263, 2.714143387789982, -7.23024189491217e-05
8.46688786445951, 2.7042380609356473, -7.301152790606391e-05
8.468020933989909, 2.69433169013198, -7.138621267532841e-05
8.469144464999973, 2.684426156746155, -7.229694190874492e-05
8.470264631977638, 2.67452057333594, -7.300607285887217e-05
8.471395618527044, 2.6646139438392673, -7.138078241514245e-05
8.472517068192763, 2.6547081538006614, -7.229147989418205e-05
8.473635155272317, 2.644802314821902, -7.300063263471213e-05
8.474764063257606, 2.634895427623071, -7.137536681012246e-05
8.475883435992628, 2.62498938191713, -7.228603252273924e-05
8.476999447584655, 2.6150832883519852, -7.299520691939065e-05
8.478126281413171, 2.6051761444368915, -7.136996559292674e-05
8.47924358162185, 2.5952698440443154, -7.228059956476685e-05
8.480357522127832, 2.5853634968703747, -7.298979552056162e-05
8.481482286198004, 2.575456097220463, -7.136457859779899e-05
8.482597518275899, 2.565549543117628, -7.227518087543627e-05
8.483709392088612, 2.555642943308251, -7.298439831504577e-05
8.484832090790281, 2.5457352889008034, -7.135920571610388e-05
8.485945259124431, 2.535828482059995, -7.226977635715892e-05
8.487055070628251, 2.5259216305845142, -7.297901521741146e-05
8.488175708342872, 2.516013722392825, -7.135384687134705e-05
8.489286817311994, 2.5061066637823837, -7.226438594043483e-05
8.490394570882952, 2.4961995616062276, -7.297364616426494e-05
8.49151315198372, 2.486291400599694, -7.134850200440912e-05
8.49262220595828, 2.476384091184101, -7.225900956925324e-05
8.493727905964187, 2.4664767392688494, -7.296829110386982e-05
8.494844434816079, 2.4565683264130413, -7.134317106671784e-05
8.49595143815837, 2.446660767152966, -7.22536471969848e-05
8.497055088958897, 2.4367531664564197, -7.296294999153963e-05
8.498169569918746, 2.4268445027131142, -7.133785401469694e-05
8.499274526982894, 2.416936694565457, -7.22482987813855e-05
8.500376132929533, 2.4070288460416474, -7.295762278630713e-05
8.501488570346039, 2.3971199323688643, -7.133255080865597e-05
8.502591485478042, 2.387211876286777, -7.224296428287591e-05
8.503691050914165, 2.3773037808860096, -7.295230944942555e-05
8.504801449127907, 2.367394618238027, -7.132726141023671e-05
8.50590232666565, 2.3574863151709375, -7.22376436634864e-05
8.506999855926534, 2.347577973839798, -7.294700994348036e-05
