0.9097183028286808, 4.533238709440886
0.9196603685467563, 4.532756475656536
0.9296024137683538, 4.532273873678658
0.9395444384798087, 4.531790903506317
0.9494864426674567, 4.531307565138592
0.959428426, 4.530823858574546
0.9693703894166731, 4.530339783813249
0.9793123319509118,4.529855341
0.9892542539066846, 4.529370529695183
0.9991961552703262, 4.528885350336554
1.009138036028171, 4.528399802776951
1.019079896166553, 4.527913887015441
1.0290217356718072,4.527427603
1.0389635545302665,4.526940951
1.0489053527282657, 4.526453930510144
1.0588471302521383,4.525966542
1.0687888870882178, 4.525478785146644
1.0787306232228369, 4.524990660154104
1.0886723386423276, 4.524502166953119
1.098614033333024, 4.524013305542764
1.1085557072812589, 4.523524075922099
1.1184973604733637, 4.523034478090185
1.1284389928956708,4.522544512
1.1383806045345126, 4.522054177788876
1.1483221953762206,4.521563475
1.1582637654071266, 4.521072404631353
1.1682053146135614, 4.520580965729165
1.178146842981857, 4.520089158610113
1.1880883504983442, 4.519596983273257
1.1980298371493534, 4.519104439717658
1.2079713029212156,4.518611528
1.2179127478002605, 4.5181182479464805
1.227854171772819, 4.517624599729024
1.237795574825222,4.517130583
1.247736956943798, 4.516636198625674
1.2576783181148763, 4.516141445737901
1.267619658324787, 4.515646324624808
1.2775609775598595, 4.515150835285455
1.2875022758064223,4.514654978
1.2974435530508044, 4.5141587519241995
1.3073848092793343, 4.513662157900418
1.3173260444783408, 4.513165195646606
1.3272672586341512, 4.512667865161824
1.3372084517330949, 4.512170166445128
1.3471496237614988, 4.5116720994955735
1.3570907747056908, 4.511173664312219
1.3670319045519974, 4.510674860894116
1.3769730132867477, 4.510175689240325
1.3869141008962667, 4.509676149349901
1.3968551673668828, 4.509176241221894
1.4067962126849212, 4.508675964855369
1.416737236836709,4.50817532
1.4266782398085722, 4.507674307402951
1.4366192215868379, 4.507172926315171
1.4465601821578307, 4.506671176985076
1.4565011215078763, 4.506169059411728
1.46644204, 4.505666573594173
1.4763829364904273, 4.505163719531457
1.486323812095584, 4.504660497222645
1.4962646664250936, 4.5041569066667835
1.506205499, 4.503652947862919
1.5161463112024702, 4.503148620810105
1.5260871016229869, 4.502643925507395
1.5360278707131534, 4.502138861953835
1.5459686184592945, 4.501633430148479
1.555909344847734, 4.501127630090368
1.5658500498647943, 4.5006214617785565
1.5757907334967993, 4.500114925212094
1.5857313957300707, 4.499608020390024
1.5956720365509325,4.499100747
1.6056126559457082,4.498593106
1.615553253900718, 4.498085096380675
1.6254938304022852, 4.497576718526667
1.635434385436732, 4.497067972412289
1.6453749189903792, 4.496558858036585
1.6553154310495493, 4.496049375398609
1.665255921600563, 4.495539524497403
1.675196390629742, 4.4950293053320065
1.6851368381234062, 4.494518717901469
1.6950772640678775, 4.4940077622048324
1.7050176684494753, 4.493496438241145
1.7149580512545206, 4.492984746009452
1.724898412469334, 4.492472685508789
1.734838752080235, 4.491960256738202
1.7447790700735426, 4.491447459696739
1.7547193664355771, 4.490934294383436
1.7646596411526572, 4.490420760797334
1.7745998942111025, 4.489906858937481
1.7845401255972322, 4.489392588802913
1.794480335297364, 4.488877950392671
1.8044205232978179, 4.488362943705796
1.8143606895849096, 4.487847568741331
1.8243008341449598,4.487331825
1.834240956964285, 4.486815713975779
1.8441810580292022, 4.486299234172772
1.8541211373260305, 4.485782386088332
1.8640611948410863, 4.485265169721496
1.8740012305606868, 4.484747585071302
1.883941244471149, 4.484229632136788
1.8938812365587883, 4.483711310916987
1.9038212068099227, 4.483192621410942
1.9137611552108678, 4.482673563617685
1.923701081747939, 4.482154137536254
1.933640986407453,4.481634343
1.9435808691757255,4.481114181
1.9535207300390718, 4.480593649553283
1.9634605689838054, 4.480072750309515
1.9734003859962437,4.479551483
1.9833401810626998, 4.4790298469420184
1.9932799541694888, 4.4785078428163585
2.003219705302924, 4.477985470394799
2.0131594344493218, 4.477462729676381
2.023099141594994, 4.476939620660135
2.0330388267262545, 4.476416143345089
2.0429784898294177, 4.475892297730275
2.0529181308907978, 4.475368083814729
2.0628577498967067, 4.474843501597477
2.072797346833456, 4.474318551077558
2.0827369216873595, 4.473793232253997
2.0926764744447297, 4.473267545125826
2.1026160050918787, 4.472741489692071
2.112555514, 4.472215065951764
2.122495000000764, 4.471688273903937
2.1324344642351223, 4.471161113547615
2.1423739063045066, 4.470633584881832
2.1523133261952276,4.470105688
2.1622527238935962, 4.469577422617979
2.172192099385926, 4.469048789017967
2.182131452658525, 4.468519787104597
2.192070783697703, 4.467990416876903
2.202010092489771,4.467460678
2.2119493790210387, 4.466930571474641
2.221888643277816, 4.466400096298122
2.2318278852464126, 4.465869252803375
2.241767104913138, 4.465338040989435
2.251706302, 4.464806460855312
2.261645477, 4.464274512400047
2.271584629965174, 4.463742195622654
2.28152376, 4.463209510522155
2.2914628682395013, 4.462676457097581
2.301401954,4.462143035
2.311341016977747, 4.461609245272286
2.3212800577366113, 4.461075086869604
2.3312190760703757, 4.460540560138936
2.341158071965352, 4.460005665079297
2.3510970454078435, 4.4594704016897095
2.361035996384159, 4.458934769969196
2.370974924880603, 4.458398769916775
2.3809138308834856, 4.457862401531468
2.3908527143791107, 4.457325664812292
2.400791575353785, 4.456788559758268
2.410730413793814, 4.456251086368417
2.420669229685502, 4.4557132446417524
2.4306080230151546, 4.455175034577298
2.440546793769077, 4.454636456174069
2.4504855419335763, 4.454097509431084
2.460424267494955, 4.453558194347356
2.4703629704395174, 4.4530185109219085
2.4803016507535682, 4.452478459153754
2.4902403084234113, 4.451938039041906
2.5001789434353494, 4.451397250585383
2.510117555775688, 4.450856093783203
2.520056145430729, 4.450314568634378
2.529994712386776, 4.449772675137923
2.5399332566301314, 4.449230413292852
2.5498717781471014, 4.448687783098179
2.559810276923984, 4.448144784552918
2.5697487529470835, 4.447601417656084
2.579687206202702, 4.447057682406684
2.5896256366771393, 4.446513578803734
2.599564044, 4.445969106846246
2.6095024292276836, 4.445424266533234
2.6194407912763933,4.444879058
2.629379130489127, 4.444333480836678
2.6393174468521874, 4.443787535451157
2.6492557403518755, 4.443241221706153
2.6591940109744927, 4.442694539600677
2.6691322587063366, 4.442147489133738
2.6790704835337062, 4.441600070304347
2.6890086854429036, 4.4410522831115085
2.698946864420227, 4.440504127554239
2.7088850204519788, 4.439955603631541
2.7188231535244527, 4.439406711342423
2.7287612636239515, 4.438857450685889
2.7386993507367725, 4.4383078216609535
2.748637414849214, 4.437757824266617
2.758575455947575, 4.437207458501892
2.768513474018153, 4.4366567243657755
2.7784514690472455, 4.4361056218572825
2.788389441021151, 4.435554150975411
2.798327389926166, 4.435002311719172
2.808265315748586, 4.434450104087564
2.818203218474709, 4.433897528079596
2.828141098090832,4.433344584
2.8380789545832528, 4.432791270930591
2.848016787938268, 4.432237589787558
2.8579545981421695, 4.431683540264181
2.8678923851812566, 4.431129122359456
2.8778301490418254, 4.430574336072387
2.8877678897101684, 4.430019181401977
2.8977056071725795, 4.429463658347226
2.9076433014153578, 4.428907766907133
2.9175809724247985, 4.428351507080704
2.927518620187191,4.427794879
2.937456244688832, 4.427237882264833
2.9473938459160185, 4.426680517273385
2.957331424, 4.426122783891598
2.967268978492193, 4.425564682118469
2.9772065098137688, 4.425006211952995
2.9871440178060626, 4.424447373394181
2.9970815024553663, 4.423888166441019
3.0070189637479725, 4.423328591092511
3.016956401670174, 4.422768647347642
3.0268938162082635, 4.422208335205421
3.036831207348531, 4.421647654664841
3.0467685750772695, 4.421086605724895
3.0567059193807715, 4.4205251883845795
3.0666432402453285, 4.419963402642893
3.076580537657228, 4.419401248498825
3.086517811602764, 4.418838725951376
3.0964550620682303, 4.418275834999536
3.1063922890399116, 4.417712575642301
3.116329493, 4.417148947878664
3.1262666724470884, 4.416584951707616
3.136203828855164, 4.416020587128153
3.146140961714617, 4.415455854139265
3.156078071011736, 4.414890752739941
3.1660151567328123, 4.414325282929177
3.1759522188641323, 4.413759444705964
3.185889257391986, 4.413193238069294
3.195826272302664, 4.412626663018154
3.205763263582448, 4.412059719551532
3.2157002312176326, 4.4114924076684225
3.2256371751945028, 4.410924727367814
3.2355740954993477, 4.410356678648696
3.245510992118455, 4.409788261510052
3.2554478650381102, 4.409219475950882
3.265384714, 4.408650321970163
3.275321539724213, 4.4080807995668865
3.2852583414632335, 4.407510908740036
3.2951951194479494, 4.406940649488601
3.305131873664645,4.406370022
3.3150686040996074, 4.405799025707929
3.325005310739123, 4.405227661176663
3.334941993569478, 4.404655928216754
3.3448786525769556, 4.404083826827192
3.3548152877478405, 4.403511357006957
3.3647518990684158, 4.402938518755035
3.3746884865249727, 4.402365312070416
3.38462505, 4.401791736952075
3.394561589791151, 4.401217793398998
3.4044981055733428, 4.400643481410167
3.414434597436646, 4.400068800984566
3.4243710653673447, 4.3994937521211765
3.4343075093517244,4.398918335
3.444243929376066,4.398342549
3.4541803254266514, 4.397766394894094
3.4641166974897644, 4.397189872269366
3.474053045551687, 4.396612981201754
3.4839893695987016, 4.396035721690236
3.4939256696170893, 4.395458093733796
3.5038619455931337, 4.394880097331411
3.5137981975131125,4.394301732
3.523734425363309, 4.3937229991847175
3.5336706291300053, 4.393143897438369
3.5436068087994794, 4.392564427241988
3.5535429643580123, 4.391984588594558
3.5634790957918843, 4.391404381495045
3.573415203087377, 4.390823805942432
3.5833512862307675, 4.390242861935688
3.593287345208337, 4.3896615494738045
3.6032233800063667, 4.389079868555738
3.613159390611131, 4.388497819180481
3.6230953770089105, 4.387915401346997
3.633031339185986, 4.387332615054264
3.6429672771286326, 4.386749460301254
3.6529031908231326, 4.386165937086946
3.6628390802557607, 4.385582045410307
3.6727749454127947, 4.384997785270314
3.682710786280514, 4.3844131566659374
3.6926466028451945, 4.383828159596148
3.7025823950931125, 4.383242794059924
3.7125181630105466, 4.382657060056234
3.7224539065837714, 4.382070957584046
3.732389625799066, 4.381484486642328
3.742325320642704, 4.380897647230059
3.752260991100961, 4.3803104393462045
3.7621966371601143, 4.379722862989733
3.7721322588064394, 4.379134918159618
3.7820678560262087, 4.378546604854821
3.7920034288056996, 4.377957923074318
3.8019389771311882, 4.377368872817069
3.8118745009889468, 4.376779454082053
3.8218100003652493, 4.376189666868229
3.831745475246369, 4.375599511174565
3.841680925618581, 4.375008987000031
3.851616351468159, 4.374418094343593
3.8615517527813763, 4.3738268332042125
3.8714871295445064, 4.3732352035808555
3.881422481743822, 4.372643205472492
3.8913578093655956, 4.372050838878082
3.9012931123961003, 4.371458103796597
3.911228390821606, 4.370865000226992
3.9211636446283857, 4.370271528168234
3.931098873802713, 4.369677687619285
3.9410340783308566, 4.369083478579116
3.9509692581990925,4.368488901
3.9609044133936875, 4.3678939550209455
3.9708395439009108, 4.367298640500868
3.9807746497070364, 4.3667029574854155
3.990709730798334, 4.366106905973551
4.000644787161074, 4.365510485964226
4.0105798187815225, 4.364913697456403
4.0205148256459555, 4.364316540449047
4.030449807740638, 4.363719014941114
4.040384765051841, 4.363121120931563
4.050319697565826, 4.362522858419356
4.0602546052688755, 4.361924227403446
4.070189488147252,4.361325228
4.080124346187217, 4.360725859856368
4.090059179375046, 4.360126123323109
4.099993987697006, 4.359526018281984
4.109928771139363, 4.358925544731945
4.119863529688384,4.358324703
4.129798263330335, 4.357723492100952
4.139732972051487, 4.357121913017917
4.149667655838103, 4.356519965421786
4.159602314676452, 4.355917649311524
4.169536948552795, 4.3553149646860785
4.179471557453404, 4.354711911544407
4.189406141364544, 4.354108489885466
4.199340700272478, 4.353504699708206
4.209275234, 4.352900541011577
4.219209743023788, 4.352296013794534
4.229144226839694, 4.351691118056029
4.239078685597452, 4.351085853795015
4.249013119283332, 4.350480221010441
4.258947527883592, 4.349874219701261
4.268881911384498, 4.349267849866427
4.2788162697723156, 4.348661111504884
4.288750603033304, 4.348054004615585
4.298684911153729, 4.347446529197479
4.308619194119852, 4.346838685249517
4.318553451917934, 4.346230472770648
4.328487684534241, 4.345621891759812
4.338421891955034, 4.345012942215967
4.348356074166576,4.344403624
4.358290231155128, 4.343793937525033
4.368224363, 4.343183882375836
4.378158469408305, 4.342573458689413
4.388092550645452, 4.341962666464718
4.3980266066046525, 4.341351505700691
4.407960637272164, 4.340739976396277
4.417894642634252, 4.340128078550423
4.427828622677173, 4.339515812162073
4.437762577387186, 4.338903177230169
4.447696506750555, 4.338290173753656
4.457630410753536, 4.337676801731477
4.467564289382393, 4.337063061162578
4.477498142623378, 4.336448952045901
4.487431970462752, 4.335834474380387
4.4973657728867735, 4.335219628164981
4.50729955, 4.334604413398621
4.517233301433789, 4.333988830080251
4.527167027529299, 4.333372878208811
4.5371007281544875, 4.332756557783243
4.547034403295615, 4.332139868802484
4.556968052938931, 4.331522811265477
4.566961640659328, 4.3302418607756525
4.576840049234193, 4.328762635867222
4.5866463698351945, 4.3275172615980395
4.596457747051939, 4.326385501642592
4.606279676820353, 4.3253504660749345
4.6161112711651295, 4.324410545309457
4.625951528329568, 4.323566355972549
4.635835762348888, 4.323052711465097
4.645774328960527, 4.322982610990595
4.655727977984759, 4.323022087334485
4.665684484954362, 4.323085907781804
4.675642132990673, 4.3231588212537035
4.685599606010859, 4.3232375132957594
4.695556815297761, 4.323320761083134
4.7055137716899615, 4.323407811506039
4.715470485940938, 4.323498083479323
4.725426977230834,4.323591103
4.735383268536033, 4.323686481292163
4.745339383585192, 4.323783895842191
4.755295345159378, 4.323883082124656
4.765251174, 4.323983821827176
4.77520689, 4.3240859350311265
4.785162507476246, 4.324189273444307
4.795118042393848, 4.324293714822161
4.8050735064672265, 4.324399158374004
4.815028910083931, 4.324505520982291
4.824984262, 4.324612734091466
4.834939569678974, 4.324720741147388
4.844894839238236, 4.324829495489512
4.854850075877797, 4.324938958615081
4.864805283911121, 4.325049098749371
4.874760466926104, 4.325159889667478
4.884715627901781, 4.325271309723243
4.894670769307753, 4.325383341048608
4.904625893188437,4.325495969
4.914581001234052, 4.325609181080471
4.924536094840186, 4.325722967556916
4.934491175157692, 4.325837320022854
4.944446243134327, 4.325952231625753
4.954401299549442, 4.326067696707906
4.964356345042854, 4.326183710598034
4.974311380138838, 4.326300269439274
4.984266405266021, 4.326417370047185
4.994221420773891, 4.326535009792502
5.004176426946482, 4.3266531865043785
5.0141314240136845, 4.326771898390464
5.024086412160648, 4.326891143970946
5.034041391535525, 4.3270109220240744
5.043996362, 4.327131231541191
5.053951324, 4.327252071689581
5.063906278081377, 4.327373441781831
5.073861223312113, 4.327495341250496
5.083816160146148, 4.327617769627201
5.093771088611622, 4.327740726525372
5.103726008726946, 4.327864211625986
5.113680920502496, 4.327988224665797
5.123635823942011, 4.328112765427616
5.133590719043738, 4.328237833732299
5.143545605801403, 4.328363429432099
5.153500484204981, 4.328489552405212
5.163455354241362, 4.328616202551237
5.173410215894884, 4.328743379787472
5.183365069147772, 4.328871084045809
5.193319914, 4.328999315270197
5.203274750372148, 4.329128073414549
5.213229578300536, 4.329257358440994
5.223184397742553, 4.329387170318457
5.233139208674275, 4.329517509021465
5.2430940110710855, 4.329648374529174
5.2530488049078246, 4.329779766824569
5.263003590158884, 4.329911685893786
5.272958366798271, 4.330044131725574
5.282913134799676, 4.3301771043108275
5.292867894136542, 4.330310603642224
5.3028226447820925, 4.330444629713906
5.312777386709382, 4.330579182521236
5.322732119891309, 4.330714262060564
5.332686844300657, 4.330849868329077
5.342641559910116, 4.330986001324638
5.352596266692289, 4.331122661045681
5.362550965, 4.331259847491098
5.372505653664855, 4.331397560660169
5.382460333800161, 4.331535800552488
5.392415004998026, 4.331674567167924
5.402369667230809, 4.331813860506546
5.41232432, 4.331953680568609
5.422278964690463, 4.332094027354518
5.432330808543492, 4.331631160581107
5.442297788989246, 4.3309192113065995
5.452171829221835, 4.3304412954372244
5.462040912482281, 4.330077110926891
5.471911403241134, 4.329809523430264
5.481782758326872,4.32963679
5.491654251637867, 4.329559448893459
5.501537062314136, 4.3298238382622065
5.511436052697808, 4.330527236088734
5.521345900486514, 4.331337174886948
5.531260146549904, 4.332170229241812
5.541176085509354, 4.333011318478928
5.551093260988158, 4.333857160733676
5.561011397, 4.334706587403549
5.570930287,4.335558879
5.580849773, 4.336413477488492
5.590769736001781, 4.337269922238325
5.600690084372141, 4.338127832203125
5.610610746059679, 4.338986890887951
5.620531664909408, 4.339846835973814
5.630452796686887, 4.340707450286173
5.640374106342117,4.341568554
5.650295565950433, 4.342429999104891
5.660217153152834, 4.343291662335526
5.670138849966325, 4.344153442450403
5.680060641869856, 4.345015255676919
5.689982517096876, 4.3458770328241325
5.699904466083788, 4.346738716749794
5.709826481037051, 4.347600260265177
5.719748555591146, 4.3484616244029635
5.729670684536772, 4.349322776985853
5.739592863603672, 4.350183691443948
5.749515089286286, 4.351044345837893
5.759437358703177, 4.351904722052024
5.769359669483299, 4.3527648051280705
5.779282019673645, 4.353624582714859
5.789204407664099, 4.3544840446139546
5.799126832126108, 4.355343182404434
5.809049291962535, 4.356201989133056
5.8189717862666255, 4.357060459058441
5.828894314288332, 4.3579185874398405
5.8388168754066605, 4.358776370362699
5.848739469, 4.359633804594641
5.858662094962281, 4.360490887466571
5.868584752617897, 4.361347616774461
5.8785074417787415, 4.362203990698311
5.888430162198914, 4.363060007735178
5.898352914, 4.363915666643923
5.9082756960294995, 4.364770966399572
5.918198509123899,4.365625906
5.928121352834938, 4.366480485212973
5.938044227060085, 4.367334702994157
5.947967131712346, 4.368188559022201
5.957890066717573, 4.369042052903094
5.967813032012205, 4.369895184311302
5.977736027541442, 4.370747952977855
5.9876590532577065, 4.371600358680481
5.997582109119387, 4.372452401235457
6.0075051950897915, 4.373304080490901
6.017428311136306, 4.374155396321206
6.027351457, 4.375006348622485
6.0372746333434035, 4.375856937308759
6.047197839453302, 4.376707162308852
6.057121075537068, 4.377557023563797
6.067044341573959, 4.3784065210247185
6.076967637544527, 4.379255654651072
6.086890963430385, 4.380104424409187
6.096814319214022, 4.380952830271076
6.106737705,4.381800872
6.116661120408122, 4.382648550216819
6.126584566, 4.3834958642650115
6.136508040999182, 4.384342814344407
6.146431546030566, 4.385189400443592
6.156355080866219, 4.386035622552943
6.166278645491709, 4.3868814806643295
6.176202239892801, 4.387726974770847
6.186125864055419, 4.388572104866602
6.196049517965599, 4.389416870946538
6.205973201609503, 4.390261273006282
6.215896914973383, 4.3911053110420415
6.225820658, 4.391948985050497
6.2357444308063865, 4.3927922950286975
6.245668233248319,4.393635241
6.255592065355818, 4.394477822884161
6.265515927115376, 4.395320040756932
6.275439818513541, 4.396161894590402
6.285363739536861, 4.397003384382769
6.295287690171907, 4.397844510132349
6.305211670405275,4.398685272
6.3151356802235625, 4.399525669496929
6.325059719613385, 4.400365703109003
6.334983788561362, 4.401205372672429
6.344907887054128, 4.402044678185881
6.3548320150783155, 4.402883619648079
6.364756172620575, 4.403722197057774
6.374680359667537, 4.404560410413743
6.384604576205855, 4.405398259714783
6.394528822222186,4.406235745
6.404453097703175, 4.407072866147357
6.414377402635484,4.407909623
6.424301737005771, 4.408746016346202
6.434226100800695, 4.4095820453551156
6.4441504940069105, 4.410417710302176
6.4540749166110825, 4.4112530111862664
6.463999368599872,4.412087948
6.473939790998845, 4.4131678252399364
6.483908557724175, 4.414587650168056
6.4939057173468155, 4.416015288586516
6.503877201822567, 4.417234753426363
6.51390791, 4.417873288422948
6.523913734874494, 4.418193908364286
6.533867318040423,4.418635193
6.5438179415672755, 4.419091332947277
6.553768845, 4.4195469227890225
6.563719395097488,4.419999876
6.573669650575255,4.420450228
6.583647930355897, 4.421143034827969
6.593669522288235, 4.422172989839789
6.603713353904033, 4.423201972328147
6.613723034995702, 4.4240133455379524
6.623764836385144,4.424819539
6.633806902321149, 4.4254915147969145
6.643846605555811, 4.425996256585314
6.653892947365908,4.426399422
6.663946195538391, 4.426716417434384
6.673999476385503, 4.426927337426137
6.6840535623082635, 4.427038445334786
6.694111468154777, 4.427062485425403
6.704166507375553, 4.426980149486787
6.714219591, 4.426797716508508
6.724273959, 4.426527923024892
6.734322195, 4.4261517454371555
6.744365236015878, 4.425675472351431
6.754406785472438, 4.425111811655351
6.764439022746665, 4.424441962999253
6.7744631120119365,4.423672175
6.784483198078997, 4.422815096740481
6.794490900658459, 4.421852167662178
6.804348323836751, 4.420440623805204
6.814134344551493, 4.418646675334394
6.823934829884871, 4.416833531283694
6.833747096636235, 4.4150227552954355
6.843553928910112, 4.413200414445385
6.8533599380473875, 4.411373137052961
6.863173725959407, 4.409552866576612
6.8729818218588825, 4.407723478005438
6.8827888494756895, 4.405891063924542
6.892603499247403, 4.404067257054835
6.902412376, 4.402235691639964
6.91222013, 4.400402204377247
6.922035470149127, 4.398578229393365
6.9318450397691365, 4.396747270587027
6.941653492257157, 4.394915012260673
6.9514695268125575, 4.393092767860325
6.9612798029565575, 4.391263963577114
6.971088970217888, 4.389434201767188
6.9809057177910185, 4.387614730728655
6.990716716373771, 4.385788932272406
7.000526612399341, 4.383962365135597
7.010344088851895, 4.382146245832357
7.020155825448925, 4.380323929300062
7.029966465027374, 4.378500950064352
7.039784683726823,4.376688507
7.049597169, 4.374869938255599
7.059408560646574,4.373050765
7.069227528744208,4.371242178
7.079040768088474, 4.369427503143156
7.088852915781109, 4.367612255444642
7.098672636390208, 4.365807623296574
7.108486631838722, 4.363996922386365
7.118299536787937, 4.3621856655546765
7.128120010587759, 4.360385041138491
7.137934762193282, 4.358578357136333
7.147748423968018, 4.356771125685343
7.157569650225233, 4.354974536810685
7.1673851568962315,4.353171892
7.1771995741298396, 4.351368703049103
7.1870215513079385, 4.349576163331956
7.196837811305215,4.347777568
7.206652982103767, 4.345978429418067
7.216475708215324, 4.3441899445267955
7.226292719437332,4.342395402
7.2361086416129154, 4.340600316718358
7.245932114419858, 4.338815887869927
7.2557498745643665, 4.337025398697871
7.265566545766902, 4.335234365759563
7.275390762893384, 4.333453991676948
7.285209269548431, 4.331667554049537
7.295026687339683, 4.329880571122287
7.304851646335375, 4.328104249130536
7.314670897030201, 4.326321860057709
7.324489058925215, 4.324538923894995
7.334314757, 4.322766650535016
7.344134749534226, 4.320988306382607
7.353953653024469, 4.319209413206692
7.3637800882710085, 4.317441184578998
7.373600819527722, 4.3156668813508565
7.383420462093988, 4.313892027085252
7.393247631694548, 4.312127839042479
7.403069099453375, 4.310357572538513
7.4128894785729855, 4.308586752938194
7.422717380008406, 4.306826601192935
7.432539581747656, 4.305060367097601
7.442360695, 4.303293577821938
7.4521893256508935, 4.301537458007155
7.4620122588510025, 4.299775251939074
7.471834103513723, 4.298012488592719
7.4816634610684405, 4.296260396295602
7.491573842516571, 4.294794559812357
7.501603728943379, 4.293716159122919
7.511648328, 4.292653995605396
7.521659881787054, 4.291480488050791
7.531613243689632, 4.290113859059976
7.5415602049969275, 4.288653691869397
7.5514903812169285, 4.287091306016352
7.561403627902719, 4.285432311374268
7.571305254292239, 4.283688868489888
7.581185149995233,4.281842829
7.591045028297275, 4.279899834995414
7.600890618095801, 4.277872027593272
7.610711344513669, 4.275741708185188
7.620509138, 4.273514543224364
7.630290096318431, 4.271202636296625
7.6400431529913195, 4.268788684919733
7.649770430099737, 4.266278312933442
7.6594783827870625, 4.263683541933522
7.669155447488655, 4.260987435033556
7.678803926279392, 4.2581955322290606
7.688430626441047, 4.255319743211309
7.698023489150126, 4.252343490023358
7.707584990789997,4.249272206
7.717122286758226, 4.2461176671995755
7.726622829308567, 4.242863657399885
7.736089263870429, 4.239515488511855
7.745529086854565, 4.236084784302084
7.754929268183876, 4.232555697512145
7.764292617, 4.228933408711918
7.773626964497157, 4.225229373382407
7.782918810710808, 4.221428128360162
7.792171125789342, 4.217534717392746
7.801392068123737, 4.213560412556188
7.810567677449314, 4.2094901470578785
7.8197010811809315,4.205328823
7.828800757092854,4.201087516
7.837852294637074, 4.196751567505703
7.8468589740896215, 4.192325736896071
7.855829585465534, 4.1878208860779464
7.864749280885272, 4.183222783687121
7.873621489736707, 4.178536042199242
7.8824552755295905, 4.173771248450672
7.891235297575723, 4.168914488601737
7.899965123263536, 4.163970202377844
7.908734241987286, 4.158892031684092
7.917239759626835, 4.153901724916436
7.925756717273919, 4.148801163331609
7.9342012223774665, 4.143622716530896
7.942638976196454, 4.138301182911875
7.951000030535933, 4.132909926451818
7.959322124550968, 4.127449069618957
7.967577240304828, 4.121897585341584
7.975781385050893, 4.116266758522168
7.983932657438817, 4.110558452820612
7.992025377421294, 4.104768501382059
8.000052182356477, 4.098892735110128
8.008035517796655, 4.092947021988267
8.015946229, 4.0869134868853125
8.023800758,4.080802855
8.031597672570042, 4.074617100452866
8.039330730013303, 4.068352661114565
8.046992736592312, 4.062005735548589
8.054606627971607, 4.055591040187814
8.062142636470508, 4.049092403111593
8.069617454, 4.0425197491587515
8.077030103795023, 4.035874997928943
8.084373767606301, 4.029155146040047
8.091641455533171, 4.022356718500982
8.098856513760605, 4.015493201959975
8.105988644988038, 4.008550115722254
8.113054755099158, 4.001536581968642
8.120054323, 3.994454408734943
8.126979984045965,3.98730117
8.133824974111644, 3.9800737100812267
8.140612987, 3.9727842351499825
8.147313273527024, 3.9654199753651382
8.153942938, 3.957989248648576
8.160501884, 3.9504937092398573
8.166982256169508, 3.942931531632435
8.173377529747485, 3.9352998960919088
8.179711702707042, 3.927609679905699
8.185953634834247, 3.919849858096124
8.192120633295142, 3.9120279350679366
8.198212975414606, 3.904145383171032
8.204222394827083, 3.8962009913179583
8.210142594189483, 3.8881922889937877
8.215997839942677, 3.8801287706837297
8.221756658275234, 3.872001198297647
8.227436573433957, 3.8638162420554347
8.233038176410675, 3.8555751885446394
8.238552882, 3.8472774429258862
8.243974607, 3.8389209090428107
8.249327859, 3.8305136402559166
8.254580878550295, 3.8220482315659643
8.259751414821352, 3.813530461737234
8.264840288636996, 3.8049614261465905
8.269838693705513, 3.7963411280824944
8.274740728851183, 3.787667863773957
8.279571117926116, 3.778948182632098
8.284297875, 3.770176580096231
8.288939010852923, 3.761357905076882
8.293495502, 3.752493094838074
8.297958439544324, 3.7435827296674953
8.302322084202656, 3.7346255377753854
8.306611329065463, 3.7256264904739886
8.310794040854708, 3.7165820637212903
8.314888479904187, 3.7074960810262203
8.318895701396405, 3.698369355316021
8.322806787182975, 3.689203003834053
8.326616108753951, 3.679996217237827
8.330348671179419,3.670752296
8.333972262, 3.6614697688493782
8.337505379, 3.652151351793246
8.340949089536306, 3.6427977979063955
8.344294564918739, 3.633410691169919
8.347536239246585, 3.6239897140042983
8.350699218484335, 3.6145364438492935
8.353751263144332, 3.6050515127359115
8.356711096, 3.5955364329445336
8.359098907, 3.5858975176390864
8.361241138941487, 3.576229679507763
8.363396718174181, 3.5666073950541786
8.365503423, 3.5569618180957625
8.367606492176476, 3.547307100253722
8.369693565, 3.5376476985706002
8.371762613,3.527985249
8.373838800580401, 3.5183184376720185
8.375893063740401, 3.5086505851023846
8.377943794935334, 3.498979204111559
8.379994649805793, 3.489307753234844
8.382036534, 3.4796344738875646
8.384065682807629, 3.469961092885372
8.386107229124187, 3.4602848623328137
8.388130711185088, 3.4506093944731266
8.390154059609904, 3.4409312539233836
8.392180375437718, 3.431254126693417
8.394200158862361, 3.4215757133206353
8.396209042559555, 3.4118979243202614
8.398233959346058, 3.4022077926230936
8.400247426386432, 3.392485749409748
8.402258697754652, 3.3827199675620383
8.404275910195423, 3.372965966727612
8.406282754744678, 3.3632114060449543
8.40828528, 3.3534558557396683
8.410297668295815, 3.3436997924337413
8.412299610753694, 3.3339433738203543
8.414297399049449, 3.324186164985811
8.416305228558441, 3.314428585049502
8.418302743, 3.3046707784104212
8.420296205842766, 3.2949122874192733
8.422299810339139, 3.285153503324009
8.424293176295997, 3.2753945655863226
8.426282549041243, 3.2656350032905146
8.428282122177881, 3.2558751896593026
8.430271501, 3.2461152649091116
8.432256919907102, 3.236354749998651
8.434252573371719, 3.226594005483638
8.436238057582809,3.216833175
8.438219602975662, 3.207071775446308
8.440211402352606, 3.197310156448965
8.442193048, 3.1875484680047195
8.444170766642376, 3.1777862220316715
8.446158751647879, 3.1680237613814635
8.448136592275802, 3.158261242104888
8.450110514153925, 3.148498173258517
8.452094709999326, 3.1387348906107353
8.454068767822806, 3.1289715571973558
8.456038912, 3.1192076797033206
8.458019335996328, 3.1094435873417328
8.459989626,3.09967945
8.461956007118074, 3.089914773513169
8.463932671326239, 3.0801498795928786
8.465899205611176, 3.0703849463759756
8.467861833583214, 3.0606194765101775
8.470140450408353, 3.0508841558323656
8.472822524123616, 3.041025783906667
8.475328584053583, 3.0316194077137113
8.477253606, 3.0219413351700224
8.479002986689148, 3.0120715721791647
8.480820213482957, 3.0023891917589047
8.482641498627173, 2.992709062781643
8.484685553063713, 2.9829736306798167
8.486946388751965, 2.9735388196681773
8.489215647, 2.9640139185629217
8.491463261, 2.9543628338012997
8.493619052312285, 2.9445911941639507
8.495586044567153, 2.9348304830287653
8.497477599532195,2.925044937
8.498812880745943, 2.915226072028281
8.499920188241985, 2.9054035069486117
8.501035660242188, 2.895609943366197
8.502102800759564, 2.885791803836467
8.503136809279034, 2.8759978628925107
8.504154224, 2.866062290083915
8.505167544335798, 2.856150436279242
8.506169458598833, 2.846239542863414
8.507479074853137, 2.8363435822888143
8.509183973569483, 2.8264417683013825
8.510884133437095, 2.8165192888417385
8.512385580173792, 2.8065958790386643
8.513370346, 2.796644675535955
8.514000076, 2.786741458700384
8.514727768615701, 2.7768157020151873
8.515465055925755, 2.7668997099278263
8.516200952228289, 2.7569816112675047
8.516934265, 2.7470616266987213
8.517665241804181, 2.737140151280901
8.518394306037553, 2.7272174795268898
8.519121850857095, 2.7172938427263937
8.519848213009745, 2.7073694263658674
8.520573675511566, 2.697444380251897
8.521298474829317, 2.6875188258253484
8.522022808, 2.6775928618116476
8.522746838841654, 2.6676665686661623
8.523470703509734, 2.6577400120967334
8.524194515, 2.6478132458685173
8.524918366766453, 2.637886314047121
8.525642336613373, 2.627959252799866
8.526366488755329, 2.618032091847776
8.527090876414189,2.608104856
8.527815543642056, 2.5981775643074436
8.528540526891812, 2.5882502344372247
8.529265856, 2.578322879706372
8.529991556876958, 2.5683955113984127
8.530717649189077, 2.558468138826932
8.531444150318002, 2.548540769682911
8.532171074369128, 2.5386134103199556
8.532898433003416, 2.5286860659888144
8.533626235859787,2.518758741
8.534354490904668, 2.508831439034576
8.535083204721282, 2.498904162971455
8.535812382748947, 2.488976915299097
8.536542029481035, 2.4790496980527648
8.537272148628729, 2.469122512918426
8.538002743, 2.4591953612934594
8.538733815893773, 2.449268244336777
8.539465368628203,2.439341163
8.540197403181576, 2.4294141181127578
8.540929921, 2.419487110308749
8.541662923173728, 2.4095601401512807
8.542396410745292, 2.3996332081014646
8.543130384480492, 2.3897063145443806
8.543864845030376, 2.379779459802258
8.544599792929247, 2.3698526441453693
8.545335228614876, 2.3599258678010266
8.546071152445231, 2.3499991309610273
8.546807564712319, 2.340072433787816
8.547544466, 2.3301457764195614
8.548281855461399, 2.3202191589743615
8.549019734290852, 2.310292581553726
8.549758102266203,2.300366044
8.550496959486246, 2.2904395471259535
8.551236306028704, 2.280513090262335
8.551976141953888, 2.2705866737138978
8.552716467307722, 2.2606602975335437
8.553457282124228, 2.250733961768875
8.554198586427578, 2.2408076664631134
8.554940380233814,2.230881412
8.555682663552256, 2.2209551973836796
8.556425436386675, 2.211029023680721
8.557168698736247, 2.2011028905790426
8.557912450596326, 2.191176798109018
8.558656691959147, 2.1812507462996145
8.559401423, 2.1713247351786436
8.560146643, 2.1613987647729553
8.560892352950075, 2.151472835108609
8.561638552200558, 2.1415469462110055
8.562385240883907, 2.131621098104999
8.563132418982168, 2.121695290814996
8.563880086476543, 2.1117695243650316
8.564628243347556, 2.1018437987788325
8.565376889575159, 2.0919181140798657
8.566126025, 2.0819924702913934
8.566875650017767, 2.072066867436494
8.567625764190653, 2.062141305538109
8.568376367636043, 2.052215784619051
8.56912746, 2.042290304702034
8.569879042257417, 2.0323648658096958
8.570631113389501, 2.0224394679645896
8.571383673706375, 2.012514111189225
8.572136723, 2.002588795506055
8.572890261805409, 1.9926635209374939
8.573644289542857, 1.9827382875059216
8.574398806375676, 1.9728130952336902
8.575153812281366, 1.9628879441431257
8.575909307, 1.952962834256535
8.576665291221211, 1.943037765596207
8.577421764210197, 1.9331127381844155
8.578178726181754, 1.9231877520434217
8.578936177113262, 1.9132628071954747
8.579694116982072, 1.9033379036628142
8.580452546, 1.8934130414676715
8.581211463, 1.8834882206322705
8.581970869985698, 1.8735634411788276
8.582730765377082, 1.8636387031295532
8.583491149592426, 1.853714006506652
8.584487495567597, 1.8437713574920203
8.585477082027756, 1.833809216626769
8.586045839291826, 1.8238593688488491
8.586592089146817, 1.8139073318533225
8.587148742, 1.8039499546127664
8.587695329254359, 1.7939931913470035
8.588238233073621, 1.784036021841004
8.588791615635023, 1.7740767061268685
8.589335419, 1.7641183503957851
8.589875866000375, 1.7541598689322797
8.590427104826547, 1.744199457129313
8.590968994, 1.7342401982494136
8.591507707304395, 1.724280973069815
8.592057385186607, 1.714319935772571
8.592597842636442, 1.7043601553130072
8.593135224, 1.6944004954297893
8.593683669, 1.684439087740252
8.594222967966838, 1.6744789941651619
8.594759248389517, 1.6645190693104241
8.595306647822067, 1.6545574318978447
8.595844942566563, 1.6445971407560038
8.596380251598635, 1.634637045279017
8.596926710939655, 1.6246752564738665
8.597464089266298, 1.614714832179586
8.597998500337845, 1.6047546187326824
8.598852235, 1.5947646025184365
8.600096668026568, 1.5847765345875406
8.601349407976532, 1.5747724311754114
8.601923241023544, 1.564782481459379
8.602392134528179, 1.5547600478747192
8.603334401719504, 1.5447367065146809
8.604298633897923, 1.534700523466518
8.605083988053874, 1.524683448531431
8.605727158, 1.514668567590235
8.606271390495559, 1.5046464893550475
8.606349661836859, 1.4947026471170222
8.606057791893251, 1.4847693601384737
8.605846462073446, 1.4748280172349866
8.605653178, 1.4648828764429878
8.605459024377918, 1.4549348215038342
8.605261626448202, 1.4449845338681433
8.605061165356766, 1.4350324896970104
8.604858158688467, 1.4250788829419598
8.604653166595629, 1.4151248696524392
8.604446628890942, 1.4051709969419175
8.604238895880147, 1.3952171786661915
8.604030264711549, 1.3852634071111631
8.603820982182244, 1.3753096774307039
8.603611252965678, 1.3653559840668352
8.603401246693355, 1.355402321227677
8.603191103869106, 1.3454486833010102
8.602980940813968, 1.335495065085413
8.602770854, 1.325541461898827
8.602560922, 1.3155878696114585
8.602351212666365, 1.3056342846340356
8.602141778925782, 1.2956807038814897
8.601932666283624, 1.2857271247247297
8.601723911992938, 1.2757735449383416
8.601515546817431, 1.2658199615170747
8.601307596967715, 1.255866374798555
8.601100085, 1.2459128206333316
8.600893028474387, 1.2359592841739868
8.600686441, 1.2260057590453586
8.600480333237185, 1.216052240545356
8.600274715939852, 1.2060987248156494
8.600069596595297, 1.1961452086705076
8.599864981718985, 1.186191689479855
8.599660877, 1.176238165073508
8.599457285958877, 1.1662846336618784
8.599254213187955, 1.1563310937702718
8.599051661407902, 1.1463775441844848
8.598849633, 1.1364239839057684
8.598648130378757, 1.1264704121135534
8.598447154890605, 1.1165168281346052
8.598246708053809, 1.1065632314175118
8.598046791021755, 1.0966096215115806
8.597847404743483, 1.0866559980493853
8.59764855, 1.076702360732334
8.597450227429439, 1.0667487093187356
8.597252437559423, 1.056795043613934
8.597055180818943, 1.0468413634621507
8.596858457558954, 1.0368876687397441
8.596662268065257, 1.0269339593496338
8.596466612569781, 1.0169802352166912
8.596271491259914, 1.0070264962839361
8.596076904286273, 0.9970727425093799
8.595882851769012, 0.9871189738634324
8.595689333803172, 0.9771651903267443
8.595496350462987, 0.9672113918884326
8.595303901805524, 0.9572575785446112
8.595111987873638, 0.9473037502971743
8.594920608698457, 0.9373499071527945
8.594729764301393, 0.9273960491220928
8.594539454695859, 0.9174421762189517
8.594349679888618, 0.9074882884599509
8.594160439880962, 0.8975343858638957
8.593971734669664, 0.8875804684514326
8.593783564, 0.8776265362447274
8.593595928605085, 0.8676725892672025
8.593408827729109, 0.8577186275433161
8.593222261605046, 0.8477646510983832
8.593036230216422, 0.8378106599584267
8.592850733545278, 0.8278566541500528
8.592665771572504, 0.8179026337003488
8.592481344277983, 0.8079485986368005
8.592297451640775, 0.7979945489872194
8.592114093639275, 0.7880404847796901
8.591931270251335,0.778086406
8.591748981, 0.7681323128041897
8.591567227, 0.7581782050933473
8.591386007583521, 0.7482240823206545
8.591205322777917,0.73826995
8.591025173,0.728315807
8.590845558, 0.7183616535151557
8.590666477, 0.7084074897692927
8.590487931319869, 0.6984533156429141
8.590309920282959, 0.6884991311650581
8.590132443926393, 0.6785449363647944
8.589955502224255, 0.6685907312711984
8.589779095150481, 0.6586365159133497
8.589603222678933, 0.6486822903203302
8.589427884783385,0.638728055
8.589253081437532, 0.6287738085451084
8.589078812615035, 0.6188195524210713
8.588905078, 0.6088652861781917
8.588731878434448,0.59891101
8.588559213, 0.5889567234522177
8.588387082, 0.5790024270272734
8.588215485427693, 0.5690481205997869
8.588044423189851, 0.5590938041988258
8.587873895289993, 0.5491394778534542
8.587703902, 0.5391851415927328
8.587534442397985, 0.5292307954457183
8.587365517352701, 0.5192764394414644
8.587197126539126, 0.5093220736090198
8.58702927, 0.4993676979774298
8.586861947500772, 0.48941331257573567
8.586695159222819, 0.4794589174329744
8.586528905070217, 0.4695045125781789
8.586363185016376, 0.45955009804037755
8.586197999034702, 0.4495956738485949
8.586033347098581, 0.4396412400318513
8.585869229181439, 0.42968679661916204
8.585705645256656, 0.4197323436395392
8.585542595297632, 0.40977788112198993
8.585380079277776, 0.3998234090955167
8.585218097170474, 0.3898689275891187
8.585056648949138, 0.37991443663179003
8.584895735, 0.36995993625252044
8.584735354, 0.3600054264802959
8.584575507334858, 0.3500509073440972
8.584416194, 0.3400963788729013
8.584257415200776, 0.3301418410956811
8.58409917, 0.32018729404140445
8.583941457972115, 0.31023273773903515
8.58378428, 0.30027817221753283
8.583627635, 0.2903235975058524
8.583471524611278, 0.28036901363294464
8.583315947379841, 0.2704144206277557
8.583160903715168,0.260459819
8.583006393590658, 0.2505052073362987
8.582852416979717, 0.24055058710790145
8.582698973855738, 0.23059595786296497
8.582546064192146, 0.22064131963041397
8.582393687962327, 0.21068667243916858
8.582241845139691, 0.2007320163181445
8.582090536, 0.19077735129625323
8.581939759609599, 0.18082267740240193
8.581789516848957, 0.17086799466549338
8.581639807389125, 0.16091330311442584
8.581490631, 0.1509586027780933
8.581341988265526, 0.14100389368538563
8.581193879,0.131049176
8.581046302, 0.12109444934638133
8.580899258671451, 0.11113971415784231
8.580752748458082, 0.10118497032844315
8.580606771,0.091230218
8.580461327348777,0.081275457
8.580316416399674,0.071320687
8.580172038485486, 0.061365909179536854
8.580028194,0.051411123
8.579884881655516,0.041456328
8.579742102686557,0.031501524
8.579599856646174,0.021546712
8.579458143507784, 0.011591891786905294
8.579316963244798,0.001637063
8.579176316,-0.008317774
8.579036201238704,-0.018272619
8.578896619442428,-0.028227473
8.578757570415233,-0.038182334
8.578619054130526,-0.048137204
8.578481071,-0.058092083
8.578343619682286,-0.068046969
8.578206701465586,-0.078001863
8.578070315885066,-0.087956766
8.577934462914143,-0.097911676
8.577799142526247,-0.107866595
8.577664355,-0.117821522
8.577530099,-0.127776456
8.577396376594887,-0.137731399
8.577263186273305,-0.147686349
8.577130528401867,-0.157641308
8.576998402953985,-0.167596274
8.57686681,-0.177551248
8.576735749222637,-0.18750623
8.576605220886021,-0.19746122
8.576475225,-0.207416217
8.576345761138054,-0.217371222
8.576216829673557,-0.227326235
8.576088430446628,-0.237281255
8.575960563430694,-0.247236283
8.575833228599183,-0.257191319
8.575706425925533,-0.267146362
8.575580155383177,-0.277101413
8.575454417,-0.287056472
8.575329210586064,-0.297011537
8.575204536278177,-0.306966611
8.575080394,-0.316921691
8.574956784,-0.32687678
8.574833705,-0.336831875
8.574711159031235,-0.346786978
8.574589145,-0.356742088
8.574467662,-0.366697206
8.574346711336092,-0.37665233
8.574226292484632,-0.386607462
8.574106405,-0.396562601
8.57398705,-0.406517748
8.573868226699172,-0.416472901
8.573749934938451,-0.426428062
8.573632174884022,-0.43638323
8.573514946509325,-0.446338404
8.57339825,-0.456293586
8.573282085,-0.466248775
8.573166451,-0.476203971
8.573051349,-0.486159173
8.572936779,-0.496114383
8.572822740048364,-0.506069599
8.572709232688233,-0.516024823
8.572596256795391,-0.525980053
8.572483812,-0.53593529
8.572371899,-0.545890534
8.572260517655113,-0.555845784
8.572149667365938,-0.565801041
8.572039348411295,-0.575756305
8.571929560764646,-0.585711576
8.571820304399445,-0.595666853
8.571711579289136,-0.605622137
8.571603385407176,-0.615577427
8.571495723,-0.625532724
8.571388591222114,-0.635488028
8.571281990865927,-0.645443338
8.571175921631902,-0.655398654
8.571070383,-0.665353977
8.570965376424178,-0.675309306
8.570860900397395,-0.685264642
8.570756955386605,-0.695219983
8.570653541,-0.705175332
8.570550658,-0.715130686
8.570448306184797,-0.725086047
8.570346484972585,-0.735041414
8.570245194643665,-0.744996787
8.570144435171498,-0.754952167
8.570044206529548,-0.764907552
8.569944508691288,-0.774862944
8.569845341630172,-0.784818342
8.569746705,-0.794773746
8.569648599733245,-0.804729155
8.569551025,-0.814684571
8.569453980626486,-0.824639993
8.569357467053086,-0.834595421
8.569261484,-0.844550855
8.569166031733584,-0.854506294
8.569071109934423,-0.86446174
8.568976718673612,-0.874417191
8.568882857924615,-0.884372648
8.568789528,-0.894328111
8.568696727855984,-0.904283579
8.568604458,-0.914239054
8.56851272,-0.924194534
8.568421510928493,-0.934150019
8.568330832693343,-0.944105511
8.568240684784318,-0.954061008
8.568151067,-0.96401651
8.568061979838575,-0.973972018
8.567973422748807,-0.983927532
8.567885395879081,-0.993883051
8.567797899,-1.003838575
8.567710932693654,-1.013794105
8.567624496324905,-1.023749641
8.567538590070118,-1.033705181
8.567453213902763,-1.043660727
8.567368367796334,-1.053616279
8.567284051724304,-1.063571835
8.567200266,-1.073527397
8.567117009577382,-1.083482965
8.567034283449452,-1.093438537
8.566952087249865,-1.103394115
8.566870420952098,-1.113349697
8.566789285,-1.123305285
8.566708677955978,-1.133260878
8.566628601204604,-1.143216476
8.566549054249004,-1.153172079
8.566470037062663,-1.163127687
8.56639155,-1.1730833
8.566313591891717,-1.183038918
8.566236164,-1.192994541
8.566159265479708,-1.202950169
8.566082896742033,-1.212905802
8.566007058,-1.222861439
8.565931748070811,-1.232817082
8.565856968084251,-1.242772729
8.565782718,-1.252728381
8.565708996676705,-1.262684037
8.565635805202714,-1.272639698
8.565563143179906,-1.282595364
8.565491011,-1.292551035
8.565419407,-1.30250671
8.565348333553596,-1.31246239
8.565277789070521,-1.322418074
8.565207773906126,-1.332373763
8.565138288033923,-1.342329457
8.565069331427399,-1.352285155
8.565000904060069,-1.362240857
8.564933006,-1.372196564
8.564865636936991,-1.382152275
8.564798797128262,-1.39210799
8.564732486452742,-1.40206371
8.564666704883933,-1.412019434
8.564601452395355,-1.421975162
8.564536728960501,-1.431930895
8.564472534552888,-1.441886632
8.564408869146027,-1.451842373
8.564345732713425,-1.461798118
8.564283125,-1.471753867
8.564221047,-1.481709621
8.564159496996274,-1.491665378
8.564098476195825,-1.50162114
8.564037984,-1.511576905
8.563978021093908,-1.521532675
8.563918586739472,-1.531488449
8.563859681147404,-1.541444226
8.563801304291216,-1.551400007
8.563743456144433,-1.561355793
8.563686136680564,-1.571311582
8.563629345873132,-1.581267375
8.563573083695669,-1.591223171
8.563517350121671,-1.601178972
8.563462145124683,-1.611134776
8.563407469,-1.621090584
8.563353321,-1.631046396
8.563299701330934,-1.641002211
8.563246610377172,-1.65095803
8.563194047868025,-1.660913852
8.563142014,-1.670869679
8.563090508077677,-1.680825508
8.563039530743541,-1.690781341
8.562989082,-1.700737178
8.562939161064946,-1.710693018
8.562889768667555,-1.720648862
8.562840904529475,-1.730604708
8.562792569,-1.740560559
8.562744760925376,-1.750516412
8.562697481406415,-1.760472269
8.562650730040898,-1.77042813
8.562604506802346,-1.780383993
8.562558811664296,-1.79033986
8.562513644600296,-1.80029573
8.562469006,-1.810251603
8.562424894588558,-1.820207479
8.562381311587897,-1.830163358
8.562338256555421,-1.840119241
8.562295729464681,-1.850075126
8.562253730289209,-1.860031015
8.562212259,-1.869986907
8.562171315578235,-1.879942801
8.5621309,-1.889898699
8.562091012210827,-1.899854599
8.562051652,-1.909810503
8.562012819975331,-1.919766409
8.561974515465915,-1.929722318
8.561936738660108,-1.93967823
8.561899489531463,-1.949634144
8.561862768,-1.959590062
8.561826574199848,-1.969545982
8.561790907943973,-1.979501905
8.561755769,-1.98945783
8.561721158,-1.999413758
8.561687074,-2.009369689
8.561653518369535,-2.019325623
8.56162049,-2.029281558
8.561587988481485,-2.039237497
8.561556014669678,-2.049193438
8.561524568244097,-2.059149381
8.561493649,-2.069105327
8.561463257445839,-2.079061276
8.561433393020275,-2.089017226
8.561404055875165,-2.098973179
8.561375245984062,-2.108929135
8.561346963320526,-2.118885093
8.561319207858126,-2.128841053
8.561291979570422,-2.138797015
8.561265278430977,-2.148752979
8.561239104413351,-2.158708946
8.561213457491105,-2.168664915
8.561188338,-2.178620886
8.561163744827027,-2.188576859
8.561139679032317,-2.198532834
8.56111614,-2.208488811
8.561093128,-2.218444791
8.561070643480349,-2.228400772
8.561048685485643,-2.238356755
8.561027254374855,-2.24831274
8.561006350121547,-2.258268728
8.560985972699314,-2.268224717
8.560966122,-2.278180708
8.560946798,-2.2881367
8.560928001154734,-2.298092695
8.560909730792494,-2.308048691
8.560891987129184,-2.318004689
8.560874770138392,-2.327960689
8.560858079793693,-2.33791669
8.560841916068657,-2.347872694
8.560826278936872,-2.357828698
8.560811168,-2.367784705
8.560796584347358,-2.377740713
8.560782527,-2.387696722
8.560768995813794,-2.397652734
8.560755991,-2.407608746
8.560743513124848,-2.41756476
8.560731561406062,-2.427520776
8.560720136069191,-2.437476793
8.560709237087808,-2.447432811
8.560698864435512,-2.457388831
8.560689018085887,-2.467344852
8.560679698012516,-2.477300874
8.560670904188994,-2.487256898
8.560662636588908,-2.497212922
8.560654895185863,-2.507168949
8.560647679953432,-2.517124976
8.560640991,-2.527081004
8.560634827894814,-2.537037034
8.560629191015813,-2.546993065
8.560624080201809,-2.556949096
8.560619495426398,-2.566905129
8.560615436663182,-2.576861163
8.560611903885757,-2.586817198
8.560608897,-2.596773234
8.560606416182672,-2.606729271
8.560604461204214,-2.616685308
8.560603032105949,-2.626641347
8.560602129,-2.636597387
8.560601751444391,-2.646553427
8.560601899828306,-2.656509468
8.560602573986827,-2.66646551
8.560603773893561,-2.676421553
8.5606055,-2.686377596
8.560607750846069,-2.69633364
8.560610527839069,-2.706289685
8.560613830474713,-2.71624573
8.560617659,-2.726201776
8.560622013,-2.736157823
8.560626891973579,-2.74611387
8.560632297,-2.756069918
8.560638227368887,-2.766025966
8.560644683306197,-2.775982015
8.560651664701439,-2.785938064
8.560659171528226,-2.795894113
8.560667203760158,-2.805850163
8.560675761,-2.815806213
8.560684844333975,-2.825762264
8.560694452623087,-2.835718315
8.560704586211841,-2.845674366
8.560715245073842,-2.855630418
8.560726429182717,-2.86558647
8.560738138512097,-2.875542521
8.560750373035596,-2.885498574
8.560763132726843,-2.895454626
8.560776417559453,-2.905410678
8.560790227507063,-2.915366731
8.560804562543296,-2.925322783
8.560819422641778,-2.935278836
8.560834807776141,-2.945234888
8.560850717920008,-2.955190941
8.560867153047024,-2.965146993
8.560901598144989,-2.985059098
8.560919608063216,-2.99501515
8.560938142859113,-3.004971202
8.560957202506314,-3.014927254
8.560976786978452,-3.024883306
8.560996896249165,-3.034839357
8.561017530292105,-3.044795408
8.561038689080881,-3.054751459
8.561060372589159,-3.06470751
8.561082580790561,-3.07466356
8.561105313658734,-3.08461961
8.561128571167323,-3.094575659
8.561152353,-3.104531708
8.561176660000315,-3.114487756
8.561201491272003,-3.124443804
8.561226847078688,-3.134399852
8.561252727394013,-3.144355899
8.561279132191622,-3.154311945
8.561306061445157,-3.164267991
8.561333515128268,-3.174224036
8.561361493214612,-3.18418008
8.561389996,-3.194136124
8.561419022491597,-3.204092167
8.561448573629542,-3.21404821
8.561478649065325,-3.224004251
8.561509249,-3.233960292
8.561540372725025,-3.243916332
8.561572020896246,-3.253872371
8.561604193259935,-3.26382841
8.56163689,-3.273784447
8.561670110459323,-3.283740483
8.561703855242351,-3.293696519
8.561738124112471,-3.303652553
8.561772917043358,-3.313608587
8.561808234,-3.323564619
8.561844074982046,-3.333520651
8.561880439937182,-3.343476681
8.561917329,-3.35343271
8.561954742,-3.363388738
8.561992678429736,-3.373344765
8.562031139048528,-3.383300791
8.562070124,-3.393256815
8.562109631810042,-3.403212838
8.562149663900094,-3.41316886
8.562190219761248,-3.423124881
8.562231299367173,-3.4330809
8.562272903,-3.443036918
8.562315029708019,-3.452992935
8.56235768,-3.46294895
8.562400854712035,-3.472904963
8.562444552646928,-3.482860975
8.562488774168635,-3.492816986
8.562533519250849,-3.502772995
8.562578788,-3.512729003
8.562624579991494,-3.522685009
8.562670895597291,-3.532641013
8.562717734658325,-3.542597016
8.562765097148263,-3.552553017
8.562812983040793,-3.562509016
8.562861392,-3.572465014
8.562910325,-3.58242101
8.562959780870823,-3.592377004
8.563009760110598,-3.602332996
8.563060262621406,-3.612288987
8.563111288376934,-3.622244975
8.563162837350868,-3.632200962
8.563214909516919,-3.642156947
8.563267505,-3.65211293
8.563320623320093,-3.662068911
8.563374265,-3.67202489
8.563428429576012,-3.681980867
8.563483117,-3.691936842
8.563538328074246,-3.701892814
8.563594061848475,-3.711848785
8.563650318604378,-3.721804754
8.563707098315657,-3.73176072
8.563764400956018,-3.741716684
8.563822226,-3.751672646
8.563880574918764,-3.761628606
8.563939446188568,-3.771584564
8.563998840282263,-3.781540519
8.564058757173557,-3.791496472
8.564119196836154,-3.801452422
8.564180159243763,-3.81140837
8.564241644,-3.821364316
8.564303652188851,-3.83132026
8.564366182673762,-3.8412762
8.564429235798523,-3.851232139
8.564492811536851,-3.861188075
8.564556909862466,-3.871144008
8.564621531,-3.881099939
8.564686674170396,-3.891055867
8.564752340100148,-3.901011793
8.564818528512042,-3.910967716
8.564885239,-3.920923636
8.564952472677147,-3.930879553
8.565020228377794,-3.940835468
8.565088506455469,-3.95079138
8.565157306883899,-3.96074729
8.565226629636799,-3.970703196
8.565296474687894,-3.9806591
8.565366842,-3.990615001
8.565671516373643,-4.000611182
8.566322108,-4.010668142
8.566983770998617,-4.020743201
8.567522780252805,-4.030802753
8.567868332782375,-4.040838714
8.568108771231229,-4.050878253
8.568264453,-4.060922728
8.568315183557935,-4.070964522
8.568267028035969,-4.081004591
8.568132464981717,-4.091046591
8.567892154280399,-4.101083657
8.567552319414329,-4.111116808
8.567125487,-4.121149961
8.566592660766265,-4.131175613
8.565960114991915,-4.141194868
8.565240368484483,-4.151211949
8.564414728,-4.161218752
8.563489457,-4.171216495
8.562477016667561,-4.181209721
8.561358987,-4.19118976
8.560141593841202,-4.201157973
8.558837232875575,-4.211119257
8.557427756069321,-4.221064394
8.555919324478424,-4.230994891
8.554324247789781,-4.240915999
8.552624656,-4.250817979
8.550826627,-4.260702493
8.548942371547765,-4.270575144
8.546954305469853,-4.280425687
8.544868386,-4.290256039
8.542696811,-4.300071744
8.540422398162965,-4.309861849
8.538051036837855,-4.319628255
8.535594781506243,-4.329377142
8.533036654,-4.339097271
8.530382407,-4.348790879
8.527643915447442,-4.358464609
8.524804660240063,-4.368106315
8.521870468573635,-4.37771798
8.518853125027396,-4.387306572
8.515736322012604,-4.396859877
8.512525554693747,-4.406380514
8.509232444281196,-4.415875759
8.505841045069731,-4.425332904
8.502356714704668,-4.434754739
8.498790902026958,-4.444148878
8.495128032883947,-4.453502141
8.491373322845737,-4.462817484
8.487538034111024,-4.472102849
8.483606977717443,-4.481344596
8.479585224552908,-4.490545844
8.475483842,-4.499714859
8.471288039993016,-4.508837554
8.467002742261656,-4.517917202
8.462638798546214,-4.526962382
8.458181722071277,-4.535958504
8.453636200194204,-4.544908965
8.449012841005946,-4.55382263
8.444297709862777,-4.562684566
8.439495440723164,-4.571498364
8.434554071739148,-4.580364679
8.429688116617553,-4.588891379
8.424865768829724,-4.597380918
8.419882869071634,-4.605863923
8.414797445410267,-4.614301085
8.409623824804957,-4.62268975
8.404368069217714,-4.631029344
8.399027574,-4.63930865
8.393606423,-4.647532846
8.388109414749549,-4.655714506
8.382530006780586,-4.66383466
8.376871196289779,-4.671897231
8.371137473140065,-4.679914937
8.365322860851967,-4.687868641
8.359430279391749,-4.69576238
8.353463882890521,-4.703608988
8.347418281137594,-4.711389142
8.341296295476845,-4.719106995
8.335101717052352,-4.726775485
8.328829734878475,-4.734375128
8.322483056981948,-4.741910187
8.316065120218125,-4.749393681
8.309571704605565,-4.756805971
8.303005397320813,-4.764151425
8.296369262631314,-4.771443137
8.289659667280587,-4.778661343
8.282879069727176,-4.78581051
8.276030155388844,-4.792903791
8.269109882570225,-4.799921317
8.262120573073938,-4.806867649
8.255064529456979,-4.813755988
8.247939307,-4.820566379
8.240747090595987,-4.827303469
8.233489792275039,-4.833980495
8.226165565240116,-4.840577441
8.218776452143485,-4.847099035
8.211323974656766,-4.853558538
8.203806891,-4.859935893
8.196227104072122,-4.866235895
8.188585740710854,-4.872471823
8.180882161321447,-4.878623598
8.173118123237836,-4.884696085
8.165294360106826,-4.890702562
8.157410838793517,-4.896622958
8.149469172237222,-4.902462195
8.141469700529065,-4.908233543
8.133412999510053,-4.913916954
8.125300540669878,-4.9195174
8.117132265738467,-4.925048134
8.108909353714571,-4.930489159
8.100633133317691,-4.935845488
8.092303149,-4.941130347
8.083921185,-4.946323809
8.075488426221467,-4.951430923
8.067004022991027,-4.956464875
8.058470355721573,-4.961405833
8.049888472,-4.966258872
8.041257123533242,-4.971037131
8.032579291067911,-4.975720888
8.023855885,-4.980315234
8.015085262092626,-4.984833249
8.006270991449787,-4.989255347
7.997413247,-4.993594838
7.988513433,-4.997849086
7.979570943082136,-5.00201982
7.970588750675728,-5.006091451
7.961564495126583,-5.010085742
7.952501367578791,-5.013986211
7.943399714465708,-5.017798192
7.934262216644867,-5.021511012
7.925085298,-5.025142952
7.915873665267718,-5.028680408
7.906629137626315,-5.03211759
7.897347612645563,-5.035472663
7.8880361301942825,-5.038728837
7.878689356320963,-5.041901488
7.869314525,-5.044971544
7.859906357486589,-5.047956658
7.850472240486121,-5.0508386
7.841006497481456,-5.053634948
7.831516894171457,-5.056327619
7.821997428414136,-5.058934087
7.812456199,-5.061436417
7.802886944104078,-5.063852735
7.793295699190434,-5.066171225
7.7836812342698725,-5.068395189
7.774046331748869,-5.070519382
7.764389724333657,-5.072552552
7.754713941108924,-5.07448933
7.745020874750895,-5.076326007
7.735308428179612,-5.078069324
7.725543370511159,-5.079186159
7.715823001272054,-5.080047508
7.706160786367869,-5.080991984
7.696510587982541,-5.081842433
7.686849218653811,-5.082693695
7.677181025626915,-5.083617289
7.667513877,-5.084454109
7.657839316511179,-5.085363118
7.648168783025976,-5.086184308
7.638502986580067,-5.087088388
7.628844257829024,-5.087994911
7.619184656204963,-5.088892594
7.609524305683897,-5.089781689
7.599863517067432,-5.090663211
7.590202384650315,-5.091538148
7.580540984196468,-5.092407371
7.570879375949821,-5.093271644
7.561217606800153,-5.094131633
7.551555713485058,-5.094987922
7.541893724900597,-5.095841016
7.532231663859734,-5.096691361
7.522569548445613,-5.097539343
7.5129073930530845,-5.0983853
7.503245209191795,-5.099229526
7.4935830061068245,-5.100072279
7.483920791259409,-5.100913783
7.474258570700225,-5.101754234
7.464596349360034,-5.102593802
7.454934131276667,-5.103432637
7.445271919772845,-5.104270868
7.435609717595964,-5.10510861
7.425947527028388,-5.105945961
7.416285349974807,-5.106783007
7.406623188,-5.107619824
7.396961042542888,-5.108456478
7.387298914643959,-5.109293026
7.377636805298258,-5.110129517
7.367974715325889,-5.110965997
7.358312645427383,-5.111802502
7.348650596203035,-5.112639067
7.338988568168777,-5.113475719
7.329326561769298,-5.114312485
7.319664577388898,-5.115149387
7.310002615360547,-5.115986443
7.3003406759734535,-5.116823671
7.290678759479406,-5.117661086
7.281016866098142,-5.1184987
7.271354996021868,-5.119336524
7.261693149419105,-5.120174569
7.252031326437958,-5.121012842
7.242369527208914,-5.121851351
7.232707751847221,-5.122690103
7.223046000454942,-5.123529104
7.213384273122714,-5.124368358
7.203722569931264,-5.12520787
7.194060890952721,-5.126047643
7.184399236251736,-5.126887681
7.174737605886476,-5.127727987
7.1650759999094396,-5.128568564
7.1554144183682284,-5.129409413
7.145752861306152,-5.130250536
7.136091328762798,-5.131091936
7.126429820774498,-5.131933613
7.116768337374767,-5.132775569
7.107106878594652,-5.133617806
7.097445444463042,-5.134460324
7.087784035006959,-5.135303124
7.0781226502517836,-5.136146207
7.068461290221485,-5.136989573
7.058799955,-5.137833224
7.049138644425279,-5.138677159
7.0394773587016966,-5.13952138
7.029816097787891,-5.140365886
7.020154861703011,-5.141210679
7.000832464093545,-5.142901123
6.991171302604428,-5.143746776
6.981510166015304,-5.144592715
6.971849054342899,-5.145438943
6.962187967603613,-5.146285458
6.9525269058135875,-5.147132261
6.942865868988712,-5.147979351
6.933204857144677,-5.14882673
6.923543870296992,-5.149674398
6.913882908461006,-5.150522354
6.904221971651938,-5.151370598
6.8945610598848885,-5.152219131
6.884900173,-5.153067953
6.875239311536734,-5.153917064
6.865578474985376,-5.154766464
6.855917663535545,-5.155616154
6.846256877201953,-5.156466132
6.8365961159992645,-5.1573164
6.826935379942097,-5.158166957
6.817274669045043,-5.159017803
6.807613983322664,-5.159868939
6.797953323,-5.160720365
6.788292687460037,-5.161572081
6.778632077348797,-5.162424086
6.768971492470248,-5.163276381
6.7593109328388685,-5.164128966
6.749650398469115,-5.164981841
6.739989889,-5.165835006
6.730329405572294,-5.166688462
6.720668947,-5.167542207
6.7110085138953615,-5.168396243
6.701348106050462,-5.169250569
6.691687723553858,-5.170105186
6.682027366,-5.170960093
6.672367034663326,-5.171815291
6.662706728298286,-5.172670779
6.653046447339328,-5.173526558
6.643386191800911,-5.174382628
6.633725961697486,-5.175238988
6.624065757043519,-5.17609564
6.614405577853482,-5.176952582
6.604745424141838,-5.177809815
6.595085295923068,-5.17866734
6.5854251932116545,-5.179525155
6.575765116022094,-5.180383262
6.566105064368877,-5.18124166
6.556445038266507,-5.18210035
6.546785037729489,-5.182959331
6.5371250627723425,-5.183818603
6.527465113409585,-5.184678167
6.517805189655751,-5.185538023
6.508145291525371,-5.18639817
6.498485419032987,-5.187258609
6.488825572193149,-5.18811934
6.479165751020417,-5.188980362
6.469505955529347,-5.189841677
6.4598461857345155,-5.190703283
6.450186441650496,-5.191565182
6.4405267232918755,-5.192427373
6.430867030673248,-5.193289856
6.4212073638092075,-5.194152631
6.411547722714363,-5.195015698
6.401888107403331,-5.195879058
6.392228517890727,-5.196742711
6.382568954191184,-5.197606656
6.372909416319338,-5.198470893
6.363249904289831,-5.199335423
6.353590418117317,-5.200200246
6.343930957816449,-5.201065362
6.334271523401896,-5.20193077
6.324612114888334,-5.202796471
6.314952732290435,-5.203662466
6.3052933756228935,-5.204528753
6.2956340449004005,-5.205395334
6.285974740137663,-5.206262207
6.276315461349388,-5.207129374
6.266656208550294,-5.207996834
6.256996981755111,-5.208864588
6.2473377809785635,-5.209732635
6.237678606235396,-5.210600975
6.228019457540359,-5.21146961
6.218360334908201,-5.212338537
6.208701238353688,-5.213207759
6.199042168,-5.214077274
6.189383123536685,-5.214947083
6.179724105303762,-5.215817186
6.1700651132076105,-5.216687582
6.160406147263031,-5.217558273
6.150747207484829,-5.218429258
6.141088293887824,-5.219300537
6.131429406486834,-5.220172111
6.121770545296693,-5.221043978
6.112111710332242,-5.22191614
6.102452901608322,-5.222788596
6.0927941191397865,-5.223661347
6.083135363,-5.224534393
6.073456854280943,-5.225603834
6.063752233886849,-5.226920425
6.054017825971215,-5.228233884
6.044267361702173,-5.22949455
6.034503773515588,-5.230692351
6.024728484031438,-5.231821913
6.014942728934454,-5.232878852
6.005147585160343,-5.233859361
5.995313509843891,-5.234155384
5.985553755395595,-5.234266603
5.975841928093554,-5.234430249
5.966149576220679,-5.234573693
5.956438346076623,-5.234702821
5.946736722208857,-5.23484797
5.937002172,-5.234984314
5.927171563917018,-5.23531685
5.917283990193713,-5.235939943
5.9073793084513735,-5.236557831
5.897512642145406,-5.237097483
5.887662965876915,-5.237563249
5.877828358780174,-5.237952466
5.867990149422223,-5.238261719
5.858166568058547,-5.23787696
5.848428047460857,-5.237311878
5.838736694944548,-5.236787495
5.829060496562542,-5.236256715
5.819366265245111,-5.235708146
5.8096836334907325,-5.23516499
5.799961293206504,-5.234615885
5.790222486288025,-5.233996327
5.780454745444012,-5.233369535
5.770691802960996,-5.232726284
5.760929578028749,-5.232072697
5.75116038,-5.231420022
5.741394527772238,-5.230754868
5.731629729031895,-5.230082485
5.721858572,-5.229413803
5.712091227746889,-5.228735036
5.702325251281822,-5.228051131
5.692553131996814,-5.227372753
5.682784993966646,-5.226685903
5.673018303426165,-5.225995308
5.663245553120188,-5.225311446
5.653476877978817,-5.224620155
5.6437096964826825,-5.223926023
5.633936505370493,-5.2232394
5.624167446905615,-5.222546024
5.614399906328436,-5.22185039
5.604626384812608,-5.22116277
5.594857027225206,-5.220468835
5.585089201383854,-5.21977302
5.575315413161545,-5.219085549
5.565545808013668,-5.218392045
5.555777742501763,-5.217696908
5.546003725730134,-5.217010329
5.536233903,-5.216317902
5.526465625919308,-5.215623998
5.516691405132149,-5.214938792
5.506921386024604,-5.214247856
5.497152914709697,-5.213555546
5.4873785059540445,-5.212872024
5.477608303030073,-5.212182847
5.467839649750901,-5.211492362
5.458065063437944,-5.210810725
5.4482946852241545,-5.210123481
5.438525857731592,-5.209434971
5.4287511007532725,-5.208755348
5.418980552942799,-5.208070149
5.409211556444338,-5.207383712
5.399436633463374,-5.206706186
5.389665919950655,-5.206023105
5.379896758,-5.205338802
5.370121672286188,-5.204663427
5.3603507958136944,-5.203982509
5.350581471,-5.203300381
5.340806224829182,-5.202627192
5.331035187397198,-5.201948467
5.321265701602528,-5.201268539
5.311490296692701,-5.200597557
5.301719099821348,-5.199921044
5.291949454462545,-5.199243331
5.282173892177263,-5.19857457
5.272402537075096,-5.19790028
5.2626327333071465,-5.197224792
5.252857014739387,-5.196558261
5.243085502412349,-5.1958862
5.233315541206322,-5.195212944
5.223539667286443,-5.194548646
5.213767998608441,-5.19387882
5.203997880815499,-5.193207798
5.194221852367776,-5.192545737
5.184450028126487,-5.191878146
5.174679754519439,-5.19120936
5.164903572298794,-5.190549537
5.155131593225414,-5.189884183
5.145361164525739,-5.189217633
5.135584829,-5.188560048
5.125812696030204,-5.187896931
5.116042112925602,-5.187232617
5.106265625257385,-5.186577269
5.096493338577577,-5.185916388
5.086722601733402,-5.18525431
5.076945962340697,-5.184601198
5.067173522845685,-5.183942553
5.0574026329123685,-5.183282709
5.047625842441439,-5.182631833
5.037853250773453,-5.181975421
5.028082208391356,-5.18131781
5.018305267479443,-5.180669169
5.0085325242731695,-5.18001499
4.998761330075723,-5.179359611
4.988984239353817,-5.178713202
4.979211345238683,-5.178061255
4.969439999854443,-5.177408106
4.95966276,-5.176763929
4.949889715550726,-5.176114212
4.9401182196046936,-5.175463292
4.930340831,-5.174821345
4.920567637080373,-5.174173856
4.910795991194882,-5.173525164
4.901018454790065,-5.172885446
4.891245111691318,-5.172240184
4.881473316486588,-5.171593718
4.871695632761254,-5.170956226
4.8619221412413385,-5.17031319
4.8521501973358365,-5.169668948
4.842372366907138,-5.169033683
4.8325987275832345,-5.16839287
4.822826635593937,-5.167750851
4.813048659077573,-5.167117809
4.803274872565498,-5.166479219
4.793502633,-5.165839422
4.783724511118374,-5.165208603
4.773950578032658,-5.164572233
4.764178191721374,-5.163934656
4.7543999248715965,-5.163306057
4.744625845825592,-5.162671907
4.734853313273687,-5.162036548
4.725074902175761,-5.161410169
4.715300677781665,-5.160778236
4.7055279996011965,-5.160145094
4.695749445,-5.159520933
4.685975075734869,-5.158891216
4.676202252536776,-5.15826029
4.666423554774013,-5.157638344
4.6566490415158714,-5.157010842
4.646876074,-5.15638213
4.637097233728348,-5.155762399
4.627322576952075,-5.15513711
4.617549465547191,-5.154510609
4.607770483554231,-5.153893092
4.5979956838676515,-5.153270014
4.588222429271449,-5.152645724
4.578443306073679,-5.152030418
4.568668364083544,-5.151409551
4.558894966902651,-5.150787469
4.549115703105509,-5.150174373
4.539340619417513,-5.149555714
4.529567080257482,-5.148935841
4.519787676465339,-5.148324953
4.5100124516841005,-5.147708501
4.500238771149431,-5.147090833
4.490459227965592,-5.146482152
4.4806838626946766,-5.145867905
4.470910041388807,-5.145252442
4.4611303594155185,-5.144645966
4.451354854257428,-5.144033923
4.441580892782728,-5.143420662
4.431801072621163,-5.14281639
4.422025428177335,-5.142206549
4.412251327135121,-5.14159549
4.402471369385406,-5.14099342
4.392695586256223,-5.14038578
4.382921346246752,-5.13977692
4.373141251507946,-5.139177051
4.363365330292727,-5.138571609
4.353590951915191,-5.137964948
4.343810720785289,-5.137367278
4.334034662082301,-5.136764034
4.324260145934836,-5.136159569
4.314479779010781,-5.135564096
4.304703583,-5.134963048
4.294928930096904,-5.134360778
4.285148428,-5.133767501
4.275372096086579,-5.133168647
4.2655973061894334,-5.132568571
4.255816669463639,-5.131977489
4.246040201876301,-5.131380828
4.236265275997284,-5.130782943
4.226484505261787,-5.130194053
4.216707903,-5.129599583
4.206932841302143,-5.129003889
4.197151937,-5.128417191
4.187375199944629,-5.12782491
4.177600003882515,-5.127231405
4.167818967,-5.126646896
4.1580420957791935,-5.126056804
4.148266765513737,-5.125465485
4.138485596301084,-5.124883165
4.1287085918460225,-5.124295259
4.118933127967951,-5.123706126
4.109151827110031,-5.123125992
4.099374689915162,-5.122540272
4.089599093014143,-5.121953323
4.079817661099414,-5.121375374
4.070040391753461,-5.120791837
4.060264662418106,-5.12020707
4.050483100033969,-5.119631304
4.040705699124612,-5.119049949
4.030929837942472,-5.118467363
4.021148145675273,-5.11789378
4.011370613789128,-5.117314604
4.0015946213466975,-5.116734198
3.991812799781715,-5.116162795
3.9820351375043352,-5.115585798
3.9722590143870575,-5.11500757
3.9624770641085165,-5.114438345
3.952699272024405,-5.113863526
3.942923018816656,-5.113287473
3.933140940407723,-5.112720426
3.923363019,-5.112147782
3.9135866363854244,-5.111573904
3.90380443,-5.111009032
3.8940263804799047,-5.110438562
3.8842498688401297,-5.109866857
3.8744675359156795,-5.109304159
3.8646893579077957,-5.108735862
3.854912717924351,-5.108166329
3.8451302586126586,-5.107605803
3.835351953125469,-5.107039677
3.8255751853785105,-5.106472313
3.8157926002585105,-5.105913959
3.806014167871227,-5.105350001
3.7962372729398512,-5.104784806
3.786454562589418,-5.104228621
3.776676003880204,-5.103666831
3.7668989823424504,-5.103103803
3.7571161473384076,-5.102549786
3.747337462884359,-5.101990162
3.7375603153172148,-5.101429299
3.7277773562353214,-5.100877448
3.7179985466124883,-5.100319989
3.708221273591883,-5.099761289
3.698438191006847,-5.099211602
3.6886592567902188,-5.098656306
3.6788818588910286,-5.098099769
3.669098653376499,-5.097552245
3.659319595,-5.096999111
3.649542072936053,-5.096444734
3.639758745064624,-5.095899372
3.629979563381152,-5.095348397
3.6202019174451934,-5.094796179
3.610418467788401,-5.094252977
3.6006391632297703,-5.09370416
3.590861394133522,-5.0931541
3.581077823261849,-5.092613055
3.571298396398832,-5.092066396
3.5615205047129517,-5.091518491
3.5517368131958245,-5.090979604
3.5419572645981323,-5.090435099
3.5321792508922196,-5.089889349
3.5223954392980104,-5.089352616
3.5126157695343116,-5.088810265
3.5028376343769168,-5.088266668
3.4930537032729436,-5.087732089
3.483273913,-5.08719189
3.473495656869458,-5.086650443
3.4637116068219824,-5.086118016
3.453931696428031,-5.085579968
3.444153320069105,-5.08504067
3.434369151643334,-5.084510394
3.4245891217830358,-5.083974494
3.4148106256719535,-5.083437345
3.4050263394320437,-5.082909217
3.3952461906698472,-5.082375465
3.3854675753709476,-5.081840462
3.3756831718800018,-5.081314482
3.3659029047793028,-5.080782875
3.3561241708558742,-5.080250017
3.346339651,-5.079726182
3.3365592657990817,-5.07919672
3.3267804138133563,-5.078666005
3.316995777505429,-5.078144314
3.3072152754137036,-5.077616994
3.2974363059268645,-5.077088421
3.287651554050887,-5.076568873
3.2778709353045343,-5.076043694
3.2680918488767134,-5.075517261
3.2583069819915775,-5.074999854
3.2485262471497887,-5.074476814
3.2387470443400668,-5.07395252
3.228962063003613,-5.073437252
3.2191812126245285,-5.07291635
3.2094018939909366,-5.072394193
3.1996167987599544,-5.071881063
3.189835833,-5.071362297
3.180056399500181,-5.070842275
3.170271190930408,-5.070331281
3.160490111146945,-5.06981465
3.150710562535509,-5.069296762
3.140925241181633,-5.068787903
3.1311440475289927,-5.068273405
3.1213643847614834,-5.067757649
3.1115789511771417,-5.067250923
3.1017976442092627,-5.066738557
3.092017867839515,-5.066224931
3.082232322577296,-5.065720337
3.072450903,-5.065210101
3.062671013427871,-5.064698604
3.052885357039315,-5.064196139
3.0431038250985876,-5.063688032
3.0333238231816733,-5.063178663
3.0235380562172707,-5.062678326
3.013756412616834,-5.062172345
3.003976298752898,-5.061665102
2.994190421762089,-5.061166893
2.9844086670516954,-5.060663037
2.9746284417903817,-5.060157918
2.964842455321562,-5.059661834
2.9550605900499147,-5.059160102
2.945280253939822,-5.058657106
2.9354941585403402,-5.058163145
2.9257121832550905,-5.057663535
2.915931736843771,-5.05716266
2.9061455330599264,-5.056670822
2.8963634483076857,-5.056173332
2.886582892141643,-5.055674577
2.8767965805186897,-5.055184859
2.8670143868450224,-5.054689488
2.8572337214697208,-5.054192851
2.847447302551865,-5.053705252
2.8376650005012913,-5.053211998
2.8278842264611477,-5.052717477
2.818097700791555,-5.052231996
2.8083152909075455,-5.051740858
2.7985344087459305,-5.051248452
2.7887477768667166,-5.050765086
2.7789652596917054,-5.050276063
2.7691842699509506,-5.04978577
2.759397532403188,-5.049304518
2.749614908,-5.048817607
2.7398338116999508,-5.048329426
2.730046969023671,-5.047850287
2.720264238889772,-5.047365487
2.710483035613553,-5.046879416
2.7006960883477404,-5.046402388
2.6909132525438686,-5.045919698
2.6811319433092415,-5.045435736
2.6713448919918386,-5.044960817
2.6615619510562563,-5.044480234
2.651780536401382,-5.043998379
2.6419933815692898,-5.043525568
2.632210336039213,-5.043047092
2.622428817,-5.042567342
2.6126415586902856,-5.042096637
2.602858409101892,-5.041620266
2.5930767852168373,-5.04114262
2.583289425,-5.04067402
2.5735061718503256,-5.040199752
2.5637244441532587,-5.039724208
2.5539369819880844,-5.039257711
2.5441536258874273,-5.038785544
2.5343717949123485,-5.038312101
2.5245842313696727,-5.037847705
2.5148007728129884,-5.037377639
2.5050188390928567,-5.036906295
2.4952311747043776,-5.036443999
2.4854476142236837,-5.035976031
2.475665578290423,-5.035506785
2.4658778135867974,-5.035046587
2.4560941517130757,-5.034580716
2.4463120140975696,-5.034113566
2.436524149608419,-5.033655465
2.426740386871612,-5.033191689
2.4169581481037055,-5.032726633
2.407170184357607,-5.032270628
2.3973863212866213,-5.031808945
2.387603981895128,-5.031345982
2.3778159194196276,-5.03089207
2.368031956542331,-5.03043248
2.358249517055025,-5.029971608
2.348461356,-5.029519788
2.338677294219854,-5.029062289
2.328894755163475,-5.028603506
2.3191064968076556,-5.028153777
2.309322336,-5.027698366
2.299539697797452,-5.027241672
2.2897513422886453,-5.026794032
2.2799670831492733,-5.026340708
2.2701843465308253,-5.0258861
2.260395894392429,-5.025440547
2.2506115375478712,-5.02498931
2.2408287029343597,-5.024536787
2.2310401546887397,-5.02409332
2.221255700661689,-5.023644166
2.2114727685757174,-5.023193726
2.2016841247442094,-5.022752344
2.1918995740563294,-5.022305273
2.1821165450194724,-5.021856915
2.1723278061223734,-5.021417614
2.1625431592942967,-5.020972625
2.1527600338270934,-5.020526347
2.1429712003836694,-5.020089127
2.133186457934994,-5.019646217
2.123403237,-5.019202018
2.1136143090854382,-5.018766878
2.1038294715347323,-5.018326046
2.094046154764329,-5.017883923
2.0842571337819336,-5.017450861
2.0744722016467354,-5.017012105
2.0646887900014175,-5.016572058
2.054899676,-5.016141072
2.045114649821128,-5.015704391
2.0353311438173183,-5.015266418
2.0255419373606443,-5.014837507
2.015756817604957,-5.014402899
2.005973217758045,-5.013966998
1.996183919335918,-5.01354016
1.9863987065421767,-5.013107624
1.976615013366526,-5.012673793
1.9668256234920334,-5.012249027
1.9570403181736629,-5.01181856
1.9472565321826083,-5.0113868
1.9374670513678078,-5.010964103
1.9276816540372042,-5.010535705
1.9178977757430555,-5.010106011
1.9081082044989792,-5.009685383
1.8983227156675124,-5.009259052
1.8885387455815539,-5.008831425
1.878749084418206,-5.008412863
1.8689635045962212,-5.007988597
1.8591794432287103,-5.007563034
1.8493896926550704,-5.007146538
1.8396040223518875,-5.006724336
1.8298198702120598,-5.006300835
1.8200300307360808,-5.005886403
1.8102442704599961,-5.005466263
1.8004600280560623,-5.005044824
1.790670100184675,-5.004632453
1.7808842504429587,-5.004214374
1.7710999182821052,-5.003794994
1.7613099025212167,-5.003384684
1.7515239638201203,-5.002968663
1.7417395424085131,-5.002551342
1.7319494392630064,-5.002143091
1.7221634121077574,-5.001729128
1.712378902,-5.001313863
1.7025887119242773,-5.000907669
1.6928025968190819,-5.000495762
1.6830179984203772,-5.000082552
1.6732277220161973,-4.999678414
1.6634415194642416,-4.99926856
1.6536568333271526,-4.998857404
1.6438664710468756,-4.99845532
1.634080181550325,-4.998047519
1.624295408176936,-4.997638415
1.6145049605213606,-4.997238383
1.604718584581362,-4.996832634
1.5949337244727368,-4.996425579
1.585143191941644,-4.996027599
1.5753567300583267,-4.995623899
1.5655717837145138,-4.995218893
1.5557811668066652,-4.994822962
1.5459946194791394,-4.99442131
1.5362095873991684,-4.994018351
1.5264188866123085,-4.993624468
1.5166322543386688,-4.993224862
1.506847137020554,-4.992823948
1.497056353,-4.992432111
1.4872696361287339,-4.992034551
1.4774844340694726,-4.991635681
1.4676935670137568,-4.991245889
1.4579067663381073,-4.990850371
1.4481214800336846,-4.990453544
1.4383305305860918,-4.990065795
1.4285436464525179,-4.989672318
1.4187582763979025,-4.989277532
1.4089672450521147,-4.988891824
1.3991802779546498,-4.988500388
1.389394824643797,-4.988107641
1.379603711892481,-4.987723973
1.3698166623241481,-4.987334575
1.360031126250003,-4.986943866
1.3502399325848153,-4.986562236
1.340452801037624,-4.986174876
1.3306671826921173,-4.985786202
1.320875908603699,-4.985406609
1.3110886955686456,-4.985021284
1.3013029954426998,-4.984634644
1.2915116414206842,-4.984257087
1.281724347387758,-4.983873796
1.271938565971284,-4.983489189
1.2621471325042897,-4.983113665
1.252359757962469,-4.982732406
1.2425738957443684,-4.98234983
1.232782383320007,-4.981976339
1.222994928757259,-4.98159711
1.2132089862254258,-4.981216564
1.2034173953303005,-4.980845103
1.1936298612335876,-4.980467903
1.1838438388749073,-4.980089386
1.1740521699946114,-4.979719954
1.1642645568498864,-4.979344781
1.1544784551502394,-4.97896829
1.1446867087693595,-4.978600885
1.1348990170615705,-4.978227739
1.1251128365058285,-4.977853273
1.1153210131079452,-4.977487894
1.1055332433210325,-4.977116771
1.0957469843930643,-4.976744329
1.0859550844607515,-4.976380974
1.076167237077653,-4.976011874
1.0663809002603224,-4.975641454
1.0565889242751512,-4.975280121
1.046800999777799,-4.974913043
1.037014585552966,-4.974544642
1.0272225339955023,-4.974185331
1.0174345328648262,-4.973820272
1.007648041713349,-4.97345389
0.9978559150631563,-4.973096598
0.9880678377790835,-4.972733557
0.9782812701808179,-4.972369193
0.9684890689164564,-4.972013919
0.9587009159579135,-4.971652894
0.9489142723917143,-4.971290545
0.939121997,-4.970937288
0.9293337688356564,-4.970578278
0.9195470497793792,-4.970217943
0.9097547007183593,-4.9698667
0.8999663978436535,-4.969509703
0.8901796037741536,-4.96915138
0.880387182,-4.968802151
0.8705988044102458,-4.968447166
0.8608119358033813,-4.968090854
0.8510194408479429,-4.967743636
0.8412309899607826,-4.967390661
0.8314440472914137,-4.967036358
0.8216514800996098,-4.96669115
0.811862956,-4.966340184
0.8020759396596087,-4.965987889
0.7922833007040058,-4.965644689
0.7824947037001211,-4.96529573
0.7727076143263382,-4.964945441
0.7629149040785064,-4.964604248
0.7531262347246678,-4.964257294
0.7433390727069856,-4.96390901
0.7335462916374998,-4.963569822
0.72375755,-4.963224872
0.7139703162139525,-4.962878591
0.7041774647923938,-4.962541407
0.6943886521504944,-4.962198459
0.6846013462566579,-4.961854179
0.6748084249516142,-4.961518997
0.6650195413696222,-4.96117805
0.6552321642415463,-4.96083577
0.6454391735206126,-4.960502589
0.6356502194664957,-4.960163641
0.6258627715720839,-4.959823359
0.6160697119018641,-4.959492177
0.6062806878426001,-4.959155226
0.5964931696487654,-4.958816941
0.5867000414948728,-4.958487756
0.5769109478964507,-4.958152802
0.5671233598691164,-4.957816511
0.5573301636961739,-4.957489323
0.5475410010235932,-4.957156363
0.537753344,-4.956822066
0.5279600798993381,-4.956496871
0.5181708486166099,-4.956165904
0.5083831223160958,-4.955833599
0.498589791,-4.955510397
0.4888004920651195,-4.955181421
0.4790126973229505,-4.954851107
0.46921929987071853,-4.954529896
0.4594299327557823,-4.95420291
0.4496420700339343,-4.953874584
0.4398486064112691,-4.953555363
0.43005917207230115,-4.953230365
0.4202712418317648,-4.952904026
0.4104777124983559,-4.952586793
0.4006882113954253,-4.952263782
0.3909002140962084,-4.951939429
0.38110662,-4.951624182
0.37131705210295335,-4.951303156
0.3615289882040804,-4.950980787
0.35173532882431663,-4.950667525
0.34194569556973503,-4.950348482
0.33215756552924863,-4.950028096
0.3223638418119088,-4.949716817
0.3125741431676753,-4.949399756
0.30278594744263737,-4.949081351
0.29299215984348065,-4.948772054
0.283202396,-4.948456973
0.27341413531222925,-4.948140547
0.26362028428603446,-4.947833231
0.2538304562299429,-4.947520128
0.24404213050306883,-4.94720568
0.23424821650363561,-4.946900342
0.22445832442337962,-4.946589217
0.21466993437726387,-4.946276745
0.20487595785741347,-4.945973384
0.19508600220619923,-4.945664235
0.18529754829399037,-4.945353738
0.1755035097055669,-4.945052352
0.165713491,-4.944745176
0.15592497360949348,-4.944436653
0.14613087340336536,-4.944137241
0.13634079196594817,-4.943832038
0.12655221167709324,-4.943525485
0.11675805030315284,-4.943228046
0.10696790664854072,-4.942924814
0.097179264,-4.942620231
0.087385042,-4.942324763
0.077594836,-4.9420235
0.067806131,-4.941720886
0.058011849,-4.941427386
0.048221582,-4.941128091
0.038432816,-4.940827444
0.028638473694060453,-4.940535912
0.018848146079810422,-4.940238583
0.009059318,-4.939939902
-0.000735083,-4.939650336
-0.010525471,-4.939354971
-0.02031436,-4.939058253
-0.03010882,-4.938770652
-0.039899268,-4.938477251
-0.049688217,-4.938182495
-0.059482736,-4.937896857
-0.069273243,-4.937605417
-0.079062252,-4.937312622
-0.088856829,-4.937028945
-0.098647395,-4.936739464
-0.108436463,-4.936448629
-0.118231098,-4.936166911
-0.128021723,-4.93587939
-0.13781085,-4.935590511
-0.147605542,-4.935310752
-0.157396225,-4.935025187
-0.167185411,-4.934738265
-0.176980159,-4.934460462
-0.1867709,-4.934176852
-0.196560144,-4.933891884
-0.206354949,-4.933616037
-0.216145747,-4.933334381
-0.225935048,-4.933051366
-0.235729909,-4.932777472
-0.245520764,-4.932497768
-0.255310123,-4.932216704
-0.265105039,-4.931944762
-0.274895951,-4.931667009
-0.284685365,-4.931387894
-0.294480337,-4.931117903
-0.304271304,-4.930842099
-0.314060776,-4.930564932
-0.323855801,-4.93029689
-0.333646825,-4.930023033
-0.343436352,-4.929747813
-0.353231432,-4.929481718
-0.36302251,-4.929209807
-0.372812093,-4.928936532
-0.382607226,-4.928672383
-0.39239836,-4.928402416
-0.402187997,-4.928131085
-0.411983184,-4.927868879
-0.421774371,-4.927600855
-0.431564064,-4.927331466
-0.441359303,-4.927071203
-0.451150544,-4.92680512
-0.460940291,-4.926537672
-0.470735582,-4.92627935
-0.480526877,-4.926015207
-0.490316677,-4.925749696
-0.500112021,-4.925493314
-0.509903369,-4.925231109
-0.519693222,-4.924967536
-0.529488617,-4.924713092
-0.539280018,-4.924452823
-0.549069924,-4.924191186
-0.55886537,-4.923938678
-0.568656823,-4.923680344
-0.578446782,-4.923420641
-0.588242278,-4.923170068
-0.598033783,-4.922913668
-0.607823793,-4.922655897
-0.617619341,-4.922407257
-0.627410896,-4.922152789
-0.637200958,-4.921896949
-0.646996555,-4.921650241
-0.656788162,-4.921397703
-0.666578275,-4.921143793
-0.676373921,-4.920899015
-0.686165578,-4.920648405
-0.695955742,-4.920396423
-0.705751437,-4.920153574
-0.715543144,-4.919904891
-0.725333359,-4.919654835
-0.735129102,-4.919413913
-0.744920859,-4.919167156
-0.754711123,-4.918919025
-0.764506915,-4.918680028
-0.774298721,-4.918435196
-0.784089034,-4.918188988
-0.793884874,-4.917951915
-0.803676728,-4.917709005
-0.813467091,-4.917464718
-0.823262978,-4.917229568
-0.833054881,-4.916988579
-0.842845292,-4.916746212
-0.852641226,-4.916512983
-0.862433176,-4.916273913
-0.872223636,-4.916033465
-0.882019616,-4.915802155
-0.891811614,-4.915565003
-0.901602121,-4.915326472
-0.911398147,-4.91509708
-0.921190193,-4.914861844
-0.930980747,-4.914625229
-0.940776819,-4.914397752
-0.950568911,-4.914164432
-0.960359512,-4.91392973
-0.970155629,-4.913704168
-0.979947767,-4.913472761
-0.989738415,-4.913239972
-0.999534577,-4.913016323
-1.009326761,-4.912786827
-1.019117455,-4.912555949
-1.028913662,-4.912334212
-1.038705891,-4.912106626
-1.048496631,-4.911877657
-1.058292881,-4.91165783
-1.068085155,-4.911432152
-1.07787594,-4.911205091
-1.087672234,-4.910987172
-1.097464553,-4.910763402
-1.107255383,-4.910538247
-1.11705172,-4.910322235
-1.126844083,-4.91010037
-1.136634957,-4.90987712
-1.146431337,-4.909663013
-1.156223744,-4.909443052
-1.166014662,-4.909221705
-1.175811084,-4.909009501
-1.185603534,-4.908791443
-1.195394497,-4.908571997
-1.20519096,-4.908361696
-1.214983453,-4.908145539
-1.224774459,-4.907927993
-1.234570964,-4.907719593
-1.2443635,-4.907505334
-1.254154548,-4.907289687
-1.263951095,-4.907083186
-1.273743672,-4.906870825
-1.283534763,-4.906657075
-1.29333135,-4.906452471
-1.30312397,-4.906242007
-1.312915102,-4.906030151
-1.32271173,-4.905827444
-1.332504391,-4.905618874
-1.342295565,-4.905408913
-1.352092233,-4.9052081
-1.361884934,-4.905001423
-1.37167615,-4.904793354
-1.381472857,-4.904594434
-1.391265599,-4.904389649
-1.401056855,-4.90418347
-1.410853601,-4.903986442
-1.420646384,-4.903783546
-1.43043768,-4.903579257
-1.440234465,-4.903384118
-1.450027287,-4.903183112
-1.459818624,-4.90298071
-1.469615447,-4.90278746
-1.479408308,-4.90258834
-1.489199685,-4.902387824
-1.498996546,-4.902196461
-1.508789446,-4.901999226
-1.518580862,-4.901800595
-1.52837776,-4.901611117
-1.538170699,-4.901415766
-1.547962153,-4.901219018
-1.557759089,-4.901031423
-1.567552066,-4.900837955
-1.577343559,-4.900643089
-1.587140531,-4.900457376
-1.596933545,-4.900265788
-1.606725076,-4.900072802
-1.616522085,-4.89988897
-1.626315137,-4.899699261
-1.636106705,-4.899508153
-1.64590375,-4.8993262
-1.655696839,-4.89913837
-1.665488445,-4.898949138
-1.675285525,-4.898769063
-1.68507865,-4.898583108
-1.694870293,-4.898395752
-1.704667408,-4.898217553
-1.71446057,-4.898033473
-1.724252249,-4.897847991
-1.734049399,-4.897671666
-1.743842596,-4.897489459
-1.753634311,-4.897305849
-1.763431495,-4.897131397
-1.773224728,-4.896951062
-1.783016479,-4.896769322
-1.792813697,-4.896596742
-1.802606965,-4.896418276
-1.812398751,-4.896238406
-1.822196003,-4.896067695
-1.831989305,-4.895891099
-1.841781126,-4.895713096
-1.851578411,-4.895544253
-1.861371748,-4.895369524
-1.871163603,-4.895193387
-1.880960921,-4.895026411
-1.890754292,-4.894853547
-1.910343531,-4.894514165
-1.920136935,-4.894343164
-1.929928859,-4.894170755
-1.939726241,-4.894007508
-1.949519678,-4.89383837
-1.959311635,-4.893667823
-1.969109049,-4.893506438
-1.978902518,-4.893339161
-1.988694508,-4.893170473
-1.998491953,-4.893010949
-2.008285455,-4.892845531
-2.018077477,-4.892678702
-2.027874953,-4.892521037
-2.037668487,-4.892357477
-2.047460542,-4.892192505
-2.057258048,-4.892036697
-2.067051613,-4.891874993
-2.0768437,-4.891711877
-2.086641236,-4.891557925
-2.096434833,-4.891398076
-2.106226951,-4.891236813
-2.116024517,-4.891084716
-2.125818144,-4.89092672
-2.135610293,-4.890767309
-2.145407889,-4.890617065
-2.155201547,-4.890460921
-2.165059562,-4.89055474
-2.174949007,-4.890948153
-2.184855157,-4.891347515
-2.19477012,-4.891698128
-2.204691409,-4.891988996
-2.214534215,-4.891687154
-2.224338449,-4.891343832
-2.234163468,-4.891382153
-2.244002575,-4.891412411
-2.253844506,-4.891373734
-2.263686136,-4.891257034
-2.273526305,-4.891058697
-2.283377712,-4.890740907
-2.293222991,-4.89028295
-2.30307678,-4.88972363
-2.312924483,-4.88907487
-2.32276376,-4.888333466
-2.332594078,-4.887498762
-2.342287243,-4.886090663
-2.351915237,-4.884428466
-2.361634935,-4.883086834
-2.371458251,-4.882041244
-2.381276272,-4.880955963
-2.39106241,-4.879761557
-2.400823419,-4.878428883
-2.410584473,-4.876994097
-2.420331617,-4.875470629
-2.430062062,-4.873855844
-2.439775144,-4.872149055
-2.449469373,-4.87034973
-2.459141384,-4.868455945
-2.46879338,-4.866469184
-2.478428317,-4.864392353
-2.488041292,-4.862221858
-2.497630558,-4.859957448
-2.507198777,-4.857602381
-2.516741425,-4.855152498
-2.526258637,-4.852608782
-2.53574916,-4.849971278
-2.545210701,-4.847240079
-2.554646128,-4.84441757
-2.564052855,-4.841501561
-2.573429478,-4.838492305
-2.582774502,-4.835390067
-2.59208439,-4.832193874
-2.601361618,-4.828905414
-2.610609332,-4.82552745
-2.619821091,-4.822055077
-2.62899095,-4.818488071
-2.638133631,-4.814835275
-2.64723239,-4.81108717
-2.656292429,-4.807247388
-2.66530567,-4.803312541
-2.674283517,-4.799291059
-2.683224735,-4.795181025
-2.692117814,-4.79097891
-2.700971782,-4.786690501
-2.709778045,-4.78231069
-2.718539327,-4.777842321
-2.727249131,-4.77328008
-2.73590905,-4.768629874
-2.744531267,-4.763897406
-2.752962595,-4.759175198
-2.761699182,-4.754080743
-2.770339853,-4.748878924
-2.778850983,-4.743660349
-2.787283052,-4.738406808
-2.795665128,-4.733057286
-2.8039971,-4.727619891
-2.812280452,-4.722107759
-2.820506218,-4.716506987
-2.828668257,-4.710827744
-2.836788835,-4.705067397
-2.844838161,-4.699226677
-2.85283209,-4.693301023
-2.860772558,-4.687303009
-2.868650018,-4.681219216
-2.87645875,-4.675060338
-2.884221065,-4.668822383
-2.891907081,-4.662508077
-2.899532587,-4.656111809
-2.907100008,-4.649646191
-2.914599232,-4.643098303
-2.922025012,-4.636479291
-2.929399515,-4.629783698
-2.936692894,-4.62301618
-2.943920756,-4.616170075
-2.951086067,-4.609257971
-2.958178128,-4.602267503
-2.96519224,-4.59521021
-2.972150311,-4.588079211
-2.979022705,-4.58088108
-2.985824737,-4.573608135
-2.99255996,-4.566272874
-2.999217072,-4.558863554
-3.005792002,-4.551392043
-3.012306275,-4.543850087
-3.018730632,-4.536246136
-3.02507999,-4.528571544
-3.031358542,-4.520838648
-3.037554378,-4.513036405
-3.043664122,-4.505176938
-3.049708802,-4.497250679
-3.055659691,-4.489267891
-3.061531206,-4.481219028
-3.067328226,-4.47311618
-3.073038233,-4.464949089
-3.078658605,-4.456730054
-3.084209772,-4.448448265
-3.089663689,-4.440115731
-3.095034186,-4.431722074
-3.10032686,-4.423279051
-3.105528591,-4.41477725
-3.110637539,-4.406229049
-3.115673435,-4.397622466
-3.12060905,-4.388971157
-3.125457549,-4.380263996
-3.130225271,-4.371512312
-3.134898532,-4.362707638
-3.139476313,-4.353862355
-3.14397757,-4.344963396
-3.148376029,-4.336025971
-3.152684118,-4.327038302
-3.156908926,-4.318011196
-3.161036238,-4.30893719
-3.164624527,-4.299676698
-3.1679312,-4.290336534
-3.171276136,-4.281052161
-3.1745733,-4.271742217
-3.177855439,-4.262427396
-3.181138344,-4.253098436
-3.184399466,-4.243771482
-3.187651624,-4.234434348
-3.190904149,-4.225097497
-3.194143843,-4.215753575
-3.197372309,-4.206413645
-3.200607628,-4.197063922
-3.203826762,-4.187719536
-3.20704149,-4.1783676
-3.210260536,-4.169017905
-3.213741483,-4.159752856
-3.217569537,-4.150572996
-3.221410399,-4.141353868
-3.225201406,-4.132103834
-3.228824886,-4.122801982
-3.23232584,-4.113469361
-3.235739459,-4.104098406
-3.238592196,-4.09458566
-3.241410223,-4.085059781
-3.244653415,-4.075655909
-3.247863074,-4.066202487
-3.250894782,-4.056717983
-3.253393315,-4.047118597
-3.255602988,-4.03747573
-3.258168999,-4.027927344
-3.261048594,-4.018404065
-3.263878961,-4.008829823
-3.266528426,-3.999232463
-3.269099546,-3.989602033
-3.27158778,-3.97994882
-3.273522611,-3.970221209
-3.275212524,-3.960463689
-3.276884364,-3.950740867
-3.278594055,-3.941027468
-3.280230778,-3.931286851
-3.281844297,-3.921541275
-3.283447224,-3.911787712
-3.285051411,-3.902033935
-3.286637275,-3.892302685
-3.2882188,-3.882510634
-3.289804496,-3.872649194
-3.291372413,-3.862814388
-3.292936286,-3.852979203
-3.294508946,-3.843139025
-3.296071251,-3.833301012
-3.297629537,-3.823462879
-3.299197003,-3.813620228
-3.300754508,-3.803780098
-3.30230832,-3.793940134
-3.303871568,-3.784095891
-3.30542508,-3.774254368
-3.306975082,-3.76441317
-3.308534664,-3.754567823
-3.310084636,-3.744725306
-3.311631203,-3.734883204
-3.313187431,-3.725037023
-3.314734122,-3.715193736
-3.316277468,-3.705350913
-3.317830522,-3.695504049
-3.319374082,-3.685660116
-3.320914331,-3.675816675
-3.322464314,-3.665969214
-3.324004829,-3.656124704
-3.325542052,-3.646280703
-3.327089026,-3.636432693
-3.328626545,-3.626587647
-3.330160787,-3.61674312
-3.331704787,-3.606894588
-3.333239343,-3.59704903
-3.334770629,-3.587203996
-3.336311678,-3.577354958
-3.337843291,-3.567508901
-3.339371638,-3.557663372
-3.340909753,-3.547813839
-3.342438435,-3.537967292
-3.343963856,-3.528121275
-3.345499048,-3.518271253
-3.34702481,-3.508424221
-3.348547314,-3.498577721
-3.350079591,-3.488727214
-3.351602442,-3.478879701
-3.353122037,-3.469032723
-3.354651406,-3.459181735
-3.356171353,-3.449333744
-3.357688047,-3.439486289
-3.359214515,-3.429634822
-3.360731564,-3.419786355
-3.362245362,-3.409938426
-3.363768936,-3.400086483
-3.365283093,-3.390237543
-3.366794002,-3.380389142
-3.368314688,-3.370536724
-3.369825959,-3.360687313
-3.371333985,-3.350838442
-3.372851788,-3.340985552
-3.37436018,-3.331135671
-3.375865327,-3.321286332
-3.377380254,-3.311432971
-3.378885772,-3.301582623
-3.380698901,-3.291739244
-3.382903271,-3.281938998
-3.385134084,-3.272024962
-3.387111533,-3.262366181
-3.388468104,-3.252648857
-3.389593892,-3.242671735
-3.390836608,-3.232790932
-3.392089891,-3.22292823
-3.393342659,-3.213064046
-3.394593538,-3.203198322
-3.395842648,-3.193331391
-3.397090315,-3.183463496
-3.39833685,-3.173594824
-3.399582522,-3.163725528
-3.400827556,-3.153855731
-3.40207214,-3.143985534
-3.40331643,-3.13411502
-3.404560557,-3.124244254
-3.405804629,-3.114373294
-3.407048736,-3.104502183
-3.408292952,-3.09463096
-3.409537338,-3.084759655
-3.410781947,-3.074888293
-3.412026819,-3.065016895
-3.41327199,-3.055145479
-3.41451749,-3.045274058
-3.415763341,-3.035402644
-3.417009564,-3.025531246
-3.418256175,-3.015659874
-3.419503188,-3.005788533
-3.420750614,-2.995917228
-3.421998462,-2.986045965
-3.42324674,-2.976174747
-3.424495454,-2.966303577
-3.425744609,-2.956432458
-3.42699421,-2.946561391
-3.428244261,-2.936690379
-3.429494763,-2.926819422
-3.430745721,-2.916948523
-3.431997135,-2.907077682
-3.433249007,-2.8972069
-3.434501339,-2.887336177
-3.435754132,-2.877465515
-3.437007386,-2.867594913
-3.438261104,-2.857724373
-3.439515284,-2.847853893
-3.440769928,-2.837983476
-3.442025036,-2.82811312
-3.443280608,-2.818242827
-3.444536645,-2.808372596
-3.445793147,-2.798502427
-3.447050114,-2.78863232
-3.448307547,-2.778762277
-3.449565445,-2.768892296
-3.450823808,-2.759022378
-3.452082637,-2.749152523
-3.453341931,-2.73928273
-3.454601691,-2.729413001
-3.455861917,-2.719543334
-3.457122609,-2.709673731
-3.458383766,-2.699804191
-3.459645389,-2.689934714
-3.460907478,-2.6800653
-3.462170033,-2.670195949
-3.463433053,-2.660326662
-3.464696539,-2.650457438
-3.465960491,-2.640588277
-3.467224908,-2.630719179
-3.46873529,-2.620848622
-3.470588305,-2.610963669
-3.472451776,-2.601052633
-3.474176911,-2.591037451
-3.475223185,-2.581332379
-3.476031464,-2.571351118
-3.47692218,-2.561437929
-3.477820421,-2.551534602
-3.478717429,-2.541629527
-3.479612282,-2.531722871
-3.480505209,-2.521814966
-3.481396575,-2.511906057
-3.482286717,-2.501996339
-3.483175923,-2.492085968
-3.484064432,-2.482175071
-3.484952447,-2.472263752
-3.485840133,-2.462352094
-3.486727631,-2.452440165
-3.487615056,-2.442528023
-3.488502504,-2.432615713
-3.489390053,-2.422703273
-3.49027777,-2.412790734
-3.491165708,-2.402878121
-3.492053914,-2.392965457
-3.492942424,-2.383052757
-3.49383127,-2.373140037
-3.494720476,-2.363227309
-3.495610064,-2.353314581
-3.496500051,-2.343401862
-3.497390452,-2.333489159
-3.498281279,-2.323576477
-3.499172541,-2.313663821
-3.500064247,-2.303751195
-3.500956403,-2.293838601
-3.501849015,-2.283926042
-3.502742089,-2.274013521
-3.503635626,-2.264101039
-3.504529631,-2.254188597
-3.505424106,-2.244276197
-3.506319054,-2.23436384
-3.507214475,-2.224451526
-3.508110372,-2.214539257
-3.509006746,-2.204627032
-3.509903597,-2.194714853
-3.510800927,-2.18480272
-3.511698736,-2.174890632
-3.512597025,-2.164978591
-3.513495794,-2.155066597
-3.514395043,-2.14515465
-3.515294773,-2.135242749
-3.516194985,-2.125330896
-3.517095677,-2.115419089
-3.517996851,-2.105507331
-3.518898507,-2.095595619
-3.519800644,-2.085683955
-3.520703264,-2.075772339
-3.521606364,-2.06586077
-3.522509947,-2.055949249
-3.523414012,-2.046037776
-3.524318558,-2.036126351
-3.525223587,-2.026214973
-3.526129097,-2.016303643
-3.52703509,-2.006392361
-3.527941564,-1.996481127
-3.52884852,-1.986569941
-3.529755959,-1.976658803
-3.530663879,-1.966747713
-3.531572281,-1.956836671
-3.532481165,-1.946925677
-3.533390531,-1.937014731
-3.534300379,-1.927103834
-3.535210708,-1.917192984
-3.53612152,-1.907282183
-3.537032813,-1.897371429
-3.537944588,-1.887460724
-3.538856845,-1.877550067
-3.539769584,-1.867639459
-3.540682804,-1.857728898
-3.541596506,-1.847818386
-3.54251069,-1.837907923
-3.543425356,-1.827997507
-3.544340503,-1.81808714
-3.545256132,-1.808176822
-3.546172242,-1.798266551
-3.547088834,-1.788356329
-3.548005908,-1.778446156
-3.548923463,-1.768536031
-3.5498415,-1.758625954
-3.550760018,-1.748715926
-3.551679017,-1.738805947
-3.552598499,-1.728896016
-3.553518461,-1.718986134
-3.554438905,-1.7090763
-3.555359831,-1.699166515
-3.556281237,-1.689256778
-3.557203125,-1.67934709
-3.558125495,-1.669437451
-3.559048346,-1.659527861
-3.559971678,-1.649618319
-3.560895491,-1.639708826
-3.561819785,-1.629799382
-3.562744561,-1.619889986
-3.563669818,-1.609980639
-3.564595556,-1.600071342
-3.565521775,-1.590162093
-3.566448476,-1.580252892
-3.567375657,-1.570343741
-3.56830332,-1.560434639
-3.569231464,-1.550525585
-3.570160088,-1.540616581
-3.571089194,-1.530707625
-3.572018781,-1.520798719
-3.572948848,-1.510889861
-3.573879397,-1.500981053
-3.574810427,-1.491072293
-3.575741937,-1.481163583
-3.576673929,-1.471254922
-3.577606401,-1.46134631
-3.578539354,-1.451437747
-3.579472788,-1.441529233
-3.580406702,-1.431620768
-3.581341098,-1.421712353
-3.582275974,-1.411803986
-3.583211331,-1.401895669
-3.584147169,-1.391987402
-3.585083487,-1.382079183
-3.586020286,-1.372171014
-3.586957566,-1.362262894
-3.587895326,-1.352354824
-3.588833567,-1.342446803
-3.589772288,-1.332538831
-3.59071149,-1.322630909
-3.591651173,-1.312723036
-3.592591336,-1.302815213
-3.593531979,-1.292907439
-3.594473103,-1.282999714
-3.595414708,-1.27309204
-3.596356793,-1.263184414
-3.597299358,-1.253276838
-3.598242404,-1.243369312
-3.59918593,-1.233461836
-3.600129936,-1.223554409
-3.601074423,-1.213647031
-3.60201939,-1.203739704
-3.602964837,-1.193832426
-3.603910764,-1.183925198
-3.604857172,-1.174018019
-3.60580406,-1.16411089
-3.606751428,-1.154203811
-3.607699276,-1.144296782
-3.608647604,-1.134389803
-3.609596413,-1.124482873
-3.610545701,-1.114575994
-3.61149547,-1.104669164
-3.612445719,-1.094762384
-3.613396447,-1.084855654
-3.614347656,-1.074948974
-3.615299345,-1.065042344
-3.616251513,-1.055135764
-3.617204162,-1.045229234
-3.61815729,-1.035322754
-3.619110899,-1.025416324
-3.620064987,-1.015509944
-3.621019555,-1.005603614
-3.621974603,-0.995697334
-3.622930131,-0.985791105
-3.623886138,-0.975884925
-3.624842625,-0.965978796
-3.625799592,-0.956072717
-3.626757039,-0.946166688
-3.627714965,-0.93626071
-3.628673371,-0.926354781
-3.629632257,-0.916448903
-3.630591623,-0.906543075
-3.631551467,-0.896637298
-3.632511792,-0.886731571
-3.633472596,-0.876825894
-3.63443388,-0.866920268
-3.635395643,-0.857014692
-3.636357886,-0.847109166
-3.637320608,-0.837203691
-3.638283809,-0.827298266
-3.63924749,-0.817392892
-3.640211651,-0.807487569
-3.64117629,-0.797582295
-3.64214141,-0.787677073
-3.643107008,-0.777771901
-3.644073086,-0.76786678
-3.645039643,-0.757961709
-3.646006679,-0.748056689
-3.646974195,-0.738151719
-3.64794219,-0.7282468
-3.648910664,-0.718341932
-3.649879617,-0.708437115
-3.65084905,-0.698532348
-3.651818961,-0.688627632
-3.652789352,-0.678722967
-3.653760222,-0.668818353
-3.654731571,-0.65891379
-3.655703398,-0.649009277
-3.656675705,-0.639104815
-3.657648491,-0.629200404
-3.658621756,-0.619296044
-3.6595955,-0.609391735
-3.660569723,-0.599487477
-3.661544425,-0.58958327
-3.662519606,-0.579679114
-3.663495265,-0.569775009
-3.664471404,-0.559870955
-3.665448021,-0.549966952
-3.666425117,-0.540063
-3.667402692,-0.530159099
-3.668380745,-0.520255249
-3.669359278,-0.510351451
-3.670338289,-0.500447703
-3.671317779,-0.490544007
-3.672297747,-0.480640362
-3.673278194,-0.470736768
-3.67425912,-0.460833226
-3.675240525,-0.450929734
-3.676222408,-0.441026294
-3.677204769,-0.431122906
-3.678187609,-0.421219568
-3.679170928,-0.411316282
-3.680154725,-0.401413047
-3.681139001,-0.391509864
-3.682123755,-0.381606732
-3.683108987,-0.371703652
-3.684094698,-0.361800623
-3.685080888,-0.351897645
-3.686067555,-0.341994719
-3.687054701,-0.332091845
-3.688042326,-0.322189022
-3.689030428,-0.31228625
-3.690019009,-0.30238353
-3.691008069,-0.292480862
-3.691997606,-0.282578245
-3.692987622,-0.27267568
-3.693978116,-0.262773167
-3.694969088,-0.252870705
-3.695960538,-0.242968295
-3.696952467,-0.233065937
-3.697944873,-0.223163631
-3.698937758,-0.213261376
-3.69993112,-0.203359173
-3.700924961,-0.193457022
-3.70191928,-0.183554922
-3.702914076,-0.173652875
-3.703909351,-0.163750879
-3.704905104,-0.153848936
-3.705901334,-0.143947044
-3.706898043,-0.134045204
-3.707895229,-0.124143416
-3.708892894,-0.11424168
-3.709891036,-0.104339996
-3.710889656,-0.094438364
-3.711888753,-0.084536784
-3.712888329,-0.074635256
-3.713888382,-0.064733781
-3.714888913,-0.054832357
-3.715889922,-0.044930985
-3.716891408,-0.035029666
-3.717893372,-0.025128399
-3.718895814,-0.015227184
-3.719898734,-0.005326021
-3.720902131,0.00457509
-3.721906005,0.014476148
-3.722910357, 0.024377154513012103
-3.723915187,0.034278108
-3.724920494, 0.044179009968092146
-3.725926279,0.054079859
-3.726932541,0.063980656
-3.727939281,0.073881401
-3.728946498,0.083782093
-3.729954192,0.093682733
-3.730962364, 0.1035833198663162
-3.731971013, 0.11348385473014141
-3.73298014, 0.12338433712366431
-3.733989744, 0.1332847670261574
-3.734999825, 0.1431851444168959
-3.736010383, 0.1530854692751575
-3.737021419, 0.16298574158022305
-3.738032932, 0.1728859613113755
-3.739044922, 0.18278612844790126
-3.74005739, 0.19268624296908854
-3.741070334, 0.20258630485422877
-3.742083756, 0.21248631408261573
-3.743097655, 0.22238627063354616
-3.744112031, 0.23228617448631944
-3.745126884, 0.24218602562023755
-3.746142214, 0.2520858240146049
-3.747158021, 0.26198556964872916
-3.748174305, 0.2718852625019201
-3.749191066, 0.2817849025534905
-3.750208304, 0.2916844897827558
-3.751226019, 0.30158402416903385
-3.752244211, 0.3114835056916454
-3.75326288, 0.3213829343299137
-3.754282026, 0.33128231006316516
-3.755301648, 0.3411816328707281
-3.756321748, 0.3510809027319337
-3.757342324, 0.3609801196261163
-3.758363377, 0.3708792835326127
-3.759384907, 0.3807783944307622
-3.760406913, 0.3906774522999066
-3.761429397, 0.40057645711939094
-3.762452357, 0.41047540886856243
-3.763475794, 0.42037430752677085
-3.764499707, 0.43027315307336933
-3.765524097, 0.4401719454877128
-3.766548964, 0.45007068474915934
-3.767574307, 0.45996937083706996
-3.768600127,0.469868004
-3.769626423, 0.47976658340973916
-3.770653196, 0.48966510985323203
-3.771680446, 0.49956358304065823
-3.772708172, 0.5094620029513915
-3.773736374, 0.5193603695648081
-3.774765053, 0.5292586828602883
-3.775794208, 0.5391569428172137
-3.77682384, 0.5490551494149684
-3.777853948, 0.5589533026329397
-3.778884533, 0.5688514024505181
-3.779915593, 0.5787494488470956
-3.780947131, 0.5886474418020673
-3.781979144, 0.5985453812948319
-3.783011634, 0.6084432673047894
-3.7840446, 0.6183410998113429
-3.785078042, 0.6282388787938978
-3.785495299, 0.6383077338181221
-3.78568694, 0.6482942336738629
-3.786099715,0.658167951
-3.786624406, 0.6680318682176369
-3.787245152, 0.6778896571604863
-3.787960401, 0.6877405560608327
-3.788770453, 0.6975820000816394
-3.790138343, 0.7073754359150669
-3.792306499, 0.7171373966606787
-3.794603686, 0.7269363741140756
-3.796852333, 0.7367605760460992
-3.799017758, 0.7466010981577391
-3.800958727, 0.7564507881346505
-3.802898028, 0.7663310448742063
-3.804770807, 0.7762938862125401
-3.806441489, 0.7858035546519332
-3.808085543, 0.7957686462808057
-3.809540933, 0.8056250504045099
-3.810888908, 0.8154905014338607
-3.812143406, 0.8253774826666859
-3.813300057, 0.8352669209490954
-3.814371391, 0.8451770397754321
-3.815337864, 0.8550860405758788
-3.816206115, 0.8650079984240343
-3.816986651, 0.8749371787896696
-3.817640948, 0.8848644421239452
-3.818216034,0.894796523
-3.818682488, 0.9047397157118913
-3.819046017, 0.9146769843377182
-3.818111662, 0.9244905216044611
-3.816789638, 0.9344176323893478
-3.815791514, 0.9442492101083768
-3.814914491, 0.9540872102495679
-3.814129106, 0.9639369406555436
-3.813432557, 0.9737930798847483
-3.812826001, 0.9836512977562006
-3.812311087, 0.9935117679551605
-3.81188933, 1.0033741109095269
-3.811562, 1.013237857838958
-3.811330141, 1.0231024817416754
-3.811194602, 1.0329673952065486
-3.811156076, 1.0428319526307837
-3.811215125, 1.0526954552578647
-3.811372202, 1.0625571572710133
-3.811627669, 1.0724162719945218
-3.811981816, 1.082271977736836
-3.812434869, 1.0921234230727357
-3.813222195, 1.1019605914819564
-3.814459254, 1.1117878499065184
-3.815810416, 1.1216304318051422
-3.817188353, 1.1314816166688506
-3.818576379, 1.1413343082245708
-3.81997069, 1.151187675733882
-3.82136949, 1.1610392965563803
-3.822771855, 1.1708895897591847
-3.824177097, 1.1807387952245116
-3.82558464, 1.1905870765699533
-3.826994009, 1.2004345793071742
-3.828404811, 1.210281432172547
-3.82981672, 1.2201277473203012
-3.831229468, 1.2299736213191392
-3.832642833, 1.2398191365935396
-3.834056632, 1.2496643630295534
-3.835470715, 1.2595093595793065
-3.836884958, 1.2693541757729747
-3.838299257, 1.279198853093291
-3.839713527, 1.2890434261956478
-3.8411277, 1.2988879239732238
-3.842541716, 1.3087323704756557
-3.843955529, 1.3185767856942878
-3.845369099, 1.328421186228781
-3.846782393, 1.3382655858500245
-3.848195384, 1.3481099959735137
-3.849608051, 1.357954426056125
-3.850397521, 1.3680078401223088
-3.85094909, 1.3779837513039797
-3.851720037, 1.387828289432579
-3.852602749, 1.3976595918911068
-3.853581823, 1.4074813516002795
-3.854655714, 1.4172928266600004
-3.855824794, 1.4270919823831547
-3.857089701, 1.4368776902436122
-3.858451105, 1.4466493234612976
-3.859909521, 1.4564061114388915
-3.861465349, 1.4661472458959546
-3.863118888, 1.4758718891673996
-3.86487035, 1.4855791775658005
-3.866719878, 1.495268224734465
-3.868667552, 1.5049381249500011
-3.8707134, 1.5145879562157323
-3.872857464, 1.5242168937638696
-3.875099491, 1.5338232803812648
-3.877439373, 1.5434061682738225
-3.879876977, 1.5529645910616146
-3.882412134, 1.5624975658805116
-3.885044652, 1.5720041098292972
-3.887774337, 1.5814832903683145
-3.89060094, 1.5909339091585748
-3.893523907, 1.600354188834535
-3.896542977, 1.609743239180936
-3.89965785, 1.6191000969712896
-3.902868212, 1.6284237961178036
-3.906173733, 1.6377133751314763
-3.90957407, 1.646967877648252
-3.91306887, 1.6561863524155584
-3.916657768,1.665367853
-3.920340386, 1.674511438988311
-3.924116339, 1.6836161734996313
-3.92798523, 1.6926811256476466
-3.93194665, 1.701705369310013
-3.936000183, 1.7106879833874782
-3.940145402,1.719628052
-3.94438187, 1.7285246636265361
-3.953126763, 1.7461838988900409
-3.957634268, 1.7549447259834852
-3.962231185, 1.763658503784714
-3.96691703, 1.7723243471348238
-3.971691313, 1.7809413761558732
-3.976553535, 1.789508716291969
-3.981503186, 1.7980254983509367
-3.986520393, 1.8064516248912719
-3.991498774, 1.8146601220619494
-3.996638909, 1.8229242734631146
-4.001900225,1.831182238
-4.007225616, 1.8393558526369624
-4.01263815, 1.8474762776641545
-4.018130988, 1.855536449256564
-4.023711567, 1.863544380431231
-4.029370973, 1.8714907859628662
-4.035116774, 1.8793832730098758
-4.040939788, 1.8872126953593227
-4.046847888, 1.8949865039318514
-4.052831653, 1.9026957176807437
-4.058899228, 1.9103476355638978
-4.065040956, 1.917933443054266
-4.071265229, 1.9254602878794824
-4.077562162, 1.9329195239690165
-4.08394037, 1.9403181478898142
-4.090389744, 1.9476476845160862
-4.096919108, 1.954914978787935
-4.103518139, 1.9621117293458394
-4.110195851, 1.9692446286073104
-4.116941713, 1.9763055519942319
-4.123764922, 1.9833010381742373
-4.130654746, 1.9902231424707602
-4.13762055, 1.9970782483249652
-4.14465141,2.003858594
-4.151756853, 2.0105704064407837
-4.15892577, 2.0172061098998144
-4.166167835, 2.0237717723805875
-4.173471768, 2.0302600079431707
-4.180847383, 2.0366767238907233
-4.188283231, 2.0430147268375416
-4.19578926, 2.049279761561504
-4.203353862, 2.0554648303265086
-4.21098711, 2.061575513386526
-4.218677247, 2.0676050116981983
-4.226434461, 2.073558738967852
-4.234246853,2.079430098
-4.242124719,2.085224333
-4.25005603, 2.090935052902067
-4.258051181, 2.0965673308521047
-4.266098019, 2.102114981876674
-4.27420703, 2.107582907878836
-4.282365948, 2.112965133630937
-4.290585343, 2.118266386451685
-4.298852845, 2.123480903882584
-4.307179097, 2.1286132367431283
-4.315551635, 2.1336578378420867
-4.323981169, 2.1386190796599966
-4.332455148, 2.1434916326257887
-4.340984341, 2.1482796891392715
-4.349556122, 2.1529781394352163
-4.35818131, 2.157590994214625
-4.366847211, 2.1621133655117704
-4.375564686, 2.166549080863055
-4.384320986, 2.170893475876366
-4.393180711, 2.1751760406636333
-4.40180217, 2.179223592158929
-4.410554021, 2.1832206591450443
-4.419348054, 2.1871359260179495
-4.428178387, 2.1909634639819306
-4.437045929, 2.1947030233866838
-4.4459499, 2.198353946696034
-4.454889504, 2.201915592812472
-4.463863942, 2.2053873690052077
-4.472872392, 2.2087687160231404
-4.481914009, 2.2120591051024987
-4.49098793, 2.2152580355410647
-4.500093276, 2.218365032432502
-4.509229153, 2.221379644694932
-4.518394655, 2.2243014433481303
-4.527588864, 2.2271300200059483
-4.536810853, 2.229864985557443
-4.546059684, 2.2325059690133466
-4.555334414, 2.2350526164976237
-4.564634088, 2.2375045903662922
-4.57395775, 2.239861568438036
-4.583304435, 2.242123243322956
-4.592673173, 2.244289321837521
-4.602062989, 2.2463595244952064
-4.611472906, 2.2483335850635453
-4.62090194, 2.2502112501794813
-4.630349106, 2.2519922790158073
-4.639813414, 2.253676442992384
-4.649293873,2.255263526
-4.658789487, 2.2567533218177243
-4.66829926, 2.2581456386620853
-4.677822192, 2.2594402942931078
-4.687357281, 2.2606371182449663
-4.696903526, 2.2617359512355804
-4.70645992, 2.2627366450667363
-4.716025459, 2.2636390625389806
-4.725599134, 2.2644430773792124
-4.7352206,2.26476649
-4.744907191, 2.264487500748556
-4.754643986, 2.2641213611841544
-4.764408412, 2.263767315184661
-4.774195452, 2.263442510116932
-4.783999758, 2.2631557457116274
-4.793816914, 2.2629145882132495
-4.803643478, 2.262725915447656
-4.813476708, 2.262595919546049
-4.823314379, 2.262530113108265
-4.833154644, 2.2625333626317987
-4.842995935, 2.2626099375169826
-4.852836877, 2.2627635656449754
-4.862676239, 2.262997490077764
-4.872519589, 2.2633225809293904
-4.882362191, 2.2637990810137603
-4.892211557, 2.264387562084785
-4.902056808, 2.265070088498707
-4.911893993, 2.2658419202366464
-4.921722104, 2.2667067829929435
-4.931540037, 2.267665166481763
-4.941344342, 2.2687191910018165
-4.951137921, 2.2698657478991726
-4.960921396, 2.2711046734904485
-4.9706853, 2.2724424736040554
-4.980439322, 2.273871590897221
-4.990176928, 2.2753962614153433
-4.999900525, 2.2770130111563507
-5.009605809, 2.2787264024025777
-5.019292717, 2.280535424885049
-5.028959498, 2.282439989207911
-5.038603633, 2.2844422564772673
-5.048233676, 2.2865335259391224
-5.057834924, 2.2887268804897745
-5.067421743, 2.2910064786103153
-5.076977691, 2.293386972912675
-5.086511715, 2.295859892130414
-5.096020297, 2.2984276753148785
-5.105500278, 2.301090406361434
-5.114954807, 2.3038452310610182
-5.124381322, 2.306694257108597
-5.133778397, 2.309637160429497
-5.143144525,2.312673623
-5.152476169, 2.315804584755583
-5.1617758, 2.319028294126934
-5.17104654, 2.3223419353095234
-5.180283053, 2.325748092983598
-5.189484142, 2.329247376429794
-5.198642278, 2.3328425873543357
-5.207772819,2.336523578
-5.216858651, 2.340299954437641
-5.225905146, 2.3441688331648707
-5.234912733, 2.3481271865265483
-5.243873469, 2.3521793019209856
-5.252801041, 2.3563178409451857
-5.261681038, 2.3605473185034564
-5.270520094, 2.3648650171561205
-5.279312827, 2.3692721883460073
-5.288059604, 2.3737682825183746
-5.29675548,2.378356929
-5.305400423, 2.3830347651672263
-5.314007269, 2.3877947228881955
-5.322438883, 2.3925610515294617
-5.331205092, 2.3977405717089804
-5.339823325, 2.4029634835504696
-5.348287527, 2.4081810703838555
-5.356711215, 2.413466928520453
-5.365076502, 2.418843471191293
-5.373391259, 2.4243073303639027
-5.381657166, 2.4298457803150812
-5.389865203, 2.4354727048161324
-5.39800923, 2.4411779375636407
-5.406111525, 2.446964181285666
