0.090178067, 4.605483196910199
0.10013398257723581, 4.605515041568011
0.11008989530059837, 4.605547412722117
0.12004580466931024, 4.605580310373604
0.1300017106556243, 4.605613734523551
0.13995761323179332, 4.605647685173057
0.1499135123700696, 4.605682162323207
0.15986940804270572, 4.605717165975089
0.16982530022195386, 4.605752696129784
0.17978118888006578, 4.605788752788386
0.18973707398929354, 4.6058253359519785
0.19969295552188893, 4.605862445621653
0.2096488334501034, 4.605900081798492
0.21960470774618804, 4.605938244483588
0.22956057838239427, 4.605976933678028
0.239516445, 4.606016149382899
0.24947230856417504, 4.606055891599291
0.2594281680542511, 4.6060961603282875
0.2693840237734518, 4.606136955570982
0.2793398756940272, 4.606178277328459
0.28929572378822777, 4.606220125601806
0.2992515680283033, 4.606262500392112
0.30920740838650396, 4.606305401700468
0.3191632448350791, 4.606348829527958
0.3291190773462781, 4.606392783875672
0.33907490589235084, 4.6064372647447005
0.3490307304455459, 4.606482272136126
0.35898655097811244, 4.606527806051043
0.3689423674622994, 4.606573866490538
0.3788981798703551, 4.606620453455695
0.38885398817452815, 4.606667566947613
0.398809792, 4.606715206967371
0.4087655923602197, 4.606763373516063
0.4187213881862344, 4.606812066594777
0.42867717979735864,4.606861286
0.438632967, 4.606911032346621
0.4485887502639257, 4.606961305021927
0.45854452906386334, 4.607012104231611
0.4685003035378998, 4.607063429976763
0.47845607365828224, 4.607115282258469
0.48841183939725746, 4.607167661077819
0.49836760072707187, 4.607220566435902
0.5083233576199715, 4.607273998333806
0.5182791100482029, 4.607327956772624
0.5282348579840122, 4.607382441753441
0.5381906013996454, 4.607437453277346
0.5481463402673478, 4.607492991345435
0.5581020745593652, 4.607549055958797
0.5680578042479428, 4.607605647118518
0.578013529, 4.607662764825685
0.5879692497037591, 4.607720409081391
0.5979249654154875, 4.607778579886728
0.607880676, 4.607837277242779
0.6178363826678084, 4.607896501150646
0.6277920841528893, 4.607956251611405
0.637747781, 4.608016528626155
0.6477034727021128, 4.608077332195982
0.6576591597107435,4.608138662
0.6676148418383777, 4.608200519005232
0.6775705190572594, 4.608262902246834
0.6875261913396314, 4.608325812047881
0.6974818586577369, 4.608389248409455
0.7074375209838188, 4.608453211332644
0.7173931782901198, 4.608517700818546
0.727348831, 4.608582716868252
0.7373044777323479,4.608648259
0.7472601198127597, 4.608714328663428
0.7572157567623596,4.608780924
0.7671713885533888, 4.608848046726897
0.7771270151580895, 4.608915695611966
0.7870826365487025, 4.608983871067383
0.7970382526974694, 4.609052573094237
0.8069938635766313, 4.609121801693619
0.8169494691584287, 4.609191556866618
0.8269050694151026, 4.609261838614328
0.836860664, 4.609332646937839
0.8468162538420413, 4.609403981838241
0.8567718379567867, 4.6094758433166305
0.8667274166353695, 4.609548231374092
0.8766829898500291, 4.609621146011721
0.8866385575730054, 4.609694587230608
0.8965941197765376, 4.609768555031849
0.9065496764328649, 4.609843049416531
0.9165052275142266, 4.609918070385744
0.926460773, 4.609993617940582
0.9364163128410076, 4.6100696920821385
0.946371847, 4.610146292811503
0.9563273755347889, 4.6102234201297705
0.9662828983249001, 4.6103010740380315
0.9762384153734754, 4.610379254537373
0.9861939266527532, 4.610457961628896
0.9961494321349706, 4.610537195313689
1.0061049317923652, 4.610616955592843
1.016060425597174, 4.610697242467453
1.0260159135216338,4.610778056
1.035971395537982, 4.610859396007406
1.0459268716184535, 4.610941262674932
1.0558823417352863, 4.611023655942287
1.0658378058607167, 4.611106575810556
1.0757932639669807, 4.611190022280841
1.085748716026313, 4.611273995354225
1.095704162, 4.611358495031805
1.1056596018931275, 4.611443521314677
1.1156150356450796, 4.611529074203932
1.1255704632390424, 4.611615153700661
1.1355258846472513, 4.611701759805959
1.145481299841939,4.611788893
1.1554367087953428, 4.611876551846639
1.165392111479695, 4.611964737784207
1.175347508, 4.612053450334711
1.1853028979301816, 4.612142689499254
1.1952582816407837, 4.612232455278931
1.2052136589712705, 4.612322747674833
1.2151690298938747, 4.6124135666880495
1.2251243943808299, 4.612504912319677
1.2350797524043684, 4.612596784570812
1.2450351039367231, 4.612689183442541
1.2549904489501265, 4.612782108935965
1.2649457874168117, 4.612875561052178
1.2749011193090103, 4.612969539792273
1.284856444598955,4.613064045
1.2948117632588774, 4.613159077148482
1.304767075261008,4.613254636
1.3147223805775794, 4.613350721013358
1.3246776791808221, 4.613447332889277
1.3346329710429672, 4.613544471395645
1.3445882561362459, 4.613642136533555
1.3545435344328893, 4.613740328304102
1.3644988059051273, 4.613839046708385
1.3744540705251902, 4.613938291747495
1.3844093282653076, 4.614038063422528
1.394364579, 4.614138361734581
1.4043198229946259, 4.614239186684749
1.4142750599282865, 4.614340538274124
1.4242302898709198, 4.614442416503806
1.4341855127947547, 4.614544821374886
1.4441407286720207, 4.614647752888458
1.4540959374749465, 4.614751211045625
1.4640511391757605, 4.614855195847475
1.4740063337466904, 4.614959707295109
1.4839615211599646, 4.615064745389622
1.4939167013878119,4.61517031
1.5038718744024584, 4.6152764015236665
1.5138270401761322, 4.615383019565388
1.523782198681061, 4.615490164258371
1.5337373498894713, 4.6155978356037135
1.5436924937735899, 4.615706033602512
1.553647630305644,4.615814758
1.5636027594578592, 4.615924009564857
1.5735578812024635, 4.616033787530597
1.5835129955116811, 4.6161440921541805
1.5934681023577384, 4.616254923436696
1.6034232017128613, 4.616366281379247
1.6133782935492746,4.616478166
1.6233333778392038, 4.616590577248842
1.6332884545548738, 4.616703515178078
1.6432435236685106, 4.616816979771735
1.6531985851523379, 4.616930971030911
1.6631536389785804, 4.6170454889567045
1.6731086851194619, 4.617160533550212
1.6830637235472068,4.617276105
1.6930187542340385, 4.617392202744755
1.702973777152181, 4.6175088273479865
1.7129287922738576, 4.617625978623325
1.7228837995712902, 4.617743656571864
1.7328387990167045, 4.617861861194703
1.7427937905823216, 4.617980592492937
1.7527487742403633,4.61809985
1.7627037499630536, 4.618219635119996
1.7726587177226143, 4.618339946451011
1.7826136774912666, 4.618460784461817
1.7925686292412333, 4.618582149153508
1.8025235729447342, 4.618704040527192
1.8124785085739925, 4.618826458583957
1.822433436101229, 4.618949403324906
1.8323883554986635, 4.619072874751138
1.8423432667385187, 4.619196872863754
1.852298169793013, 4.619321397663846
1.8622530646343671, 4.619446449152518
1.872207951234802, 4.619572027330869
1.8821628295665374, 4.619698132200003
1.8921176996017917, 4.619824763761005
1.9020725613127858, 4.619951922014985
1.9120274146717382, 4.6200796069630385
1.9219822596508676, 4.620207818606269
1.9319370962223934, 4.620336556945773
1.9418919243585344, 4.620465821982649
1.9518467440315075, 4.620595613717997
1.9618015552135317,4.620725932
1.971756357876827, 4.620856777288514
1.9817111519936104, 4.620988149125888
1.9916659375360959, 4.621120047666128
2.001620714476505, 4.621252472910347
2.0115754827870536, 4.621385424859636
2.021530242439958, 4.621518903515099
2.031484993407435, 4.621652908877837
2.0414397356617013, 4.621787440948952
2.0513944691749724,4.6219225
2.061349193919465, 4.622058085220707
2.0713039098673955, 4.622194197423549
2.0812586169909784, 4.622330836339168
2.091213315, 4.622468001968665
2.101168004653965, 4.622605694313143
2.111122685137799, 4.6227439133737045
2.1210773566861447, 4.622882659151446
2.131032019271221, 4.623021931647472
2.1409866728652376, 4.623161730862881
2.1509413174404104, 4.623302056798777
2.160895952968953, 4.623442909456264
2.1708505794230795, 4.623584288836436
2.1808051967750033, 4.623726194940401
2.190759804996938,4.623868628
2.2007144040610958, 4.6240115873241185
2.2106689939396893,4.624155074
2.220623574604931, 4.624299086616223
2.2305781460290337, 4.624443626355674
2.2405327081842112, 4.624588692825536
2.2504872610426725, 4.624734286026904
2.2604418045766295, 4.624880405960875
2.2703963387582964,4.625027053
2.2803508635598826, 4.625174226031062
2.290305379,4.625321926
2.300259884911659, 4.6254701530449225
2.3102143814062694, 4.625618906658487
2.3201688684096435, 4.625768187011278
2.3301233458939885, 4.625917994104398
2.3400778138315164, 4.6260683279389525
2.350032272194437, 4.626219188516042
2.359986720954958, 4.626370575836768
2.369941160085291, 4.6265224899022455
2.379895589557643,4.626674931
2.389850009344224, 4.626827898271848
2.3998044194172437, 4.626981392578176
2.409758819748908, 4.627135413633665
2.4197132103114263, 4.627289961439418
2.4296675910770076, 4.627445035996541
2.439621962017857,4.627600637
2.4495763231061836, 4.6277567653692975
2.459530674314194, 4.627913420187145
2.4694850156140946, 4.628070601760778
2.479439346978094, 4.628228310091302
2.4893936683783977, 4.6283865451798185
2.4993479797872133, 4.628545307027435
2.509302281176745, 4.628704595635259
2.519256572519199, 4.628864411004389
2.5292108537867826, 4.629024753135935
2.5391651249516984, 4.629185622031006
2.549119385986156, 4.629347017690701
2.5590736368623532, 4.629508940116124
2.569027877552504, 4.629671389308386
2.5789821080288076, 4.629834365268589
2.5889363282634688, 4.629997867997843
2.5988905382286904, 4.630161897497248
2.6088447378966775, 4.630326453767915
2.618798927239635, 4.630491536810946
2.6287531062297624, 4.630657146627449
2.638707274839267, 4.630823283218533
2.648661433040352, 4.6309899465852995
2.6586155808052174,4.631157137
2.6685697181060672, 4.631324853650318
2.6785238449151025, 4.631493097350779
2.688477961204525, 4.631661867831353
2.6984320669465367, 4.631831165093147
2.7083861621133405, 4.632000989137264
2.7183402466771374, 4.632171339964817
2.7282943206101233, 4.632342217576907
2.7382483838845073, 4.632513621974646
2.748202436472486, 4.632685553159141
2.7581564783462618, 4.632858011131499
2.768110509478031, 4.633030995892825
2.7780645298399955, 4.633204507444231
2.7880185394043537, 4.633378545786822
2.7979725381433083, 4.633553110921708
2.8079265260290573, 4.633728202849995
2.817880503033798, 4.633903821572792
2.8278344691297304, 4.634079967091209
2.8377884242890516, 4.6342566394063525
2.8477423684839613,4.634433839
2.857696301686657,4.634611564
2.867650223869338, 4.634789817143226
2.877604135004198, 4.634968596656362
2.8875580350634382, 4.635147902971772
2.8975119240192533, 4.635327736090557
2.9074658018438413, 4.635508096013835
2.9174196685093983, 4.635688982742708
2.9273735239881207,4.635870396
2.937327368252206, 4.636052336621689
2.9472812012738467, 4.636234803774015
2.957235023025241, 4.636417797736374
2.9671888334785845, 4.636601318509883
2.9771426326060713, 4.636785366095646
2.9870964203798973, 4.636969940494777
2.997050196772258, 4.637155041708381
3.0070039617553452, 4.637340669737575
3.0169577153013543, 4.637526824583464
3.0269114573824774, 4.6377135062471595
3.036865187970914, 4.637900714729775
3.0468189070388525, 4.638088450032415
3.0567726145584877, 4.6382767121561965
3.066726310502012, 4.638465501102229
3.0766799948416175, 4.6386548168716235
3.086633667549498, 4.638844659465488
3.096587328597846, 4.639035028884939
3.106540977958854, 4.639225925131086
3.116494615604712, 4.639417348205039
3.126448241507611,4.639609298
3.1364018556397446, 4.639801774840813
3.146355457973305, 4.639994778404854
3.1563090484804794, 4.640188308801151
3.1662626271334586, 4.640382366030817
3.1762161939044335, 4.6405769500949585
3.186169748765596, 4.640772060994692
3.196123291689137, 4.640967698731129
3.2060768226472405, 4.6411638633053816
3.216030341612103, 4.641360554718561
3.225983848555907,4.641557773
3.2359373434508445, 4.6417555180661525
3.245890826269105, 4.641953790002791
3.2558442969828736, 4.642152588782812
3.2657977555643414, 4.642351914407327
3.275751201985696, 4.642551766877446
3.2857046362191245, 4.642752146194284
3.295658058236814, 4.642953052358957
3.305611468010952, 4.643154485372577
3.315564865513724, 4.643356445236254
3.325518250717318, 4.643558931951109
3.335471624, 4.643761945518256
3.345424984115719, 4.6439654859388035
3.355378332254896, 4.644169553213868
3.3653316679836394, 4.644374147344566
3.375284991274132, 4.644579268332009
3.3852383020985637, 4.644784916177311
3.3951916004291154, 4.644991090881589
3.405144886237973, 4.645197792445957
3.4150981594973215, 4.645405020871536
3.425051420179344, 4.645612776159431
3.4350046682562243, 4.645821058310762
3.4449579037001468, 4.646029867326644
3.454911126483294, 4.646239203208194
3.464864337, 4.646449065956529
3.4748175339559975, 4.646659455572756
3.484770718589917,4.646870372
3.4947238904517937, 4.647081815413373
3.5046770495138087, 4.647293785639994
3.5146301957481443, 4.647506282738977
3.5245833291269797, 4.647719306711435
3.5345364496224994,4.647932858
3.5444895572068833, 4.648146935281253
3.554442651852312, 4.648361539880849
3.5643957335309673,4.648576671
3.5743488022150296, 4.648792329714988
3.5843018578766763, 4.649008514951767
3.594254900488088, 4.649225227069842
3.604207930021446, 4.649442466070332
3.6141609464489286, 4.649660231954349
3.6241139497427137, 4.649878524723016
3.634066939874981, 4.6500973443774525
3.644019917, 4.650316690918772
3.653972880543679, 4.650536564348094
3.6639258310244633, 4.650756964666534
3.673878768232445, 4.650977891875212
3.6838316921397984, 4.651199345975245
3.693784602718704, 4.651421326967753
3.7037374999413344, 4.6516438348538545
3.7136903837798667, 4.651866869634673
3.723643254206479,4.652090431
3.7335961111933496, 4.652314519884903
3.7435489547126517, 4.652539135356565
3.753501784736561, 4.652764277727416
3.7634546012372567, 4.652989946998573
3.7734074041869077, 4.653216143171161
3.783360193557692,4.653442866
3.7933129693217844, 4.653670116225087
3.8032657314513596, 4.653897893108666
3.813218479918591, 4.654126196898153
3.8231712146956522, 4.654355027594665
3.833123935754717, 4.654584385199323
3.8430766430679597, 4.654814269713252
3.853029337, 4.6550446811375625
3.862982016345667, 4.655275619473381
3.872934682, 4.655507084721829
3.882887334306159, 4.655739076884028
3.892839972472879, 4.655971595961092
3.9027925967268096, 4.656204641954149
3.9127452070401243, 4.656438214864319
3.922697803384994, 4.656672314692721
3.932650385733589, 4.6569069414404805
3.942602954058079, 4.657142095108716
3.952555508330635, 4.657377775698549
3.9625080485234294, 4.657613983211101
3.9724605746086272, 4.657850717647497
3.982413086558401, 4.658087979008859
3.9923655843449217, 4.658325767296309
4.002318067940357, 4.658564082510965
4.012270537316875, 4.658802924653953
4.022222992446646, 4.659042293726397
4.032175433301838, 4.659282189729416
4.042127859854616, 4.6595226126641345
4.052080272077152,4.659763563
4.062032669941611, 4.660005039333171
4.0719850534201605, 4.660247043069732
4.081937422484966,4.660489574
4.091889777108198, 4.660732631352557
4.101842117262024, 4.660976215901068
4.111794442918598, 4.661220327389146
4.121746754050099, 4.6614649658179115
4.131699050628687, 4.6617101311884905
4.141651332626531, 4.661955823502006
4.151603600015794, 4.662202042759583
4.161555852768635, 4.662448788962347
4.171508090857231, 4.662696062111421
4.181460314253737, 4.662943862207934
4.191412522930318, 4.6631921892529995
4.201364717, 4.6634410432477535
4.211316896012364, 4.663690424193321
4.221269060362155, 4.663940332090827
4.231221209880676, 4.664190766941394
4.241173344540085, 4.664441728746146
4.2511254643125485, 4.664693217506214
4.261077569170231, 4.664945233222721
4.271029659085292, 4.665197775896792
4.280981734029889, 4.665450845529556
4.290933793976193, 4.665704442122135
4.300885838896355, 4.665958565675657
4.310837868762541, 4.666213216191252
4.320789883546909, 4.666468393670044
4.330741883221619, 4.666724098113165
4.340693867758831, 4.666980329521731
4.350645837130709, 4.667237087896879
4.360597791309405, 4.667494373239731
4.370549730267085, 4.667752185551416
4.380501654, 4.6680105248330666
4.390453562408018, 4.668269391085805
4.4004054555355845, 4.668528784310757
4.410357333, 4.668788704509051
4.420309195765728,4.669049152
4.430261042812612, 4.669310125830193
4.440212874443581, 4.6695716269552925
4.4501646906307935, 4.669833655058248
4.460116491346407, 4.670096210140194
4.470068276562571, 4.670359292202257
4.4800200462514495, 4.6706229012455625
4.489971800385194, 4.670887037271243
4.499923538935963, 4.671151700280427
4.509875261875911, 4.671416890274237
4.519826969177186, 4.671682607253814
4.5297786608119495, 4.671948851220284
4.539730336752355, 4.672215622174775
4.549681996970553, 4.6724829201184175
4.559633641438702, 4.672750745052343
4.569585270128951, 4.673019096977677
4.579536883013457, 4.673287975895554
4.5894884800643725, 4.673557381807106
4.5994400612538495,4.673827315
4.609391626554037, 4.674097774615748
4.619343176, 4.674368761515106
4.629294709375161, 4.674640275412656
4.639246226840399, 4.674912316309537
4.649197728304956, 4.675184884206875
4.6591492137409825, 4.675457979105805
4.669100683120633, 4.675731601007456
4.679052136416051, 4.6760057499129655
4.689003573599391, 4.676280425823461
4.698954994642801, 4.676555628740073
4.7089063995184315, 4.676831358663937
4.718857788,4.677107616
4.728809160654948, 4.677384399537953
4.738760516860129, 4.677661710490369
4.748711856786126, 4.677939548454564
4.758663180405088, 4.6782179134316735
4.768614488, 4.678496805422828
4.778565778610489, 4.678776224429169
4.788517053141224, 4.679056170451823
4.798468311253506, 4.679336643491927
4.808419552919493, 4.679617643550613
4.818370778111323, 4.679899170629018
4.828321986801143, 4.680181224728272
4.838273178961099, 4.680463805849505
4.848224355, 4.680746913993861
4.858175513580005, 4.681030549162472
4.868126655983242,4.681314711
4.878077781745196, 4.6815994005769905
4.888028890838008,4.681884617
4.897979983233825, 4.682170360102142
4.907931058904793, 4.6824566304090425
4.917882117823047, 4.6827434277470115
4.92783316,4.683030752
4.937784185290007, 4.683318603520681
4.947735193782991, 4.683606981958652
4.957686185411838, 4.683895887432233
4.967637160148687, 4.684185319942556
4.977588117965681, 4.684475279490761
4.987539058834961,4.684765766
4.997489982728668, 4.685056779705356
5.007440889618943, 4.685348320374016
5.017391779477932, 4.685640388085106
5.0273426522777624, 4.685932982839759
5.037293507990584, 4.686226104639115
5.047244347, 4.686519753484305
5.057195168043744, 4.686813929376479
5.067145972328365, 4.687108632316763
5.077096759414532, 4.687403862306302
5.087047529, 4.687699619346226
5.096998281880051, 4.687995903437684
5.106949017203679, 4.688292714581806
5.116899735217403, 4.688590052779734
5.126850435893359, 4.688887918032599
5.136801119203685, 4.689186310341549
5.146751785120517, 4.689485229707722
5.156702433615992, 4.6897846761322555
5.166653064662245, 4.690084649616289
5.1766036782314115, 4.690385150160964
5.186554274295627, 4.690686177767413
5.196504852827026,4.690987732
5.206455413797748, 4.691289814170208
5.216405957179923, 4.691592422968837
5.226356482945681, 4.691895558833802
5.236306991067168, 4.692199221766249
5.246257481516505, 4.692503411767315
5.256207954265831,4.692808129
5.266158409287276, 4.693113372979868
5.276108846552977, 4.693419144193637
5.286059266, 4.6937254424805905
5.296009667705664, 4.694032267841869
5.305960051536919, 4.694339620278613
5.315910417500955, 4.694647499791966
5.3258607655698995, 4.6949559063830675
5.335811095715891, 4.695264840053064
5.3457614079110565, 4.695574300803092
5.3557117021275245, 4.695884288634297
5.365661978337423, 4.696194803547818
5.375612236512886, 4.696505845544804
5.3855624766260455,4.696817415
5.395512698649023, 4.697129510793726
5.4054629025539525, 4.697442134047952
5.415413088312954, 4.697755284390211
5.425363255898167, 4.698068961821648
5.435313405281712, 4.698383166343401
5.445263536, 4.6986978979566185
5.455213649332315, 4.699013156662444
5.465163743943625, 4.699328942462023
5.4751138202417815, 4.699645255356501
5.485063878198902, 4.699962095347015
5.495013917787118,4.700279462
5.504963938978552, 4.700597356620751
5.514913941745329, 4.700915777906259
5.5248639260595755, 4.7012347262923875
5.534813891893416, 4.701554201780277
5.544763839218976, 4.701874204371079
5.554713768008376, 4.7021947340659365
5.564663678233744, 4.702515790865995
5.574613569867205, 4.702837374772401
5.584563442880876, 4.7031594857862995
5.594513297246885,4.703482124
5.604463132937351, 4.703805289141164
5.6144129499243975, 4.7041289814844225
5.624362748180145, 4.704453200939759
5.634312527676716, 4.7047779475083225
5.644262288386231,4.705103221
5.6542120302808145, 4.705429021989715
5.664161753332581, 4.705755349904838
5.6741114575136535, 4.706082204937776
5.684061142796153, 4.706409587089679
5.694010809152199, 4.7067374963616935
5.703960456553911, 4.707065932754963
5.713910084973406, 4.707394896270643
5.723859694382804, 4.707724386909878
5.733809284754223, 4.708054404673811
5.743758856059783, 4.708384949563602
5.753708408271594, 4.708716021580394
5.763657941361785, 4.709047620725339
5.773607455302469,4.709379747
5.783556950065758, 4.709712400404265
5.7935064256237725, 4.710045580940554
5.8034558819486275, 4.710379288609591
5.813405319012442, 4.710713523412524
5.823354736787329, 4.711048285350505
5.833304135245401, 4.711383574424687
5.843253514358772, 4.7117193906362145
5.853202874099565, 4.712055733986241
5.863152214439888, 4.712392604475919
5.873101535351856, 4.7127300021063965
5.883050836807583, 4.713067926878821
5.893000118779182, 4.713406378794358
5.902949381238765, 4.713745357854145
5.912898624158445, 4.7140848640593385
5.922847847510337, 4.714424897411085
5.932797051266546, 4.714765457910546
5.942746235399193, 4.715106545558867
5.952695399880384, 4.715448160357206
5.962644544682229, 4.7157903023067105
5.972593669776841, 4.7161329714085305
5.982542775, 4.716476167663822
5.992491860732807, 4.716819891073739
6.0024409265383785, 4.717164141639437
6.012389972525158, 4.717508919362063
6.022338998665256, 4.717854224242774
6.032288004930773, 4.718200056282723
6.042236991293825, 4.718546415483062
6.0521859577265165, 4.718893301844951
6.062134904, 4.719240715369541
6.072083830689256, 4.719588656057978
6.082032737163515, 4.719937123911429
6.091981623595845, 4.7202861189310426
6.101930489958347, 4.7206356411179735
6.111879336223135,4.72098569
6.121828162, 4.721336266998416
6.131776968347979, 4.721687370694235
6.141725754152244, 4.722039001561994
6.151674520149347, 4.722391159619373
6.161623265, 4.722743844916414
6.1715719865482335, 4.723097057424906
6.181520685886026, 4.723450797156461
6.191469363, 4.7238050641169504
6.201418017048912, 4.724159858307896
6.211366648818974, 4.724515179729824
6.221315258010882, 4.724871028383031
6.231263844596717, 4.725227404267759
6.241212408548562, 4.725584307384205
6.251160949838513, 4.725941737732527
6.261109468438664, 4.7262996953128775
6.271057964321124, 4.726658180125378
6.2810064374579975, 4.727017192170139
6.290954887821402, 4.727376731447253
6.300903315383446, 4.727736797956801
6.310851720116249, 4.728097391698868
6.3208001019919315, 4.728458512673514
6.330748460982613, 4.728820160880805
6.340696797060418, 4.729182336320796
6.35064511, 4.729545038993541
6.360593400365889, 4.729908268899085
6.370541668,4.730272026
6.3804899116853315,4.73063631
6.390438132780606, 4.731001122013004
6.400386330795748, 4.731366460850207
6.410334505702884, 4.731732326920434
6.420282657474143, 4.732098720223712
6.430230786081649, 4.732465640760088
6.440178891497528, 4.732833088529594
6.450126973693905, 4.733201063532265
6.460075032642909,4.733569566
6.470023068316664, 4.733938595237255
6.479971080687298, 4.734308151939643
6.489919069726933, 4.734678235875339
6.4998670354076955, 4.735048847044382
6.509814977701715, 4.7354199854468035
6.519762896581112, 4.7357916510826366
6.529710792018014, 4.736163843951918
6.539658663984553, 4.7365365640546795
6.5496065124528435, 4.736909811390957
6.5595543373950145, 4.7372835859607845
6.569502138783191, 4.737657887764196
6.579449916589495, 4.738032716801228
6.589397670786057,4.738408073
6.5993454013449995, 4.738783956576278
6.6092931082384405, 4.739160367314368
6.619271682768965, 4.7397720678545365
6.629296896259789, 4.740730902025116
6.639343549340655, 4.741701005475037
6.6493810215509965, 4.742531630902643
6.659416225043988, 4.743191896989964
6.669457418689154, 4.743742681107554
6.679503438026566, 4.744195576405984
6.689555883935476, 4.7445627839653355
6.6996087611028505, 4.7448245086884855
6.709662802318088, 4.7449868703889715
6.719720985829988, 4.745062556953049
6.729776747039116, 4.745032157845715
6.739830977662079,4.744901896
6.749886890239573, 4.744684476468382
6.759937186135515, 4.744360799619993
6.769982831200778, 4.7439371250999525
6.780027420408294, 4.743426156072884
6.790063239405281, 4.742809027507589
6.800091423176483, 4.742091981608047
6.810116052874902, 4.741287671246747
6.820128847633997, 4.740377483096203
6.830131108387678, 4.739367597636391
6.840127289941368,4.738270605
6.850108586233021, 4.737068137037119
6.859927918324039, 4.735420937751225
6.8696673493893075,4.733393031
6.879421081, 4.731345180011317
6.8891861213322345, 4.729299491888522
6.898945669263269, 4.727242412542672
6.908704339713263, 4.725180474362279
6.918471013482261, 4.723125418725661
6.928231832783484, 4.721061459644581
6.937991546699222, 4.718994585014962
6.947759126491505, 4.7169362087132285
6.9575207870687334, 4.7148702968474785
6.967281303707716, 4.712802577995794
6.977049662882582, 4.710744266827097
6.986812116453126, 4.708679196669427
6.99657344, 4.706612943838572
7.006342608628269, 4.704556601328438
7.016105890152576, 4.702493923839823
7.0258680553561765, 4.700430405900398
7.035638068270602, 4.698377075737689
7.0454022073177525, 4.6963176428909135
7.055165239455697, 4.694257558391945
7.064936121632721, 4.692207819027451
7.074701141256991, 4.6901521068806975
7.0844650612393005, 4.688095848977094
7.094236831106982, 4.686050025131049
7.104002746099834, 4.683998299249539
7.113767565779501, 4.681946085861559
7.1235402332126885, 4.679904357122706
7.133308098367884, 4.677913599873972
7.143079580491405, 4.675989839967098
7.152850425320809, 4.6740784757213705
7.162621447326989, 4.6721699483139885
7.172392648, 4.670262633551951
7.182164008305333, 4.668356209327807
7.191935515934384, 4.666450577994236
7.2017071627700755, 4.664545686894364
7.211478942250118, 4.662641497201555
7.221250849048105, 4.660737977625278
7.231022878806464, 4.658835102451827
7.240795028, 4.656932850466041
7.250567293538567, 4.655031204150544
7.260339673153799, 4.653130149039244
7.2701121648011195, 4.651229673185702
7.279884766834732, 4.649329766724383
7.289657477894714, 4.647430421508358
7.299430296855939, 4.645531630810008
7.3092032227863095,4.643633389
7.318976254912518, 4.641735691712499
7.328749392591966, 4.639838534937866
7.338522635289707, 4.637941915622136
7.348295982559484, 4.636045831182651
7.3580694340281365, 4.634150279486989
7.367842989382778, 4.632255258774533
7.377616648, 4.630360767591699
7.387390410738235, 4.628466804738461
7.397164276328467, 4.626573369224185
7.406938244970409, 4.624680460231135
7.416712317,4.622788077
7.4264864908785295, 4.620896219226899
7.436260768, 4.619004886199041
7.4460351475714175, 4.6171140776215704
7.455809629743316, 4.615223793181665
7.465584214368747, 4.613334032621321
7.475358901,4.611444796
7.485133690733834, 4.609556082325869
7.494908582, 4.6076678922710075
7.5046835762278565, 4.605780225444297
7.514458672279954, 4.603893081747865
7.524233870478683, 4.602006461101212
7.534009170784468, 4.600120363438217
7.543784573159634, 4.598234788704598
7.553560077568079, 4.596349736855878
7.563428944134043, 4.594687027773194
7.573426312789384, 4.593351982052437
7.583438610937558, 4.592022700534692
7.593401208091783, 4.590558092892348
7.603316790180512, 4.588929520643179
7.613215993459651, 4.587194100443721
7.623097737199405,4.585362601
7.632966497583188, 4.583447175988534
7.6428118155370734, 4.581429822288021
7.652635491253185, 4.579316075125004
7.662443467891343, 4.577117986724122
7.672224847267381,4.574818001
7.681981655151109,4.572421694
7.691720202491534, 4.569941081530712
7.701429112085251, 4.567359027315317
7.711110603966673, 4.564681067968616
7.720771344332597, 4.561919138972947
7.730399467265958, 4.559056486668279
7.739997374, 4.556098567954114
7.749572079213652, 4.553057203149748
7.759111229850984, 4.549916011454454
7.768617399821644, 4.546680343525077
7.778097947804389,4.54336188
7.787540038, 4.539944614577015
7.79694641, 4.536433773783035
7.806324759381716, 4.532840879121917
7.815661775609971, 4.529150305197041
7.824960363172199,4.525367149
7.834228547184274, 4.521502756033585
7.843452553, 4.517541894124224
7.852635445185466, 4.513489521794558
7.861785571147962, 4.509356794478395
7.870888702635071, 4.505128884934532
7.879948057154702, 4.500810609327781
7.888972298295233, 4.496412917325238
7.897946755171094, 4.491921401481729
7.906874796601047, 4.487340733395208
7.915765393145681, 4.482681642613357
7.924603426553236, 4.477930129026526
7.9333923484079385,4.473090596
7.942141387081923, 4.468173482171724
7.950893659, 4.463121952521401
7.959449737019122, 4.458114689548951
7.967981001931851, 4.453040200422173
7.976434731397199, 4.447890097473464
7.984871907315328, 4.442578844077133
7.993260444384189, 4.437215571594901
8.001581870120054, 4.431763784454536
8.009853529664483,4.42623254
8.018073331, 4.4206235155573115
8.026235696044198,4.414932375
8.034333230510901, 4.409154854845911
8.042388268985563, 4.403307041509966
8.050371791, 4.397370704841503
8.058300165510833,4.391356712
8.066171868, 4.385267035534907
8.073980779527828, 4.379098005565925
8.081719671531348, 4.372845754511632
8.089411388620812, 4.366525243310828
8.097026282, 4.360119954187427
8.104580993517303,4.353639976
8.112074452986098, 4.347087245581839
8.119499957, 4.340458643106009
8.126850470891075, 4.333750626128288
8.134149261582397, 4.326976937446221
8.141366137733593, 4.320122752423366
8.148517962985842, 4.313197355867149
8.155604124512735, 4.306202583540795
8.162617364672384,4.29913589
8.169550871283716, 4.291994053363042
8.176428271514256, 4.284789544492958
8.183218902234092, 4.277509241845039
8.189939829047324, 4.270161627440219
8.196590871628091, 4.262748388893336
8.203164270416979, 4.2552675772720026
8.209653449970158, 4.247716303552383
8.216082349566875, 4.240105720062722
8.222419903698633, 4.232424443061432
8.228683377506085, 4.224680144444213
8.234872976874179, 4.216874334861303
8.240980514,4.209005677
8.246999648757836, 4.201071629670848
8.252954592340025,4.193081973
8.258813932, 4.185027098563118
8.264595144500754, 4.176913846861267
8.270298761172485, 4.168743540276027
8.275916258503194, 4.1605154637298885
8.281441517187963, 4.152227448743301
8.286898995491041, 4.143887846037741
8.292256986521856, 4.1354888718218605
8.297533196307988, 4.127036495888914
8.302728399221753, 4.118531842774704
8.307833824431816, 4.109974794410867
8.312843540853196, 4.101363572482344
8.317782224607031, 4.092705029892564
8.322191831606766, 4.083783943530954
8.326375203409743, 4.074799546253517
8.330537371013358, 4.065850865626733
8.334664847, 4.056880038021997
8.338772355245025, 4.047895039854996
8.342883629305884, 4.0389049008467195
8.346971015103778, 4.029905932356116
8.351052250836657, 4.020901037490807
8.355131556488885, 4.011893851002717
8.359461736986155, 4.003001320758322
8.364129459743816, 3.9942146124154685
8.368812696562607, 3.9853842905409436
8.373424633815608, 3.9765157950503123
8.377853432740805, 3.967580347236454
8.382201480076452, 3.9586062840820633
8.386462779087964, 3.9495910689533757
8.390629138214168, 3.9405348026365825
8.394724810149366, 3.9314410775301636
8.398716704547171, 3.922306739450899
8.402622523490654, 3.9131345902009405
8.406442875, 3.903925280083411
8.410168418396385, 3.8946796055739883
8.413793160612197, 3.8853967750517318
8.417341947101006, 3.876079233912716
8.420782251643445, 3.866726078333566
8.424132450530502, 3.857339423432766
8.427393449842672, 3.847919977484334
8.43055633, 3.8384693006608988
8.433131458556684, 3.8288579151946225
8.435450449, 3.8192270522166734
8.437837285956636, 3.8096583381053506
8.440158681208265, 3.8000621658971974
8.442458178755874, 3.790454120205976
8.444761509705943, 3.780840802407807
8.447040616729401, 3.771224466296316
8.449314127950403, 3.7616037618574487
8.451586073921101, 3.7519820822494028
8.453847485, 3.7423579691224305
8.456094976577155, 3.732732850271512
8.458353623, 3.723104969790704
8.460593337, 3.713477043460821
8.462832089, 3.703846328270896
8.465073132758414, 3.6942163933915517
8.467307016191517, 3.684584979609993
8.469529545640162, 3.674953699083253
8.471765835088881, 3.665320155354031
8.473985012410136, 3.655687307014762
8.476204835923355, 3.6460519925498134
8.478428274799786, 3.636417916976508
8.480645681536455, 3.626782589376229
8.482852579985584, 3.617147724133181
8.485074098128463, 3.6075107039673493
8.487279103992599, 3.597874610894794
8.489485284268689, 3.588236136062081
8.491695512509255, 3.5785990383541364
8.493900080930782,3.568960757
8.496094420234913, 3.559323052118954
8.498303662418156, 3.5496832104300524
8.500496589819104, 3.5400443837427584
8.502690867935794, 3.5304031973022054
8.504889338633353, 3.520763430839816
8.507082275771221,3.511122504
8.509265077880299, 3.501482200679057
8.511462879,3.491839752
8.513644433, 3.4821983624334143
8.515827399428524, 3.4725546173242243
8.518014608473987,3.462912306
8.520475076, 3.453259597995949
8.523184978608779, 3.4438735966926433
8.525927833740193, 3.434363275578652
8.528608178699697, 3.4249064248774945
8.531317479987793, 3.4151953250450098
8.533333089492004, 3.405415501000953
8.535060628924938, 3.395656527124847
8.536911622, 3.3859741448216494
8.538673101737979, 3.376263001451334
8.540413703540311, 3.366532912508164
8.542151733420948, 3.356801763943719
8.543879267063424, 3.3470685658797543
8.545592885914772, 3.3373352630046016
8.547312426754473, 3.327613507153535
8.549025179, 3.317784314195965
8.550724238826037,3.307968722
8.552432346571146, 3.298154830511112
8.554129739222846, 3.2883402137050686
8.555822663694599, 3.2785244963152995
8.557525329, 3.2687077271430534
8.559217513339066, 3.258890730082257
8.560905549911407,3.249072959
8.562603644068538, 3.2392543878245084
8.564291490982065, 3.2294358092090816
8.565975371137757, 3.2196166401751047
8.567669486962766, 3.209796808284743
8.569353486951814, 3.1999770926210194
8.571033622169356, 3.190156888516224
8.572724093553276, 3.1803360966904792
8.574404525063274, 3.170515491080478
8.576081151, 3.1606944545348648
8.577768171247117, 3.150872870665101
8.579445195, 3.141051513470007
8.581118447829848, 3.1312297582375295
8.582802127972206, 3.1214074768373843
8.584475837357855, 3.111585446184772
8.586145795396114, 3.1017630367035944
8.587826200555583, 3.091940111506412
8.589496650159024, 3.0821174519957486
8.591163360506863, 3.072294425228453
8.592840529832433, 3.062470887226773
8.594805767490678, 3.0526936078413893
8.597169829911342, 3.042938705007666
8.599529490478519, 3.0330295358379757
8.601634734, 3.0235676336537933
8.603713074, 3.014067438915422
8.605687190927325, 3.0042438748647786
8.607553881083836, 2.994436777796089
8.608867678260225, 2.9846162551511344
8.609954093551766, 2.9747906313183536
8.611059826800458, 2.964995928788687
8.612104861, 2.9551946865143788
8.613119143796604, 2.9453071855895714
8.614112977, 2.9353860072245346
8.615112687035014,2.925473739
8.616101244606954, 2.915560216323417
8.617084930140152, 2.905645051603695
8.618077902564291, 2.8957274274304114
8.619060240303183, 2.8858097046409075
8.620038369698177, 2.875891101933848
8.621026478391439, 2.865970613031411
8.622004473050533, 2.8560505177016213
8.622978668, 2.8461299550934838
8.623963252413386, 2.8362078157477075
8.624938027988795, 2.826286336184766
8.625909242020857, 2.8163646112210396
8.626891077, 2.8064414759294034
8.627863276610034, 2.796519146356395
8.628832047650505, 2.7865966933624526
8.629811569566607, 2.7766729208388288
8.630781552, 2.7667500352563996
8.631748183325866, 2.756827094025896
8.632725639181016, 2.7469028814827414
8.633693611444974, 2.736979597015741
8.634658275540124, 2.7270562912294096
8.635633806603245, 2.7171317399226464
8.636599886, 2.7072081461445094
8.637562681904917, 2.6972845552972284
8.638536368, 2.687359734301433
8.639500621294989, 2.6774358869604624
8.640461604827566, 2.667512055545077
8.641433492699981, 2.6575870014957133
8.642395958025084, 2.647662930749703
8.643355162386428, 2.6377388834910156
8.644325279278197, 2.6278136169115913
8.645285980313908, 2.617889339689631
8.646243425721199, 2.607965090496727
8.647211788749077, 2.598039622985815
8.64817074, 2.588115148932532
8.64912644, 2.5781907058268683
8.65009306, 2.5682650441658206
8.651050272091338, 2.5583403789836376
8.652004234464771, 2.5484157467593107
8.652969120139026, 2.538489895050208
8.653924599719995, 2.528565042235986
8.654876831644506, 2.5186402238807544
8.655839988665338, 2.508714184725823
8.656793741510269, 2.498789146541461
8.657744248318375, 2.4888641440314117
8.658705681708167, 2.478937919192609
8.659657712607931, 2.4690126972079183
8.660606498910555, 2.4590875119519473
8.661566213105589, 2.4491611027199247
8.662516526365788, 2.4392356981162986
8.663463596366762, 2.429310331204778
8.664421595472069, 2.4193837386052883
8.665370195123492, 2.4094581523456147
8.666315552795602, 2.399532604689502
8.667271840727643, 2.3896058295989024
8.668218730644082, 2.3796800625226218
8.669162379827615, 2.3697543349322525
8.67011696, 2.359827378151794
8.671062144, 2.3499014310517863
8.672004088809627, 2.339975524314788
8.672956965750577, 2.3300483866204518
8.673900447487762, 2.3201222602449407
8.674840690933443, 2.310196175085204
8.675791867960449, 2.300268857192176
8.676733651, 2.290342552246355
8.677672197305409, 2.2804162893620363
8.678621678104594, 2.2704887919682766
8.679561766475091, 2.2605623091429834
8.680498618965636, 2.250635869219988
8.681446407205966, 2.2407081930128254
8.682384804397229, 2.2307815329896856
8.683319967, 2.220854916705904
8.684266066245232, 2.210927062365559
8.685202776, 2.2010002258198873
8.686136252089032, 2.1910734338475653
8.687080666169898,2.181145402
8.688015691950293, 2.171218389651544
8.688947485438355, 2.161291422658623
8.689890218, 2.1513632140731334
8.690823563429653, 2.141436026490508
8.691753677857882, 2.131508885141368
8.692694732327732, 2.1215805004364836
8.693626401, 2.1116531383324073
8.694554840225939, 2.1017258232882954
8.695494220325665, 2.091797263128614
8.696424216226308, 2.081869727163723
8.697350983, 2.0719422390829942
8.698288693,2.062013504
8.699217019247016, 2.0520857949624016
8.700142118206855, 2.0421581345006596
8.701078160399597, 2.032229225413912
8.702004821114574, 2.0223013436982105
8.702928255463974, 2.0123735115083847
8.703862634, 2.0024444289439747
8.704787632625651, 1.992516375332946
8.705709406, 1.9825883720653505
8.706642124640256, 1.9726591166770246
8.707565464555323, 1.9627308918205741
8.708796521104453, 1.9528178955486701
8.710423384, 1.942898641226872
8.712061999511883, 1.932954984810898
8.713511758, 1.9230181444350396
8.714914456548707, 1.9130558733547405
8.716233274973652, 1.9030219835648488
8.717353640133773, 1.8932402185356296
8.718388169, 1.8832977860380222
8.719316636611024, 1.8733792234912165
8.720156330867308, 1.8634521066812877
8.720906712036253, 1.8535181071622087
8.721559369826604, 1.843579277555163
8.722107738159474, 1.8336384559474728
8.722081715832525, 1.8237665655201734
8.721780420911507, 1.8138167235062743
8.721571829013739, 1.8038682744297747
8.721371432096118, 1.793927321263391
8.721167386164572, 1.7839830456237065
8.720958745577578, 1.7740358373544403
8.720746059674784, 1.764086301399485
8.720530024794177, 1.7541349097082073
8.720311268218632, 1.7441819058362142
8.720090379942722, 1.7342282221717464
8.719867840606378, 1.7242747175094817
8.719644015917526, 1.7143212709965314
8.719419218312801, 1.704367872710789
8.719193707478624, 1.6944145178813386
8.718967698814987, 1.684461200934815
8.718741370872399, 1.6745079159392522
8.718514871561384, 1.664554657075484
8.718288323346627, 1.6546014189084424
8.718061828, 1.6446481965201496
8.717835468136164, 1.6346949855565502
8.717609314372194, 1.6247417822230301
8.717383423666012, 1.6147885832511455
8.717157843191853, 1.604835374280914
8.716932615656622, 1.5948822023605391
8.716707774204776, 1.5849290828861835
8.716483344809529, 1.5749759976210174
8.716259349113162, 1.565022937432606
8.716035804944573, 1.5550698950989243
8.715812727021717, 1.5451168646606983
8.715590127503656, 1.5351638411906021
8.715368016436532, 1.5252108206159491
8.715146402120237, 1.5152577995720928
8.714925291411227, 1.5053047752807591
8.71470469, 1.4953517454491176
8.714484602, 1.4853987081861135
8.714265032800112, 1.4754456619331273
8.714045984115309, 1.4654926054065616
8.713827459058107, 1.4555395375502926
8.71360946, 1.4455864574963246
8.713391988126578,1.435633365
8.713175045516708, 1.4256802580742118
8.712958633, 1.4157271376448257
8.712742752128014, 1.4057740028545482
8.712527403171233, 1.395820853386543
8.712312586988816, 1.3858676889840589
8.712098304, 1.3759145094400123
8.711884555062213, 1.3659613145883733
8.711671340142082, 1.3560081042970489
8.711458659676234, 1.3460548784619943
8.711246514, 1.3361016370023482
8.711034903041739,1.32614838
8.710823827231273, 1.3161951069783153
8.710613286606298, 1.3062418183352904
8.710403281268052, 1.296288513905377
8.710193811295943, 1.286335193675558
8.709984876751266, 1.2763818576402055
8.709776477680398, 1.2664285057997946
8.709568614117352, 1.2564751381598502
8.709361286085926, 1.2465217547300624
8.709154493601494, 1.2365683555235705
8.708948236672443, 1.2266149405563578
8.708742515301408, 1.2166615098467632
8.708537329, 1.2067080634150662
8.708332679220868, 1.196754601283152
8.708128564495953, 1.1868011234742344
8.707924985, 1.1768476300126198
8.707721942, 1.1668941209235215
8.707519433433003, 1.156940596232898
8.707317460729316, 1.1469870559673252
8.707116023487263, 1.137033500153888
8.706915121686938, 1.1270799288200917
8.706714755307592, 1.1171263419937867
8.706514924327754, 1.1071727397031104
8.706315628725378, 1.0972191219764333
8.706116868, 1.0872654888423225
8.705918643562459, 1.0773118403295023
8.705720953955716, 1.0673581764668287
8.705523799634161, 1.0574044972832646
8.705327180574024, 1.0474508028078626
8.705131096751353, 1.0374970930697467
8.704935548142057, 1.0275433680981008
8.704740534721886, 1.0175896279221541
8.704546056466521, 1.0076358725711771
8.704352113351526, 0.9976821020744703
8.704158705352425,0.987728316
8.703773494603633, 0.9678207000033412
8.703581691804695,0.957866869
8.703390424023187, 0.9479130234320604
8.703199691234396, 0.9379591626774133
8.703009493413601, 0.9280052869826232
8.702819830536077, 0.9180513963770909
8.702630703, 0.9080974908902197
8.70244211, 0.8981435705514147
8.702254051315471, 0.8881896353900804
8.702066527963348,0.878235685
8.701879539430614, 0.8682817207174394
8.701693086, 0.8583277412649372
8.701507167, 0.8483737471075141
8.701321782500791,0.838419738
8.701136932997642,0.828465715
8.700952618189872, 0.8185116766996741
8.700768838052674, 0.8085576240165081
8.700585592561248, 0.7986035567753768
8.700402881690778, 0.7886494750056613
8.700220705416449, 0.7786953787367398
8.700039064, 0.7687412677640502
8.699857956649112, 0.7587871426737139
8.699677384434578, 0.7488330079649717
8.699497347016733, 0.7388788628642561
8.699317844376997, 0.7289247073345749
8.699138876491824, 0.7189705414014194
8.698960443335649, 0.7090163650936779
8.698782544882429, 0.6990621784404315
8.698605181, 0.6891079814707769
8.698428351979977, 0.6791537742138122
8.698252057478136, 0.6691995566986347
8.698076297574046, 0.6592453289543417
8.697901072, 0.6492910910100275
8.697726381453407, 0.6393368428947852
8.697552225, 0.6293825846377046
8.697378603406293, 0.6194283162678725
8.697205516094018,0.609474038
8.697032963220561, 0.5995197493062869
8.696860944759361, 0.5895654507726916
8.696689461, 0.5796111422426601
8.696518510967481,0.569656824
8.696348095583646,0.559702495
8.696178214505778, 0.5497481569646244
8.696008867707281, 0.5397938087395044
8.695840055161565, 0.5298394506632567
8.695671776842033, 0.5198850827649301
8.695504032722097, 0.5099307050735704
8.695336822775145, 0.49997631761821787
8.695170146974583, 0.49002192042790943
8.695004005293814, 0.4800675135316776
8.694838397706231, 0.4701130969585505
8.694673324185235, 0.4601586707375521
8.694508784704219, 0.4502042348977016
8.694344779236584, 0.44024978946801463
8.694181307755725, 0.4302953344775015
8.694018370235035,0.42034087
8.693855966647918, 0.4103863959300191
8.693694096967766, 0.4004319124310495
8.693532761167981, 0.39047741948725406
8.693371959, 0.3805229171276213
8.693211691, 0.3705684053811365
8.693051956784767, 0.36061388427677965
8.692892756240406,0.350659354
8.692734089443404, 0.3407048141103501
8.692575956, 0.3307502651062162
8.692418356985062, 0.3207957068600881
8.692261291270519, 0.31084113940092456
8.692104759196935, 0.3008865627576796
8.691948760737702, 0.2909319769593032
8.691793295866226, 0.2809773820347405
8.691638364555915, 0.27102277801293295
8.691483966780165, 0.26106816492281715
8.691330102512381, 0.25111354279332526
8.691176771725972, 0.24115891165338552
8.691023974, 0.2312042715319214
8.690871710490875, 0.2212496224578522
8.69071998, 0.21129496446009288
8.690568782862114, 0.20134029756755398
8.690418119083631, 0.1913856218091418
8.690267988626948, 0.18143093721375794
8.690118391465484, 0.17147624381029988
8.689969327572635, 0.16152154162766083
8.689820796921818, 0.1515668306947295
8.689672799486432, 0.14161211104039031
8.689525335239892, 0.13165738269352342
8.689378404155617, 0.1217026456830043
8.689232006207005, 0.11174790003770443
8.689086141367481, 0.10179314578649057
8.688940809610443,0.091838383
8.688796010909316,0.081883612
8.688651745237504,0.071928832
8.688508012568422, 0.061974043299682965
8.688364813,0.052019246
8.688222146132109,0.042064441
8.688080012311701, 0.032109627486314685
8.687938411387686, 0.022154805426477693
8.687797343333484, 0.012199975020333587
8.687656808122497,0.002245136
8.687516805728158,-0.007709711
8.687377336123872,-0.017664566
8.687238399283066,-0.027619429
8.687099995179166,-0.037574301
8.686962123785582,-0.047529181
8.686824785075725,-0.057484069
8.686687979023025,-0.067438965
8.686551706,-0.077393869
8.686415964782796,-0.087348782
8.686280756542109,-0.097303702
8.686146080852263,-0.10725863
8.686011938,-0.117213567
8.685878327018818,-0.127168511
8.685745248822053,-0.137123463
8.685612703069843,-0.147078423
8.685480689735607,-0.157033391
8.685349208792768,-0.166988367
8.685218260214752,-0.17694335
8.685087844,-0.186898341
8.684957960046907,-0.19685334
8.684828608403933,-0.206808347
8.684699789019502,-0.216763362
8.684571501867039,-0.226718384
8.684443746919978,-0.236673413
8.684316524151741,-0.246628451
8.684189833535775,-0.256583496
8.684063675045506,-0.266538548
8.683938048654362,-0.276493608
8.683812954335789,-0.286448675
8.683688392063203,-0.29640375
8.683564361810053,-0.306358833
8.683440863549773,-0.316313922
8.683317897255797,-0.326269019
8.683195462901555,-0.336224124
8.68307356,-0.346179235
8.682952189906043,-0.356134354
8.682831351211648,-0.366089481
8.682711044350746,-0.376044614
8.682591269296775,-0.385999755
8.682472026023172,-0.395954903
8.682353314503388,-0.405910058
8.682235135,-0.41586522
8.682117486619028,-0.425820389
8.682000370201338,-0.435775565
8.681883785431225,-0.445730748
8.681767732282138,-0.455685939
8.681652211,-0.465641136
8.681537220740825,-0.47559634
8.681422762295488,-0.485551551
8.681308835364955,-0.495506769
8.68119544,-0.505461994
8.681082575942115,-0.515417225
8.680970243396693,-0.525372464
8.680858442,-0.535327709
8.680747172505097,-0.545282961
8.680636434105825,-0.55523822
8.680526227035498,-0.565193485
8.680416551267571,-0.575148757
8.680307406775494,-0.585104035
8.680198793532726,-0.595059321
8.680090711512719,-0.605014612
8.679983161,-0.614969911
8.679876141034788,-0.624925215
8.679769652523778,-0.634880527
8.679663695129342,-0.644835844
8.679558268824941,-0.654791169
8.679453373584037,-0.664746499
8.679349009380074,-0.674701836
8.679245176186514,-0.684657179
8.679141873976828,-0.694612529
8.679039102724467,-0.704567885
8.678936862402884,-0.714523247
8.678835152985556,-0.724478615
8.678733974445928,-0.73443399
8.678633326757472,-0.744389371
8.67853321,-0.754344757
8.678433623827914,-0.76430015
8.678334569,-0.774255549
8.678236043984587,-0.784210954
8.678138050153931,-0.794166366
8.678040587015223,-0.804121783
8.677943654541933,-0.814077206
8.677847253,-0.824032635
8.677751381485502,-0.83398807
8.677656040849287,-0.843943511
8.677561230772364,-0.853898957
8.677466951228203,-0.86385441
8.677373202190282,-0.873809868
8.677279983632069,-0.883765332
8.677187295527025,-0.893720802
8.677095137848633,-0.903676277
8.677003510570366,-0.913631759
8.676912413665699,-0.923587246
8.676821847108098,-0.933542738
8.676731810871049,-0.943498236
8.676642305,-0.95345374
8.676553329252492,-0.963409249
8.676464883817932,-0.973364764
8.676376968597832,-0.983320284
8.676289583565655,-0.99327581
8.676202728694895,-1.003231341
8.676116403959028,-1.013186877
8.676030609331532,-1.023142419
8.675945344785886,-1.033097966
8.67586061,-1.043053519
8.675776405834076,-1.053009077
8.675692731374882,-1.06296464
8.675609586891476,-1.072920208
8.675526972357337,-1.082875781
8.675444887745943,-1.09283136
8.675363333030798,-1.102786944
8.675282308185372,-1.112742533
8.675201813183161,-1.122698127
8.675121847997648,-1.132653726
8.675042413,-1.14260933
8.674963507,-1.152564939
8.674885131,-1.162520553
8.674807284892411,-1.172476172
8.674729968392754,-1.182431796
8.674653181550735,-1.192387425
8.674576924339855,-1.202343059
8.674501197,-1.212298697
8.674425998705468,-1.222254341
8.67435133,-1.232209989
8.674277191277552,-1.242165642
8.674203582,-1.252121299
8.674130502,-1.262076961
8.674057951309008,-1.272032628
8.67398593,-1.2819883
8.673914438469655,-1.291943976
8.673843476112387,-1.301899657
8.673773043094718,-1.311855342
8.673703139390144,-1.321811032
8.673633764972182,-1.331766726
8.673564919814329,-1.341722425
8.673496603890081,-1.351678128
8.673428817172953,-1.361633836
8.673361559636437,-1.371589548
8.673294831,-1.381545265
8.673228632,-1.391500985
8.673162961845676,-1.40145671
8.673097821,-1.411412439
8.673033208735871,-1.421368173
8.672969125726715,-1.431323911
8.672905571712729,-1.441279653
8.672842546667416,-1.451235399
8.672780050564299,-1.461191149
8.672718083376894,-1.471146903
8.672656645078705,-1.481102662
8.672595735643247,-1.491058424
8.672535355,-1.50101419
8.672475503254566,-1.510969961
8.672416180248387,-1.520925735
8.672357385998993,-1.530881513
8.67229912,-1.540837296
8.672241383664648,-1.550793082
8.672184175526729,-1.560748872
8.672127496039673,-1.570704665
8.672071345176999,-1.580660463
8.672015722912228,-1.590616264
8.671960629218882,-1.600572069
8.671906064,-1.610527878
8.671852027440547,-1.62048369
8.671798519302609,-1.630439506
8.67174554,-1.640395326
8.671693088396797,-1.650351149
8.671641165575982,-1.660306976
8.671589771141267,-1.670262806
8.671538905066168,-1.68021864
8.671488567,-1.690174478
8.671438758,-1.700130318
8.671389476733877,-1.710086163
8.671340723832543,-1.72004201
8.671292499158477,-1.729997861
8.671244802685214,-1.739953716
8.671197634386283,-1.749909573
8.671150994235218,-1.759865434
8.671104882,-1.769821298
8.671059298,-1.779777166
8.671014242404523,-1.789733036
8.670969714580266,-1.79968891
8.670925714771538,-1.809644787
8.670882243,-1.819600667
8.670839299094869,-1.82955655
8.670796883173999,-1.839512436
8.670754995,-1.849468326
8.670713635,-1.859424218
8.670672802763727,-1.869380113
8.670632498322895,-1.879336011
8.670592721685917,-1.889291912
8.670553472826349,-1.899247816
8.670514751717732,-1.909203723
8.670476558333618,-1.919159633
8.670438892647537,-1.929115545
8.670401754633062,-1.93907146
8.670365144,-1.949027378
8.670329061513048,-1.958983299
8.670293506354625,-1.968939223
8.670258478761982,-1.978895149
8.670223979,-1.988851077
8.670190006168262,-1.998807009
8.670156561114284,-2.008762943
8.670123643520304,-2.018718879
8.670091253,-2.028674818
8.670059391,-2.03863076
8.670028055233853,-2.048586703
8.669997247215385,-2.05854265
8.669966966524681,-2.068498599
8.669937213135306,-2.07845455
8.669907987020814,-2.088410504
8.669879288154771,-2.098366459
8.669851116510724,-2.108322418
8.669823472,-2.118278378
8.669796354782907,-2.128234341
8.669769764646249,-2.138190306
8.669743702,-2.148146273
8.669718165695254,-2.158102242
8.669693156828043,-2.168058214
8.669668674997778,-2.178014187
8.66964472,-2.187970163
8.669621292342356,-2.197926141
8.669598391464332,-2.20788212
8.669576017517526,-2.217838102
8.669554170475502,-2.227794086
8.669532850311837,-2.237750071
8.669512057000103,-2.247706059
8.669491790513865,-2.257662048
8.669472050826698,-2.26761804
8.669452837912175,-2.277574033
8.669434151743868,-2.287530028
8.669415992295372,-2.297486024
8.669398359540239,-2.307442023
8.669381253,-2.317398023
8.669364674004388,-2.327354025
8.669348621170837,-2.337310028
8.669333094924962,-2.347266033
8.669318095240351,-2.35722204
8.669303622090593,-2.367178048
8.669289675449248,-2.377134058
8.669276255289914,-2.38709007
8.669263362,-2.397046083
8.669250994,-2.407002097
8.669239153439793,-2.416958113
8.669227838944334,-2.42691413
8.669217050798808,-2.436870149
8.669206788976796,-2.446826169
8.669197053451898,-2.45678219
8.669187844197694,-2.466738213
8.669179161187778,-2.476694236
8.669171004,-2.486650262
8.669163373795165,-2.496606288
8.669156269359657,-2.506562315
8.669149691062804,-2.516518344
8.669143638878197,-2.526474374
8.669138113,-2.536430405
8.669133112740107,-2.546386437
8.669128638733824,-2.55634247
8.669124690734163,-2.566298504
8.669121269,-2.576254539
8.669118372649129,-2.586210575
8.669116002510961,-2.596166612
8.669114158273818,-2.60612265
8.66911284,-2.616078689
8.669112047397034,-2.626034729
8.669111780704602,-2.635990769
8.669112039807604,-2.64594681
8.669112824679658,-2.655902853
8.669114135294363,-2.665858895
8.669115971625322,-2.675814939
8.669118333646148,-2.685770983
8.669121221,-2.695727028
8.669124634651828,-2.705683074
8.669128573583897,-2.71563912
8.669133038100275,-2.725595166
8.669138028174563,-2.735551214
8.669143543780391,-2.745507262
8.669149584891347,-2.75546331
8.669156151481056,-2.765419359
8.669163244,-2.775375408
8.669170860991207,-2.785331457
8.669179003858874,-2.795287507
8.669187672099767,-2.805243558
8.669196865687498,-2.815199609
8.669206584595678,-2.82515566
8.669216828797941,-2.835111711
8.669227598267907,-2.845067762
8.669238892979187,-2.855023814
8.669250712905411,-2.864979866
8.669263058,-2.874935918
8.669275928297186,-2.884891971
8.669289323709984,-2.894848023
8.669303244232223,-2.904804075
8.669317689837538,-2.914760128
8.66933266,-2.924716181
8.669348156191885,-2.934672233
8.669364176888173,-2.944628286
8.669380722562058,-2.954584338
8.669397793187153,-2.96454039
8.669415388737109,-2.974496443
8.669433509185536,-2.984452495
8.669452155,-2.994408547
8.669471324672394,-3.004364599
8.66949102,-3.01432065
8.669511239436794,-3.024276702
8.669531983982179,-3.034232753
8.669553253267852,-3.044188803
8.669575047267474,-3.054144854
8.669597366,-3.064100904
8.669620209303094,-3.074056954
8.669643577286385,-3.084013003
8.66966747,-3.093969052
8.669716828781864,-3.113881148
8.669742295041043,-3.123837195
8.669768285803306,-3.133793242
8.669794801042306,-3.143749288
8.669821840731698,-3.153705334
8.669849404845117,-3.163661379
8.669877493356216,-3.173617423
8.669906106238646,-3.183573467
8.669935243466055,-3.19352951
8.669964905,-3.203485552
8.669995091,-3.213441594
8.670025801,-3.223397634
8.670057035,-3.233353674
8.670088793855776,-3.243309713
8.670121076599838,-3.253265751
8.670153883504467,-3.263221788
8.670187214543327,-3.273177825
8.670221069690076,-3.28313386
8.670255448918379,-3.293089894
8.670290352201894,-3.303045928
8.670325779514286,-3.31300196
8.670361731,-3.322957991
8.670398206120353,-3.332914021
8.670435205361358,-3.34287005
8.670472728525898,-3.352826078
8.670510775587635,-3.362782104
8.670549346520248,-3.37273813
8.670588441297399,-3.382694154
8.670628059892762,-3.392650177
8.670668202280005,-3.402606199
8.670708868432797,-3.412562219
8.670750058324817,-3.422518238
8.670791771929736,-3.432474255
8.670834009221231,-3.442430272
8.670876770172976,-3.452386286
8.670920054758634,-3.4623423
8.670963862951906,-3.472298312
8.671008194726449,-3.482254322
8.671053050055956,-3.492210331
8.671098428914107,-3.502166338
8.671144331274576,-3.512122344
8.671190757111049,-3.522078348
8.671237706,-3.53203435
8.671285179106723,-3.541990351
8.671333175,-3.55194635
8.671381694690616,-3.561902347
8.671430737512358,-3.571858343
8.671480303652217,-3.581814336
8.671530393083875,-3.591770328
8.671581005781023,-3.601726318
8.671632141717359,-3.611682307
8.671683800866553,-3.621638293
8.671735983202323,-3.631594277
8.671788688698351,-3.64155026
8.671841917,-3.65150624
8.671895669065941,-3.661462219
8.671949943884908,-3.671418195
8.672004741758911,-3.68137417
8.672060062661647,-3.691330142
8.672115906566825,-3.701286112
8.672172273448135,-3.711242081
8.672229163279288,-3.721198046
8.672286576033978,-3.73115401
8.672344511685907,-3.741109972
8.672402970208784,-3.751065931
8.672461952,-3.761021888
8.672521455762192,-3.770977843
8.672581482740132,-3.780933795
8.672642032483841,-3.790889745
8.672703104967018,-3.800845693
8.6727647,-3.810801638
8.672826818046659,-3.820757581
8.672889458590536,-3.830713521
8.672952621768728,-3.840669459
8.673016307554956,-3.850625395
8.673080515922921,-3.860581327
8.673145246846355,-3.870537258
8.673210500298964,-3.880493185
8.673276276,-3.89044911
8.673342575,-3.900405033
8.673409395569035,-3.910360952
8.673476738875532,-3.920316869
8.673544604579805,-3.930272784
8.673846768212577,-3.94026906
8.674494834552137,-3.950326207
8.675153966,-3.960401462
8.675690445071172,-3.970461164
8.676033467698746,-3.980497227
8.676271376665634,-3.990536847
8.676424529590742,-4.00058138
8.676472734946461,-4.010623207
8.676422055796658,-4.020663284
8.676284970535033,-4.03070527
8.676042141,-4.040742296
8.675699789418081,-4.050775383
8.675270442,-4.060808449
8.674735104048562,-4.070833988
8.674100049465602,-4.080853106
8.673377796410131,-4.090870027
8.672549653244543,-4.100876645
8.671621883201956,-4.110874178
8.670606945641897,-4.120867172
8.669486424,-4.130846952
8.668266542345021,-4.140814883
8.666959696270622,-4.150775862
8.665547739614919,-4.160720669
8.664036832780312,-4.170650811
8.662439284560758,-4.180571543
8.660737227,-4.190473122
8.658936738171656,-4.200357209
8.657050026,-4.210229413
8.655059510514425,-4.220079484
8.652971145,-4.229909342
8.650797137135754,-4.239724512
8.648520296,-4.249514062
8.646146515724597,-4.259279881
8.643687846594297,-4.269028161
8.641127313275344,-4.278747659
8.638470668145768,-4.288440614
8.635729784244491,-4.298113667
8.632888151723058,-4.307754656
8.629951593015587,-4.317365579
8.626931888839545,-4.326953409
8.623812734892502,-4.336505928
8.620599625215199,-4.346025757
8.617304179586585,-4.355520173
8.613910455397752,-4.364976466
8.610423809114911,-4.374397427
8.606855688,-4.383790671
8.603190521273426,-4.393143017
8.599433523105716,-4.40245742
8.595595954110044,-4.411741826
8.591662628700563,-4.420982592
8.587638617,-4.430182836
8.583534982871356,-4.439350828
8.579336942195413,-4.448472477
8.575049415893679,-4.457551058
8.570683251156842,-4.466595151
8.566223962146388,-4.475590161
8.561676238,-4.48453949
8.557050685045061,-4.493452003
8.552333373129628,-4.502312765
8.547528934785863,-4.511125368
8.542560091698727,-4.520024482
8.537749074854622,-4.528481928
8.532913166689294,-4.536988137
8.527924695565403,-4.545468961
8.522835195262449,-4.553904814
8.517659367228033,-4.562292022
8.512401157,-4.570629969
8.507058639193064,-4.578907896
8.501635445404327,-4.587130718
8.496136395206833,-4.59531097
8.490554946856932,-4.603429692
8.484894098,-4.611490808
8.479158336771302,-4.619507036
8.473341693323645,-4.627459238
8.467447087709017,-4.635351453
8.461478671819412,-4.643196515
8.455431061439201,-4.6509751
8.449307078,-4.658691363
8.443110508605276,-4.666358242
8.436836549317539,-4.673956251
8.430487907116428,-4.681489656
8.424068015942291,-4.688971474
8.417572661398808,-4.696382068
8.411004429806615,-4.703725805
8.404366382318788,-4.711015781
8.397654891186757,-4.718232229
8.390872413864042,-4.725379618
8.384021632513175,-4.732471103
8.377099510858452,-4.739486812
8.370108369625706,-4.746431307
8.363050508086687,-4.753317791
8.355923487,-4.760126307
8.348729489776218,-4.766861503
8.341470425325491,-4.773536617
8.326753611745866,-4.786651276
8.319299422324734,-4.793108813
8.311780647927566,-4.799484181
8.304199189096868,-4.805782181
8.296556170202244,-4.812016087
8.288850956756244,-4.818165823
8.281085304834761,-4.824236254
8.273259945,-4.830240659
8.265374848258757,-4.836158965
8.257431627562632,-4.841996096
8.249430619,-4.847765321
8.241372404263725,-4.853446594
8.233258453049487,-4.859044885
8.225088703726625,-4.864573447
8.216864340690655,-4.870012286
8.208586691397583,-4.875366414
8.200255297218353,-4.880649055
8.191871945937242,-4.885840286
8.183437824010534,-4.890945154
8.174952076296679,-4.895976845
8.166417089,-4.900915529
8.157833908101596,-4.905766279
8.149201283168418,-4.910542236
8.140522198846043,-4.915223678
8.131797564386972,-4.919815695
8.123025734123877,-4.924331368
8.114210281275932,-4.928751112
8.105351376361357,-4.933088237
8.096450425191374,-4.937340107
8.087506820145956,-4.941508453
8.078523539262157,-4.945577683
8.069498216004519,-4.949569562
8.060434046212158,-4.953467608
8.051331374682585,-4.957277156
8.042192885152803,-4.960987533
8.033014996546278,-4.964617019
8.023802419376784,-4.968152011
8.014556973,-4.971586719
8.005274551805984,-4.974939309
7.995962199211652,-4.978192992
7.986614578021637,-4.981363141
7.977238927215875,-4.984430689
7.967829964206296,-4.987413286
7.958395079295458,-4.990292703
7.948928591945439,-4.99308652
7.9394382724834305,-4.995776653
7.929918114250871,-4.998380574
7.920376220079971,-5.000880352
7.910806325053362,-5.003294111
7.901214465931509,-5.005610037
7.891599412931042,-5.007831431
7.881963949192129,-5.009953049
7.872306805215823,-5.011983638
7.862630511782622,-5.01391783
7.852936962616381,-5.015751918
7.843183035986747,-5.016962616
7.833471532016602,-5.017919653
7.823818371805274,-5.01895841
7.814176405778211,-5.019902965
7.804524857815003,-5.020855268
7.794865021715639,-5.021868156
7.7852067086472365,-5.022806555
7.775538486544091,-5.023804441
7.765878054232052,-5.024724293
7.756222724352944,-5.025726426
7.746573079,-5.02672719
7.736922263769652,-5.02771881
7.727270689929078,-5.028701796
7.717618628928639,-5.029677191
7.707966180684938,-5.03064599
7.698313427971286,-5.031609071
7.6886604365111895,-5.032567198
7.679007257934546,-5.033521041
7.6693539330751035,-5.034471186
7.659700494367038,-5.035418142
7.650046967683675,-5.036362354
7.640393373758203,-5.037304212
7.630739729282415,-5.038244054
7.621086047758583,-5.039182178
7.61143234,-5.04011884
7.6017786154560465,-5.041054266
7.592124880998654,-5.041988654
7.582471143,-5.042922174
7.572817406056724,-5.043854977
7.563163674782406,-5.044787193
7.553509952530839,-5.045718936
7.543856242237566,-5.046650306
7.534202546376551,-5.04758139
7.524548867040582,-5.048512262
7.514895206006247,-5.04944299
7.505241564786698,-5.050373631
7.495587944674685,-5.051304235
7.485934347,-5.052234846
7.476280772047674,-5.053165502
7.466627221303723,-5.054096238
7.456973695253395,-5.055027081
7.447320194508701,-5.055958059
7.437666719600216,-5.056889192
7.428013271,-5.0578205
7.418359849075582,-5.058752
7.4087064542102485,-5.059683707
7.399053086698294,-5.060615634
7.389399746807055,-5.061547792
7.379746434770917,-5.062480191
7.370093150795764,-5.063412839
7.360439895062811,-5.064345744
7.350786667731892,-5.065278913
7.341133469,-5.066212351
7.331480298825148,-5.067146064
7.321827157485676,-5.068080055
7.3121740450248724,-5.069014328
7.302520961531163,-5.069948888
7.292867907083776,-5.070883736
7.283214881753921,-5.071818876
7.273561885605813,-5.072754309
7.263908918697594,-5.073690037
7.254255981082116,-5.074626063
7.244603072807593,-5.075562388
7.2349501939182295,-5.076499013
7.225297344454708,-5.077435939
7.215644524454655,-5.078373167
7.205991733953029,-5.079310699
7.196338972982458,-5.080248534
7.186686242,-5.081186675
7.177033539755105,-5.082125121
7.167380867554437,-5.083063872
7.157728224997471,-5.08400293
7.148075612108972,-5.084942295
7.138423028912675,-5.085881967
7.128770475431427,-5.086821947
7.119117951687295,-5.087762235
7.1094654577016705,-5.08870283
7.099812993495346,-5.089643735
7.090160559088604,-5.090584947
7.080508154501279,-5.091526469
7.070855779752813,-5.0924683
7.061203434862308,-5.09341044
7.051551119848568,-5.09435289
7.041898835,-5.095295649
7.032246579525373,-5.096238717
7.022594354252372,-5.097182096
7.012942158929108,-5.098125785
7.003289993573398,-5.099069783
6.993637858202932,-5.100014092
6.983985752835293,-5.100958711
6.974333677487972,-5.101903641
6.964681632178372,-5.102848881
6.955029616923826,-5.103794432
6.945377631741614,-5.104740293
6.935725677,-5.105686465
6.9260737516630435,-5.106632948
6.916421856801014,-5.107579742
6.9067699920799805,-5.108526847
6.897118157517034,-5.109474263
6.887466353129238,-5.11042199
6.877814579,-5.111370028
6.868162834947271,-5.112318378
6.858511121187156,-5.113267039
6.848859437670308,-5.114216012
6.839207784413728,-5.115165296
6.829556161,-5.116114892
6.819904568749383,-5.1170648
6.810253006,-5.118015019
6.800601474330098,-5.11896555
6.790949972629844,-5.119916393
6.781298501291847,-5.120867549
6.771647060333108,-5.121819016
6.761995649770632,-5.122770795
6.752344269621426,-5.123722887
6.742692919902505,-5.124675291
6.733041601,-5.125628007
6.7233903118236045,-5.126581035
6.713739053497674,-5.127534377
6.704087825670142,-5.12848803
6.694436628358053,-5.129441997
6.684785461578451,-5.130396276
6.675134325348398,-5.131350868
6.665483219684962,-5.132305772
6.655832144605209,-5.13326099
6.646181100126222,-5.134216521
6.636530086265092,-5.135172364
6.626879103038916,-5.136128521
6.617228150464799,-5.137084991
6.607577228559849,-5.138041775
6.597926337341191,-5.138998871
6.5882754768259515,-5.139956281
6.578624647031272,-5.140914005
6.568973847974292,-5.141872042
6.5593230796721755,-5.142830393
6.549672342142075,-5.143789057
6.540021635401168,-5.144748035
6.5303709594666355,-5.145707328
6.520720314355668,-5.146666934
6.511069700085456,-5.147626854
6.501419116673212,-5.148587088
6.491768564136148,-5.149547636
6.482118042491488,-5.150508498
6.472467551756466,-5.151469675
6.462817091948327,-5.152431166
6.453166663084315,-5.153392971
6.443516265,-5.154355091
6.4338658982577215,-5.155317525
6.424215562329684,-5.156280274
6.414565257414862,-5.157243338
6.404914983530551,-5.158206716
6.395264740694054,-5.15917041
6.385614528922684,-5.160134418
6.375964348,-5.161098741
6.366314198644613,-5.162063379
6.35666408,-5.163028332
6.3470139928350084,-5.163993601
6.337363936649256,-5.164959185
6.327713911632685,-5.165925084
6.318063917802677,-5.166891298
6.308413955176604,-5.167857828
6.298764023771865,-5.168824674
6.289114123605857,-5.169791835
6.279464255,-5.170759312
6.2698144170596875,-5.171727104
6.260164611,-5.172695213
6.250514836,-5.173663637
6.240865091966456,-5.174632377
6.231215379598758,-5.175601433
6.221565699,-5.176570806
6.211916048963201,-5.177540494
6.2022664307302975,-5.178510499
6.1926168439106215,-5.17948082
6.182967288521675,-5.180451458
6.173317764580971,-5.181422412
6.163651076354851,-5.182589875
6.153961119786772,-5.184004623
6.144241059624787,-5.185416551
6.134504113991505,-5.186775921
6.124753272187439,-5.18807262
6.114989932291937,-5.189301257
6.105215299753887,-5.190457435
6.095430426,-5.191537337
6.085598740974154,-5.191933438
6.075839899614139,-5.192144223
6.066129657557054,-5.192407133
6.056438814863725,-5.192649626
6.046728847522812,-5.192877913
6.0370288286954645,-5.193122141
6.027295747,-5.193357783
6.017532722050395,-5.193528675
6.007746575,-5.193680651
5.9979622876111485,-5.193820426
5.9881715920859095,-5.193960728
5.978383067644342,-5.194087354
5.9685950398634615,-5.194205832
5.958800992782319,-5.194327805
5.949009984,-5.194438699
5.939219932760286,-5.194543736
5.929424210449903,-5.194654264
5.919631834245858,-5.194755465
5.909840607791957,-5.194852334
5.900043882467845,-5.194956016
5.890250679,-5.195051513
5.880458737336348,-5.195143666
5.870661404031575,-5.195243483
5.860867697650197,-5.195335855
5.851075318356818,-5.195425524
5.841277610770228,-5.195523413
5.831483593365504,-5.195614339
5.821690943,-5.195702978
5.811893002410829,-5.1958002
5.802098791579559,-5.19589077
5.792305972664192,-5.195979322
5.782507889577945,-5.19607669
5.772713560618673,-5.196167606
5.762920639327444,-5.196256677
5.753122470407116,-5.196354716
5.743328071016582,-5.196446434
5.733535089180259,-5.196536418
5.723736870807346,-5.196635469
5.7139424314975455,-5.196728282
5.704149415957804,-5.196819435
5.694351171538768,-5.196919719
5.684556711983155,-5.197013818
5.674763680088412,-5.197106303
5.664965424784064,-5.197207962
5.655170957752571,-5.19730347
5.645377920787379,-5.197397395
5.635579664479517,-5.197500521
5.625785198315535,-5.197597518
5.6159921636689205,-5.19769295
5.606193912842869,-5.197797602
5.596399453038836,-5.197896139
5.586606425587712,-5.197993123
5.576808184536297,-5.198099338
5.567013734742987,-5.198199447
5.557220717740194,-5.198298012
5.547422489337842,-5.198405815
5.537628052014001,-5.198507516
5.527835047660591,-5.198607678
5.518036833862749,-5.198717084
5.508242410694538,-5.198820392
5.498449420509624,-5.198922162
5.488651222675697,-5.19903318
5.478856814848034,-5.199138102
5.469063839908181,-5.199241487
5.459265659010681,-5.199354123
5.449471267383031,-5.199460662
5.439678308477411,-5.199565667
5.429880145237532,-5.199679924
5.420085770457909,-5.199788084
5.410292828188896,-5.19989471
5.400494683164455,-5.200010588
5.390700325743339,-5.200120371
5.3809074005918065,-5.200228618
5.371109274234313,-5.20034612
5.361314934592665,-5.200457524
5.351522026960362,-5.200567393
5.341723919652059,-5.200686517
5.331929598152469,-5.200799543
5.322136708389518,-5.200911034
5.312338620467435,-5.20103178
5.302544317434336,-5.201146427
5.292751445857102,-5.201259538
5.282953377628668,-5.201381906
5.273159093361492,-5.201498173
5.263366240264166,-5.201612904
5.253568192017338,-5.201736891
5.243773926799023,-5.201854777
5.233981092461174,-5.201971126
5.224183064471032,-5.202096733
5.214388818573581,-5.202216237
5.204596003265027,-5.202334203
5.194797996,-5.202461427
5.185003769486116,-5.202582547
5.175210973470107,-5.202702129
5.1654129867869445,-5.202830969
5.155618780320161,-5.202953705
5.145826003855448,-5.203074901
5.136028038212727,-5.203205357
5.126233851847248,-5.203329706
5.116441095189417,-5.203452516
5.106643150840917,-5.203584585
5.096848984830381,-5.203710547
5.087056248232728,-5.203834968
5.077258325430137,-5.203968649
5.067464180026318,-5.204096223
5.057671463740411,-5.204222254
5.047873562733823,-5.204357546
5.038079438187047,-5.204486729
5.028286742,-5.20461437
5.018488863501322,-5.204751272
5.0086947600607425,-5.204882063
4.9989020851478285,-5.205011311
4.989104228478643,-5.205149821
4.979310146,-5.205282219
4.969517492538651,-5.205413074
4.959719658,-5.20555319
4.949925597924239,-5.205687194
4.940132965376924,-5.205819654
4.930335154,-5.205961376
4.920541115395964,-5.206096983
4.910748504401546,-5.206231046
4.9009507160878085,-5.206374372
4.891156699544947,-5.206511583
4.881364110349148,-5.206647248
4.871566345310505,-5.206792177
4.861772351106332,-5.206930989
4.851979783954145,-5.207068254
4.842182042434359,-5.207214784
4.832388070813124,-5.207355196
4.822595525948846,-5.207494061
4.812797808190974,-5.207642191
4.803003859396235,-5.207784202
4.793211337063459,-5.207924665
4.783413643309878,-5.208074393
4.773619717584499,-5.208218001
4.763827218026147,-5.20836006
4.754029548518551,-5.208511385
4.744235646104725,-5.208656589
4.734443169563042,-5.208800244
4.724645524542444,-5.208953165
4.714851645681691,-5.209099963
4.705059192398245,-5.209245211
4.695261572104997,-5.209399727
4.685467717038168,-5.209548118
4.675675287253866,-5.209694959
4.665877691927649,-5.209851067
4.656083861,-5.21000105
4.646291455,-5.210149482
4.636493884729841,-5.210307181
4.626700077970748,-5.210458755
4.616907695904783,-5.210608777
4.6071101512290165,-5.210768066
4.597316368982419,-5.210921229
4.587524011134319,-5.211072839
4.577726492140655,-5.211233717
4.567932734644742,-5.211388467
4.558140401252765,-5.211541664
4.548342908178239,-5.211704129
4.538549175670556,-5.211860466
4.528756866972296,-5.212015248
4.518959400053281,-5.2121793
4.5091656927707024,-5.212337221
4.4993734090030975,-5.212493587
4.489575968475316,-5.212659224
4.4797822866540775,-5.212818729
4.469990028053408,-5.212976678
4.460192614,-5.213143897
4.450398958027601,-5.213304984
4.440606724829497,-5.213464515
4.430809337788735,-5.213633316
4.421015708,-5.213795984
4.411223500035668,-5.213957094
4.401426140089382,-5.214127476
4.391632536,-5.214291723
4.381840354374268,-5.214454412
4.372043021755568,-5.214626373
4.362249444128866,-5.214792198
4.352457288545704,-5.214956465
4.342659983487051,-5.215130004
4.332866432493024,-5.215297405
4.323074303248418,-5.215463248
4.313277026,-5.215638363
4.303483501852588,-5.21580734
4.293691399178915,-5.215974757
4.283894149935141,-5.216151447
4.274100652902771,-5.216321998
4.264308577031763,-5.216490988
4.254511356,-5.216669252
4.244717886336843,-5.216841375
4.234925837,-5.217011937
4.225128644992764,-5.217191773
4.215335202846148,-5.217365467
4.2055431812730735,-5.2175376
4.195746017478901,-5.217719007
4.185952603120091,-5.217894271
4.176160609040993,-5.218067972
4.166363474188051,-5.218250949
4.1565700878461405,-5.218427782
4.146778121490181,-5.218603051
4.136981016,-5.218787596
4.127187657709859,-5.218965995
4.117395719305549,-5.219142831
4.107598643018272,-5.219328942
4.097805313394883,-5.219508908
4.088013403170095,-5.219687308
4.078216356505974,-5.219874985
4.068423055582928,-5.220056515
4.058631173764905,-5.220236479
4.0488341569499715,-5.220425721
4.039040884953806,-5.220608813
4.029249031769139,-5.22079034
4.019452045028787,-5.220981144
4.009658802185408,-5.221165798
3.9998669778600666,-5.221348885
3.990070021419055,-5.221541251
3.9802768079537305,-5.221727465
3.9704850127130435,-5.221912112
3.9606880867955008,-5.222106038
3.950894902932864,-5.222293811
3.9411031370015284,-5.222480016
3.9313062418309492,-5.2226755
3.921513087795004,-5.222864831
3.911721351397083,-5.223052593
3.9019244871963314,-5.223249635
3.892131363210452,-5.223440522
3.882339656569381,-5.223629839
3.8725428235606882,-5.223828437
3.862749729847613,-5.224020879
3.8529580531861964,-5.22421175
3.8431612515911695,-5.224411902
3.833368188373015,-5.224605898
3.823576541913428,-5.224798322
3.8137797719530426,-5.225000027
3.803986739451293,-5.225195575
3.7941951234150872,-5.225389551
3.784398385309696,-5.225592808
3.7746053837452127,-5.225789906
3.764813798353313,-5.225985432
3.755017092322641,-5.22619024
3.7452241219156575,-5.226388888
3.7354325673883606,-5.226585962
3.725635893651511,-5.226792319
3.7158429546216416,-5.226992515
3.7060514311786252,-5.227191137
3.696254789954078,-5.227399042
3.6864618825203137,-5.227600785
3.676670390380633,-5.227800953
3.666873781886246,-5.228010404
3.6570809062669514,-5.228213692
3.6472894456490383,-5.228415405
3.6374928701020544,-5.228626401
3.627700027,-5.228831234
3.6179085976366494,-5.22903449
3.608112055253684,-5.22924703
3.598319243915961,-5.229453405
3.5885278469944075,-5.229658203
3.5787313379914645,-5.229872286
3.5689385591196037,-5.230080202
3.5591471943714055,-5.23028654
3.5493507189638724,-5.230502164
3.5395579727737716,-5.230711621
3.5297666404148913,-5.230919499
3.519970198817535,-5.231136662
3.5101774855244745,-5.231347657
3.5003861857702607,-5.231557073
3.4905897781972417,-5.231775775
3.480797098015889,-5.231988308
3.4710058310810745,-5.23219926
3.4612094577459356,-5.232419499
3.4514168108903465,-5.232633568
3.4416255769890536,-5.232846056
3.431829238104727,-5.233067831
3.4220366247883454,-5.233283433
3.4122454241340856,-5.233497455
3.4024491199128946,-5.233720765
3.3926565403485514,-5.233937901
3.382865373154226,-5.234153455
3.3730691038078837,-5.234378298
3.3632765582078052,-5.234596966
3.3534854246857075,-5.234814052
3.3436891904253194,-5.235040426
3.3338966790011226,-5.235260625
3.3241055793629344,-5.235479241
3.314309380398999,-5.235707145
3.3045169033616952,-5.235928874
3.2947258378184987,-5.236149018
3.2849296743609107,-5.236378452
3.275137231920902,-5.236601708
3.2653462006831706,-5.236823379
3.255550072941217,-5.237054341
3.2457576653083064,-5.237279124
3.235966668585908,-5.237502321
3.226170576768277,-5.237734809
3.216378204151663,-5.237961117
3.2065872421538666,-5.238185839
3.1967911864686425,-5.238419852
3.186998849076919,-5.238647684
3.1772079220123897,-5.23887393
3.1674119026670553,-5.239109467
3.1576196007082196,-5.239338821
3.1478287087850254,-5.239566589
3.138032725986466,-5.239803648
3.128240459667916,-5.240034524
3.118449603093522,-5.240263812
3.108653657048024,-5.240502392
3.098861426576558,-5.240734788
3.0890706055578345,-5.240965596
3.0792746964710855,-5.241205696
3.069482502052904,-5.24143961
3.059691716796123,-5.241671936
3.049895844873218,-5.241913554
3.040103686713927,-5.242148986
3.030312937424766,-5.242382828
3.0205171028702043,-5.242625964
3.0107249811748167,-5.242862912
3.000934268058361,-5.243098269
2.991138471076046,-5.243342921
2.981346386,-5.243581383
2.9715557093097162,-5.243818255
2.961759950102965,-5.244064421
2.9519679019480454,-5.244304397
2.942177261789875,-5.244542781
2.9323815405614075,-5.24479046
2.922589529481871,-5.245031948
2.912798926108099,-5.245271844
2.903003243060049,-5.245521034
2.893211269258541,-5.245764033
2.883420702871889,-5.246005439
2.873625058205798,-5.24625614
2.8638331218843773,-5.246500648
2.8540425926869717,-5.246743562
2.844246987,-5.246995773
2.8344550879639363,-5.247241789
2.8246645961573233,-5.247486211
2.8148690288574407,-5.247739929
2.8050771681000177,-5.247987452
2.7952867138851536,-5.24823338
2.785491185568345,-5.248488605
2.775699362893662,-5.248737634
2.7659089464709203,-5.248985066
2.7561134573363866,-5.249241796
2.7463216729495583,-5.249492329
2.736531294532239,-5.249741265
2.726735845,-5.249999499
2.7169440989751577,-5.250251534
2.7071537588029844,-5.250501972
2.697358348748626,-5.250761709
2.687566641648577,-5.251015246
2.6777763399214747,-5.251267185
2.667980969718907,-5.251528422
2.6581893015642035,-5.251783459
2.648399038480056,-5.252036897
2.6385539101766904,-5.252550739
2.6286939848665325,-5.253357725
2.6188163017399337,-5.254170948
2.608926467026707,-5.254935811
2.599027274928873,-5.255641269
2.5891673786301364,-5.256262266
2.5793234844371873,-5.25680988
2.5694924909175914,-5.257280897
2.5596618100861974,-5.257068988
2.5499123871212808,-5.256675757
2.5402072326760416,-5.256335425
2.530522079201105,-5.255976523
2.5208194257005743,-5.255602943
2.5111248022587516,-5.255246141
2.501398131922206,-5.254879455
2.491645435016516,-5.25444587
2.4818703163340525,-5.253991614
2.472097484873715,-5.253525566
2.462318094575435,-5.253059941
2.452541572249366,-5.252581108
2.442765935570388,-5.252094443
2.432983951449262,-5.251611114
2.423205556662742,-5.251117182
2.413428422960185,-5.250617689
2.403645238447491,-5.250123502
2.3938658758940057,-5.249620454
2.3840878875678944,-5.249113361
2.3743039588692127,-5.248612883
2.364523971905337,-5.24810468
2.354745423867153,-5.247593413
2.3449610024628202,-5.24708961
2.335180596626535,-5.246578812
2.325401665817172,-5.246065586
2.3156169005114475,-5.245560372
2.305836191877515,-5.245048641
2.296056979295962,-5.244534893
2.2862719568073127,-5.244029514
2.2764910159974705,-5.243517927
2.266711583493594,-5.243004591
2.2569263560609554,-5.242499857
2.2471452257883056,-5.241989115
2.2373656118458647,-5.241476795
2.227580213399378,-5.240973229
2.217798921697291,-5.240463783
2.2080191512239518,-5.239952869
2.198233603514873,-5.239450808
2.1884521682715308,-5.238942948
2.1786722572468213,-5.238433694
2.1688865743123023,-5.237933355
2.159105007128049,-5.237427272
2.149324965966906,-5.23691984
2.1395391570003572,-5.236421365
2.129757465516606,-5.23591718
2.1199773011127947,-5.235411675
2.1101913722307555,-5.234915155
2.1004095615687874,-5.234412946
2.0906292785669764,-5.233909437
2.080843233915575,-5.233414931
2.0710613075803854,-5.232914748
2.0612809091795237,-5.232413277
2.0514947516361133,-5.231920822
2.0417127120908365,-5.231422698
2.0319322005565836,-5.230923294
2.0221459321785074,-5.230432913
2.012363781212377,-5.229936868
2.0025831582061304,-5.229439547
1.992796780519391,-5.228951255
1.983014519484688,-5.228457302
1.9732337862757927,-5.227962076
1.9634473004614508,-5.227475882
1.9536649304266187,-5.226984029
1.9438840880296275,-5.226490903
1.9340974950444647,-5.226006813
1.924315016893275,-5.225517063
1.9145340661569021,-5.225026042
1.9047473668116541,-5.224544058
1.8949647813075345,-5.224056415
1.8851837229723711,-5.223567499
1.8753969179825034,-5.223087623
1.8656142258102988,-5.222602087
1.8558330605463016,-5.222115278
1.8460461505649934,-5.22163751
1.8362633523580978,-5.22115408
1.8264820807889393,-5.220669378
1.816695066428509,-5.220193718
1.806912162786497,-5.219712395
1.797130785505391,-5.219229799
1.7873436673512317,-5.218756246
1.7775606588513244,-5.218277028
1.767779176431319,-5.217796536
1.7579919550509475,-5.217325089
1.7482088422554651,-5.216847976
1.7384272552561306,-5.216369588
1.7286399312050789,-5.215900246
1.7188567146662896,-5.215425236
1.709075023638068,-5.21494895
1.6992875974637125,-5.214481711
1.6895042777269813,-5.214008803
1.6797224832140176,-5.213534618
1.6699349554580638,-5.213069481
1.6601515330639047,-5.212598673
1.6503696356058846,-5.212126588
1.6405820068059915,-5.211663551
1.6307984822914001,-5.211194842
1.6210164824247475,-5.210724855
1.6112287531155767,-5.210263916
1.6014451270148988,-5.209797305
1.5916630252735542,-5.209329414
1.5818751959874573,-5.208870573
1.5720914688329517,-5.208406057
1.5623092657488755,-5.207940261
1.5525213370163395,-5.207483516
1.5427375093385456,-5.207021094
1.5329552054420512,-5.206557391
1.523167177791985,-5.20610274
1.5133832501199636,-5.205642411
1.5036008459399324,-5.2051808
1.4938127198998599,-5.204728242
1.484028692761346,-5.204270004
1.4742461888253624,-5.203810483
1.4644579649215437,-5.203360016
1.4546738388430502,-5.202903867
1.4448912356774974,-5.202446435
1.4351029144350074,-5.201998057
1.4253186899418895,-5.201543996
1.415535988072006,-5.201088651
1.4057475700147906,-5.200642361
1.3959632476312898,-5.200190387
1.3861804475812105,-5.199737127
1.3763919332321173,-5.199292924
1.3666075134813902,-5.198843034
1.3568246157741681,-5.198391858
1.3470360056549713,-5.197949739
1.3372514890591083,-5.197501933
1.3274684942167356,-5.197052839
1.3176797888481464,-5.196612803
1.3078951759281836,-5.196167079
1.298112084471602,-5.195720066
1.288323284373285,-5.195282112
1.278538575649212,-5.194838467
1.2687553880983167,-5.194393533
1.2589664937888914,-5.193957659
1.2491816897796593,-5.193516093
1.239398406653309,-5.193073237
1.2296094186503586,-5.192639441
1.2198245198738782,-5.192199951
1.2100411416898933,-5.191759171
1.200252060509964,-5.191327452
1.1904670674831157,-5.190890038
1.180683594758287,-5.190451332
1.170894420916892,-5.190021688
1.161109334155523,-5.189586348
1.1513257674056083,-5.189149715
1.1415365014172285,-5.188722145
1.1317513214361563,-5.188288877
1.1219676611758853,-5.187854315
1.1121783035539732,-5.187428817
1.1023930308669871,-5.186997619
1.0926092776100593,-5.186565127
1.0828198288670388,-5.1861417
1.0730344639868985,-5.185712571
1.0632506182459873,-5.185282147
1.0534610788932532,-5.184860788
1.0436756223316925,-5.184433727
1.0338916846184443,-5.18400537
1.0241020551663642,-5.183586079
1.0143165074340912,-5.183161083
1.0045324782591278,-5.182734791
0.9947427592170438,-5.182317565
0.984957121,-5.181894634
0.9751730006966584,-5.181470405
0.9653831925728873,-5.181055244
0.9555974640272119,-5.180634375
0.9458132534565826,-5.180212208
0.9360233567584159,-5.179799109
0.9262375385680023,-5.179380302
0.916453238,-5.178960195
0.9066632532950809,-5.178549157
0.8968773459665402,-5.178132409
0.8870929560304421,-5.177714361
0.8773028837012659,-5.177305382
0.867516888,-5.176890692
0.8577324088801216,-5.176474701
0.8479422494922854,-5.17606778
0.8381561654032345,-5.175655147
0.8283715981236877,-5.175241211
0.8185813521803922,-5.174836347
0.8087951804669157,-5.174425768
0.7990105252713493,-5.174013886
0.789220193,-5.173611077
0.7794339344393992,-5.173202551
0.7696491918302572,-5.172792722
0.7598587742815633,-5.172391965
0.7500724288257956,-5.171985491
0.7402875993045032,-5.171577712
0.7304970967038302,-5.171179008
0.7207106651281583,-5.170774584
0.7109257491951213,-5.170368854
0.7011351620415912,-5.169972199
0.6913486448454861,-5.169569824
0.6815636430000945,-5.169166142
0.6717729717918107,-5.168771535
0.6619863694737254,-5.168371207
0.6522012822143521,-5.167969571
0.6424105274484012,-5.167577011
0.6326238405057728,-5.167178728
0.6228386683297743,-5.166779136
0.6130478305022264,-5.166388622
0.6032610594314759,-5.165992382
0.5934758028351946,-5.165594834
0.5836848824411046,-5.165206363
0.5738980277376392,-5.164812166
0.5641126872164025,-5.164416658
0.554321685,-5.16403023
0.5445347469080228,-5.163638073
0.5347493229561453,-5.163244605
0.5249582389100763,-5.162860217
0.5151712184233457,-5.162470099
0.5053857115341285,-5.16207867
0.49559454640059586,-5.161696321
0.48580744376128954,-5.16130824
0.476021854,-5.160918847
0.4662306086970256,-5.160538535
0.4564434243964989,-5.160152491
0.44665775310845934,-5.159765133
0.4368664272719875,-5.159386857
0.42707916180058514,-5.159002847
0.4172934090490416,-5.158617522
0.4075020035950724,-5.15824128
0.39771465744212875,-5.157859303
0.3879288237163398,-5.15747601
0.3781373391328407,-5.157101801
0.368349913,-5.156721855
0.35856399857489646,-5.156340592
0.34877243534882596,-5.155968414
0.3389849292967675,-5.155590497
0.32919893508622894,-5.155211263
0.3194072937035372,-5.154841114
0.30961970843188913,-5.154465226
0.29983363470883184,-5.154088019
0.29004191565446136,-5.153719898
0.28025425164852663,-5.153346036
0.2704680988981787,-5.152970855
0.26067630265606506,-5.15260476
0.25088856040014035,-5.152232923
0.24110232910672497,-5.151859765
0.23131045615979853,-5.151495696
0.22152263613717518,-5.151125881
0.21173632678391094,-5.150754747
0.2019443776140966,-5.1503927
0.19215648030706226,-5.150024907
0.18237009337616378,-5.149655793
0.17257806846438226,-5.149295768
0.1627900943542211,-5.148929996
0.1530036303269002,-5.148562901
0.14321153015306884,-5.148204896
0.13342347972006183,-5.147841142
0.12363693907652863,-5.147476065
0.11384476411956249,-5.147120078
0.10405663784298987,-5.146758341
0.094270021,-5.14639528
0.084477772,-5.146041311
0.07468957,-5.145681589
0.064902878,-5.145320543
0.055110555,-5.144968588
0.045322278098709534,-5.14461088
0.035535510477790105,-5.144251847
0.025743114034897787,-5.143901906
0.015954763093302637,-5.143546211
0.006167921,-5.143189188
-0.003624549,-5.14284126
-0.013412973,-5.142487575
-0.02319989,-5.142132562
-0.032992432,-5.141786644
-0.04278093,-5.141434969
-0.05256792,-5.141081964
-0.062360534,-5.140738055
-0.072149105,-5.140388387
-0.081936169,-5.14003739
-0.091728854,-5.139695488
-0.101517498,-5.139347826
-0.111304634,-5.138998833
-0.12109739,-5.138658937
-0.130886106,-5.13831328
-0.140673315,-5.137966291
-0.150466142,-5.137628399
-0.160254929,-5.137284744
-0.17004221,-5.136939757
-0.179835106,-5.136603868
-0.189623965,-5.136262214
-0.199411317,-5.135919228
-0.209204283,-5.13558534
-0.218993212,-5.135245686
-0.228780635,-5.134904698
-0.238573671,-5.13457281
-0.24836267,-5.134235154
-0.258150164,-5.133896163
-0.267943268,-5.133566273
-0.277732337,-5.133230613
-0.2875199,-5.132893618
-0.297313072,-5.132565725
-0.307102211,-5.13223206
-0.316889844,-5.131897059
-0.326683083,-5.13157116
-0.336472291,-5.131239489
-0.346259993,-5.13090648
-0.3560533,-5.130582575
-0.365842575,-5.130252895
-0.375630346,-5.129921878
-0.38542372,-5.129599964
-0.395213063,-5.129272275
-0.405000902,-5.128943247
-0.414794342,-5.128623323
-0.424583753,-5.128297622
-0.434371659,-5.127970582
-0.444165165,-5.127652647
-0.453954643,-5.127328933
-0.463742616,-5.127003879
-0.473536188,-5.126687931
-0.483325732,-5.126366203
-0.493113772,-5.126043134
-0.502907409,-5.125729171
-0.512697019,-5.125409427
-0.522485126,-5.125088341
-0.532278827,-5.124776362
-0.542068502,-5.1244586
-0.551856675,-5.124139495
-0.56165044,-5.123829498
-0.571440181,-5.123513718
-0.581228419,-5.123196593
-0.591022247,-5.122888577
-0.600812053,-5.122574776
-0.610600356,-5.122259629
-0.620394247,-5.121953592
-0.630184117,-5.121641768
-0.639972484,-5.121328599
-0.649766439,-5.121024539
-0.659556372,-5.120714692
-0.669344803,-5.120403498
-0.67913882,-5.120101414
-0.688928817,-5.119793541
-0.698717312,-5.11948432
-0.70851139,-5.119184212
-0.718301449,-5.118878312
-0.728090008,-5.118571063
-0.737884147,-5.118272927
-0.747674269,-5.117968998
-0.75746289,-5.11766372
-0.767257091,-5.117367556
-0.777047274,-5.117065597
-0.786835957,-5.116762288
-0.796630218,-5.116468093
-0.806420463,-5.116168102
-0.816209208,-5.115866761
-0.826003529,-5.115574534
-0.835793835,-5.11527651
-0.845582642,-5.114977135
-0.855377022,-5.114686874
-0.865167389,-5.114390816
-0.874956256,-5.114093404
-0.884750696,-5.113805109
-0.894541123,-5.113511014
-0.90433005,-5.113215566
-0.914124548,-5.112929234
-0.923915035,-5.112637101
-0.933704022,-5.112343613
-0.943498579,-5.112059244
-0.953289125,-5.111769071
-0.963078172,-5.111477543
-0.972872786,-5.111195134
-0.982663391,-5.11090692
-0.992452497,-5.11061735
-1.002247168,-5.1103369
-1.012037831,-5.110050644
-1.021826996,-5.10976303
-1.031621724,-5.109484537
-1.041412445,-5.109200236
-1.051201668,-5.108914578
-1.060996453,-5.10863804
-1.070787232,-5.108355694
-1.080576512,-5.108071989
-1.090371353,-5.107797405
-1.100162189,-5.107517012
-1.109951527,-5.107235258
-1.119746423,-5.106962627
-1.129537315,-5.106684185
-1.13932671,-5.106404382
-1.149121662,-5.106133701
-1.15891261,-5.105857209
-1.168702062,-5.105579354
-1.178497068,-5.105310623
-1.188288072,-5.105036079
-1.198077579,-5.104760171
-1.20787264,-5.104493388
-1.217663699,-5.10422079
-1.227453262,-5.103946828
-1.237248377,-5.103681991
-1.247039491,-5.103411338
-1.256829109,-5.10313932
-1.266624277,-5.102876428
-1.276415445,-5.102607718
-1.286205118,-5.102337643
-1.296000339,-5.102076694
-1.305791561,-5.101809925
-1.315581289,-5.101541791
-1.325376562,-5.101282784
-1.335167838,-5.101017955
-1.344957619,-5.10075176
-1.354752945,-5.100494693
-1.364544274,-5.100231803
-1.374334108,-5.099967546
-1.384129485,-5.099712417
-1.393920867,-5.099451465
-1.403710755,-5.099189143
-1.413506183,-5.098935952
-1.423297617,-5.098676934
-1.433087557,-5.098416548
-1.442883036,-5.098165292
-1.452674523,-5.097908208
-1.462464515,-5.097649755
-1.472260044,-5.097400433
-1.482051582,-5.097145282
-1.491841626,-5.09688876
-1.501637205,-5.09664137
-1.511428794,-5.09638815
-1.521218889,-5.096133558
-1.531014518,-5.095888098
-1.540806157,-5.095636807
-1.550596303,-5.095384144
-1.560391981,-5.095140614
-1.57018367,-5.094891251
-1.579973867,-5.094640514
-1.589769594,-5.094398911
-1.599561333,-5.094151474
-1.609351579,-5.093902663
-1.619147354,-5.093662986
-1.628939143,-5.093417474
-1.638729439,-5.093170587
-1.648525262,-5.092932834
-1.658317099,-5.092689245
-1.668107444,-5.09244428
-1.677903315,-5.09220845
-1.6876952,-5.091966783
-1.697485594,-5.091723738
-1.707281512,-5.09148983
-1.717073445,-5.091250083
-1.726863888,-5.091008957
-1.736659852,-5.090776969
-1.746451833,-5.09053914
-1.756242323,-5.090299932
-1.766038333,-5.090069862
-1.775830362,-5.089833949
-1.7856209,-5.089596658
-1.795416956,-5.089368504
-1.805209031,-5.089134507
-1.814999616,-5.08889913
-1.824795717,-5.088672891
-1.834587839,-5.088440808
-1.844378471,-5.088207344
-1.854174617,-5.087983019
-1.863966784,-5.087752848
-1.873757462,-5.087521295
-1.883553653,-5.087298882
-1.893345866,-5.087070622
-1.90313659,-5.086840979
-1.912932825,-5.086620477
-1.922725083,-5.086394125
-1.932515852,-5.08616639
-1.942312131,-5.085947797
-1.952104434,-5.085723353
-1.961895248,-5.085497525
-1.97169157,-5.085280839
-1.981483917,-5.085058301
-1.991274776,-5.084834378
-2.001071141,-5.084619599
-2.010863532,-5.084398965
-2.020654435,-5.084176946
-2.030450842,-5.08396407
-2.040243277,-5.08374534
-2.050034224,-5.083525222
-2.059830673,-5.083314249
-2.069623151,-5.08309742
-2.079414141,-5.082879203
-2.089210632,-5.082670132
-2.099003152,-5.082455203
-2.108794185,-5.082238885
-2.118590717,-5.082031713
-2.12838328,-5.081818682
-2.138174356,-5.081604261
-2.147970929,-5.081398988
-2.157763534,-5.081187853
-2.167554652,-5.080975329
-2.177351265,-5.080771952
-2.187143911,-5.080562712
-2.196935071,-5.080352082
-2.206731724,-5.0801506
-2.21656262,-5.080190689
-2.226443671,-5.080531328
-2.23635234,-5.080879477
-2.246269229,-5.081179247
-2.256191935,-5.08141937
-2.266070556,-5.081576602
-2.275929019,-5.081661169
-2.285770686,-5.081670175
-2.295612711,-5.08159938
-2.305453777,-5.08144615
-2.315306805,-5.081153055
-2.325159021,-5.080734986
-2.335017345,-5.080220154
-2.344867325,-5.079613246
-2.354707796,-5.078913157
-2.364541292,-5.078122219
-2.374362007,-5.077232187
-2.384179677,-5.076258024
-2.393979945,-5.075182208
-2.403770855,-5.074014209
-2.413548559,-5.072750777
-2.423310797,-5.071391476
-2.433060037,-5.069939076
-2.442793972,-5.06839071
-2.452510963,-5.066746566
-2.46220858,-5.065004985
-2.471889987,-5.063170219
-2.48155106,-5.061239709
-2.4911894,-5.059211342
-2.500810209,-5.057090799
-2.510412028,-5.054879001
-2.519987405,-5.052568665
-2.529536846,-5.050161721
-2.539062242,-5.047661274
-2.548563508,-5.045067981
-2.558036977,-5.042379038
-2.567483484,-5.039597827
-2.576901715,-5.036722351
-2.586290238,-5.03375303
-2.59564755,-5.030690188
-2.60497011,-5.0275329
-2.614260396,-5.024282917
-2.623521533,-5.020943048
-2.632751161,-5.017512657
-2.641937988,-5.013983274
-2.651085811,-5.010361671
-2.660205492,-5.006654386
-2.66927527,-5.002849349
-2.678313374,-4.998956346
-2.687307831,-4.994970919
-2.696263466,-4.99089733
-2.705169996,-4.986728571
-2.714037595,-4.982473594
-2.722867145,-4.97813168
-2.731646905,-4.973699461
-2.740373228,-4.96917284
-2.749061096,-4.96456146
-2.757695234,-4.959859719
-2.766278903,-4.95507085
-2.774783936,-4.950223514
-2.783476446,-4.945037638
-2.792087023,-4.93979846
-2.800512124,-4.934582788
-2.808916092,-4.929263877
-2.817274715,-4.923866789
-2.825576884,-4.918380412
-2.83381651,-4.912814846
-2.842015885,-4.907167859
-2.850145247,-4.901439701
-2.858220426,-4.895626005
-2.866243246,-4.889739319
-2.87420429,-4.883766111
-2.882097733,-4.877716963
-2.889945888,-4.871588204
-2.897718885,-4.865382105
-2.905432549,-4.859093317
-2.913089193,-4.852734448
-2.920678837,-4.846292462
-2.928196118,-4.839778404
-2.935663243,-4.833187154
-2.943050342,-4.826522919
-2.950373073,-4.819779277
-2.957634271,-4.812968826
-2.964823375,-4.806079066
-2.971935557,-4.799121453
-2.978992791,-4.792089433
-2.98596538,-4.784989139
-2.992868716,-4.77781312
-2.999706208,-4.770573902
-3.006466697,-4.763259588
-3.013145961,-4.755881977
-3.019765624,-4.748433129
-3.026296323,-4.740921061
-3.032753078,-4.733337349
-3.039139929,-4.725694372
-3.045445106,-4.717980921
-3.051308006,-4.710012976
-3.05691096,-4.701861699
-3.06248077,-4.693723249
-3.068041229,-4.685564319
-3.073597728,-4.677398672
-3.079140462,-4.669216624
-3.084667707,-4.661030969
-3.090201489,-4.652833317
-3.095715295,-4.64463375
-3.101224801,-4.636422881
-3.106735557,-4.62821351
-3.112237068,-4.619994259
-3.11772737,-4.611776838
-3.123227669,-4.603551655
-3.128711349,-4.595328145
-3.13419346,-4.5870961
-3.139937089,-4.579004613
-3.145982133,-4.571088674
-3.152033433,-4.563151585
-3.158053973,-4.555159704
-3.163954125,-4.54709612
-3.169711909,-4.538954371
-3.175402018,-4.530765548
-3.181010025,-4.522518289
-3.186532387,-4.514224683
-3.191988528,-4.505872828
-3.197350015,-4.497474449
-3.202629961,-4.489018411
-3.207833778,-4.480516008
-3.212947794,-4.47195755
-3.217970074,-4.463355135
-3.222919956,-4.454696302
-3.227770199,-4.445994754
-3.23253365,-4.437239059
-3.237216667,-4.428440324
-3.241805319,-4.419590091
-3.246298642,-4.410700636
-3.250715368,-4.40175864
-3.255029323,-4.392779472
-3.259252741,-4.383751192
-3.263392789,-4.37468447
-3.267435118,-4.365571964
-3.271379641,-4.35642591
-3.274771383,-4.347087691
-3.277887722,-4.337688731
-3.281054942,-4.328340951
-3.284177217,-4.3189734
-3.287284218,-4.309590386
-3.290374425,-4.300207841
-3.293466798,-4.290812586
-3.296538954,-4.281420688
-3.299603203,-4.272019672
-3.302668958,-4.262619498
-3.305722647,-4.253213037
-3.308766028,-4.243811123
-3.311816737,-4.234399632
-3.314852,-4.224994002
-3.31788321,-4.21558115
-3.320919257,-4.206170572
-3.323945937,-4.196754917
-3.326964666,-4.187344733
-3.329992563,-4.177925723
-3.333006719,-4.168513198
-3.33631423,-4.159118244
-3.339961744,-4.149833918
-3.34361083,-4.140534515
-3.347207209,-4.131207504
-3.350654596,-4.121833004
-3.353950431,-4.112432564
-3.357165314,-4.102993804
-3.360300492,-4.09352816
-3.363338996,-4.084030441
-3.366281484,-4.074511973
-3.369143329,-4.064956682
-3.371901008,-4.055383278
-3.374563865,-4.045778291
-3.377140721,-4.036150221
-3.379615609,-4.026494673
-3.381990446,-4.016823041
-3.383765508,-4.00705767
-3.385272638,-3.997276784
-3.386875666,-3.98754431
-3.388413781,-3.977794853
-3.389930073,-3.968029708
-3.391431083,-3.958268181
-3.392933509,-3.948494378
-3.394417996,-3.938727112
-3.395887408,-3.928973784
-3.397366028,-3.919087848
-3.398823232,-3.909235052
-3.400276107,-3.899382874
-3.401737659,-3.889525339
-3.403188765,-3.879669917
-3.404635776,-3.869814285
-3.406091876,-3.859953918
-3.407538006,-3.8500961
-3.408980432,-3.840238423
-3.410432259,-3.830376303
-3.411874389,-3.820516971
-3.41331304,-3.810657972
-3.414761268,-3.800794691
-3.416199954,-3.79093433
-3.417635287,-3.781074411
-3.419080296,-3.771210294
-3.420515851,-3.761349174
-3.421948126,-3.751488554
-3.423390134,-3.741623784
-3.424822739,-3.731762055
-3.426252106,-3.721900859
-3.427998839,-3.712040182
-3.430130541,-3.702222128
-3.43227621,-3.692385131
-3.434221683,-3.682539506
-3.436116292,-3.67267586
-3.437864536,-3.663147432
-3.439498282,-3.653225868
-3.441038642,-3.6433744
-3.441994608,-3.633509372
-3.442699738,-3.623630675
-3.443414305,-3.613794181
-3.444185105,-3.603850345
-3.444969347,-3.593938183
-3.445751951,-3.584025028
-3.446531623,-3.574109779
-3.447308647,-3.564192841
-3.448083491,-3.554274547
-3.448856588,-3.544355159
-3.449628311,-3.534434889
-3.450398974,-3.524513905
-3.451168839,-3.514592346
-3.451938126,-3.504670323
-3.452707017,-3.494747927
-3.453475663,-3.484825232
-3.45424419,-3.474902298
-3.455012704,-3.464979175
-3.45578129,-3.455055904
-3.45655002,-3.445132519
-3.457318954,-3.435209046
-3.45808814,-3.425285508
-3.45885762,-3.415361925
-3.459627428,-3.40543831
-3.46039759,-3.395514678
-3.461168131,-3.385591038
-3.461939068,-3.375667399
-3.462710419,-3.365743768
-3.463482195,-3.355820151
-3.464254409,-3.345896553
-3.465027068,-3.335972978
-3.46580018,-3.326049429
-3.466573751,-3.316125909
-3.467347786,-3.306202421
-3.468122289,-3.296278966
-3.468897264,-3.286355545
-3.469672714,-3.276432161
-3.47044864,-3.266508813
-3.471225046,-3.256585504
-3.472779299,-3.236739002
-3.473557149,-3.22681581
-3.474335482,-3.216892659
-3.4751143,-3.206969548
-3.475893604,-3.197046479
-3.476673392,-3.18712345
-3.477453666,-3.177200463
-3.478234427,-3.167277518
-3.479015674,-3.157354614
-3.479797408,-3.147431753
-3.480579628,-3.137508933
-3.481362336,-3.127586155
-3.482145531,-3.11766342
-3.482929213,-3.107740727
-3.483713382,-3.097818076
-3.484498038,-3.087895467
-3.485283182,-3.077972901
-3.486068814,-3.068050377
-3.486854932,-3.058127896
-3.487641539,-3.048205457
-3.488428632,-3.038283061
-3.489216213,-3.028360708
-3.490004282,-3.018438397
-3.490792838,-3.008516129
-3.491581881,-2.998593903
-3.492371412,-2.988671721
-3.49316143,-2.978749581
-3.493951936,-2.968827483
-3.494742929,-2.958905429
-3.495534409,-2.948983417
-3.496326377,-2.939061449
-3.497118831,-2.929139523
-3.497911774,-2.91921764
-3.498705203,-2.9092958
-3.49949912,-2.899374002
-3.500293524,-2.889452248
-3.501088415,-2.879530537
-3.501883794,-2.869608869
-3.502679659,-2.859687244
-3.503476012,-2.849765662
-3.504272852,-2.839844123
-3.505070179,-2.829922627
-3.505867993,-2.820001174
-3.506666294,-2.810079764
-3.507465082,-2.800158398
-3.508264358,-2.790237074
-3.50906412,-2.780315794
-3.509864369,-2.770394557
-3.510665105,-2.760473364
-3.511466328,-2.750552213
-3.512268038,-2.740631106
-3.513070235,-2.730710042
-3.513872919,-2.720789022
-3.514676089,-2.710868045
-3.515479747,-2.700947111
-3.516283891,-2.691026221
-3.517088522,-2.681105374
-3.517893639,-2.671184571
-3.518699244,-2.661263811
-3.519505335,-2.651343094
-3.520311913,-2.641422421
-3.521118977,-2.631501792
-3.521926528,-2.621581206
-3.522734566,-2.611660664
-3.52354309,-2.601740165
-3.524352101,-2.59181971
-3.525161598,-2.581899299
-3.525971582,-2.571978931
-3.526782052,-2.562058607
-3.527593009,-2.552138327
-3.528404453,-2.54221809
-3.529216382,-2.532297898
-3.530028799,-2.522377749
-3.530841701,-2.512457643
-3.531900556,-2.50252069
-3.53330113,-2.492553177
-3.534710847,-2.482563032
-3.535975832,-2.472578294
-3.537062783,-2.462606527
-3.537691642,-2.452699919
-3.537941424,-2.442765494
-3.538269137,-2.432827557
-3.538613091,-2.422887465
-3.538956766,-2.412944942
-3.539298053,-2.403000608
-3.539637049,-2.393054861
-3.539974157,-2.383107982
-3.540309767,-2.373160188
-3.540644218,-2.363211655
-3.540977792,-2.353262523
-3.541310726,-2.343312904
-3.541643218,-2.333362892
-3.541975429,-2.32341256
-3.542307497,-2.313461969
-3.542639534,-2.30351117
-3.542971632,-2.293560203
-3.543303869,-2.283609083
-3.543636313,-2.273657951
-3.543969012,-2.263706853
-3.544302012,-2.253755779
-3.544635348,-2.243804728
-3.544969049,-2.233853698
-3.545303142,-2.223902689
-3.545637646,-2.2139517
-3.545972579,-2.20400073
-3.546307953,-2.194049779
-3.546643781,-2.184098846
-3.546980073,-2.174147931
-3.547316836,-2.164197035
-3.547654076,-2.154246155
-3.547991799,-2.144295294
-3.54833001,-2.134344449
-3.548668712,-2.124393622
-3.549007908,-2.114442811
-3.549347601,-2.104492018
-3.549687792,-2.094541241
-3.550028484,-2.084590482
-3.550369678,-2.074639739
-3.550711375,-2.064689013
-3.551053576,-2.054738304
-3.551396281,-2.044787611
-3.551739492,-2.034836936
-3.552083208,-2.024886277
-3.552427431,-2.014935635
-3.552772161,-2.00498501
-3.553117397,-1.995034401
-3.553463141,-1.98508381
-3.553809392,-1.975133235
-3.55415615,-1.965182677
-3.554503417,-1.955232136
-3.55485119,-1.945281612
-3.555199472,-1.935331105
-3.555548262,-1.925380615
-3.555897559,-1.915430142
-3.556247364,-1.905479686
-3.556597677,-1.895529247
-3.556948499,-1.885578825
-3.557299828,-1.87562842
-3.557651665,-1.865678032
-3.55800401,-1.855727661
-3.558356863,-1.845777308
-3.558710224,-1.835826971
-3.559064093,-1.825876652
-3.55941847,-1.81592635
-3.559773354,-1.805976065
-3.560128747,-1.796025798
-3.560484647,-1.786075548
-3.560841056,-1.776125315
-3.561197972,-1.766175099
-3.561555396,-1.756224901
-3.561913327,-1.74627472
-3.562271767,-1.736324557
-3.562630714,-1.726374411
-3.562990169,-1.716424283
-3.563350131,-1.706474172
-3.563710601,-1.696524078
-3.564071579,-1.686574003
-3.564433064,-1.676623944
-3.564795057,-1.666673904
-3.565157557,-1.656723881
-3.565520565,-1.646773875
-3.565884081,-1.636823887
-3.566248104,-1.626873917
-3.566612634,-1.616923965
-3.566977672,-1.60697403
-3.567343217,-1.597024113
-3.56770927,-1.587074214
-3.56807583,-1.577124333
-3.568442897,-1.56717447
-3.568810471,-1.557224624
-3.569178553,-1.547274797
-3.569547142,-1.537324987
-3.569916238,-1.527375195
-3.570285842,-1.517425421
-3.570655952,-1.507475665
-3.57102657,-1.497525928
-3.571397695,-1.487576208
-3.571769327,-1.477626506
-3.572141466,-1.467676822
-3.572514112,-1.457727157
-3.572887265,-1.44777751
-3.573260925,-1.43782788
-3.573635092,-1.427878269
-3.574009766,-1.417928677
-3.574384947,-1.407979102
-3.574760635,-1.398029546
-3.575136829,-1.388080008
-3.575513531,-1.378130488
-3.575890739,-1.368180987
-3.576268454,-1.358231504
-3.576646676,-1.348282039
-3.577025404,-1.338332593
-3.577404639,-1.328383165
-3.577784381,-1.318433756
-3.57816463,-1.308484365
-3.578545385,-1.298534993
-3.578926647,-1.288585639
-3.579308415,-1.278636304
-3.57969069,-1.268686988
-3.580073471,-1.25873769
-3.580456759,-1.24878841
-3.580840554,-1.23883915
-3.581224854,-1.228889908
-3.581609662,-1.218940684
-3.581994975,-1.20899148
-3.582380795,-1.199042294
-3.582767122,-1.189093127
-3.583153955,-1.179143979
-3.583541294,-1.169194849
-3.583929139,-1.159245739
-3.58431749,-1.149296647
-3.584706348,-1.139347575
-3.585095712,-1.129398521
-3.585485582,-1.119449486
-3.585875958,-1.10950047
-3.586266841,-1.099551473
-3.586658229,-1.089602496
-3.587050124,-1.079653537
-3.587442524,-1.069704597
-3.587835431,-1.059755677
-3.588228844,-1.049806775
-3.588622762,-1.039857893
-3.589017187,-1.02990903
-3.589412117,-1.019960186
-3.589807553,-1.010011361
-3.590203496,-1.000062556
-3.590599944,-0.99011377
-3.590996897,-0.980165003
-3.591394357,-0.970216255
-3.591792322,-0.960267527
-3.592190793,-0.950318819
-3.59258977,-0.940370129
-3.592989253,-0.930421459
-3.593389241,-0.920472809
-3.593789735,-0.910524178
-3.594190734,-0.900575566
-3.594592239,-0.890626974
-3.59499425,-0.880678402
-3.595396766,-0.870729849
-3.595799787,-0.860781316
-3.596203314,-0.850832802
-3.596607347,-0.840884308
-3.597011885,-0.830935834
-3.597416928,-0.820987379
-3.597822477,-0.811038944
-3.598228531,-0.801090533
-3.598635091,-0.791142146
-3.599042156,-0.781193785
-3.599449726,-0.771245448
-3.599857801,-0.761297137
-3.600266382,-0.75134885
-3.600675468,-0.741400588
-3.601085059,-0.731452352
-3.601495156,-0.72150414
-3.601905757,-0.711555953
-3.602316864,-0.701607791
-3.602728476,-0.691659655
-3.603140592,-0.681711543
-3.603553214,-0.671763457
-3.603966341,-0.661815396
-3.604379973,-0.65186736
-3.60479411,-0.641919349
-3.605208752,-0.631971363
-3.605623899,-0.622023403
-3.606039551,-0.612075468
-3.606455708,-0.602127558
-3.606872369,-0.592179673
-3.607289536,-0.582231814
-3.607707207,-0.572283981
-3.608125383,-0.562336172
-3.608544064,-0.552388389
-3.608963249,-0.542440632
-3.60938294,-0.5324929
-3.609803135,-0.522545193
-3.610223835,-0.512597512
-3.610645039,-0.502649857
-3.611066748,-0.492702227
-3.611488962,-0.482754622
-3.61191168,-0.472807044
-3.612334903,-0.462859491
-3.61275863,-0.452911963
-3.613182862,-0.442964461
-3.613607598,-0.433016985
-3.614032839,-0.423069535
-3.614458585,-0.413122111
-3.614884834,-0.403174712
-3.615311588,-0.393227339
-3.615738847,-0.383279992
-3.61616661,-0.373332671
-3.616594877,-0.363385375
-3.617023649,-0.353438106
-3.617452924,-0.343490862
-3.617882704,-0.333543645
-3.618312989,-0.323596453
-3.618743777,-0.313649288
-3.61917507,-0.303702148
-3.619606867,-0.293755035
-3.620039168,-0.283807947
-3.620471973,-0.273860886
-3.620905282,-0.263913851
-3.621339096,-0.253966842
-3.621773413,-0.244019859
-3.622208234,-0.234072902
-3.62264356,-0.224125972
-3.623079389,-0.214179067
-3.623515723,-0.20423219
-3.62395256,-0.194285338
-3.624389901,-0.184338513
-3.624827746,-0.174391714
-3.625266095,-0.164444941
-3.625704948,-0.154498195
-3.626144304,-0.144551475
-3.626584165,-0.134604782
-3.627024529,-0.124658115
-3.627465397,-0.114711474
-3.627906768,-0.10476486
-3.628348643,-0.094818273
-3.628791022,-0.084871712
-3.629233905,-0.074925178
-3.629677291,-0.064978671
-3.630121181,-0.05503219
-3.630565574,-0.045085735
-3.631010471,-0.035139308
-3.631455872,-0.025192907
-3.631901776,-0.015246533
-3.632348183,-0.005300185
-3.632795094,0.004646135
-3.633242509, 0.014592429285297725
-3.633690426, 0.024538696289005728
-3.634138848, 0.034484936439999544
-3.634587772, 0.044431149714084274
-3.6350372, 0.054377336087068524
-3.635487131,0.064323496
-3.635937566,0.074269628
-3.636388503,0.084215734
-3.636839944,0.094161812
-3.637291889, 0.10410786358902041
-3.637744336, 0.11405388804757155
-3.638197287, 0.12399988543577697
-3.63865074, 0.13394585572947218
-3.639104697, 0.14389179890449644
-3.639559157, 0.1538377149366918
-3.64001412, 0.16378360380190407
-3.640469587, 0.17372946547598225
-3.640925556, 0.18367529993477913
-3.641382028, 0.1936211071541502
-3.641839003, 0.2035668871099549
-3.642296481, 0.21351263977805585
-3.642754462, 0.2234583651343188
-3.643212946, 0.2334040631546132
-3.643671933, 0.24334973381481184
-3.644131423, 0.2532953770907907
-3.644591415, 0.2632409929584292
-3.645051911, 0.2731865813936101
-3.645512909, 0.28313214237221956
-3.64597441, 0.2930776758701471
-3.646436414, 0.3030231818632859
-3.64689892, 0.31296866032753207
-3.64736193, 0.32291411123878516
-3.647825441, 0.3328595345729482
-3.648289456, 0.3428049303059274
-3.648753973, 0.35275029841363265
-3.649218993, 0.3626956388719767
-3.649684515, 0.37264095165687655
-3.65015054, 0.38258623674425163
-3.650617068,0.392531494
-3.651084098, 0.4024767237301235
-3.65155163,0.412421926
-3.652019665, 0.42236709963701846
-3.652488202, 0.43231224587568445
-3.652957242, 0.44225736427241497
-3.653426784, 0.4522024548031536
-3.653896829, 0.4621475174438467
-3.654367376, 0.4720925521704447
-3.654838425, 0.4820375589589005
-3.655309977, 0.4919825377851707
-3.655782031, 0.5019274886252161
-3.656254587, 0.5118724114549993
-3.656727645, 0.5218173062504877
-3.657201206, 0.5317621729876513
-3.657675269, 0.5417070116424633
-3.658149833, 0.5516518221909006
-3.6586249, 0.5615966046089438
-3.65910047, 0.5715413588725757
-3.659576541, 0.5814860849577838
-3.660053114, 0.5914307828405583
-3.66053019, 0.6013754524968923
-3.661007767, 0.6113200939027832
-3.660863004, 0.6213930157447703
-3.660495243, 0.6313768445469318
-3.660354146, 0.6412625064096189
-3.66032551, 0.6511412173502696
-3.660392955, 0.6610165310489853
-3.660554919, 0.6708883485056598
-3.660812012, 0.6807561037641833
-3.661165042, 0.6906192002047655
-3.661614715, 0.7004769970222172
-3.662161606, 0.7103288043347975
-3.662806171, 0.7201738861802663
-3.663548769, 0.7300114655742127
-3.664389675, 0.7398407298897558
-3.665790847, 0.7496191446632162
-3.667995211, 0.7593630152995512
-3.670332223, 0.7691527558510011
-3.672622146, 0.7789675567860012
-3.674832124, 0.7888029458528025
-3.676866674, 0.7986434102917032
-3.678809174, 0.8085096790715743
-3.680720021, 0.8184900980552209
-3.682397435, 0.8282112683693924
-3.683972603, 0.8380660677722924
-3.68546732,0.847927065
-3.686861604, 0.8577900381085107
-3.688161778, 0.8676696323872888
-3.689377486,0.877559573
-3.690491459, 0.8874614153332209
-3.691506959, 0.8973648627706519
-3.692436182, 0.9072879763484464
-3.693259999, 0.9172085992687324
-3.693991976, 0.9271439255156563
-3.694601321, 0.9370699194944971
-3.693932426, 0.9469036743445286
-3.692878533, 0.9568106580380992
-3.692129619,0.966663863
-3.69149883, 0.9765177353924476
-3.690959491, 0.9863832872372625
-3.690509165, 0.9962541610070514
-3.690148995, 1.006126265947313
-3.689880532, 1.015998053132697
-3.689705271, 1.0258693096695537
-3.689624465, 1.0357395589799172
-3.689639141, 1.0456082617790583
-3.689750134, 1.0554748216927556
-3.689958121, 1.0653385866757374
-3.690263645, 1.075198853275416
-3.690667142,1.085054872
-3.691168956, 1.0949058541872883
-3.692004464, 1.1047403747373068
-3.69328921, 1.1145626587603057
-3.69468785,1.124399878
-3.696113065, 1.1342451192775163
-3.697548081, 1.144091279535887
-3.698989137, 1.153937414789881
-3.700434486, 1.1637817185256898
-3.701883283, 1.173624757969861
-3.703334852, 1.1834667308721862
-3.704788637, 1.1933077983366642
-3.706244176, 1.2031481046725923
-3.707701086, 1.2129877771475577
-3.709159054, 1.2228269263299782
-3.710617818, 1.232665647223937
-3.712077165, 1.2425040207891038
-3.713536917, 1.2523421155848722
-3.714996928, 1.2621799893884087
-3.716457078, 1.2720176907056178
-3.717917267, 1.2818552601366004
-3.719377413, 1.2916927315827444
-3.720837448, 1.3015301332973708
-3.722297317, 1.311367488789917
-3.723756974, 1.3212048175974982
-3.725216379, 1.3310421359390596
-3.726675501, 1.3408794572672036
-3.728134315, 1.350716792731868
-3.729592799, 1.3605541515687305
-3.731050935, 1.370391541423746
-3.732508709, 1.3802289686237756
-3.733966108, 1.3900664384019024
-3.734801065, 1.4001163946437154
-3.735398068, 1.4100895190624272
-3.736213763, 1.419929718620885
-3.737141173, 1.429756923199617
-3.738164887, 1.4395741505441924
-3.739283305, 1.4493804776256736
-3.740496948, 1.4591746964914678
-3.741806334, 1.4689549200680418
-3.74321214, 1.4787206148516312
-3.744714885, 1.4884710212070569
-3.746314969, 1.498205330875934
-3.748012685, 1.5079227058405194
-3.749808248, 1.5176222822346563
-3.751701794, 1.5273031736938103
-3.753693401, 1.5369644746296163
-3.755783139, 1.5466053828465305
-3.757970877, 1.5562244678854928
-3.760256473, 1.5658205766278135
-3.762639826, 1.5753927655054687
-3.765120791, 1.584940053327721
-3.767699196, 1.5944614569760176
-3.770374844, 1.603955994475291
-3.773147585, 1.6134228082643751
-3.776016922, 1.6228600654946033
-3.778982501, 1.6322666181991072
-3.782044042, 1.6416415223715053
-3.785201241, 1.650983810052167
-3.788453777, 1.6602925163475186
-3.791801315, 1.669566681494816
-3.79524351, 1.6788053509519743
-3.798780003, 1.6880075753401163
-3.802410425, 1.6971724103904025
-3.806134396, 1.7062989169073393
-3.809951524, 1.715386160747338
-3.813861409, 1.7244332128101014
-3.817863639, 1.733439149040594
-3.821957793, 1.7424030504396697
-3.82614344, 1.7513240030817498
-3.830420139, 1.7602010981381917
-3.834787441, 1.7690334319052206
-3.839244887, 1.7778201058354737
-3.843792009, 1.7865602265723823
-3.848428329, 1.7952529059867408
-3.853153362, 1.8038972612149422
-3.857966613, 1.8124924146984478
-3.862867578, 1.8210374942241714
-3.867936677, 1.8296448284931452
-3.872888401, 1.8379014441179888
-3.87795149, 1.8461503078205637
-3.883097082, 1.8543475108276668
-3.888380325, 1.8625593798047138
-3.893745995, 1.8707113034046399
-3.899191902, 1.8788026866233516
-3.90472588, 1.8868422321814369
-3.910339144, 1.8948206757932564
-3.916039179, 1.9027456749763094
-3.921816869, 1.9106080381794066
-3.927680007, 1.9184152590037689
-3.933619235, 1.926158310213857
-3.939642628, 1.9338445330414833
-3.945740593, 1.941465066366214
-3.951921456, 1.9490271000570363
-3.958175394, 1.956521940844161
-3.964510962, 1.9639566274721727
-3.970918114, 1.9713226368818648
-3.977405616, 1.978626856366607
