-3.848586539, 4.350092564603528
-3.838800888, 4.350509653659605
-3.829014918, 4.3509247736195835
-3.819226647, 4.351351431108135
-3.809440946, 4.3517690329628484
-3.799654941, 4.3521847767410105
-3.789866649, 4.352612158842283
-3.780080937, 4.353030569226774
-3.77029493, 4.353447193423451
-3.760506646, 4.353875521301109
-3.750720947, 4.354294931446034
-3.74093496, 4.354712599398842
-3.731146703, 4.355142014065802
-3.721361036, 4.355562544344255
-3.711575084, 4.355981360670433
-3.701786867, 4.356411954241173
-3.69200124,4.356833685
-3.682215332, 4.357253721319111
-3.672427161, 4.357685554230571
-3.662641581, 4.358108538881881
-3.652855722, 4.3585298400299175
-3.643067602, 4.358962951122451
-3.633282074, 4.359387222840757
-3.623496267, 4.359809818630529
-3.613708201, 4.360244232718226
-3.603922727, 4.360669812949821
-3.594136974,4.361093722
-3.584348965, 4.361529454807172
-3.574563547, 4.361956357068935
-3.56477785, 4.362381591113581
-3.554973589, 4.3630702810569355
-3.54514114, 4.364050074063954
-3.535280125, 4.365036366851215
-3.525441818, 4.365476978150537
-3.515646889,4.365889832
-3.50586339, 4.366662771543064
-3.496059881,4.367433698
-3.486245424,4.36814245
-3.476423957,4.368779052
-3.466596674, 4.369339119402099
-3.456764655, 4.3698192762566315
-3.446928908,4.37021663
-3.437108233, 4.369903664068964
-3.427371204, 4.3694138080243725
-3.417575912, 4.369273639914425
-3.407698591, 4.369389326009464
-3.39781818, 4.369462247894488
-3.387968383, 4.369461101005228
-3.378123668, 4.369353222444987
-3.368272335, 4.369098659081923
-3.358404701,4.368746347
-3.348629584, 4.367789770735792
-3.338927227, 4.366597876944852
-3.329248873, 4.365448548155654
-3.319566819, 4.364280526809697
-3.309876325, 4.363093074014547
-3.300182191, 4.361894783209997
-3.290486574, 4.3606840503399935
-3.280788602, 4.359458445776941
-3.271085111, 4.358230836651733
-3.261384512, 4.356984060064161
-3.251682889,4.355726305
-3.241976196, 4.354471324405101
-3.232273091, 4.353201089331585
-3.222569548, 4.351923246984326
-3.212861302,4.350651274
-3.203156943, 4.349366610002423
-3.193452462, 4.348076526301683
-3.183743501, 4.346794315530428
-3.174038572, 4.345501106811014
-3.164333601, 4.344203943842169
-3.154624171, 4.3429159962594515
-3.144918784, 4.341618164272194
-3.135213388, 4.340317329227198
-3.12550355, 4.339026577139446
-3.115797763, 4.337726660129885
-3.106091986, 4.336424353676498
-3.096381775,4.335132693
-3.086675616, 4.333832332609677
-3.076969476, 4.332529981028797
-3.067258904, 4.331238641626572
-3.057552382, 4.329938904278828
-3.047845884, 4.328637433872499
-3.038134958, 4.327347213732735
-3.02842808, 4.326048790879423
-3.018721228, 4.324748802493675
-3.00900995, 4.323460219231838
-2.999302718, 4.322163559491469
-2.989595514, 4.320865442831225
-2.979883887, 4.319578832102689
-2.970176304, 4.3182842264989185
-2.960468748,4.316988235
-2.950756773, 4.3157038151147065
-2.941048839, 4.314411452803565
-2.931340933, 4.313117750489618
-2.921628611, 4.311835661952028
-2.911920327, 4.310545664591355
-2.902212072, 4.309254356832174
-2.892499404, 4.307974690616415
-2.882790772, 4.306687136806132
-2.873082169,4.305398292
-2.863447143,4.303669988
-2.853904668, 4.301857340434308
-2.84440333, 4.300255101852435
-2.834907053, 4.298732402060817
-2.825346313, 4.297460501165232
-2.815719269, 4.296505764910401
-2.806016661, 4.2958033701738865
-2.79624277, 4.295370236424948
-2.786501233, 4.294628990940793
-2.776831897,4.293612287
-2.767175076, 4.292662935052031
-2.7575241,4.291724058
-2.747872756, 4.290787976312762
-2.738221131, 4.289853798710093
-2.72856933, 4.288921230174394
-2.718917373, 4.287990048628745
-2.709265284, 4.287060064877886
-2.699613081, 4.2861311142714325
-2.68996078, 4.285203053128509
-2.680308397,4.284275756
-2.670655942, 4.283349113581267
-2.661003427, 4.2824230302052655
-2.65135086, 4.281497422549747
-2.64169825, 4.280572217852315
-2.632045604, 4.279647352608785
-2.622392927, 4.278722771395236
-2.612740225,4.277798426
-2.603087501, 4.276874273725388
-2.593434761, 4.275950278206118
-2.583782006,4.275026407
-2.574129241, 4.274102632411966
-2.564476468, 4.273178929573477
-2.554823689, 4.272255277227724
-2.545170906, 4.271331656713165
-2.53551812, 4.270408051741318
-2.525865334, 4.269484448094677
-2.516212548, 4.268560833363053
-2.506559764, 4.267637196713493
-2.496906982, 4.266713528689479
-2.487254204, 4.265789821035701
-2.477601429, 4.264866066545105
-2.46794866, 4.263942258925462
-2.458295896, 4.263018392682872
-2.448643137, 4.262094463020141
-2.438990385, 4.261170465748064
-2.42933764, 4.260246397208024
-2.419684902, 4.259322254204439
-2.410032171,4.258398034
-2.400379447, 4.257473733993231
-2.390726731, 4.2565493522155915
-2.381074024, 4.255624886750288
-2.371421324, 4.2547003359690905
-2.361768632, 4.253775698448288
-2.352115949, 4.252850972942641
-2.342463275, 4.251926158362677
-2.332810609, 4.251001253754838
-2.323157951, 4.250076258284183
-2.313505303, 4.249151171219287
-2.303852663, 4.248225991919053
-2.294200032, 4.247300719821222
-2.28454741, 4.246375354432328
-2.274894797, 4.245449895318932
-2.265242193, 4.2445243420999885
-2.255589599, 4.243598694440175
-2.245937013, 4.2426729520440585
-2.236284436, 4.241747114651029
-2.226631869, 4.240821182030855
-2.21697931, 4.239895153979821
-2.207326761, 4.238969030317349
-2.197674221, 4.238042810883049
-2.18802169, 4.237116495534156
-2.178369169, 4.236190084143276
-2.168716657,4.235263577
-2.159064154, 4.234336972791355
-2.14941166, 4.233410272635999
-2.139718276, 4.231888100684635
-2.130117003, 4.230229346461428
-2.120573165, 4.228843697012895
-2.110995377, 4.2277281163761735
-2.101352282, 4.226926743106793
-2.091688851, 4.226190092934796
-2.082023874, 4.2254735703300925
-2.072356969, 4.224770914523797
-2.0626883, 4.224080007164505
-2.053018198, 4.223399331160149
-2.043346914, 4.2227275866175535
-2.033674648, 4.222063638757575
-2.024001564, 4.221406495500362
-2.014327795, 4.220755289706393
-2.004653451, 4.220109263706814
-1.994978623, 4.219467755674233
-1.985303385, 4.218830187629196
-1.9756278, 4.2181960549058815
-1.96595192, 4.217564916913178
-1.956275788, 4.216936389040997
-1.94659944, 4.216310135576076
-1.936922909, 4.215685863505412
-1.92724622, 4.215063317098917
-1.917569395, 4.214442273175216
-1.907892453, 4.213822536965704
-1.89821541, 4.213203938502133
-1.888538282,4.212586329
-1.878861078, 4.211969580414732
-1.86918381, 4.211353578416273
-1.859506486, 4.210738224911035
-1.849829114, 4.2101234338993585
-1.8401517, 4.209509130338531
-1.830474251, 4.208895248747207
-1.82079677, 4.2082817319874355
-1.811119263, 4.207668530201749
-1.801441733, 4.207055599885586
-1.791764183, 4.2064429030778525
-1.782086616, 4.205830406654568
-1.772409035, 4.205218081712497
-1.762731441, 4.204605903031292
-1.753053836, 4.203993848604169
-1.743376222, 4.203381899228372
-1.733698601, 4.202770038147832
-1.724020972, 4.202158250741337
-1.714343339, 4.201546524250468
-1.704665701,4.200934848
-1.694988059, 4.2003232109016775
-1.685310414, 4.1997116058515855
-1.675632767, 4.199100024994322
-1.665955118, 4.198488461874422
-1.656277467, 4.197876910858474
-1.646599815, 4.1972653670303535
-1.636922163, 4.196653826099787
-1.62724451, 4.196042284322597
-1.617566857, 4.195430738431082
-1.607889204, 4.194819185573304
-1.598211551, 4.194207623260083
-1.588533899, 4.193596049318759
-1.578856247, 4.192984461852864
-1.569178597, 4.192372859206911
-1.559500947, 4.191761239935665
-1.549823298, 4.191149602777368
-1.54014565, 4.190537946630334
-1.530468004, 4.189926270532561
-1.520790358, 4.1893145736439115
-1.511112714, 4.188702855230594
-1.501435071,4.188091115
-1.49175743, 4.187479351346876
-1.48207979, 4.186867564827013
-1.472402151, 4.186255754664236
-1.462724514, 4.185643920484546
-1.453046878, 4.185032061960871
-1.443369244, 4.184420178807087
-1.433691612, 4.183808270772789
-1.424013981, 4.1831963376387415
-1.414336351, 4.182584379212913
-1.404658724, 4.181972395326998
-1.394981098, 4.181360385833397
-1.385303473, 4.180748350602583
-1.37562585, 4.180136289520783
-1.365948229, 4.179524202487991
-1.356270609, 4.178912089416182
-1.346592991, 4.178299950227827
-1.336915375, 4.177687784854516
-1.32723776, 4.177075593235817
-1.317560148, 4.176463375318256
-1.307882536, 4.175851131054417
-1.298204927, 4.175238860402195
-1.288527319, 4.174626563324093
-1.278849712, 4.174014239786645
-1.269172108, 4.1734018897599094
-1.259494505,4.172789513
-1.249816904, 4.172177110133747
-1.240139304, 4.171564680488255
-1.230461706, 4.170952224260704
-1.22078411, 4.1703397414330485
-1.211106516, 4.169727231988796
-1.201428923, 4.169114695912803
-1.191751332, 4.168502133191105
-1.182073743, 4.167889543810768
-1.172396155, 4.167276927759763
-1.162718569, 4.166664285026833
-1.153040985, 4.166051615601418
-1.143363402, 4.165438919473547
-1.133685821, 4.164826196633767
-1.124008242, 4.164213447073087
-1.114330665, 4.163600670782909
-1.104653089, 4.162987867754971
-1.094975515, 4.162375037981324
-1.085297943, 4.1617621814542725
-1.075620372, 4.161149298166362
-1.065942803, 4.160536388110326
-1.056265236, 4.159923451279075
-1.04658767, 4.159310487665671
-1.036910107, 4.158697497263308
-1.027232544, 4.158084480065304
-1.017554984, 4.157471436065058
-1.007877425, 4.156858365256078
-0.998199868,4.156245268
-0.988522313, 4.155632143186256
-0.97884476, 4.155018991912755
-0.969167208, 4.154405813805173
-0.959489658,4.153792609
-0.949812109, 4.153179377062964
-0.940134562, 4.152566118416029
-0.930457017, 4.151952832910383
-0.920779474, 4.151339520539943
-0.911101932, 4.150726181298643
-0.901424393, 4.150112815180438
-0.891746854, 4.149499422179298
-0.882069318,4.148886002
-0.872391783, 4.148272555504165
-0.86271425,4.147659082
-0.853036719, 4.147045581225245
-0.843359189, 4.146432053719406
-0.833681661, 4.145818499294686
-0.824004135, 4.145204917945114
-0.814326611, 4.144591309664735
-0.804649088, 4.1439776744475845
-0.794971567, 4.143364012287711
-0.785294048,4.142750323
-0.77561653, 4.142136607115984
-0.765939014, 4.141522864092233
-0.7562615, 4.140909094101961
-0.746583988, 4.140295297139216
-0.736906477, 4.139681473198057
-0.727228968, 4.139067622272539
-0.717551461, 4.138453744356716
-0.707873956, 4.137839839444642
-0.698196452, 4.137225907530368
-0.68851895, 4.136611948607957
-0.678841449, 4.135997962671452
-0.669163951, 4.135383949714914
-0.659486454, 4.134769909732391
-0.649808959, 4.134155842717939
-0.640131465, 4.133541748665605
-0.630453973, 4.132927627569439
-0.620776483, 4.132313479423491
-0.611098995, 4.131699304221808
-0.601421509,4.131085102
-0.591744024, 4.1304708726274315
-0.582066541, 4.129856616222832
-0.572389059, 4.129242332738675
-0.56271158, 4.128628022169006
-0.553034102, 4.128013684507872
-0.543356626, 4.127399319749308
-0.533679151, 4.126784927887358
-0.524001679, 4.126170508916052
-0.514324208, 4.125556062829431
-0.504646738, 4.124941589621533
-0.494969271, 4.1243270892863855
-0.485291805, 4.123712561818027
-0.475614341, 4.123098007210486
-0.465936879, 4.1224834254577924
-0.456259418, 4.121868816553978
-0.446581959, 4.121254180493066
-0.436904502, 4.120639517269088
-0.427227047, 4.120024826876063
-0.417549593, 4.119410109308015
-0.407872141, 4.118795364558971
-0.398194691, 4.118180592622952
-0.388517243, 4.117565793493977
-0.378839796,4.116950967
-0.369162351, 4.116336113633221
-0.359484908, 4.1157212328894754
-0.349807466, 4.115106324928838
-0.340130027, 4.114491389745321
-0.330452589, 4.113876427332938
-0.320775152, 4.113261437685698
-0.311097718, 4.1126464207976134
-0.301420285, 4.112031376662687
-0.291742854, 4.111416305274928
-0.282065425, 4.1108012066283415
-0.272387997, 4.110186080716929
-0.262710571, 4.109570927534695
-0.253033147, 4.108955747075643
-0.243355725,4.108340539
-0.233678305, 4.107725304303072
-0.224000886, 4.107110041977549
-0.214323469, 4.106494752351199
-0.204646053, 4.105879435418013
-0.19496864, 4.1052640911719855
-0.185291228, 4.104648719607109
-0.175613818, 4.104033320717373
-0.165936409, 4.103417894496767
-0.156259003, 4.102802440939277
-0.146581598, 4.1021869600388925
-0.136904195, 4.101571451789596
-0.127226794, 4.100955916185375
-0.117549394, 4.100340353220208
-0.107871996, 4.099724762888076
-0.0981946, 4.099109145182964
-0.088517206, 4.098493500098843
-0.078839813, 4.097877827629693
-0.069162422, 4.097262127769493
-0.059485033, 4.096646400512216
-0.049807646, 4.096030645851837
-0.04013026, 4.095414863782319
-0.030452876, 4.094799054297641
-0.020775494, 4.094183217391771
-0.011041503, 4.093751369141237
-0.001238391, 4.093566171530566
0.008590611, 4.093375132803287
0.018423110445064353, 4.093129613340548
0.028256860713788107, 4.092819799857863
0.038090082, 4.092440488279306
0.047921101, 4.091987462332752
0.057686168880420816, 4.090881178048123
0.067328005, 4.089036764868596
0.077334961, 4.087192134631072
0.087216263, 4.085884216506917
0.097097807, 4.084686194805254
0.10697915551982491, 4.083504367475694
0.11685993785372407, 4.082323586497702
0.12674016005870334, 4.081141567497997
0.13661989310600978, 4.079958123729534
0.1464992083669032, 4.078773383680154
0.15645454942071602, 4.077824726775538
0.16650997842870882, 4.077202855508181
0.17657937497470508, 4.076576497472587
0.18632836326552818, 4.074512087537819
0.19600441260598492, 4.072136791756194
0.2056678122765789, 4.070062638436418
0.21534400433135123, 4.068109935691016
0.22503650583275084, 4.066251439422802
0.2347449048806718, 4.064484247529966
0.24453331563152772, 4.063049052069926
0.25441424100130056, 4.062041043748688
0.26431389104641234, 4.061134344018496
0.27421710920287407, 4.060248264570089
0.28412237767448334, 4.059368545829696
0.29402921659628994, 4.058492271922945
0.3039373097680079, 4.057618511205336
0.3138464129854338, 4.056746732539699
0.3237563314168746, 4.055876531471555
0.3336669081967547, 4.055007576140833
0.3435780164905202, 4.054139590590742
0.35348955343361377, 4.0532723451702015
0.3634014353857818, 4.0524056490057045
0.37331359418306603,4.051539344
0.3832259741623912, 4.0506732977767514
0.3931385297890102, 4.049807402514274
0.4030512237567628,4.048941568
0.412964025, 4.048075718985359
0.4228769097663137, 4.0472097944798575
0.4327898560097284,4.046343743
0.4427028471906616, 4.045477523139206
0.4526158693122077, 4.044611099287862
0.462528911, 4.0437444428961875
0.4724419622806379, 4.0428775301639455
0.48235501578640894, 4.042010341426319
0.49226806489594027, 4.0411428604367075
0.5021811042743212, 4.040275073773436
0.5120941295177337, 4.039406970349102
0.5220071369898521,4.038538541
0.5319201236872009, 4.037669778175956
0.5418330871282774, 4.036800675612983
0.5517460252621994, 4.035931228154607
0.5616589363934109,4.035061432
0.5715718191195983, 4.034191282240461
0.5814846722804855,4.033320777
0.5913974949155911, 4.032449914478193
0.6013102862293765, 4.031578691626299
0.611223046, 4.0307071071600635
0.6211357723679729, 4.029835159725585
0.6310484661917717, 4.028962848204492
0.6409611266564491, 4.028090171672919
0.6508737534478827, 4.027217129367632
0.6607863463042257, 4.026343720658086
0.6706989050068011, 4.025469945023293
0.6806114293725825, 4.024595802032761
0.6905239192479851, 4.023721291330731
0.7004363745037385, 4.022846412623161
0.7103487950306531, 4.0219711656669785
0.7202611807361216, 4.021095550261204
0.7301735315412339, 4.020219566239635
0.740085847, 4.019343213464764
0.7499981281893319, 4.018466491822804
0.7599103739235166, 4.017589401219548
0.7698225845367725, 4.016711941576956
0.7798021704565815, 4.0160734383738586
0.7898714886701449, 4.015765237469822
0.7998433137993125, 4.014106756056662
0.8096377548529631, 4.012134234262446
0.8193791759662331, 4.0104586750170625
0.8291283453525737, 4.008904267450807
0.8388901304905756, 4.007445367370171
0.8486641055492256, 4.0060791924525105
0.858502082, 4.005048542991125
0.8684145077946542, 4.004449136489503
0.8783436352890084, 4.0039524263092146
0.8882764825286397, 4.003476885611478
0.8982658372673543, 4.003249899061414
0.9083313689536219, 4.003360896753849
0.9184178466662285, 4.003479054012804
0.9284643089054949, 4.002866460094341
0.9384308075882501, 4.0020017625398125
0.9484250560057348, 4.001492112733074
0.9585014770289257, 4.001329827490811
0.9685907525883226, 4.0011605347174815
0.9784295131076721, 3.999539692325023
0.9882089289013208, 3.9976089832689365
0.9979585750055379, 3.995979212766164
1.0077164843943964, 3.994470797274442
1.0174864286172989, 3.9930568356388103
1.0272678911012496, 3.991734513832047
1.0371601155696855, 3.990977493110381
1.0472004421527081, 3.990993906000481
1.057278089440439, 3.9911215899496613
1.0673655384483087, 3.991193099503039
1.0774392568980855, 3.9911254646853163
1.0873004000785926, 3.989682528200239
1.0971064239403054, 3.9878923826707395
1.1068759049527488, 3.9863879327613265
1.1166519703673936, 3.9850031207644876
1.126543318743924, 3.984185667633063
1.1365885164981555, 3.9841388079596136
1.1466703754610033, 3.9842014727789947
1.1567618635125148, 3.984200607259759
1.1668116309552763, 3.9840086822823104
1.1767428421866728, 3.9824997475097406
1.1866145966495727, 3.9808728856164395
1.1965178097870828, 3.979873880320934
1.2064324045246309, 3.9790024533925212
1.216348078, 3.9781515504374387
1.2262637249169972, 3.9773033969112657
1.2361792188351488, 3.976455088938709
1.246137123430421, 3.974942184582342
1.2559787372417581, 3.973232751236505
1.2657534484910808, 3.971758415528517
1.27553555,3.970397531
1.285432204052715, 3.9695886963873157
1.2954880747041113, 3.9695642419581096
1.3055829396911265, 3.9696580742693306
1.3156841254082652, 3.969698465696102
1.3257818154075995,3.969652916
1.335844729387191, 3.9694250477455855
1.3458907378405371, 3.9690442039279197
1.3558196150909323, 3.9682095758218447
1.3656980829680783, 3.9670135480941675
1.375589099754867, 3.9658903935095484
1.3854827591079821, 3.9647856539726947
1.3953772569304048, 3.963681338746262
1.405272307143645, 3.9625750321981617
1.415167295, 3.9614668255075167
1.4250622173219125, 3.960357067325206
1.4349570923419899, 3.9592461016242013
1.4448519295552034, 3.958134225301562
1.4547467395737121, 3.9570216863164753
1.4646415331943663, 3.955908690378928
1.474536320735213,3.954795408
1.4844440916511017, 3.9530550005547296
1.4942359532807774,3.951109937
1.5040329687686456, 3.9496339046214795
1.513917310398759, 3.9486028567364646
1.523819323717571, 3.9476739860607175
1.5337239206707776, 3.9467643722188175
1.543659817519778, 3.945228156772689
1.553491200234779, 3.943471923783972
1.563258832551054, 3.9419467162174375
1.573034218428083, 3.9405356450598044
1.582822766152753, 3.9392220246013525
1.5926236852012845, 3.938004154519835
1.6024360242651692, 3.9368825248911543
1.6123032155768093, 3.9360908853756076
1.6222373395599698, 3.935741732975448
1.632234204380321, 3.9357348743441487
1.6423022199687625, 3.9360956958034747
1.6523926209603956, 3.936474770263642
1.662488467090453, 3.9367836479707545
1.672554043651771, 3.936419236051893
1.682538701439653, 3.9357215471487406
1.6925340085938685, 3.9345266503773617
1.7024180252986814, 3.9331199965417785
1.7122317157817437, 3.9319402615135166
1.7220498427869462,3.930872173
1.731878010663988, 3.929899697497384
1.741715301641018,3.929021493
1.7516342077459115, 3.9286973412006216
1.761671514587108, 3.9291652806323065
1.771746733907543,3.929755195
1.7818315660630921, 3.9302933367972996
1.791921827166118, 3.9307482979847803
1.8020376496651727, 3.9297639274260003
1.811950783113631, 3.928420539410506
1.8217827563522278, 3.927382068614693
1.8316159302826012, 3.926465919459936
1.841532055301178, 3.9261216211065206
1.8515637676914407, 3.9265547294071177
1.8616321431731937, 3.927099952135993
1.8717131214830536, 3.9275887342081988
1.8817669003267832,3.927886748
1.891794301893687, 3.927592805580356
1.9017733596908222, 3.9269861054432322
1.9117695305073705, 3.925881523517887
1.9216700004497684, 3.924540275085482
1.931493993401514, 3.9234363911450556
1.9413192208171202,3.922444632
1.9511515825577923, 3.921547277072766
1.9609906263409385, 3.9207428515562106
1.9709043628359824, 3.9205085392395183
1.9809774517823955, 3.920166311566311
1.9909928519631448, 3.919204717017001
2.0009449972238595, 3.9190365052267717
2.0109592021534275, 3.919693674799487
2.0210596791634123, 3.919184594707161
2.0311021593542296,3.918769559
2.0411352774996336, 3.9193398364079917
2.0511944414285224, 3.9200546770655196
2.0612677663245313, 3.9207131688102015
2.0712791893439517, 3.9206863615323413
2.0813231341226874, 3.9205529638256533
2.091396356681368, 3.9208892466997307
2.1014819969622267, 3.9212528628664565
2.1115405963241822, 3.9214252885609158
2.121597129833853, 3.9214715643858353
2.1315561233581164, 3.921044826429895
2.141402292874828, 3.9198839935711844
2.1512446517034767, 3.9184025297680747
2.1611028865316415, 3.9170129041390926
2.170972620021125, 3.9157033791723963
2.1808641647657145, 3.914783782051772
2.1907957089168053,3.914338871
2.200738285, 3.9139997856441786
2.2106832141684936,3.9136804
2.2206292754283807, 3.913365910779277
2.230576141143163, 3.9130535167052605
2.2405236403698137, 3.9127424782569933
2.2504716504654754, 3.912432446651036
2.260420074825882, 3.9121231764443793
2.2704524790477576, 3.911153270768086
2.280371472797873, 3.9099832475839817
2.2902117838403915, 3.909044674254364
2.300093245347443, 3.908453673031616
2.310033651751174, 3.9083056537110514
2.319989335, 3.908264899611523
2.3299472071331997, 3.908246374267393
2.3399050484610053, 3.9082351352001368
2.349862703034637, 3.908228125156585
2.359820145717927, 3.908224382564622
2.3697773867095617, 3.9082233747559703
2.379734445458415, 3.9082247057800776
2.3896913434252847, 3.9082280563479226
2.3996481016032076, 3.908233164433232
2.409604739468824, 3.9082398142486285
2.419602729, 3.908481501359611
2.429661706300193, 3.9090690683694413
2.4397409163005688, 3.9096674812911956
2.4498151237250796, 3.9096007686899714
2.4598178757143176, 3.909198597634435
2.469776541110177, 3.9089241353501896
2.4797316497536337, 3.908666399204753
2.489686294799334, 3.908409092727913
2.499640573446902, 3.9081499310262218
2.509594519647961, 3.907888817621644
2.519548177397435, 3.9076259697751925
2.5295016058056765, 3.9073616155368547
2.539454778112772,3.907095954
2.5494076532174867, 3.906829148231405
2.5593602961027218, 3.906561333022503
2.569312744907184, 3.9062926201540606
2.579265030485507, 3.906023102181407
2.5892171785182403, 3.905752855466753
2.599169210377521, 3.905481943019587
2.6091211438251767, 3.905210416837545
2.6190729936048704, 3.904938319835082
2.6290247719428614, 3.9046656874331607
2.638976489, 3.9043925488698816
2.648928153073088, 3.904118928281276
2.658879771194931, 3.9038448455926997
2.668917056530788, 3.902907340658737
2.678884358304307, 3.9020022597361796
2.6888295483451934, 3.9016736582829195
2.6988404184942003, 3.9009149488545445
2.7088111773200114, 3.900159250351629
2.7187521143901754, 3.8999532727481068
2.7287004204843344, 3.8998663070600283
2.738651228257404, 3.8998014680291626
2.748603301702807, 3.8997421659860616
2.758556264275851, 3.8996852588205715
2.768509924113097, 3.8996299170433693
2.778464146250022, 3.8995757493883527
2.788418825245119, 3.899522480586395
2.798373876445001, 3.8994698904630383
2.8083292313267396, 3.8994177978449494
2.8182848342134057, 3.899366052879389
2.8282406486365455, 3.899314531363684
2.8382994319454533, 3.898602215921583
2.848244409268395, 3.897688043839909
2.8581042791038005, 3.8970036548951743
2.8679645764798845, 3.8964327656988313
2.8778585155693994, 3.8961938480822087
2.8877952385222274, 3.896397820759772
2.897744406218695, 3.896710125983238
2.907695118020832, 3.8970454207305187
2.9176458119183826, 3.897388578929319
2.9275962272257656, 3.8977364311233935
2.9375463345053316, 3.8980879291330814
2.947496151087883, 3.898442471710273
2.9574457049524328, 3.8987996072739706
2.9673950259067605, 3.899158971065749
2.977344142639028, 3.8995202638377484
2.9872930815040903, 3.899883239321725
2.9972418660469247, 3.9002476947107727
3.007190516909874, 3.9006134629431806
3.0172525242221395, 3.900379326752126
3.027257667, 3.9001408836414515
3.0371955877427452, 3.9004744608628985
3.0471369444620016,3.900930365
3.0570802566783772, 3.9014084478033633
3.0670243264087493, 3.9018916129472063
3.076968833783377, 3.9023766957221233
3.086913664882179, 3.9028629263950663
3.096858754869657, 3.9033499797105393
3.1068040566266446, 3.903837639011494
3.116749533277706, 3.904325733877762
3.1266951553640308, 3.9048141248471144
3.1366408991716304, 3.9053026968683047
3.146586745526272, 3.905791354893119
3.1565326788716486, 3.9062800203891914
3.1664786865506507, 3.906768628476728
3.1764247582398397, 3.907257125561152
3.1863708855014767, 3.9077454673742404
3.196317061426648, 3.9082336173537775
3.206263280349515, 3.9087215453037607
3.2162095376174875, 3.909209226286923
3.2261558294056356, 3.9096966397095523
3.236102152566305, 3.910183768565336
3.2460485045069083, 3.910670598810665
3.2559948830903367, 3.9111571188486645
3.2659412865536535, 3.911643319102979
3.2758877134415574, 3.9121291916657985
3.285834163, 3.912614730007144
3.2957806328909047, 3.9130999287347983
3.3057271236365406, 3.913584783396056
3.315673634108226, 3.9140692903140097
3.325620163742034, 3.9145534464523513
3.3355667120702286, 3.9150372493037393
3.3455132787044195, 3.9155206967976093
3.3554598633216743, 3.9160037872240645
3.365406465653075, 3.9164865191710065
3.375353085474286, 3.916968891472243
3.3852997225977597, 3.917450903164628
3.3952463768663237, 3.9179325534526748
3.4051930481478765, 3.9184138416793286
3.4151397363310125, 3.9188947673018495
3.425086441321416, 3.9193753298718796
3.4350331630388813, 3.9198555290190016
3.4449799014148543, 3.920335364437148
3.454926656390398, 3.9208148358733923
3.4648734279145135, 3.921293943118677
3.474820216, 3.9217726860001747
3.4847670204361463, 3.9222510643749744
3.494713841360094, 3.9227290781248603
3.504660678683758, 3.923206727152018
3.5146075323793378, 3.9236840113754705
3.5245544024215407, 3.9241609307281453
3.5345012887871654, 3.9246374851544537
3.5444481914547206, 3.925113674608281
3.5543951104041343, 3.925589499051349
3.564342045616507, 3.9260649584518403
3.574288997073907, 3.9265400527832703
3.5842359647591997, 3.927014782023569
3.5941829486559085,3.927489146
3.604129948748106, 3.9279631451600343
3.6140769650203106, 3.9284367790278156
3.6240239974574155, 3.9289100477467427
3.6339710460446177, 3.9293829513076104
3.6439181107673666, 3.929855489702604
3.653865191611323, 3.9303276629250616
3.663812288562323, 3.9307994709692715
3.6737594016063397, 3.9312709138303146
3.6837065307294674, 3.931741991503916
3.693653675917896, 3.9322127039863397
3.7036008371578983,3.932683051
3.713548014435813, 3.9331530333648366
3.7234952077380292, 3.9336226502553533
3.733442417050984,3.934091902
3.7433896423611546, 3.934560788426982
3.7533368836550447, 3.9350293097039164
3.7632841409191884, 3.9354974657724004
3.7732314141401333, 3.935965256630687
3.7831787033044524, 3.9364326822771236
3.7931260083987257, 3.936899742710136
3.8031005435803538, 3.937611236472685
3.8131175916004527, 3.9386615601850345
3.823161914114645, 3.9397185531453625
3.8331724211553775, 3.940567357880392
3.843218104506111, 3.940835048555839
3.8532283583612776, 3.9407857776314694
3.863191838536847, 3.9408583215265534
3.8731517626564296,3.940945892
3.883111261187377, 3.9410328764994875
3.893070378512309, 3.9411172152288456
3.903029134968188, 3.941198953907804
3.912987572111009, 3.9412784221546175
3.9229457335640983, 3.9413559416984123
3.9329036597500253, 3.941431786746938
3.9428613866648483, 3.941506185217534
3.952818945734147, 3.9415793255478513
3.9627763640440232, 3.9416513633389725
3.9727336647258014, 3.941722427033355
3.982690867396599, 3.9417926226444187
3.9926479886043227, 3.9418620376716156
4.002605042249472, 3.941930744334936
4.012562039969984, 3.941998802245098
4.022518991483682, 3.942066260607081
4.032475904887681, 3.942133160038276
4.042432787, 3.9421995340686005
4.052389643165309, 3.942265410378248
4.062386072126501, 3.942574575154036
4.072438921051884, 3.9432205993840572
4.082516791513432, 3.9438719772302373
4.092553721, 3.944315582364427
4.102616675543595, 3.9447242289845446
4.112683999235228, 3.945037270299594
4.122736031793072, 3.9451632129463143
4.132794422131517, 3.9451967123340057
4.142702193143305, 3.9439236475429804
4.1525384370033365, 3.9423001906215216
4.162338522297919, 3.9409836589257443
4.1721430423301955, 3.939788678369367
4.1819564459444605, 3.9386870544616617
4.191866345736615, 3.9381505601512363
4.2019077843015005, 3.9383873686138866
4.211985528351506, 3.938734622181092
4.222078458965987, 3.9390244110201116
4.232124768834716, 3.9390986799023997
4.242142949510229, 3.9379025429925973
4.252013780636406, 3.936302292957255
4.261815614243377, 3.935002737220409
4.271620405043439, 3.933824501775787
4.281434038235943, 3.9327412606257695
4.291300277437816, 3.931993528222405
4.301228481292406, 3.931676978189513
4.311217373349923, 3.9317053406556877
4.321274390331829, 3.9320900541535826
4.331354247788351, 3.9324857448443815
4.341433476917361, 3.932154162839765
4.351424100012528, 3.9315377950705437
4.3613718755406135, 3.9310499862745205
4.371317137466184, 3.9305804759359253
4.381262642054288, 3.930113271081566
4.3912083522614695, 3.9296459857613364
4.401154211171009, 3.9291783800983193
4.4111609916918235, 3.9280821684657408
4.421061818828581, 3.926775806526862
4.430932489198032, 3.9259395912817285
4.440862183952021, 3.925552785783621
4.450806255566731, 3.9252694086159265
4.460752901650348, 3.925005499633328
4.470700734187097, 3.924746544658324
4.480649408488493, 3.9244897713315763
4.490647342, 3.924477071016355
4.500714069824375, 3.924800909202222
4.510801088896216, 3.9251305845486857
4.5208617764261625, 3.925289403819684
4.530809651025792, 3.9249384692968734
4.540686502140822, 3.9238126485423868
4.5505499708644965,3.922387377
4.560417589253215, 3.9210568861194903
4.570295345252564, 3.919808122210762
4.580183847487843, 3.9186476349047035
4.590085115814435, 3.9175916309703807
4.599993636617645, 3.916620623013538
4.609944679625189, 3.9162735194940486
4.619971611246687, 3.9167479683771145
4.630023639459447, 3.9168018005085576
4.640067463322251, 3.916760825357116
4.650133370416107, 3.9161025435743864
4.660074276804393, 3.914946403080233
4.669922450206601, 3.9140834701938556
4.679839970530468, 3.913819585386309
4.689865606, 3.914339117177107
4.699929600522378, 3.914398183750328
4.709930812306255, 3.9141477823367006
4.719934708, 3.9142446688639603
4.730000423022916, 3.9136275209735536
4.739946940712305, 3.912501846688875
4.749799421, 3.9116738329124585
4.759649364969151, 3.9109688658691826
4.7695670414973295, 3.910838237478687
4.779547110998561, 3.911176566700398
4.789511293020751, 3.911186641074439
4.799488798871936, 3.9111764114988863
4.809467186875053, 3.9111576950206612
4.819467640427682, 3.9114480298491134
4.829514676041711, 3.912134896973639
4.839582150405586, 3.9128376353985277
4.849636147, 3.9133894637612405
4.859684251127436, 3.913812887352455
4.869786462925056, 3.912936902742145
4.879713262145643, 3.911642963073384
4.889554163267728, 3.910664354596639
4.899394814346621, 3.9098085298183483
4.909314697761605, 3.909523883444586
4.919346048095567, 3.9100157279077394
4.929413565126859, 3.9106189531254563
4.939495194222228, 3.911163275757595
4.949536130329584, 3.911483891647094
4.959607991730112, 3.911785667753045
4.969673102485907, 3.911450518069055
4.979661706, 3.910783779677947
4.9896625329941084, 3.909616917905469
4.999602303318802, 3.9084688711930786
5.009536753, 3.9078926177208517
5.019526064731806, 3.9068724829134975
5.029480474250782, 3.9058411069989307
5.039402524914713, 3.905033270493021
5.049303233302429, 3.903926188014912
5.059204279568952, 3.9028908314262796
5.069154937179955, 3.9024893898669126
5.079188609125457, 3.902901021960461
5.089254789843806, 3.903430254539879
5.099334651782094,3.903904509
5.109405151889441, 3.904239592162076
5.1193216670556945, 3.9031924091313526
5.129192817335355, 3.901795635639951
5.1390156545077765, 3.900682521131351
5.148841284488472, 3.899689016990201
5.158674126561559, 3.8987907708476857
5.1685135961135735, 3.8979852457247524
5.178359031081996, 3.897273188776677
5.188272513377344, 3.897132464130812
5.198283640131191, 3.8977745432387993
5.208332334200028, 3.8985320391822267
5.218397714400269, 3.8992351895025292
5.228470293477602, 3.8998408872226147
5.238509121842416, 3.9002224321036976
5.248569293697842, 3.8993482307209013
5.258487293564263, 3.898046334216387
5.268326621207798, 3.8970591206516096
5.278165821635213, 3.8961954115669752
5.288084603621838, 3.8959034339047447
5.298115130265826, 3.8963885651478667
5.308182118195262, 3.8969854857388584
5.318262384500947, 3.897520679847069
5.328308817901114, 3.8978551643138797
5.338356631710768, 3.8969061150630857
5.348265128839618, 3.8955518717292783
5.358097220710003, 3.8944961181396476
5.367929543828077, 3.893561461441724
5.377768386750898, 3.8927219426304798
5.3876849866414345, 3.892451060178849
5.397710887823679, 3.8929585847300126
5.407773688, 3.8935790317535672
5.4178501135464545, 3.894143571708823
5.427909591177669, 3.8945419402028114
5.437834962880668, 3.8935824111629063
5.447718650799231, 3.892275316922949
5.457551591797207, 3.8912497986940964
5.467386279970058, 3.890343436648273
5.477227325457847, 3.889532190194448
5.487074132895957, 3.888813586886665
5.496926032428088, 3.8881883973081997
5.506782360364794, 3.8876577234876333
5.516642424781079, 3.8872225476299334
5.526505496250559, 3.886883686243314
5.5363708075252696, 3.886641807974237
5.5462375562441615, 3.8864974578064198
5.556104908717231, 3.886451078400686
5.565972003967363, 3.886503027618892
5.575852512937425, 3.8871325022654863
5.585766613567006, 3.888553566689274
5.595719305131037, 3.890096081107094
5.605695571820336, 3.8915878450050783
5.615691129946976, 3.8929977617001783
5.625687784607561, 3.8942551318011183
5.6356777060165255,3.895360524
5.645739668098587, 3.895876409204177
5.6557840399582275, 3.8963100147834218
5.665821512472564, 3.897211112579876
5.675868353147278, 3.8981063515917236
5.6858176291134495, 3.898430921966251
5.695767273737561, 3.898376795557161
5.7057149329523815, 3.8983953160959115
5.715664490488991, 3.8984315627643626
5.725615732898567, 3.8984678427681647
5.735568186472393, 3.8985018471440736
5.7455215702697116, 3.8985336372144106
5.755517352894953, 3.898797369335857
5.765573472906764, 3.899404657384476
5.7756499720319265, 3.8994328698650995
5.785657064, 3.8991359894177817
5.795618292282592, 3.8989686726740316
5.805670427011937, 3.898153058258064
5.8156045254275535, 3.897136676114721
5.825454724245288, 3.896352194729079
5.835307441, 3.8956799007189735
5.845167105392007, 3.8951033544366207
5.855031953789618, 3.894621118491419
5.864901004866011, 3.8942339462853193
5.874773248431897, 3.8939427975670555
5.884647696825142, 3.8937485236877074
5.894523373679189, 3.893651835841608
5.904399305291613, 3.893653318300718
5.914295203938844, 3.8942155155014717
5.924232975, 3.8955796156589733
5.934205259613512, 3.8970721005333315
5.944196431815974, 3.8985165535128514
5.954200277, 3.899880521317544
5.964210288670493, 3.9011562762113625
5.9742079825930565, 3.9009469833018833
5.984164270139226, 3.900420489296951
5.994047570733927, 3.900187366486646
6.003926467, 3.9000753654232634
6.013833788575451, 3.900538576210704
6.023789709474009, 3.9017849191587284
6.033915452294737, 3.9018746477296697
6.043911912657624, 3.9015724835113454
6.053827055741518,3.902031409
6.063913090239428, 3.902408414541322
6.073975865210819,3.902163569
6.083882454054071,3.902239651
6.093758038416596, 3.9024518791780856
6.103628192279291, 3.902765246954666
6.113493657830184, 3.9034205684902656
6.123357746407257, 3.904514722406412
6.133229411940468, 3.905715463417061
6.1431042872340305,3.90693915
6.153183228308194, 3.9075283087694546
6.163157839646977, 3.908163527067699
6.173017052121794, 3.9093511951860958
6.182876216129494, 3.910663992572381
6.192736233658081, 3.9120022687305407
6.202595616186725, 3.913348371447713
6.212454134197907, 3.9146987305777157
6.222311847073942, 3.9160522914861646
6.232168856034441, 3.9174085114757884
6.242025258, 3.9187670007227338
6.2518811372330525, 3.9201274487822833
6.261736566916759, 3.921489602350015
6.271591608485959, 3.9228532535796528
6.281626996513856, 3.9236336186925964
6.291604209287887,3.924177264
6.301462226339377, 3.924925534930571
6.311304005651317,3.925782631
6.321135797, 3.926735570857237
6.330956860016748, 3.9277830439371852
6.340766284814346, 3.9289255151869917
6.350563186684405, 3.9301636111911384
6.360346681182247, 3.9314978647814227
6.3701158754259195, 3.9329286908165204
6.379869865668368, 3.9344563988253443
6.389607737182871,3.936081209
6.399328565087607, 3.9378032670872125
6.409031415566642, 3.939622654817151
6.418715347221025, 3.941539400881813
6.428379461612894, 3.943553520863216
6.437971447376446, 3.9459044765445133
6.447480227013123, 3.948689766039845
6.456984662031934, 3.9515852773074034
6.466490552442082, 3.9545067459100305
6.475996911320138, 3.957438054718496
6.485503318956434,3.96037539
6.495009627461597, 3.963317283694635
6.504837670827415, 3.9656618414967757
6.5145845872964205, 3.967817863486208
6.524171727702582, 3.970142762117214
6.533726640223401, 3.9725705040880834
6.543257225712382, 3.9750929649009534
6.552762514425807, 3.9777090538236894
6.562241226790816, 3.980418891249179
6.571692147603788, 3.9832227251832637
6.5810473017103455, 3.9863455477526606
6.590217682360055, 3.9901256526601068
6.599294794137411, 3.9943587922912713
6.608400481082834, 3.998640768916034
6.617546177690109, 4.002868374292837
6.626730905440101, 4.007020124717909
6.6359578862180335, 4.011035724339993
6.6452400899984445, 4.0148731180367845
6.654562994736009, 4.018615363731534
6.663921065281743, 4.022279309065848
6.673314238287727, 4.025843979304613
6.682741503, 4.029315302481602
6.692201361,4.032705908
6.701693954249496, 4.035995220568276
6.711218377748258, 4.039189412433066
6.720773444395704, 4.042301268927479
6.730358624754672, 4.045310370718837
6.739973105094832, 4.048223044307129
6.749616048, 4.0510521466361915
6.759286272962326, 4.053777357648531
6.768983076, 4.0564051003386945
6.778705991434707, 4.0589482863996205
6.788453215703982, 4.061386684813111
6.798224171697603, 4.063726790268548
6.808018770513767, 4.065981553828336
6.817834603095615, 4.068130828802016
6.8276712469349485, 4.0701811469252585
6.837529010109127, 4.0721454654123574
6.847404891, 4.074003724858438
6.857298631395111, 4.075762482468356
6.867210939921561, 4.0774347005120415
6.877138230641611, 4.079000418371266
6.8870804082537385,4.080466201
6.897038571565007, 4.081845005449058
6.9070085498393174, 4.083116980765108
6.916990417, 4.0842886882215375
6.926985677804383, 4.085373067508047
6.936989596442034,4.086350396
6.946953715144241,4.086839916
6.956901937207891, 4.086982637856432
6.966841005533079, 4.0871999891363835
6.976782684627921, 4.087431864149039
6.9867269699115315, 4.087662000139217
6.996673180124532, 4.087888454751058
7.006620878912776, 4.088111500594141
7.016569755779371, 4.088331704554129
7.0265195725654985, 4.0885496078218475
7.036470142, 4.088765679084679
7.046421316961136, 4.088980314944103
7.056372978621168, 4.089193848229275
7.066325032988982, 4.089406557035012
7.0762774215599915, 4.089618673398815
7.0862300157309965, 4.089830392994462
7.096182704126768, 4.090041875060596
7.106135481634527, 4.090253252037404
7.116088330373949, 4.090464633604523
7.126041235013481, 4.090676110373243
7.135994183075943, 4.090887757270134
7.145947164411996, 4.091099636256535
7.155900170745967,4.091311799
7.165853195314484, 4.091524286532503
7.175806233, 4.091737135166595
7.185759277995943, 4.091950373383724
7.1957123278322905, 4.092164025078154
7.205665379016597, 4.092378109990049
7.215618429018622, 4.092592644426337
7.2255714757514635,4.092807642
7.235524517491943, 4.093023113407943
7.245477552815602, 4.093239068268718
7.2554305805435515, 4.093455514029122
7.265383599698942, 4.093672456957606
7.275336609, 4.093889902231218
7.2852896091870445, 4.094107854125562
7.2952425982857045, 4.0943263161717445
7.305231172, 4.094779631719818
7.315272712337502, 4.095579330391814
7.325334806294471, 4.096389864974823
7.335384616269082,4.097060884
7.345429280502281, 4.097561435257398
7.355478436556334, 4.097952491037145
7.365530818541711, 4.0982456250758155
7.375588251130533,4.098453045
7.385644444137138, 4.098555062154602
7.395700231233183, 4.098557793724515
7.405758754857744, 4.098473875837763
7.415813013236103, 4.0982839910927975
7.425863927521857, 4.097994359038651
7.435914986926329, 4.097617653243854
7.445958651566386, 4.097134863387908
7.455995991194006, 4.096552214563894
7.466030920634279, 4.0958823630192125
7.476055413498821, 4.095106565971543
7.4860706949983555, 4.094231019436658
7.496081051608771, 4.093268332646026
7.5060779091474465, 4.092200015955564
7.516062658540714, 4.091032203438225
7.526039962321625, 4.0897774344877424
7.536000559, 4.088417507481206
7.545946000080888,4.086958498
7.555881415775373, 4.085412849472889
7.565796935606719, 4.083762647803583
7.575694104654905, 4.082013944704583
7.585578434,4.080179096
7.595439752368247, 4.078240425783492
7.605279906765677,4.076203832
7.615104744, 4.074081580782185
7.6249035679329245, 4.071856285391454
7.634678403310215, 4.069533734166895
7.644435460562393, 4.067126076727146
7.654163526836546, 4.064616232278147
7.663864800612454, 4.062009870023809
7.673545854095063, 4.0593190170079385
7.683194966300376,4.056526913
7.692814508036716, 4.053639102879892
7.702411404088736, 4.050667474592336
7.711973433649692, 4.047595602639553
7.721503136461597, 4.0444289011395735
7.731007785141038, 4.041179108363524
7.740474669668465,4.03783015
7.749906495, 4.034387305760358
7.759310872752533, 4.030862148604372
7.768674611312891, 4.027238970962703
7.778000578607074, 4.0235229137713056
7.787296718723086, 4.019725374654526
7.796549373039324, 4.015831030073724
7.8057615675395144, 4.011844879157202
7.814941571798927, 4.007778129543567
7.8240752699291995, 4.003615856912919
7.833165842637319, 3.9993629161203503
7.842221876122649, 3.9950303107835543
7.8512288083290995, 3.990603530859265
7.860189971756014, 3.9860872855924376
7.869114262081066, 3.9814923613020246
7.877986683540907, 3.9768046774110815
7.886810687466071, 3.9720287466414095
7.895595396, 3.967174997304526
7.904325382060034, 3.962229768632003
7.913076950962838, 3.9571479432063295
7.9215913250860215, 3.9521615595768007
7.930106693682683, 3.9470558015659765
7.938543128139531, 3.9418741800463906
7.946980873350505, 3.9365500896640993
7.955348054864165, 3.9311616731122836
7.963653341756699, 3.9256872431500267
7.971919239411236, 3.9201419345195267
7.980117093855942, 3.914506276025743
7.988263049250044, 3.9087915422387134
7.9963552886696245, 3.902999646510436
8.004388037583563, 3.897126539220323
8.012353959737466, 3.8911681226298542
8.020275592840154, 3.8851400755251357
8.028123681341015, 3.8790248336670428
8.035914713828697, 3.8728329858099184
8.043647333486263, 3.866566500174306
8.051315196145667, 3.8602219099812802
8.058911139584367, 3.8537954710181244
8.066458175, 3.8473016922249146
8.073926439, 3.840724693168569
8.081332661359193, 3.834074260028168
8.088675946978743, 3.8273522973862817
8.095949382, 3.8205559027123166
8.103146013715739, 3.813681654899485
8.110289249573317, 3.806742821788539
8.117348709156019, 3.799725217667011
8.124341334116584, 3.7926378250577484
8.13126668, 3.785482427639682
8.138117292278512, 3.778256701389474
8.144886448466083, 3.7709575485564817
8.151597897863473, 3.7635969482833347
8.158220818268164, 3.7561624304964147
8.164772349, 3.7486621742233015
8.171252461198934, 3.741097803231169
8.177653224692595, 3.733467597512432
8.183968154317608, 3.7257687967910975
8.190221298, 3.7180120434705484
8.196381452643342, 3.710186617799631
8.202465962561314, 3.7022998819009922
8.208475162, 3.6943532754885324
8.214400718, 3.6863456909286176
8.220236376471155, 3.6782747227926356
8.226006448673502, 3.6701496224692924
8.231679410731404, 3.6619614685388466
8.237272827130166, 3.653716784921311
8.242787331291158, 3.6454168208376085
8.248214287745204, 3.637061081332412
8.253547650406881, 3.628647540592554
8.258811965892091, 3.620183995104067
8.263975425916856, 3.6116633565851766
8.269055827682227, 3.6030912538072313
8.274054023242392, 3.594468750065406
8.278961175753256, 3.5857959454505504
8.283771418960676, 3.577071214145243
8.288509513033112, 3.568300844308175
8.293143436041662, 3.5594796614179622
8.297691243998637, 3.5506123453440304
8.302153936629226, 3.5416998071315597
8.306522594036196, 3.5327427248359684
8.310791504, 3.5237399102558404
8.314985577814223, 3.5146960473118063
8.319072663994856, 3.505607958050358
8.323071063405008, 3.4964792775957436
8.326511039, 3.4871481686873214
8.329897191302617, 3.4778137381163843
8.333716938705736, 3.4686283575873365
8.337467599742112, 3.4593919151794714
8.341075103, 3.4501082362719617
8.344616780133011, 3.4407877436835332
8.348051008917013, 3.431431447226099
8.351395708703487, 3.422042147676498
8.354651752, 3.4126204330683656
8.357810124555435, 3.4031677639993467
8.360865045755135, 3.393683946695494
8.363841543, 3.3841698242923433
8.366235695837846, 3.374519436137301
8.368359302, 3.364849311538976
8.370825469190093, 3.3552805936810186
8.373613339, 3.3457245397772795
8.376330083843353, 3.336131824620272
8.378886189331265,3.326504995
8.380896650273256, 3.316793188280544
8.382679934, 3.3070637339336812
8.384461599787784, 3.297363890595585
8.386190342517912, 3.2876401429528643
8.387911601720766, 3.2779089559516716
8.389618552256861, 3.2681745827180637
8.391308823, 3.2584386861997756
8.393007514, 3.2486984286976943
8.394685321011657, 3.2389585125206235
8.396355878997126, 3.2292329594409805
8.398036, 3.2194355394357115
8.399699393977153, 3.2096021971791484
8.401354407741985, 3.199781675963517
8.403019132109897, 3.1899595939658094
8.404673061708836, 3.180136970945666
8.406631020709291, 3.170357741506551
8.408989683130846, 3.1605373135627755
8.411271440517645, 3.150845599365798
8.413416912161614, 3.141313300356192
8.415477644726474, 3.1317429655475384
8.417042681544483, 3.121897120573174
8.418553292551204, 3.1121005762583693
8.420431392831278, 3.1023213819772546
8.422281906156565, 3.0925179903000553
8.423931670296763, 3.0827002763256592
8.425505837980136, 3.0728611448646173
8.426510232739417, 3.0630082772205838
8.427296745060358, 3.053158930434167
8.428085980415338, 3.0433335916783726
8.428809003482831, 3.033502625729445
8.429513607818693, 3.0235355466404905
8.430196844, 3.013598272341628
8.430874917850241, 3.003658964893327
8.431561437690881, 2.993715948326056
8.432236816420817,2.983772422
8.432907627582626, 2.9738275827072376
8.433588022, 2.9638800908216676
8.434258117602099, 2.953932905021855
8.434924282048225, 2.9439850869106836
8.435600684300839, 2.9340351325538543
8.436267278, 2.924085928433251
8.436930329644547, 2.9141364578571474
8.437604005170957, 2.9041851159800647
8.438268159704275, 2.894234752847443
8.438928996630345,2.884284318
8.439600672212965, 2.874332164926073
8.440262984354487, 2.8643811253825704
8.440922101876929, 2.854430124662653
8.441592177786577, 2.8444774873221803
8.442252980661658, 2.834526036088967
8.442910659689245, 2.8245746845093698
8.443579365471365, 2.8146217409725893
8.444238849594027, 2.8046700242056612
8.444895249909697, 2.7947184409985293
8.445562715606199, 2.7847652900276785
8.446220989,2.774813389
8.446876201044963,2.76486164
8.447542501, 2.754908336989971
8.448199624, 2.7449562967231667
8.4488537, 2.7350044200011685
8.449518875855238, 2.7250509952255935
8.450174885622232, 2.715098841343765
8.450827855098172, 2.7051468573000315
8.451491931758998,2.695193328
8.452146848371292, 2.6852410753180203
8.452798729325663, 2.6752889957497334
8.453461722, 2.6653353726892792
8.454115558036756, 2.6553830284558675
8.454766361490346, 2.6454308600893044
8.455428279278024, 2.6354771484541613
8.456081043175324, 2.6255247178170045
8.456730776332972, 2.615572464542856
8.457391625659898, 2.6056186676178443
8.458043322877893, 2.595666153330289
8.458691990806717, 2.5857138174528886
8.459351776225086, 2.5757599372045115
8.460002411,2.565807341
8.460650017500027, 2.555854923870538
8.461308742589612, 2.545900961527323
8.461958318148023, 2.5359482843359586
8.462604866552109, 2.525995787004206
8.463262534346297, 2.5160417433813262
8.463911053668468, 2.506088985988591
8.464556546724948, 2.496136409029868
8.465213159949155, 2.4861822847107313
8.465860625691583, 2.476229447645901
8.466505066003176,2.466276792
8.467160627208264, 2.456322586982246
8.467807041882434, 2.4463696706672726
8.468450431929828,2.436416936
8.469104943566787, 2.4264626513939356
8.469750309600817, 2.416509656190232
8.470392651794196, 2.406556842941979
8.471046116255923, 2.396602478992091
8.471690436029133, 2.386649405226714
8.472331732737018, 2.3766965138964804
8.472984152, 2.3667420707366302
8.473627428243882, 2.356788918716925
8.474267682, 2.3468359496065445
8.474919058973592, 2.3368814275376764
8.475561293255781, 2.3269281975594756
8.476200506, 2.3169751509611674
8.476850843011533, 2.3070205502760484
8.477492038, 2.297067242628262
8.478130212281112, 2.287114118828384
8.478779511441326,2.27715944
8.479419669509596, 2.2672060547819064
8.480056807564532, 2.2572528540630596
8.480705071183094, 2.2472980970052454
8.481344194600815, 2.2373446348690473
8.481980298761469, 2.227391357511258
8.482627529136106, 2.2174365226913557
8.483265620198821, 2.2074829837313095
8.483900692758825, 2.1975296300126823
8.484546892181417, 2.1875747177109734
8.485183953178971, 2.1776211022049603
8.486129578737302, 2.1676710172221036
8.487471690484613, 2.1577034001685753
8.488825087656894, 2.1477138496210046
8.489465941580946, 2.137717828235381
8.489789780798843, 2.1277267398304742
8.490249451796812, 2.117787429514111
8.490727705534082, 2.1078498469081404
8.491207294330886, 2.097910692464266
8.491685751294773, 2.087970406617918
8.492162958390589, 2.0780292550284525
8.492639145624127, 2.068087411960837
8.493114560656768, 2.058145010679672
8.493589419242308, 2.048202157881128
8.494063902421535, 2.038258940053313
8.494538160840937, 2.0283154276229323
8.49501232, 2.018371678090221
8.495486482239409, 2.0084277384972165
8.495960734831455, 1.9984836473956527
8.496435148490011, 1.9885394364253992
8.496909782132732, 1.9785951315860948
8.497384685, 1.968650754265387
8.497859896011528, 1.958706322073092
8.498335449977553, 1.9487618495198362
8.498811374031325, 1.938817348570546
8.499287691006355, 1.9288728290968444
8.499764419783437, 1.9189282992474894
8.500241575972948, 1.9089837657521775
8.500719172479766, 1.8990392341710354
8.501197219970884, 1.8890947090997332
8.501675727262406, 1.8791501943382758
8.502154701639707, 1.8692056930300087
8.502634149122345, 1.859261207776175
8.503114075,1.849316741
8.503594482429506, 1.8393722936764667
8.504075375753063, 1.8294278680929157
8.504556757,1.819483465
8.505038629842698, 1.8095390860328147
8.505520994825934, 1.7995947314191696
8.506003853975518, 1.789650402067793
8.506487208586949, 1.7797060985638868
8.506971059727146, 1.769761821395371
8.507455408274089, 1.7598175709697523
8.507940254949544, 1.7498733476280683
8.508425600346124, 1.7399291516564055
8.508911444949668, 1.7299849832954266
8.509397789157772,1.720040843
8.509884633295044, 1.7100967301869123
8.510371977625763, 1.700152645757838
8.510859822, 1.6902085895861982
8.511348167684002, 1.6802645617796266
8.511837013723818, 1.670320562431254
8.512326360594743, 1.6603765916222193
8.512816208384415, 1.650432649423747
8.513306557161215, 1.6404887358988616
8.513797406977606, 1.6305448511038114
8.514288757872892,1.620600995
8.514780609875514, 1.6106571679011557
8.515272963004904, 1.6007133695817368
8.515765817273055, 1.5907696001699925
8.516259172685828, 1.5808258597023097
8.516753029243997, 1.5708821482129094
8.517247386944135, 1.5609384657342216
8.517742245779344, 1.550994812297192
8.518237605739856, 1.5410511879315418
8.518733466813538, 1.5311075926659778
8.519229829, 1.521164026528368
8.519726692, 1.5112204895458838
8.520224056564745, 1.501276981745124
8.520721921935236, 1.4913335031522112
8.521220288, 1.4813900537928752
8.521719155743476, 1.4714466336925183
8.522218524, 1.4615032428762722
8.522718393506114, 1.4515598813690451
8.523218763817653, 1.4416165491955595
8.523719635053773, 1.4316732463803845
8.524456066280273, 1.4217034738644958
8.525540558, 1.4116916605173186
8.526637031, 1.4016592115856377
8.527033763080011, 1.3915852665117436
8.527114784618306, 1.381582343790764
8.527330708626987, 1.3716340663625168
8.527564140824708, 1.3616874832820811
8.527797925361066, 1.351739652868509
8.528029642690043, 1.3417908652975845
8.528259197481162, 1.3318413319033364
8.528486831299867, 1.3218911978736971
8.528712798631918, 1.3119405747001216
8.528937319634766, 1.3019895511223563
8.529160578, 1.2920381985614584
8.529382727213628, 1.2820865747955745
8.529603892792016, 1.2721347267305663
8.529824179603496, 1.2621826925546284
8.530043674163437, 1.2522305034337973
8.530262448028264, 1.2422781848557936
8.530480560373933, 1.2323257577013305
8.530698060133288, 1.222373239102494
8.530914987766451, 1.2124206431336209
8.531131376726396, 1.2024679813695545
8.531347254671724, 1.1925152633383018
8.531562644470037, 1.1825624968891666
8.531777565027808, 1.1726096884928998
8.531992031976715, 1.1626568434869693
8.532206058241112, 1.1527039662763536
8.532419655, 1.1427510604981732
8.532632829611615, 1.132798129156869
8.532845590860802, 1.1228451747353048
8.533057944297553, 1.1128921992861707
8.533269895, 1.1029392045072428
8.533481447, 1.0929861918033918
8.533692603540326, 1.0830331623376908
8.533903367788552, 1.073080117073567
8.534113741946898, 1.063127056809579
8.534323727953826, 1.0531739822081152
8.534533327414456, 1.0432208938190815
8.534742541658387, 1.0332677920994613
8.534951371787468,1.023314677
8.535159818715327, 1.0133615501258928
8.535367883199953, 1.0034084104531042
8.535575566, 0.9934552586321711
8.535782867250798, 0.9835020948483729
8.535989787775295,0.973548919
8.536196327806827, 0.9635957319905638
8.536402487647921, 0.9536425331588869
8.536608267551488, 0.9436893228567615
8.536813667729428, 0.9337361011647684
8.537018688, 0.9237828681520872
8.537223329592312, 0.9138296238784755
8.537427591554009, 0.9038763683959025
8.537631474, 0.8939231017499004
8.537834978079479, 0.8839698239806814
8.538038102813813, 0.8740165351240602
8.538240848623373, 0.8640632352122172
8.538443215567138, 0.8541099242743283
8.538645204, 0.8441566023370871
8.538846813057607, 0.8342032694251336
8.539048044, 0.8242499255614105
8.539248895630864, 0.8142965707674586
8.539449368912335, 0.8043432050636588
8.539649463564587, 0.7943898284694328
8.539849179615251, 0.7844364410034107
8.540048517089975, 0.7744830426835655
8.540247476012825, 0.7645296335273288
8.540446056, 0.7545762135516838
8.540644258292657, 0.7446227827732429
8.540842081691968,0.734669341
8.541039527,0.724715889
8.541236593109302, 0.7147624257829704
8.541433281165482, 0.7048089519540695
8.541629591,0.694855467
8.541825522064908, 0.6849019721414449
8.542021074943952, 0.6749484661884283
8.542216249465987, 0.6649949495579316
8.542411045648318, 0.6550414222651088
8.542605463508096, 0.6450878843250566
8.542799503062339, 0.6351343357528237
8.542993164, 0.6251807765634209
8.543186447321707, 0.6152272067718246
8.543379352060374, 0.6052736263929845
8.543571878560591, 0.5953200354418272
8.543764026838986, 0.5853664339332596
8.543955796912119,0.575412822
8.544147188796531, 0.5654591993034426
8.544338202508712, 0.5555055662119344
8.544528838065144, 0.5455519226225033
8.544719095482272, 0.5355982685499951
8.544908974776536,0.525644604
8.545098475964366, 0.5156909290150968
8.545287599062167, 0.5057372435823652
8.545476344086335, 0.49578354772587513
8.545664711053261, 0.48582984146044444
8.545852699979338, 0.47587612480088504
8.546040310880926, 0.46592239776200617
8.546227544, 0.45596866035861383
8.546414398676147, 0.44601491260551057
8.546600876, 0.43606115451749583
8.546786974569846, 0.42610738610936655
8.546972696,0.416153607
8.547158038692903,0.406199818
8.547343003881311, 0.3962460191122224
8.547527591176117, 0.38629220957155386
8.547711800593664, 0.37633838978471856
8.547895632150297, 0.36638455976649886
8.548079085862362, 0.3564307195316757
8.548262161746191, 0.34647686909502734
8.548444859818144, 0.33652300847133026
8.548627180094552,0.326569138
8.548809122591754, 0.31661525672188545
8.548990687, 0.3066613656256804
8.549171874313878, 0.2967074644015122
8.549352683571474, 0.28675355306414707
8.549533115115207, 0.2767996316283497
8.549713168961425, 0.2668457001088823
8.549892845126433, 0.25689175852050544
8.550072143626576, 0.24693780687797784
8.550251064478186, 0.23698384519605617
8.550429607697593,0.227029873
8.550607773301115, 0.21707589177304726
8.550785561305084, 0.20712190006146386
8.550962971725836, 0.19716789836949367
8.551140004579677, 0.18721388671188358
8.55131666, 0.17725986510337896
8.551492937651973, 0.16730583355872308
8.551668838,0.157351792
8.551844360652536, 0.14739774071992015
8.552019505916723, 0.13744367945525002
8.552194273711944, 0.1274896083133821
8.552368664054507, 0.1175355273090501
8.552542676960739, 0.10758143645698562
8.552716312446957,0.097627336
8.552889571,0.087673225
8.553062451224593,0.077719105
8.553234954548646,0.067764975
8.553407081, 0.057810834996153894
8.553578829148782,0.047856685
8.553750200457493,0.037902526
8.553921194460369, 0.027948356889279578
8.554091811173723,0.017994178
8.554262050613866,0.00803999
8.554431913,-0.001914209
8.554601397739749,-0.011868417
8.554770505458093,-0.021822634
8.554939235968448,-0.031776861
8.555107589287122,-0.041731098
8.555275565430405,-0.051685344
8.555443164,-0.0616396
8.555610386256026,-0.071593866
8.555777230970968,-0.081548141
8.555943698575721,-0.091502426
8.556109789086584,-0.10145672
8.556275502519856,-0.111411024
8.556440838891831,-0.121365337
8.556605798218808,-0.13131966
8.556770381,-0.141273992
8.556934585802926,-0.151228334
8.557098414,-0.161182685
8.557261865402543,-0.171137046
8.557424939748897,-0.181091416
8.557587637147996,-0.191045795
8.557749957616128,-0.201000184
8.557911901169577,-0.210954582
8.558073468,-0.22090899
8.558234657597582,-0.230863407
8.558395470504708,-0.240817833
8.558555906562292,-0.250772269
8.558715965786613,-0.260726714
8.558875648193956,-0.270681168
8.559034954,-0.280635631
8.559193882622823,-0.290590104
8.559352434676907,-0.300544586
8.55951061,-0.310499077
8.559668408545761,-0.320453577
8.559825830393079,-0.330408087
8.559982875537365,-0.340362606
8.560139543994882,-0.350317134
8.560295835781915,-0.360271671
8.560451750914723,-0.370226217
8.560607289409583,-0.380180772
8.560762451282766,-0.390135337
8.560917236550537,-0.400089911
8.561071645,-0.410044493
8.561225677334907,-0.419999085
8.561379333,-0.429953686
8.561532611892831,-0.439908296
8.561685514377542,-0.449862915
8.561838040354427,-0.459817542
8.561990189839756,-0.469772179
8.562141962849786,-0.479726825
8.562293359400783,-0.48968148
8.562444379508998,-0.499636144
8.562595023190694,-0.509590817
8.56274529,-0.519545498
8.562895181339558,-0.529500189
8.563044695839237,-0.539454888
8.563193834,-0.549409596
8.563342595770349,-0.559364314
8.563490981234295,-0.56931904
8.563638990385497,-0.579273775
8.563786623,-0.589228518
8.56393388,-0.599183271
8.56408076,-0.609138032
8.564227264,-0.619092802
8.564373392019126,-0.629047581
8.564519143635108,-0.639002369
8.564664519052082,-0.648957165
8.564809518,-0.65891197
8.564954141353978,-0.668866784
8.565098388271386,-0.678821606
8.565242259054749,-0.688776437
8.565385753720323,-0.698731277
8.565528872284336,-0.708686125
8.565671614763014,-0.718640982
8.565813981172612,-0.728595848
8.565955971529352,-0.738550722
8.566097586,-0.748505605
8.566238824,-0.758460497
8.566379686444847,-0.768415397
8.566520172752528,-0.778370305
8.566660283088522,-0.788325222
8.566800017469054,-0.798280148
8.566939375910373,-0.808235082
8.567078358428692,-0.818190024
8.567216965040233,-0.828144975
8.567355195761236,-0.838099935
8.567493050607915,-0.848054903
8.567630529596498,-0.858009879
8.567767632743212,-0.867964864
8.56790436,-0.877919857
8.568040711575904,-0.887874859
8.568176687294326,-0.897829869
8.568312287235754,-0.907784887
8.568447511416418,-0.917739914
8.56858236,-0.927694949
8.568716832560304,-0.937649992
8.568850929555959,-0.947605043
8.568984651,-0.957560103
8.569117996,-0.967515171
8.569250966432323,-0.977470248
8.569383560741626,-0.987425332
8.569515779419865,-0.997380425
8.569647622,-1.007335526
8.569779089948018,-1.017290635
8.569910181830346,-1.027245753
8.570040898146443,-1.037200878
8.570171238912518,-1.047156012
8.570301204144785,-1.057111154
8.570430793859439,-1.067066304
8.570560008072682,-1.077021462
8.570688846800726,-1.086976628
8.570817310059764,-1.096931802
8.570945398,-1.106886985
8.571073110235611,-1.116842175
8.571200447184834,-1.126797374
8.571327408729841,-1.13675258
8.571453995,-1.146707794
8.571580205672005,-1.156663017
8.571706041101548,-1.166618247
8.571831501191658,-1.176573486
8.571956585958535,-1.186528732
8.572081295418368,-1.196483986
8.57220563,-1.206439249
8.572329588481628,-1.216394519
8.572453172117438,-1.226349797
8.572576380510956,-1.236305082
8.572699213678375,-1.246260376
8.572821671635863,-1.256215678
8.572943754399612,-1.266170987
8.573065461985813,-1.276126304
8.573186794410633,-1.286081629
8.573307751690272,-1.296036962
8.573428334,-1.305992303
8.573548541,-1.315947651
8.573668372819823,-1.325903007
8.573787829680496,-1.335858371
8.573906911476866,-1.345813743
8.574025618225113,-1.355769122
8.574143949941416,-1.365724509
8.574261906641938,-1.375679903
8.574379488342865,-1.385635306
8.574496695060356,-1.395590715
8.574613526810593,-1.405546133
8.574729983609734,-1.415501558
8.574846065,-1.425456991
8.574961772419426,-1.435412431
8.575077104462322,-1.445367879
8.575192061618784,-1.455323335
8.575306643904996,-1.465278798
8.575420851337114,-1.475234268
8.575534683931304,-1.485189746
8.575648141703727,-1.495145232
8.575761225,-1.505100725
8.575873932847914,-1.515056225
8.575986266252002,-1.525011733
8.576098224898962,-1.534967249
8.576209808804949,-1.544922772
8.576321018,-1.554878302
8.576431852458628,-1.56483384
8.576542312,-1.574789385
8.576652397342277,-1.584744937
8.576762108,-1.594700497
8.576871443585116,-1.604656064
8.576980404756615,-1.614611638
8.577088991316353,-1.62456722
8.577197203280495,-1.634522809
8.577305040665179,-1.644478406
8.577412503486553,-1.654434009
8.577519591760764,-1.66438962
8.577626305503957,-1.674345238
8.577732644732267,-1.684300864
8.577838609461855,-1.694256496
8.577944199708838,-1.704212136
8.578049415489367,-1.714167783
8.578154256819584,-1.724123437
8.578258724,-1.734079098
8.578362816193634,-1.744034767
8.578466534269738,-1.753990442
8.578569878,-1.763946125
8.578672847280785,-1.773901814
8.578775442247997,-1.783857511
8.578877662877838,-1.793813215
8.578979509186444,-1.803768926
8.579080981189955,-1.813724644
8.579182078904484,-1.823680369
8.579282802346173,-1.833636101
8.579383152,-1.84359184
8.579483126,-1.853547586
8.579582727195401,-1.863503339
8.579681953706967,-1.873459099
8.579780806026307,-1.883414866
8.579879284,-1.89337064
8.579977388,-1.90332642
8.580075117992255,-1.913282208
8.580172473703943,-1.923238002
8.580269455304016,-1.933193804
8.580366063,-1.943149612
8.580462296233787,-1.953105427
8.580558155595721,-1.963061249
8.580653640910498,-1.973017077
8.580748752194243,-1.982972913
8.580843489463064,-1.992928755
8.580937852733072,-2.002884604
8.581031842,-2.01284046
8.581125457341098,-2.022796322
8.581218698711327,-2.032752192
8.581311566147189,-2.042708068
8.581404059664777,-2.05266395
8.581496179280201,-2.06261984
8.581587925009572,-2.072575735
8.581679296868982,-2.082531638
8.581770295,-2.092487547
8.581860919,-2.102443463
8.581951169388523,-2.112399386
8.582041045929145,-2.122355315
8.582130548680318,-2.132311251
8.582219678,-2.142267193
8.582308432878708,-2.152223142
8.582396814358113,-2.162179097
8.582484822112464,-2.172135059
8.582572456157834,-2.182091027
8.582659717,-2.192047002
8.582746603186038,-2.202002983
8.582833116201057,-2.211958971
8.582919255571474,-2.221914965
8.583005021,-2.231870966
8.583090413442845,-2.241826973
8.583175431975977,-2.251782987
8.583260076928855,-2.261739007
8.583344348,-2.271695033
8.583428246158183,-2.281651066
8.58351177,-2.291607105
8.583594921,-2.30156315
8.583677698552362,-2.311519202
8.583760102,-2.32147526
8.583842132702891,-2.331431324
8.583923789592717,-2.341387395
8.584005073047015,-2.351343472
8.584085983081868,-2.361299555
8.584166519713346,-2.371255644
8.584246682957522,-2.38121174
8.584326472830478,-2.391167841
8.584405889,-2.401123949
8.584484932527007,-2.411080063
8.584563602382707,-2.421036184
8.584641898931466,-2.43099231
8.584719822189347,-2.440948443
8.584797372172432,-2.450904582
8.584874548896762,-2.460860726
8.584951352378424,-2.470816877
8.585027782633471,-2.480773034
8.585103839677963,-2.490729197
8.585179523527968,-2.500685367
8.585254834199555,-2.510641542
8.585329771708771,-2.520597723
8.585404336,-2.53055391
8.585478527304343,-2.540510103
8.585552345422817,-2.550466303
8.585625790443155,-2.560422508
8.585698862381408,-2.570378719
8.585771561,-2.580334936
8.585843887075894,-2.590291159
8.585915839864231,-2.600247388
8.585987419634694,-2.610203623
8.586058626403345,-2.620159863
8.586129460186228,-2.63011611
8.586199921,-2.640072362
8.586270008858872,-2.65002862
8.586339724,-2.659984884
8.586409065780995,-2.669941154
8.586478034875729,-2.67989743
8.586546631,-2.689853711
8.586614854412757,-2.699809999
8.586682704887137,-2.709766292
8.586750182520136,-2.71972259
8.586817287327813,-2.729678895
8.586884019326188,-2.739635205
8.586950378531299,-2.749591521
8.587016365,-2.759547842
8.587081978625923,-2.769504169
8.587147219547486,-2.779460502
8.587212087739939,-2.789416841
8.587276583219296,-2.799373185
8.587340706001596,-2.809329535
8.587404456102881,-2.81928589
8.587467834,-2.829242251
8.587530838326494,-2.839198617
8.587593470480877,-2.849154989
8.587655730018344,-2.859111367
8.587717616954928,-2.86906775
8.587779131306647,-2.879024139
8.587840273089526,-2.888980533
8.587901042319595,-2.898936932
8.587961439012865,-2.908893337
8.588021463185354,-2.918849748
8.588081114853091,-2.928806164
8.588140394032083,-2.938762585
8.588199300738351,-2.948719012
8.588257834987918,-2.958675444
8.588315996793993,-2.968631882
8.588373786167319,-2.978588324
8.588431203,-2.988544768
8.588488247,-2.998501214
8.588544919264793,-3.008457663
8.588601218665543,-3.018414115
8.588657145612776,-3.028370569
8.588712700123823,-3.038327026
8.588767882,-3.048283485
8.588822691906824,-3.058239947
8.588877129213625,-3.068196411
8.588931194153895,-3.078152878
8.588984886745116,-3.088109347
8.589038207004792,-3.098065819
8.589091154950438,-3.108022293
8.589143731,-3.11797877
8.589195934,-3.127935249
8.589247765078525,-3.13789173
8.589299223943419,-3.147848214
8.589350310582006,-3.1578047
8.589401025011846,-3.167761189
8.589451367250511,-3.177717679
8.589501337315562,-3.187674173
8.589550935224569,-3.197630668
8.589600161,-3.207587166
8.589649014644735,-3.217543666
8.589697496191032,-3.227500169
8.589745605651563,-3.237456674
8.589793343043912,-3.247413181
8.589840708385646,-3.25736969
8.589887701694332,-3.267326201
8.589934322987547,-3.277282715
8.589980572,-3.287239231
8.590026449597845,-3.297195749
8.590071955,-3.307152269
8.590117088357095,-3.317108792
8.590161849836498,-3.327065316
8.590206239405841,-3.337021843
8.590250257082698,-3.346978372
8.590293902884632,-3.356934903
8.590337176829197,-3.366891435
8.590380078933968,-3.376847971
8.590422609216505,-3.386804508
8.590464767694373,-3.396761047
8.590506554,-3.406717588
8.590547969306321,-3.416674131
8.590589012475526,-3.426630676
8.590629683910299,-3.436587224
8.590669983628185,-3.446543773
8.590709911646753,-3.456500324
8.590749467983551,-3.466456877
8.590788653,-3.476413432
8.590827465682063,-3.486369989
8.590865907078879,-3.496326548
8.590903976864137,-3.506283109
8.590941675055388,-3.516239671
8.590979001670176,-3.526196236
8.591015956726055,-3.536152802
8.591052540240565,-3.54610937
8.591088752,-3.55606594
8.591124592715675,-3.566022512
8.591160061711363,-3.575979086
8.591195159235866,-3.585935661
8.591229885306717,-3.595892238
8.591264239941466,-3.605848817
8.591298223157642,-3.615805398
8.591331835,-3.62576198
8.591365075404449,-3.635718564
8.591397944470158,-3.64567515
8.591430442187441,-3.655631737
8.591462568573846,-3.665588327
8.591494324,-3.675544917
8.591525707424134,-3.68550151
8.591556719923084,-3.695458104
8.591587361161269,-3.7054147
8.591617631,-3.715371297
8.591647529925494,-3.725327896
8.591677057486582,-3.735284496
8.591706213857028,-3.745241098
8.591734999054355,-3.755197702
8.591763413096082,-3.765154307
8.591791455999738,-3.775110913
8.591819127782847,-3.785067522
8.591846428462922,-3.795024131
8.591873358057493,-3.804980742
8.591899916584067,-3.814937355
8.591926104060166,-3.824893969
8.591951920503313,-3.834850584
8.591977365931013,-3.844807201
8.592002440360798,-3.854763819
8.592027143810157,-3.864720439
8.592051476296627,-3.87467706
8.592075437837703,-3.884633682
8.592099028450912,-3.894590306
8.592122248153752,-3.904546931
8.592145096963733,-3.914503558
8.592167574898358,-3.924460185
8.592189681975146,-3.934416814
8.592211418211594,-3.944373445
8.592476287,-3.954371816
8.593078235637822,-3.96442555
8.593683020370799,-3.974496893
8.594081006174216,-3.984530914
8.594450899397442,-3.994594763
8.594722092,-4.004656738
8.594805671163263,-4.014693547
8.594796778670014,-4.024736555
8.594682979277476,-4.034777018
8.594469961816174,-4.04481446
8.594170242767452,-4.054852697
8.593764667169802,-4.064884519
8.593259477087612,-4.074910997
8.592667188203725,-4.084936226
8.591968971779126,-4.094952369
8.5911711,-4.104960601
8.590286054012449,-4.114965327
8.589295285226621,-4.124958119
8.588205035489919,-4.134940278
8.587027729982218,-4.144916552
8.585745101061892,-4.154877966
8.584363336,-4.164825962
8.582894779268422,-4.174765632
8.581321441082036,-4.18468747
8.579649436468243,-4.194593072
8.577891016607342,-4.204487885
8.57602847,-4.214361881
8.574067826375884,-4.224216818
8.572021227189161,-4.23405853
8.569871255,-4.243876384
8.567624011,-4.253671815
8.565291533394232,-4.263450995
8.562856788,-4.273202648
8.560325564214766,-4.282928975
8.557709815,-4.292636447
8.552180054594825,-4.311962416
8.549283837643499,-4.321589277
8.546287681721855,-4.331182062
8.543197130227947,-4.340743342
8.540023875,-4.350280241
8.536751813117899,-4.359780263
8.533386362808342,-4.369246122
8.529939049082673,-4.378685286
8.526394134509026,-4.388084781
8.522756897249083,-4.39744749
8.519038682903846,-4.406781213
8.515224131797332,-4.41607251
8.511318377512103,-4.425324426
8.507332574314459,-4.43454509
8.503251757263358,-4.443720607
8.499080914328195,-4.452854185
8.494830996,-4.461954269
8.490487443,-4.471006523
8.486055024398217,-4.480014266
8.481544347244192,-4.48898619
8.476941252,-4.497907526
8.472250432948643,-4.506781799
8.467482377647855,-4.51561803
8.462623410561438,-4.524401064
8.457640713298893,-4.533141535
8.452864549,-4.541579956
8.447923644485664,-4.550089322
8.442869813141973,-4.558540264
8.437721769951992,-4.566945102
8.432489287005408,-4.575294001
8.427172789482933,-4.583586502
8.421780143,-4.591837309
8.416304460184152,-4.600027782
8.410748810470714,-4.608161724
8.405117824450729,-4.616251798
8.399405267,-4.624278953
8.393614095201944,-4.632247178
8.387748612,-4.640169256
8.381803171611695,-4.648025943
8.375780640995245,-4.655821341
8.369684977282189,-4.663568345
8.363511111025447,-4.671247537
8.357261796060667,-4.678863136
8.350940627,-4.686428131
8.344543125826425,-4.693922945
8.338071935722317,-4.701351898
8.331530285042316,-4.708728054
8.324914283287912,-4.716031701
8.318226444698054,-4.723267264
8.311469621983749,-4.730447872
8.304640515239036,-4.737553699
8.297741506178268,-4.744589264
8.290775063381902,-4.751567752
8.283738481327045,-4.758469241
8.276634006635724,-4.765298341
8.269463722202651,-4.772068276
8.262225519906638,-4.778759051
8.254921504,-4.785375362
8.247553366265976,-4.791930461
8.240119599698117,-4.798404306
8.232622168946177,-4.804801664
8.225062375781006,-4.811135807
8.217439317,-4.817386662
8.209754813,-4.823559064
8.202009767,-4.829666295
8.194203883545466,-4.835688276
8.186338838186419,-4.841629904
8.178415140925317,-4.847504457
8.170433101899404,-4.853291874
8.162394256569412,-4.858997105
8.154298721150075,-4.864633409
8.146147411,-4.870180767
8.137941715,-4.875644174
8.129681353927117,-4.88103687
8.121367845175895,-4.886338894
8.113002438417968,-4.891555281
8.104584455661735,-4.896699235
8.096116017103942,-4.90175088
8.087598231,-4.906715279
8.079030020780205,-4.911605597
8.070414106582875,-4.916402059
8.061751457751475,-4.921109752
8.053040606025112,-4.92574178
8.044284863913749,-4.930278494
8.035485063074827,-4.934724997
8.026640350347142,-4.939089005
8.017753661056119,-4.943371505
8.008823752695736,-4.947570078
7.999852551450897,-4.951676984
7.990840942298718,-4.955696196
7.981791523458917,-4.959618278
7.972700646827331,-4.963460572
7.963573023,-4.967209292
7.954410146289773,-4.97085825
7.945208782685286,-4.974426099
7.9359730508928745,-4.977897682
7.926703016259427,-4.981278873
7.917400038613484,-4.984566216
7.908064526987257,-4.987764274
7.898697685,-4.990866454
7.889300168723182,-4.993877269
7.879873398778518,-4.996791494
7.870417793695745,-4.999613747
7.860934871864915,-5.00233885
7.851425022278995,-5.004971412
7.841889807061356,-5.007506309
7.832331507739978,-5.009943187
7.822745945,-5.012294352
7.813138893,-5.014546504
7.803509474054572,-5.01670389
7.793859210250523,-5.018765516
7.784189813600099,-5.020730088
7.774500243220482,-5.022600816
7.764793550311428,-5.024373722
7.755032706452681,-5.025516298
7.745318172807556,-5.026427617
7.735665552078194,-5.027388953
7.726014785807658,-5.028281786
7.716358010044649,-5.02915955
7.706691006105364,-5.030116555
7.697027995844402,-5.030980387
7.687354518610319,-5.031922094
7.677688037,-5.03276987
7.6680254347297305,-5.033704888
7.6583694674573435,-5.034640939
7.648712511714962,-5.035568018
7.6390548037600645,-5.036486476
7.629396640950017,-5.037397339
7.6197381194612515,-5.038301598
7.610079317560132,-5.03920013
7.6004202974181005,-5.0400937
7.590761107570166,-5.040982977
7.581101786160045,-5.041868546
7.571442363286272,-5.042750915
7.561782862792643,-5.04363053
7.5521233036478215,-5.044507778
7.542463701008748,-5.045383
7.532804067,-5.046256491
7.523144411559969,-5.047128509
7.513484742514095,-5.047999278
7.503825066379478,-5.048868996
7.494165388454571,-5.049737834
7.484505713096096,-5.050605942
7.474846043903552,-5.051473449
7.465186383864758,-5.05234047
7.455526735471062,-5.053207104
7.445867100808915,-5.054073438
7.436207482,-5.054939548
7.426547879424808,-5.055805499
7.4168882954399535,-5.056671349
7.4072287307463185,-5.057537148
7.397569186255158,-5.058402941
7.387909662746514,-5.059268765
7.378250160890056,-5.060134654
7.368590681262274,-5.061000636
7.358931224360727,-5.061866738
7.349271790615913,-5.062732982
7.339612380401175,-5.063599386
7.329952994041014,-5.064465968
7.320293631818101,-5.065332743
7.310634294,-5.066199723
7.3009749807401825,-5.06706692
7.291315692290308,-5.067934343
7.281656428795872,-5.068802002
7.27199719,-5.069669903
7.262337977241918,-5.070538053
7.252678789426055,-5.071406458
7.243019627,-5.072275123
7.2333604902256985,-5.073144051
7.223701379012052,-5.074013248
7.214042293488398,-5.074882717
7.2043832337194935,-5.075752459
7.194724199763696,-5.076622478
7.185065191673813,-5.077492777
7.175406209497788,-5.078363356
7.165747253279351,-5.079234218
7.156088323058551,-5.080105365
7.146429418872228,-5.080976797
7.136770540754423,-5.081848515
7.127111688736751,-5.082720522
7.117452862848697,-5.083592817
7.107794063117885,-5.084465401
7.098135289570343,-5.085338276
7.088476542230666,-5.086211441
7.0788178211222395,-5.087084898
7.069159126267369,-5.087958647
7.049841815402961,-5.089707021
7.040183199433833,-5.090581647
7.030524609799264,-5.091456567
7.020866047,-5.09233178
7.011207509608082,-5.093207287
7.001548999087497,-5.094083088
6.991890514973634,-5.094959184
6.9822320572836345,-5.095835574
6.9725736260343725,-5.096712258
6.962915221,-5.097589237
6.9532568429243895,-5.098466511
6.943598491096348,-5.099344081
6.933940165774461,-5.100221945
6.924281867,-5.101100105
6.914623594712893,-5.10197856
6.904965349004816,-5.102857311
6.895307129866122,-5.103736357
6.885648937312403,-5.104615699
6.875990771,-5.105495337
6.866332632021926,-5.106375271
6.8566745193160665,-5.1072555
6.847016433256985,-5.108136026
6.837358373860027,-5.109016848
6.827700341140515,-5.109897967
6.818042335113746,-5.110779381
6.808384355794995,-5.111661092
6.7987264031995185,-5.1125431
6.789068477342569,-5.113425404
6.779410578239381,-5.114308005
6.769752705905179,-5.115190902
6.760094860355185,-5.116074096
6.750437041604613,-5.116957587
6.7407792496686785,-5.117841375
6.731121485,-5.11872546
6.721463746,-5.119609842
6.711806034900796,-5.120494521
6.7021483503755155,-5.121379497
6.692490692740931,-5.122264771
6.682833062012261,-5.123150342
6.673175458204727,-5.12403621
6.663517881333553,-5.124922375
6.653860331413969,-5.125808839
6.644202808461212,-5.1266956
6.634545312490523,-5.127582658
6.624887843517145,-5.128470014
6.6152304015563335,-5.129357668
6.605572986623344,-5.13024562
6.595915598733443,-5.13113387
6.586258237901902,-5.132022418
6.576600904143993,-5.132911264
6.566943597475005,-5.133800408
6.557286318,-5.13468985
6.547629065464967,-5.13557959
6.53797184,-5.136469629
6.528314641994208,-5.137359966
6.518657470999343,-5.138250602
6.509000327185257,-5.139141536
6.4993432105672815,-5.140032769
6.489686121160765,-5.1409243
6.4800290589810565,-5.141816131
6.470372024043507,-5.14270826
6.460715016363493,-5.143600687
6.451058035956379,-5.144493414
6.441401083,-5.14538644
6.431744157022393,-5.146279765
6.422087258526307,-5.147173389
6.4124303873646955,-5.148067312
6.402773543552969,-5.148961534
6.393116727106546,-5.149856056
6.383459938040857,-5.150750877
6.373803176371337,-5.151645998
6.364146442113424,-5.152541418
6.354489735282574,-5.153437138
6.344833055894246,-5.154333158
6.335176404,-5.155229477
6.325519779507019,-5.156126096
6.315863182539084,-5.157023015
6.306206613075578,-5.157920234
6.296550071132007,-5.158817752
6.286893556723872,-5.159715571
6.277237069866688,-5.16061369
6.267580610575979,-5.16151211
6.257924178867274,-5.162410829
6.248267775,-5.163309849
6.238611398258035,-5.164209169
6.228955049388598,-5.16510879
6.219298728163364,-5.166008711
6.209642434597897,-5.166908933
6.199986168707778,-5.167809456
6.190329930508597,-5.168710279
6.18067372,-5.169611403
6.1710175372454135,-5.170512828
6.1613613822126245,-5.171414554
6.151705254933186,-5.172316581
6.142049155422731,-5.173218909
6.1323930836968845,-5.174121538
6.122737039771295,-5.175024468
6.113062033443728,-5.176123832
6.103361783,-5.177470391
6.093631647969117,-5.178813912
6.083845506765003,-5.179609747
6.07410846,-5.180209646
6.064397113,-5.181106074
6.0546587165898815,-5.182247711
6.044889349589961,-5.183376429
6.035107406820675,-5.18444266
6.0253154941326414,-5.185437263
6.0154823727237074,-5.185761664
6.0057216286553246,-5.185901645
5.996009473454492,-5.186093633
5.986313382499599,-5.186278435
5.976599422487486,-5.186451617
5.966898699724623,-5.186616584
5.957199341421108,-5.186841945
5.947503328113132,-5.187061825
5.937806696110688,-5.18727189
5.9281098214580075,-5.187472965
5.918412842756628,-5.187666162
5.908715809834477,-5.187852498
5.899018760495591,-5.188032863
5.889321720574301,-5.188208034
5.8796247068873155,-5.188378692
5.869927729830318,-5.188545428
5.860230795227187,-5.188708762
5.850533905693459,-5.188869144
5.840837061638522,-5.189026967
5.831140261997132,-5.189182577
5.821443504759267,-5.189336273
5.811746787350244,-5.189488315
5.802050106899948,-5.189638934
5.792353460430351,-5.189788327
5.7826568449831575,-5.189936669
5.772960257703793,-5.19008411
5.763263695893959,-5.190230784
5.753567157041689,-5.190376806
5.743870638835571,-5.190522275
5.734174139168044,-5.190667281
5.724477656131346,-5.190811899
5.714781188008719,-5.190956196
5.705084733262712,-5.191100231
5.695388290521947,-5.191244054
5.6856918585672584,-5.19138771
5.675995436317831,-5.191531238
5.666299022817791,-5.191674671
5.6566026172234585,-5.191818039
5.646906218791482,-5.191961367
5.637209826867884,-5.192104678
5.627513440878058,-5.192247991
5.61781706,-5.192391324
5.608120684744728,-5.192534692
5.598424313771782,-5.192678107
5.588727947059873,-5.19282158
5.5790315843124905,-5.192965123
5.569335225270449,-5.193108742
5.559638869707334,-5.193252447
5.549942517,-5.193396242
5.540246168252395,-5.193540135
5.530549822037651,-5.193684131
5.520853478650134,-5.193828232
5.511157137975622,-5.193972444
5.501460799914669,-5.19411677
5.491764464380741,-5.194261213
5.482068131298595,-5.194405774
5.472371801,-5.194550458
5.462675472236743,-5.194695264
5.452979146151034,-5.194840196
5.443282822303057,-5.194985254
5.433586500655876,-5.19513044
5.4238901811775655,-5.195275755
5.4141938638405716,-5.1954212
5.404497548621152,-5.195566776
5.394801235498901,-5.195712483
5.385104924,-5.195858323
5.375408615478408,-5.196004296
5.3657123085524345,-5.196150402
5.356016003667558,-5.196296642
5.346319700814636,-5.196443016
5.3366234,-5.196589525
5.326927101175222,-5.196736169
5.317230804377052,-5.196882948
5.307534509587181,-5.197029863
5.297838216802158,-5.197176913
5.288141926019269,-5.197324099
5.278445637236455,-5.197471422
5.268749350452217,-5.19761888
5.259053065665551,-5.197766475
5.249356782875886,-5.197914206
5.239660502083023,-5.198062074
5.229964223287087,-5.198210079
5.220267946488498,-5.19835822
5.210571672,-5.198506498
5.200875398886231,-5.198654913
5.191179128084504,-5.198803465
5.181482859283976,-5.198952154
5.171786592486035,-5.199100981
5.162090327692186,-5.199249944
5.152394064904049,-5.199399045
5.142697804123343,-5.199548283
5.133001545351869,-5.199697658
5.123305288591499,-5.199847171
5.113609033844172,-5.199996821
5.103912781111886,-5.200146609
5.094216530396686,-5.200296534
5.084520281700659,-5.200446597
5.074824035,-5.200596798
5.065127790374658,-5.200747136
5.045735307151268,-5.201048225
5.0360390685836025,-5.201198976
5.026342832048289,-5.201349865
5.016646597547602,-5.201500891
5.006950365083831,-5.201652056
4.997254135,-5.201803358
4.987557906,-5.201954798
4.97786168,-5.202106377
4.968165455644129,-5.202258093
4.9584692333996925,-5.202409947
4.948773013206145,-5.202561939
4.939076795,-5.202714069
4.929380578981144,-5.202866338
4.919684364954425,-5.203018744
4.909988152988054,-5.203171288
4.900291943084406,-5.203323971
4.8905957352458715,-5.203476792
4.880899529474834,-5.203629751
4.8712033257736795,-5.203782849
4.861507124144804,-5.203936085
4.851810924590604,-5.204089459
4.842114727113473,-5.204242971
4.832418531715816,-5.204396622
4.822722338400033,-5.204550411
4.813026147168535,-5.204704339
4.803329958023722,-5.204858405
4.7936337709680075,-5.205012609
4.783937586003803,-5.205166953
4.774241403,-5.205321434
4.764545222359577,-5.205476055
4.754849043684388,-5.205630814
4.745152867110378,-5.205785711
4.735456692639959,-5.205940747
4.725760520275557,-5.206095922
4.716064350019595,-5.206251236
4.706368181874498,-5.206406689
4.696672015842695,-5.20656228
4.686975851926614,-5.20671801
4.677279690128684,-5.206873879
4.667583530451336,-5.207029887
4.657887373,-5.207186034
4.648191217468113,-5.20734232
4.638495064,-5.207498744
4.628798913,-5.207655308
4.619102763958509,-5.207812011
4.609406617055788,-5.207968853
4.599710472290708,-5.208125834
4.590014329665713,-5.208282954
4.580318189183246,-5.208440213
4.570622050845755,-5.208597611
4.560925914655682,-5.208755149
4.551229780615478,-5.208912826
4.541533648727594,-5.209070642
4.531837518994479,-5.209228598
4.522141391418587,-5.209386692
4.512445266002372,-5.209544927
4.502749142748288,-5.2097033
4.493053021658794,-5.209861813
4.483356902736344,-5.210020466
4.473660785983401,-5.210179257
4.463964671402428,-5.210338189
4.454268558995882,-5.21049726
4.444572448766233,-5.21065647
4.434876340715942,-5.210815821
4.4251802348474705,-5.21097531
4.415484131163295,-5.21113494
4.405788029665881,-5.211294709
4.39609193,-5.211454618
4.386395833241223,-5.211614667
4.376699738318923,-5.211774855
4.367003645593277,-5.211935183
4.357307555066758,-5.212095651
4.347611467,-5.212256259
4.337915380621025,-5.212417007
4.328219296706767,-5.212577895
4.318523215001552,-5.212738923
4.308827135507873,-5.21290009
4.299131058228206,-5.213061398
4.289434983,-5.213222846
4.279738910320866,-5.213384434
4.270042839698163,-5.213546162
4.260346771299429,-5.21370803
4.250650705127156,-5.213870039
4.240954641183835,-5.214032187
4.231258579,-5.214194476
4.221562519994023,-5.214356905
4.211866462752528,-5.214519474
4.202170407749966,-5.214682184
4.1924743549888435,-5.214845034
4.182778304471663,-5.215008024
4.173082256200921,-5.215171155
4.163386210179124,-5.215334426
4.153690166,-5.215497838
4.143994124892391,-5.21566139
4.134298085632471,-5.215825083
4.124602048631528,-5.215988916
4.114906013892071,-5.21615289
4.105209981416617,-5.216317005
4.095513951207673,-5.21648126
4.085817923,-5.216645656
4.076121898,-5.216810192
4.066425874205088,-5.21697487
4.056729853,-5.217139688
4.047033834,-5.217304647
4.037337817691761,-5.217469746
4.027641803418921,-5.217634987
4.0179457914327585,-5.217800368
4.008249781735803,-5.217965891
3.9985537743305777,-5.218131554
3.988857769219608,-5.218297359
3.9791617664054315,-5.218463304
3.969465765890579,-5.21862939
3.9597697676775825,-5.218795618
3.950073771768979,-5.218961986
3.9403777781673055,-5.219128496
3.9306817868750987,-5.219295147
3.9209857978948985,-5.219461939
3.9112898112292473,-5.219628872
3.901593826880686,-5.219795947
3.8918978448517567,-5.219963163
3.8822018651450065,-5.22013052
3.872505887762981,-5.220298019
3.862809912708229,-5.220465658
3.8531139399832983,-5.22063344
3.843417969590741,-5.220801362
3.833722001533109,-5.220969427
3.824026035812955,-5.221137632
3.8143300724328366,-5.22130598
3.804634111,-5.221474468
3.794938152702932,-5.221643099
3.785242196358261,-5.221811871
3.775546242363858,-5.221980784
3.7658502907222857,-5.22214984
3.7561543414361087,-5.222319037
3.7464583945078918,-5.222488376
3.736762449940201,-5.222657856
3.727066507735605,-5.222827478
3.7173705678966735,-5.222997243
3.7076746304259753,-5.223167149
3.697978695326086,-5.223337197
3.6882827625995738,-5.223507386
3.6785868322490174,-5.223677718
3.6688909042769944,-5.223848192
3.659194978686082,-5.224018808
3.649499055478858,-5.224189566
3.639803134657904,-5.224360466
3.630107216225804,-5.224531508
3.6204113001851415,-5.224702692
3.610715387,-5.224874018
3.6010194752884663,-5.225045487
3.5913235664376306,-5.225217097
3.5816276599885803,-5.22538885
3.571931755943907,-5.225560746
3.5622358543062047,-5.225732783
3.5525399550780636,-5.225904963
3.5428440582620833,-5.226077286
3.5331481638608593,-5.22624975
3.5234522718769887,-5.226422357
3.513756382313072,-5.226595107
3.5040604951717107,-5.226767999
3.4943646104555066,-5.226941034
3.4846687281670627,-5.227114211
3.474972848308986,-5.227287531
3.465276970883884,-5.227460993
3.4555810958943636,-5.227634598
3.4458852233430353,-5.227808346
3.4361893532325096,-5.227982237
3.4264934855654006,-5.22815627
3.4167976203443216,-5.228330446
3.4071017575718883,-5.228504765
3.397405897250719,-5.228679226
3.3877100393834336,-5.228853831
3.378014183972648,-5.229028578
3.3683183310209848,-5.229203469
3.358622480531069,-5.229378502
3.3489266325055236,-5.229553678
3.3392307869469753,-5.229728998
3.329534944,-5.22990446
3.3198391032413777,-5.230080065
3.310143265099588,-5.230255814
3.300447429435314,-5.230431706
3.290751596251187,-5.23060774
3.281055765549843,-5.230783919
3.2713599373339166,-5.23096024
3.261664111606047,-5.231136704
3.2519682883688747,-5.231313312
3.2422724676250385,-5.231490063
3.232576649,-5.231666958
3.2228808336279426,-5.231843996
3.213185020379971,-5.232021177
3.2034892096359115,-5.232198502
3.1937934013984144,-5.23237597
3.184097595670127,-5.232553582
3.1744017924537005,-5.232731337
3.164705991751787,-5.232909236
3.155010193567041,-5.233087279
3.145314397902117,-5.233265465
3.135618604759673,-5.233443794
3.125922814142366,-5.233622268
3.116227026052856,-5.233800885
3.106531240493804,-5.233979646
3.096835457467871,-5.234158551
3.087139676977725,-5.234337599
3.077443899,-5.234516792
3.0677481236154547,-5.234696128
3.058052350748663,-5.234875608
3.0483565804283277,-5.235055232
3.0386608126571217,-5.235235
3.0289650474377168,-5.235414912
3.019269284772787,-5.235594969
3.0095735246650084,-5.235775169
2.999877767,-5.235955513
2.9901820121316187,-5.236136001
2.980486259711365,-5.236316634
2.970790509858982,-5.236497411
2.9610947625771535,-5.236678332
2.951399017868564,-5.236859397
2.9417032757359007,-5.237040606
2.9320075361818505,-5.23722196
2.9223117992091017,-5.237403458
2.912616064820347,-5.237585101
2.9029203330182782,-5.237766888
2.893224603805588,-5.237948819
2.883528877184975,-5.238130895
2.8738331531591323,-5.238313115
2.864137432,-5.23849548
2.8544417129025597,-5.238677989
2.8447459966772293,-5.238860643
2.835050283057474,-5.239043442
2.825354572,-5.239226385
2.815658863645509,-5.239409473
2.805963158,-5.239592706
2.7962674546883135,-5.239776083
2.786571754137028,-5.239959605
2.776876056207566,-5.240143272
2.7671803609026413,-5.240327084
2.757484668224968,-5.24051104
2.747788978177263,-5.240695142
2.7380932907622437,-5.240879388
2.728397605982629,-5.24106378
2.7187019238411425,-5.241248316
2.7090062443405043,-5.241432998
2.699310567,-5.241617824
2.6896148932726724,-5.241802796
2.6799192217109318,-5.241987912
2.670223552800943,-5.242173174
2.6605278865454367,-5.242358581
2.650832222947146,-5.242544133
2.641136562008805,-5.242729831
2.6314409037331465,-5.242915673
2.6217452481229064,-5.243101661
2.6120495951808227,-5.243287795
2.602353944909633,-5.243474073
2.5926582973120817,-5.243660498
2.5829626523909064,-5.243847067
2.5732670101488537,-5.244033782
2.5635713705886687,-5.244220643
2.553837912716903,-5.244602323
2.5440585405428724,-5.24522923
2.534251682379146,-5.245850789
2.524434638742712,-5.246418271
2.5146099402787265,-5.246921853
2.5047791761030282,-5.247356263
2.494954235628274,-5.247150943
2.4852077665443013,-5.246744721
2.4755009776989385,-5.24640303
2.465810333550457,-5.246043609
2.4561040741147644,-5.245690029
2.4464111566043694,-5.245315291
2.436715352839674,-5.24499947
2.4270237693979713,-5.244679247
2.417332106581902,-5.244349944
2.4076405439652726,-5.244012283
2.397949169635237,-5.243667289
2.388257990389216,-5.243315893
2.3785670069308966,-5.242958913
2.368876214034849,-5.242597065
2.359185602324361,-5.24223097
2.349495160012659,-5.241861174
2.339804874078054,-5.24148815
2.330114731077688,-5.241112314
2.320424717700468,-5.240734026
2.310734821129556,-5.240353603
2.3010450292676046,-5.239971318
2.291355330864115,-5.239587412
2.2816657155740447,-5.239202095
2.271976173969012,-5.238815549
2.262286697516737,-5.238427934
2.2525972785400428,-5.238039388
2.2429079101635354,-5.237650033
2.233218586253757,-5.237259975
2.2235293013568254,-5.236869306
2.2138400506363034,-5.236478107
2.2041508298131287,-5.236086448
2.1944616351087434,-5.23569439
2.184772463192069,-5.235301987
2.1750833111306616,-5.234909285
2.165394176346133,-5.234516326
2.1557050565737654,-5.234123144
2.146015949826124,-5.233729771
2.136326854360457,-5.233336234
2.1266377686495828,-5.232942556
2.1169486913559985,-5.232548758
2.1072596213089025,-5.232154858
2.097570557483861,-5.231760872
2.087881498984836,-5.231366813
2.078192445028358,-5.230972693
2.0685033949295657,-5.230578523
2.0588143480899426,-5.230184311
2.049125303986545,-5.229790066
2.039436262162536,-5.229395795
2.029747222218892,-5.229001504
2.0200581838071403,-5.228607197
2.0103691466229816,-5.228212879
2.0006801104007184,-5.227818556
1.9909910749083808,-5.227424229
1.9813020399434578,-5.227029902
1.9716130053291632,-5.226635577
1.961923971,-5.226241258
1.952234936554807,-5.225846946
1.9425459021424674,-5.225452642
1.9328568675715356,-5.225058349
1.923167832752437,-5.224664068
1.9134787976069871,-5.224269799
1.9037897620669428,-5.223875545
1.894100726,-5.223481305
1.8844116895723853,-5.22308708
1.874722652520493,-5.222692872
1.8650336148774451,-5.222298681
1.8553445766086554,-5.221904507
1.8456555376839292,-5.221510351
1.8359664980769028,-5.221116214
1.826277457764555,-5.220722095
1.8165884167267836,-5.220327994
1.8068993749460307,-5.219933913
1.797210332,-5.219539851
1.7875212890961714,-5.219145809
1.7778322450019548,-5.218751787
1.7681432001140784,-5.218357784
1.758454154423595,-5.217963802
1.748765107922681,-5.21756984
1.7390760606044917,-5.217175898
1.7293870124630393,-5.216781976
1.7196979634930805,-5.216388075
1.710008913690023,-5.215994195
1.7003198630498404,-5.215600335
1.6906308115690036,-5.215206495
1.6809417592444151,-5.214812676
1.671252706073355,-5.214418879
1.6615636520534312,-5.214025101
1.6518745971825382,-5.213631345
1.6421855414588227,-5.21323761
1.6324964848806474,-5.212843895
1.622807427446568,-5.212450201
1.613118369155306,-5.212056528
1.603429310005726,-5.211662876
1.5937402499968216,-5.211269246
1.5840511891276945,-5.210875636
1.5743621273975454,-5.210482047
1.5646730648056566,-5.210088479
1.5549840013513854,-5.209694932
1.5452949370341509,-5.209301406
1.5356058718534307,-5.208907901
1.5259168058087489,-5.208514417
1.5162277388996748,-5.208120954
1.5065386711258109,-5.207727512
1.4968496024867957,-5.207334091
1.487160532982294,-5.206940692
1.477471462611995,-5.206547313
1.4677823913756092,-5.206153955
1.4580933192728671,-5.205760619
1.4484042463035158,-5.205367304
1.4387151724673155,-5.204974009
1.4290260977640372,-5.204580736
1.4193370221934667,-5.204187484
1.4096479457553963,-5.203794253
1.399958868449628,-5.203401044
1.3902697902759709,-5.203007855
1.3805807112342383,-5.202614687
1.3708916313242516,-5.202221541
1.361202550545836,-5.201828416
1.3515134688988213,-5.201435312
1.3418243863830392,-5.201042229
1.332135302998326,-5.200649167
1.322446218744522,-5.200256127
1.3127571336214676,-5.199863107
1.3030680476290066,-5.199470109
1.2933789607669834,-5.199077132
1.2836898730352455,-5.198684176
1.2740007844336412,-5.198291241
1.2643116949620195,-5.197898328
1.2546226046202316,-5.197505435
1.2449335134081294,-5.197112564
1.2352444213255638,-5.196719714
1.225555328372388,-5.196326886
1.2158662345484557,-5.195934078
1.2061771398536216,-5.195541292
1.196488044287739,-5.195148527
1.186798947850664,-5.194755783
1.1771098505422508,-5.194363061
1.1674207523623554,-5.193970359
1.1577316533108348,-5.193577679
1.1480425533875438,-5.193185021
1.1383534525923384,-5.192792383
1.128664350925076,-5.192399767
1.1189752483856121,-5.192007172
1.109286144973804,-5.191614598
1.0995970406895088,-5.191222045
1.0899079355325831,-5.190829514
1.0802188295028836,-5.190437004
1.0705297226002681,-5.190044516
1.060840614824594,-5.189652048
1.0511515061757168,-5.189259602
1.041462396653495,-5.188867177
1.0317732862577857,-5.188474774
1.0220841749884462,-5.188082392
1.0123950628453335,-5.187690031
1.0027059498283053,-5.187297691
0.9930168359372179,-5.186905373
0.9833277211719299,-5.186513076
0.9736386055322985,-5.186120801
0.9639494890181806,-5.185728547
0.9542603716294338,-5.185336314
0.9445712533659154,-5.184944102
0.9348821342274828,-5.184551912
0.9251930142139938,-5.184159743
0.9155038933253052,-5.183767596
0.9058147715612747,-5.18337547
0.8961256489217594,-5.182983365
0.8864365254066171,-5.182591282
0.8767474010157046,-5.18219922
0.8670582757488792,-5.181807179
0.85736915,-5.18141516
0.8476800225869212,-5.181023162
0.8379908946915028,-5.180631186
0.828301766,-5.180239231
0.8186126362710737,-5.179847297
0.8089235057457776,-5.179455385
0.7992343743435701,-5.179063495
0.7895452420643092,-5.178671625
0.7798561089078515,-5.178279777
0.7701669748740543,-5.177887951
0.7604778399627753,-5.177496146
0.7507887041738711,-5.177104362
0.7410995675071992,-5.1767126
0.7314104299626173,-5.176320859
0.7217212915399822,-5.17592914
0.7120321522391511,-5.175537442
0.7023430120599816,-5.175145766
0.6926538710023304,-5.174754111
0.6829647290660548,-5.174362478
0.6732755862510124,-5.173970866
0.663586443,-5.173579275
0.6538972979840552,-5.173187706
0.6442081525318543,-5.172796159
0.6345190062003156,-5.172404633
0.6248298589892953,-5.172013129
0.6151407108986507,-5.171621646
0.6054515619282388,-5.171230184
0.5957624120779169,-5.170838744
0.5860732613475422,-5.170447326
0.57638411,-5.170055929
0.5666949572460628,-5.169664553
0.5570058038746718,-5.1692732
0.5473166496226567,-5.168881867
0.5376274944898736,-5.168490557
0.5279383384761799,-5.168099267
0.518249182,-5.167708
0.5085600238054894,-5.167316754
0.4988708651482063,-5.166925529
0.48918170560944085,-5.166534326
0.4794925451890499,-5.166143145
0.46980338388689047,-5.165751985
0.4601142217028194,-5.165360847
0.4504250586366938,-5.16496973
0.44073589468837043,-5.164578635
0.4310467298577063,-5.164187561
0.42135756414455827,-5.163796509
0.4116683975487836,-5.163405479
0.4019792300702387,-5.16301447
0.39229006170878067,-5.162623483
0.38260089246426643,-5.162232518
0.3729117223365528,-5.161841574
0.3632225513254968,-5.161450652
0.35353337943095503,-5.161059751
0.3438442066527847,-5.160668872
0.3341550329908424,-5.160278015
0.3244658584449849,-5.159887179
0.3147766830150689,-5.159496365
0.3050875067009517,-5.159105573
0.2953983295024895,-5.158714802
0.28570915141953945,-5.158324053
0.27601997245195825,-5.157933326
0.26633079259960285,-5.15754262
0.25664161186232964,-5.157151936
0.24695243023999558,-5.156761274
0.2372632477324574,-5.156370633
0.22757406433957159,-5.155980014
0.2178848800611951,-5.155589417
0.20819569489718473,-5.155198841
0.19850650884739696,-5.154808287
0.18881732191168857,-5.154417755
0.1791281340899161,-5.154027245
0.1694389453819364,-5.153636756
0.1597497557876061,-5.153246289
0.15006056530678188,-5.152855844
0.14037137393932028,-5.15246542
0.1306821816850779,-5.152075018
0.12099298854391143,-5.151684638
0.11130379451567743,-5.15129428
0.10161459960023264,-5.150903944
0.091925404,-5.150513629
0.082236207,-5.150123336
0.07254701,-5.149733064
0.062857811,-5.149342815
0.053168612,-5.148952587
0.043479411468102615,-5.148562381
0.033790210338165344,-5.148172197
0.024101008319869534,-5.147782035
0.014411805,-5.147391894
0.004722602,-5.147001775
-0.004966603,-5.146611678
-0.014655809,-5.146221603
-0.024345015,-5.14583155
-0.034034222,-5.145441518
-0.043723431,-5.145051509
-0.05341264,-5.144661521
-0.06310185,-5.144271555
-0.072791061,-5.143881611
-0.082480273,-5.143491688
-0.092169485,-5.143101788
-0.101858699,-5.142711909
-0.111547913,-5.142322052
-0.121237129,-5.141932217
-0.130926345,-5.141542404
-0.140615562,-5.141152613
-0.15030478,-5.140762844
-0.159993999,-5.140373096
-0.169683219,-5.139983371
-0.17937244,-5.139593667
-0.189061661,-5.139203985
-0.198750884,-5.138814325
-0.208440107,-5.138424687
-0.218129331,-5.138035071
-0.227818556,-5.137645477
-0.237507782,-5.137255905
-0.247197009,-5.136866355
-0.256886237,-5.136476826
-0.266575466,-5.13608732
-0.276264696,-5.135697835
-0.285953926,-5.135308373
-0.295643158,-5.134918932
-0.30533239,-5.134529513
-0.315021623,-5.134140117
-0.324710857,-5.133750742
-0.334400092,-5.133361389
-0.344089328,-5.132972058
-0.353778565,-5.132582749
-0.363467803,-5.132193462
-0.373157041,-5.131804197
-0.382846281,-5.131414955
-0.392535521,-5.131025734
-0.402224762,-5.130636535
-0.411914004,-5.130247358
-0.421603247,-5.129858203
-0.431292491,-5.12946907
-0.440981736,-5.129079959
-0.450670982,-5.12869087
-0.460360228,-5.128301803
-0.470049476,-5.127912759
-0.479738724,-5.127523736
-0.489427974,-5.127134735
-0.499117224,-5.126745757
-0.508806475,-5.1263568
-0.518495727,-5.125967865
-0.52818498,-5.125578953
-0.537874234,-5.125190062
-0.547563488,-5.124801194
-0.557252744,-5.124412348
-0.566942,-5.124023524
-0.576631258,-5.123634721
-0.586320516,-5.123245941
-0.596009775,-5.122857183
-0.605699035,-5.122468448
-0.615388296,-5.122079734
-0.625077558,-5.121691042
-0.634766821,-5.121302373
-0.644456085,-5.120913725
-0.654145349,-5.1205251
-0.663834615,-5.120136497
-0.673523881,-5.119747916
-0.683213148,-5.119359357
-0.692902416,-5.11897082
-0.702591685,-5.118582306
-0.712280955,-5.118193813
-0.721970226,-5.117805343
-0.731659498,-5.117416895
-0.741348771,-5.117028469
-0.751038044,-5.116640065
-0.760727319,-5.116251683
-0.770416594,-5.115863324
-0.78010587,-5.115474987
-0.789795147,-5.115086672
-0.799484425,-5.114698379
-0.809173704,-5.114310108
-0.818862984,-5.11392186
-0.828552265,-5.113533633
-0.838241547,-5.113145429
-0.847930829,-5.112757248
-0.857620113,-5.112369088
-0.867309397,-5.111980951
-0.876998682,-5.111592835
-0.886687968,-5.111204743
-0.896377256,-5.110816672
-0.906066543,-5.110428624
-0.915755832,-5.110040597
-0.925445122,-5.109652593
-0.935134413,-5.109264612
-0.944823704,-5.108876652
-0.954512997,-5.108488715
-0.96420229,-5.108100801
-0.973944206,-5.107905325
-0.983748346,-5.107952132
-0.993578055,-5.107991676
-1.003374405,-5.107475065
-1.01309661,-5.106765716
-1.022782201,-5.106169074
-1.032458788,-5.10557351
-1.04213621,-5.104968529
-1.051813391,-5.104354551
-1.061490235,-5.103732632
-1.071166755,-5.10310377
-1.080842964,-5.102468842
-1.090518876,-5.101828615
-1.100194512,-5.101183761
-1.109869893,-5.100534862
-1.119545041,-5.09988243
-1.129219978,-5.099226909
-1.138894725,-5.098568688
-1.148569301,-5.097908107
-1.158243723,-5.09724546
-1.16791801,-5.096581006
-1.177592175,-5.09591497
-1.187266232,-5.095247549
-1.196940193,-5.094578913
-1.20661407,-5.093909213
-1.216287872,-5.093238578
-1.225961608,-5.092567123
-1.235635285,-5.091894948
-1.24530891,-5.091222138
-1.25498249,-5.090548769
-1.26465603,-5.089874907
-1.274386614,-5.088585573
-1.284138188,-5.087561708
-1.293940766,-5.086503477
-1.303610062,-5.085002069
-1.313203989,-5.083854072
-1.322764838,-5.082809639
-1.332336241,-5.081834925
-1.34195194,-5.081124856
-1.35161162,-5.080733855
-1.361288409,-5.08041449
-1.370968203,-5.080121881
-1.380650944,-5.079849133
-1.390336168,-5.079593434
-1.400023367,-5.079352622
-1.40971215,-5.079124832
-1.419402214,-5.078908427
-1.429093316,-5.078701977
-1.438785263,-5.078504229
-1.448477903,-5.078314087
-1.458171111,-5.078130595
-1.467864789,-5.077952916
-1.477558856,-5.07778032
-1.487253248,-5.07761217
-1.496947911,-5.077447908
-1.506642802,-5.077287049
-1.516337885,-5.077129168
-1.526033131,-5.076973897
-1.535728515,-5.076820911
-1.545424016,-5.076669929
-1.555119617,-5.076520705
-1.564815305,-5.076373025
-1.574511066,-5.076226701
-1.58420689,-5.07608157
-1.59390277,-5.07593749
-1.603598696,-5.075794336
-1.613294664,-5.075652
-1.622990666,-5.075510387
-1.6326867,-5.075369415
-1.642382761,-5.075229012
-1.652078845,-5.075089115
-1.66177495,-5.074949669
-1.671471072,-5.074810626
-1.68116721,-5.074671945
-1.690863362,-5.074533588
-1.700559526,-5.074395526
-1.710255701,-5.074257729
-1.719951886,-5.074120174
-1.729648078,-5.073982839
-1.739344278,-5.073845707
-1.749040485,-5.07370876
-1.758736698,-5.073571986
-1.768432916,-5.073435372
-1.778129138,-5.073298907
-1.787825365,-5.073162582
-1.797521596,-5.07302639
-1.80721783,-5.072890322
-1.816914068,-5.072754373
-1.826610308,-5.072618537
-1.836306552,-5.07248281
-1.846002797,-5.072347187
-1.855699045,-5.072211666
-1.865395296,-5.072076242
-1.875091548,-5.071940914
-1.884787802,-5.071805679
-1.894484058,-5.071670534
-1.904180316,-5.071535479
-1.913876575,-5.071400511
-1.923572836,-5.071265629
-1.933269099,-5.071130832
-1.942965363,-5.070996119
-1.952661628,-5.070861489
-1.962357895,-5.070726941
-1.972054163,-5.070592475
-1.981750432,-5.07045809
-1.991446703,-5.070323785
-2.001142975,-5.07018956
-2.010839248,-5.070055415
-2.020535523,-5.069921349
-2.030231799,-5.069787362
-2.039928076,-5.069653454
-2.049624354,-5.069519624
-2.059320633,-5.069385873
-2.069016913,-5.0692522
-2.078713195,-5.069118605
-2.088409478,-5.068985088
-2.098105762,-5.068851649
-2.107802047,-5.068718287
-2.117498333,-5.068585003
-2.12719462,-5.068451797
-2.136890909,-5.068318668
-2.146587198,-5.068185617
-2.156283489,-5.068052643
-2.165979781,-5.067919747
-2.175676074,-5.067786928
-2.185372368,-5.067654187
-2.195068663,-5.067521523
-2.20476496,-5.067388936
-2.214461257,-5.067256427
-2.224157556,-5.067123995
-2.233853855,-5.06699164
-2.243550156,-5.066859363
-2.253246458,-5.066727163
-2.262942761,-5.066595041
-2.272639065,-5.066462996
-2.28233537,-5.066331028
-2.292031677,-5.066199138
-2.301774067,-5.066260867
-2.311571457,-5.06656634
-2.321395259,-5.066865412
-2.331226521,-5.067110022
-2.341062879,-5.067290438
-2.350902669,-5.067401433
-2.36074436,-5.067438745
-2.370586622,-5.067398683
-2.38042826,-5.067278036
-2.390272511,-5.067060611
-2.400120057,-5.06669531
-2.409976546,-5.066219652
-2.419829943,-5.065650221
-2.429676913,-5.064992249
-2.439514571,-5.064239893
-2.449343173,-5.063393836
-2.459160405,-5.062453663
-2.468964635,-5.06141664
-2.478763471,-5.060291955
-2.488547201,-5.059069467
-2.498317062,-5.057751706
-2.508070761,-5.056336666
-2.517811312,-5.054828585
-2.527534712,-5.053224689
-2.537238633,-5.051522714
-2.546928111,-5.049728445
-2.556597647,-5.04783826
-2.56624974,-5.045855724
-2.57587997,-5.043776601
-2.585486824,-5.041600861
-2.595074012,-5.039331747
-2.604631195,-5.036964299
-2.614168088,-5.034504984
-2.623684238,-5.031955295
-2.63317032,-5.029307534
-2.642628318,-5.026565062
-2.652054775,-5.02372715
-2.661452129,-5.020795643
-2.670823443,-5.017773456
-2.680163458,-5.014657851
-2.689470386,-5.01144905
-2.698747206,-5.008150209
-2.707989053,-5.004758042
-2.717191779,-5.001269199
-2.726358108,-4.997688675
-2.735485359,-4.994015607
-2.744584156,-4.990256966
-2.753630913,-4.98639764
-2.762646676,-4.982453068
-2.771619547,-4.978417801
-2.780548413,-4.974290561
-2.789430651,-4.970071022
-2.798273675,-4.965765521
-2.807076324,-4.961372279
-2.815825018,-4.956886078
-2.824533095,-4.952312148
-2.833187465,-4.947647628
-2.841791776,-4.94289578
-2.850188613,-4.93818447
-2.858977655,-4.933006032
-2.867613345,-4.927797002
-2.876095614,-4.922585083
-2.884510511,-4.917311208
-2.892896925,-4.911947108
-2.901216204,-4.906499643
-2.909484354,-4.900965373
-2.917702966,-4.895356802
-2.925862914,-4.889660102
-2.933958104,-4.88388549
-2.94201084,-4.878030102
-2.949991311,-4.872095079
-2.957915367,-4.866075659
-2.965785036,-4.859984429
-2.973590667,-4.853808067
-2.981326639,-4.847557377
-2.989015242,-4.841228074
-2.99662658,-4.834823257
-3.004176415,-4.828337108
-3.011667275,-4.821782237
-3.019088933,-4.81514583
-3.026436244,-4.808439112
-3.033731334,-4.801656345
-3.040944386,-4.794802565
-3.04809096,-4.787870908
-3.055174129,-4.780873949
-3.062183076,-4.773799438
-3.069113223,-4.766658984
-3.07598641,-4.759445431
-3.082773062,-4.752165725
-3.089488426,-4.744811992
-3.096136175,-4.737396703
-3.102704887,-4.729908247
-3.109190624,-4.722358549
-3.115614822,-4.714739092
-3.121948314,-4.707058685
-3.128205927,-4.699308502
-3.134391988,-4.691500839
-3.140494465,-4.6836248
-3.146510124,-4.675692547
-3.15245988,-4.667694259
-3.158315131,-4.659640551
-3.163695169,-4.65131232
-3.168856646,-4.642867425
-3.174274129,-4.634539063
-3.179972332,-4.6263666
-3.185631791,-4.618128115
-3.191135183,-4.609825365
-3.196576049,-4.601465646
-3.20192228,-4.593058198
-3.207186408,-4.584592894
-3.212373954,-4.576081059
-3.217471305,-4.567513093
-3.222476594,-4.55890113
-3.227409174,-4.550232714
-3.232241858,-4.541521635
-3.236987503,-4.53275647
-3.241652508,-4.523948326
-3.246222947,-4.515088801
-3.250697897,-4.506190184
-3.255096078,-4.497239135
-3.259391357,-4.488251083
-3.263595952,-4.47921408
-3.267717062,-4.470138782
-3.271740327,-4.461017887
-3.275665694,-4.451863632
-3.279511062,-4.442661751
-3.283251396,-4.433429134
-3.286898138,-4.424153311
-3.290459238,-4.414844334
-3.293919887,-4.405496
-3.297280867,-4.396120377
-3.300559166,-4.386702311
-3.303730921,-4.37726001
-3.306348089,-4.367685155
-3.308881967,-4.358099115
-3.311874912,-4.348604334
-3.314790564,-4.339071506
-3.317111751,-4.329430323
-3.319199971,-4.319747322
-3.321260218,-4.31009629
-3.323380713,-4.300459311
-3.325402163,-4.290799736
-3.327420546,-4.281124672
-3.329710244,-4.271487243
-3.332359997,-4.261885634
-3.335006033,-4.252248749
-3.337502115,-4.24259232
-3.338685897,-4.232768432
-3.339821801,-4.222957477
-3.341546264,-4.213275831
-3.343313848,-4.203576349
-3.345139711,-4.193888598
-3.346958613,-4.184215328
-3.348685038,-4.174473104
-3.350386898,-4.16466748
-3.35209084,-4.154846317
-3.353783096,-4.145032348
-3.35547122,-4.135217823
-3.357168272,-4.125398676
-3.358855059,-4.115581736
-3.360537908,-4.105764763
-3.362230029,-4.095943504
-3.363912193,-4.086124726
-3.365590671,-4.076306138
-3.367278617,-4.066483448
-3.36895678,-4.056663394
-3.370631398,-4.046843653
-3.372315595,-4.03701991
-3.373990107,-4.027198892
-3.375661155,-4.017378255
-3.377341846,-4.00755367
-3.37901291,-3.997731859
-3.380680555,-3.98791047
-3.38235788,-3.978085162
-3.384025611,-3.968262658
-3.386000378,-3.958453641
-3.388365173,-3.948693997
-3.390723684,-3.938802977
-3.392823156,-3.929341369
-3.394898415,-3.919832303
-3.396463872,-3.910020861
-3.397704496,-3.900203839
-3.399222061,-3.890395046
-3.401108682,-3.880572383
-3.402913382,-3.870798243
-3.404690167,-3.860961688
-3.405778166,-3.851103845
-3.406613162,-3.841243451
-3.407810568,-3.83139037
-3.409306186,-3.821728619
-3.410800102,-3.811808119
-3.41207802,-3.80193258
-3.41327816,-3.792045458
-3.414380909,-3.782140758
-3.414921933,-3.772257621
-3.41543407,-3.762340802
-3.416371819,-3.752421813
-3.41722673,-3.742494389
-3.417934429,-3.732569146
-3.418558911,-3.722622257
-3.419078388,-3.712681352
-3.419499681,-3.702732294
-3.419833616,-3.692779905
-3.420063407,-3.682824604
-3.418987893,-3.673017611
-3.417745436,-3.663066332
-3.417175448,-3.653132458
-3.416133157,-3.643139603
-3.415091923,-3.633182121
-3.414619256,-3.623240295
-3.413678867,-3.613234847
-3.412511584,-3.603316261
-3.411567948,-3.593475077
-3.410969347,-3.583597781
-3.410470343,-3.57366781
-3.409658199,-3.563740307
-3.409437543,-3.553794158
-3.409750391,-3.543819995
-3.409736687,-3.5338525
-3.409690452,-3.523879061
-3.409642635,-3.51390282
-3.409606356,-3.503920108
-3.409563543,-3.493941221
-3.409519788,-3.483963411
-3.409487082,-3.473980153
-3.409447317,-3.464001364
-3.409406168,-3.454023783
-3.409375717,-3.444040733
-3.409337889,-3.434062114
-3.409298419,-3.424084679
-3.409269446,-3.41410175
-3.409533124,-3.404070479
-3.410200756,-3.394015148
-3.410885735,-3.383950766
-3.41138824,-3.373918882
-3.411816626,-3.363863798
-3.411572402,-3.353793294
-3.411053337,-3.343805344
-3.410667212,-3.333858703
-3.410297014,-3.323913489
-3.409925924,-3.31396686
-3.409551769,-3.304019038
-3.409174639,-3.294070272
-3.408794914,-3.284120628
-3.408412991,-3.274170813
-3.40802918,-3.264221103
-3.407643741,-3.254271428
-3.407256895,-3.244321784
-3.406868824,-3.234372172
-3.406479681,-3.224422591
-3.406089591,-3.214473038
-3.405698656,-3.204523512
-3.405306963,-3.194574012
-3.404914582,-3.184624536
-3.404521572,-3.174675081
-3.404127981,-3.164725648
-3.403092794,-3.154707803
-3.40182885,-3.144800526
-3.40080144,-3.134980003
-3.400130734,-3.125115357
-3.399548008,-3.115193571
-3.398692627,-3.1053043
-3.397969691,-3.095462334
-3.397347322,-3.085623554
-3.396821769,-3.075780886
-3.396393243,-3.065934655
-3.396062339,-3.056085562
-3.396306504,-3.046196491
-3.397339605,-3.036234662
-3.397964323,-3.026198103
-3.398515586,-3.016177542
-3.399510267,-3.006160949
-3.400532339,-2.99612706
-3.401446306,-2.986100634
-3.401770485,-2.976155027
-3.402028907,-2.966170394
-3.402672825,-2.956126975
-3.403305929,-2.946080359
-3.403728354,-2.936055353
-3.403559971,-2.92600144
-3.403106453,-2.916015262
-3.40277983,-2.906069292
-3.402467689,-2.896124208
-3.402153929,-2.886177346
-3.401188912,-2.876156686
-3.400234355,-2.866187573
-3.399855836,-2.85624454
-3.399597992,-2.846294537
-3.399361043,-2.836343022
-3.399128327,-2.826391112
-3.398897006,-2.81643902
-3.398666563,-2.806486801
-3.398436877,-2.796534479
-3.398207901,-2.786582069
-3.397979601,-2.776629583
-3.397751954,-2.766677033
-3.39752494,-2.756724427
-3.397298541,-2.74677177
-3.397072744,-2.73681907
-3.396847537,-2.726866331
-3.396622912,-2.716913556
-3.396398861,-2.70696075
-3.396175376,-2.697007914
-3.395952453,-2.687055051
-3.395730087,-2.677102162
-3.395508275,-2.66714925
-3.395287014,-2.657196315
-3.395066301,-2.647243359
-3.394846134,-2.637290383
-3.394626511,-2.627337386
-3.394407432,-2.61738437
-3.394188894,-2.607431335
-3.393970896,-2.597478283
-3.393753439,-2.587525212
-3.393536522,-2.577572123
-3.393320142,-2.567619017
-3.393104302,-2.557665894
-3.392888999,-2.547712753
-3.392674233,-2.537759596
-3.392460005,-2.527806422
-3.392246314,-2.517853231
-3.39203316,-2.507900024
-3.391820543,-2.497946801
-3.391608462,-2.487993561
-3.391396917,-2.478040304
-3.391185909,-2.468087032
-3.390975437,-2.458133743
-3.390765501,-2.448180438
-3.390556101,-2.438227117
-3.390347238,-2.42827378
-3.390381346,-2.418269366
-3.390752251,-2.408195356
-3.391129914,-2.398102575
-3.391371736,-2.3880297
-3.391440142,-2.377981933
-3.39104398,-2.368047214
-3.390267155,-2.358134292
-3.389569474,-2.348206275
-3.388891635,-2.33827462
-3.388214141,-2.328342699
-3.387534382,-2.318410917
-3.386852384,-2.308479212
-3.38616854,-2.298547434
-3.385483335,-2.288616407
-3.384797104,-2.278686041
-3.384110119,-2.268756185
-3.383422607,-2.258826749
-3.382734756,-2.248897656
-3.382046721,-2.238968842
-3.38135863,-2.229040252
-3.380670591,-2.219111842
-3.379982691,-2.209183574
-3.379295002,-2.199255416
-3.378607585,-2.189327342
-3.377920488,-2.179399331
-3.377233755,-2.169471363
-3.376547417,-2.159543425
-3.375861503,-2.149615503
-3.375176036,-2.139687588
-3.374491036,-2.12975967
-3.373806519,-2.119831743
-3.373122496,-2.1099038
-3.37243898,-2.099975838
-3.371755978,-2.090047852
-3.371073499,-2.080119838
-3.370631266,-2.070125665
-3.370522088,-2.060044124
-3.369109851,-2.050009346
-3.367344348,-2.040166077
-3.366103096,-2.030327143
-3.365324458,-2.020413677
-3.364652711,-2.010484619
-3.364000309,-2.000553806
-3.362742011,-1.990584676
-3.361233959,-1.980717853
-3.359959577,-1.970928864
-3.358799171,-1.961137741
-3.357735989,-1.951337971
-3.357011113,-1.941484352
-3.356377086,-1.931575421
-3.355439498,-1.921667183
-3.354638327,-1.911794474
-3.353966689,-1.9019488
-3.35363155,-1.892074739
-3.353409327,-1.882152887
-3.352902859,-1.872240929
-3.352522316,-1.862382744
-3.352244251,-1.852531633
-3.352310133,-1.842661439
-3.352816185,-1.832763017
-3.353430803,-1.822847069
-3.353497436,-1.812797702
-3.353335982,-1.802820657
-3.353375573,-1.792944441
-3.353527278,-1.783077132
-3.354013815,-1.773211918
-3.35494822,-1.763342745
-3.35541345,-1.75329186
-3.355650352,-1.743314731
-3.356090364,-1.733456915
-3.356888524,-1.723618348
-3.358129156,-1.713784968
-3.359479553,-1.703936656
-3.360855645,-1.694081343
-3.362241627,-1.684224993
-3.363633942,-1.674368163
-3.365031222,-1.664511929
-3.366432464,-1.654657404
-3.367837054,-1.644804182
-3.369244483,-1.634952062
-3.37065433,-1.625100881
-3.372066251,-1.6152505
-3.37347996,-1.605400798
-3.375140532,-1.595555501
-3.377144712,-1.58570191
-3.379160603,-1.575821417
-3.381066864,-1.565786461
-3.382227873,-1.556154276
-3.383184004,-1.546125582
-3.384230422,-1.536226858
-3.385285891,-1.526339497
-3.386340644,-1.516450518
-3.387393526,-1.506560077
-3.388444694,-1.49666849
-3.389494473,-1.486775984
-3.39054317,-1.476882739
-3.391591047,-1.466988898
-3.392638323,-1.457094579
-3.393685182,-1.447199877
-3.394731778,-1.437304869
-3.395778236,-1.42740962
-3.396824663,-1.417514181
-3.397871145,-1.407618596
-3.398917755,-1.3977229
-3.399964553,-1.387827122
-3.401011588,-1.377931285
-3.402058902,-1.368035409
-3.403106529,-1.358139511
-3.404154497,-1.348243603
-3.405202828,-1.338347698
-3.406251544,-1.328451803
-3.407300658,-1.318555927
-3.408350185,-1.308660076
-3.409400135,-1.298764254
-3.410696101,-1.288859641
-3.412334323,-1.278932907
-3.413370694,-1.268905974
-3.414106995,-1.258934175
-3.414967049,-1.249025744
-3.415843968,-1.239118937
-3.416721939,-1.229211007
-3.417598575,-1.219302321
-3.418473671,-1.209393064
-3.419347359,-1.199483341
-3.4202198,-1.189573233
-3.421091139,-1.179662801
-3.421961493,-1.169752096
-3.422830964,-1.159841161
-3.423699633,-1.14993003
-3.424567568,-1.14001873
-3.425434826,-1.130107283
-3.426301454,-1.12019571
-3.42716749,-1.110284025
-3.428032966,-1.100372241
-3.428897909,-1.090460368
-3.42976234,-1.080548416
-3.430626278,-1.070636391
-3.431489737,-1.0607243
-3.43235273,-1.050812146
-3.433215267,-1.040899935
-3.434077357,-1.030987669
-3.434939006,-1.021075351
-3.43580022,-1.011162984
-3.436661005,-1.001250569
-3.437521363,-0.991338108
-3.438381298,-0.981425602
-3.439240814,-0.971513052
-3.440099912,-0.96160046
-3.440958593,-0.951687825
-3.441816861,-0.941775149
-3.442674715,-0.931862431
-3.443532157,-0.921949673
-3.444389188,-0.912036875
-3.445245808,-0.902124037
-3.446102019,-0.892211159
-3.44695782,-0.882298242
-3.447813212,-0.872385286
-3.448668196,-0.86247229
-3.449522771,-0.852559255
-3.450376939,-0.842646181
-3.451230698,-0.832733068
-3.45208405,-0.822819917
-3.452936994,-0.812906727
-3.453789531,-0.802993498
-3.45464166,-0.79308023
-3.455493382,-0.783166924
-3.456344698,-0.77325358
-3.457195606,-0.763340197
-3.458046107,-0.753426775
-3.458896201,-0.743513316
-3.459745888,-0.733599817
-3.460595168,-0.723686281
-3.461444041,-0.713772706
-3.462292508,-0.703859093
-3.463140568,-0.693945441
-3.463988221,-0.684031752
-3.464835467,-0.674118024
-3.465682306,-0.664204257
-3.466764183,-0.654277204
-3.468193685,-0.64432436
-3.469636651,-0.634351495
-3.470365071,-0.624351998
-3.470791443,-0.614367206
-3.471335281,-0.604433613
-3.47189451,-0.594501359
-3.472454398,-0.584567432
-3.473012908,-0.574632285
-3.473815119,-0.564670106
-3.474956685,-0.554667025
-3.47610072,-0.544641664
-3.477069256,-0.534638501
-3.477889518,-0.524639073
-3.478623588,-0.514622499
-3.479253112,-0.504605016
-3.479783549,-0.494584314
-3.480226674,-0.484553536
-3.480207156,-0.474609326
-3.480110181,-0.46459746
-3.4803922,-0.45453219
-3.480608636,-0.444487469
-3.480684529,-0.434448819
-3.48072059,-0.424384724
-3.480581311,-0.414348184
-3.480325129,-0.404316636
-3.479969638,-0.394287329
-3.479525744,-0.38425453
-3.478976518,-0.374231672
-3.478327467,-0.36421584
-3.477589876,-0.35419893
-3.476747251,-0.34419483
-3.475805046,-0.334200524
-3.47477434,-0.324207594
-3.473639034,-0.31423044
-3.472404522,-0.304265908
-3.471081671,-0.294305244
-3.469654792,-0.28436333
-3.468129204,-0.274436879
-3.466515541,-0.26451681
-3.464798525,-0.25461847
-3.462983393,-0.244738431
-3.46108053,-0.234867293
-3.459075083,-0.225020849
-3.456972169,-0.215195429
-3.45478205,-0.205381846
-3.452490348,-0.195596341
-3.450102221,-0.185835521
-3.447627488,-0.176089299
-3.445052204,-0.166374288
-3.442381379,-0.15668672
-3.439624511,-0.147016216
-3.436768277,-0.137380207
-3.433520992,-0.128012461
-3.429903973,-0.118760172
-3.42651688,-0.109307059
-3.423498015,-0.099671557
-3.419953656,-0.090278635
-3.416148312,-0.081040476
-3.412443604,-0.071800414
-3.408750895,-0.062567358
-3.405054215,-0.053332642
-3.401362983,-0.044107462
-3.397797238,-0.035184167
-3.394187109,-0.026183581
-3.390566059,-0.017182402
-3.386936654,-0.008183993
-3.383299881,0.000812435
-3.379656858,0.009807176
-3.376008581, 0.018800483742178613
-3.372355929,0.027792593
-3.368699675,0.03678372
-3.364503104,0.045633266
-3.360216324,0.054380145
-3.356151593,0.063139164
-3.352162672,0.071898213
-3.348229306,0.080685457
-3.344355057,0.089502337
-3.340544713,0.098348912
-3.336802552, 0.1072254147682446
-3.333132363, 0.11613204535331144
-3.329537491, 0.12506894221641446
-3.326020894, 0.13403616274624403
-3.322585189, 0.14303367314546941
-3.319232695, 0.15206134444180258
-3.315965475, 0.1611189529674193
-3.312956881, 0.17029449470520433
-3.310275878, 0.17958729030989595
-3.307680292, 0.1889164663923235
-3.305127811, 0.1982584359853936
-3.302609759, 0.20761463593546925
-3.300122368, 0.21698326206437824
-3.297662641, 0.22636231589917283
-3.295227828, 0.2357501849114827
-3.292389339, 0.2450845943487564
-3.28940883, 0.25433234450886677
-3.286606054, 0.2635674976461261
-3.284061614, 0.2728876459421294
-3.28183086, 0.2823132226892149
-3.279347232, 0.2917095396487038
-3.276684396, 0.3010262641250097
-3.274155298, 0.3103351413678614
-3.271710162, 0.3196473401778776
-3.269521327, 0.3290509728948989
-3.267658029, 0.33854518835485053
-3.265876161, 0.34806711499778575
-3.264131901, 0.35759606054415927
-3.262417227, 0.3671334059661557
-3.260728636, 0.3766781077306856
-3.258638133, 0.38620640219589536
-3.256339785, 0.3957216306772986
-3.254151383, 0.40524570838938595
-3.252035753, 0.41479261426323605
-3.250250004,0.42439598
-3.248823003, 0.4340531014002782
-3.247481513, 0.44372835827847434
-3.24617726, 0.4534101799013809
-3.244902061, 0.4630993016066996
-3.243652381, 0.4727946875700449
-3.241961087, 0.48245242053801635
-3.240144736, 0.4920122266800954
-3.238513493, 0.5015161843916004
-3.236965752, 0.5110144931890331
-3.235492676,0.520525426
-3.23409699, 0.5300470900639798
-3.232967357, 0.5396220501939719
-3.23217392, 0.5492488122025133
-3.231466471, 0.5588965780470563
-3.230797735, 0.5685503869526516
-3.230159649, 0.5782103709399864
-3.229548486, 0.5878755457920617
-3.228961231, 0.5975448978247541
-3.22839521, 0.6072176380102455
-3.227848037, 0.6168931361766515
-3.227317585, 0.6265708869150045
-3.226801961, 0.6362504842470659
-3.226299488,0.645931601
-3.225808675, 0.6556139736987806
-3.224791983, 0.6653650851922116
-3.223609385, 0.6750371696244172
-3.22267566, 0.6846410103859053
-3.221825874, 0.6942247793495206
-3.221045476, 0.7038164868306215
-3.220337193, 0.7134132579473398
-3.219704684, 0.7230139849522581
-3.219151301, 0.7326179175007802
-3.218869041, 0.7422432808160714
-3.218928457, 0.7518882436214012
-3.218750797, 0.7616006003801394
-3.218383168, 0.7712822654212681
-3.218142891, 0.7809153067966866
-3.21798826, 0.7905296085620948
-3.218108473,0.8001507
-3.21857372, 0.8097752831585544
-3.219130105,0.819413664
-3.219727798, 0.8290579701529697
-3.22035822, 0.8387064120300327
-3.221017259, 0.8483579873222433
-3.221701566, 0.8580118891108175
-3.221928848, 0.8678002294589906
-3.221986586, 0.8775338784646796
-3.222257264, 0.8871722921203552
-3.222801798,0.896784974
-3.223680088, 0.9063931789551087
-3.224639702, 0.9160123284919083
-3.225631803, 0.9256349664760706
-3.226648611, 0.9352592158334958
-3.227686822, 0.9448845574407244
-3.228743836, 0.9545106209082699
-3.229817382, 0.9641371354998899
-3.230905448, 0.9737639062969683
-3.231456671, 0.9835820782445592
-3.231852382, 0.9933322368227218
-3.232496082, 1.0029570875395972
-3.233220801, 1.0125513937940438
-3.234205779, 1.022130087189059
-3.235520971, 1.0316857824242125
-3.236916321, 1.0412498146522828
-3.238343235, 1.0508171280473255
-3.239793863, 1.0603852901559212
-3.24126495, 1.069953833729877
-3.242753969,1.079522499
-3.244258709, 1.089091106752497
-3.245777218, 1.0986595391680951
-3.24730777, 1.1082277245090033
-3.248848836, 1.1177956237993223
-3.250399069, 1.1273632217906826
-3.251957277, 1.1369305199798938
-3.253522407, 1.146497531360527
-3.255093533, 1.156064276506956
-3.256669833, 1.1656307806787498
-3.258250586, 1.1751970717037636
-3.259835153, 1.1847631784529535
-3.26142297, 1.194329129762621
-3.263013542, 1.2038949536929335
-3.264606429, 1.2134606770373817
-3.266201245, 1.223026325017821
-3.26779765, 1.2325919211152454
-3.269395341, 1.2421574869984304
-3.270994054, 1.251723042521815
-3.272593553, 1.2612886057711037
-3.274193633, 1.2708541931405455
-3.27579411, 1.2804198194300014
-3.277394825, 1.289985497953117
-3.278995634, 1.2995512406503307
-3.280596413, 1.309117058202281
-3.282197052, 1.3186829601405288
-3.283797453, 1.328248954953577
-3.285397529, 1.3378150501868873
-3.286997206, 1.3473812525361797
-3.288596416, 1.3569475679336829
-3.290195101, 1.3665140016272952
-3.291148453, 1.3764357033851022
-3.291994138, 1.3864765030247652
-3.29298881, 1.3963054754482904
-3.294083326, 1.4061169498947776
-3.295271502, 1.415918819148951
-3.296796292, 1.4256780165011678
-3.298756197, 1.4353933654016402
-3.300822611, 1.4451128178504833
-3.302291383, 1.4551066476337082
-3.303568255, 1.4650115653333515
-3.305035788,1.47477561
-3.306612638, 1.4845175235316102
-3.308287061, 1.4942429550290843
-3.310057493, 1.5039508330552251
-3.311924057, 1.513640073898713
-3.314116573, 1.5232594960863357
-3.31675162, 1.5328053882627646
-3.319501863, 1.542352758724791
-3.322279412, 1.5519007325562169
-3.325067353, 1.561446692237523
-3.3278617, 1.5709902607272188
-3.330660975, 1.580531646194623
-3.33346429, 1.5900711414860251
-3.336270976, 1.5996090219302281
-3.339080497, 1.609145528044958
-3.341892418, 1.618680865369881
-3.344151452, 1.6284800611583694
-3.346160155, 1.6382772467671667
-3.348360287, 1.6478962437400368
-3.350666999, 1.6574840072747774
-3.353068036, 1.6670499630094766
-3.355561572, 1.6765926106341993
-3.358147711, 1.6861104531063131
-3.360826797, 1.6956021695399004
-3.363599115, 1.7050665357216732
-3.366464849, 1.7145023906836638
-3.369424091, 1.723908620226773
-3.372476852,1.733284147
-3.375623074, 1.7426279207154927
-3.378862641, 1.7519389176262699
-3.382195389, 1.7612161316178625
-3.38562111, 1.770458573592075
-3.389584695, 1.7794743891085283
-3.3943189, 1.7882930986269883
-3.398974817, 1.797064907770262
-3.403431176, 1.8057414745095368
-3.407061271, 1.8149704519942746
-3.410402764, 1.824444370777636
-3.41383937, 1.8336333235411868
-3.417350486, 1.8427746971558852
-3.421373399, 1.8517928523487444
-3.425846384, 1.860339334025868
-3.42964971, 1.8695499992853657
-3.43314215, 1.8790568490484278
-3.436779376, 1.8881798447620035
-3.440499142, 1.8972382771515055
-3.444296484, 1.9062605361690697
-3.448589273, 1.9151252735238136
-3.453322906, 1.9235240671344427
-3.458197127, 1.9320282559696014
-3.463078614, 1.940581947470535
-3.467960069, 1.9491238683058736
-3.472927504, 1.957859820829091
-3.477824141, 1.9665842679121999
-3.482651412, 1.9753413565863105
-3.486315143, 1.9847105157169003
-3.489629006, 1.9940770498407214
-3.493125899, 2.0032127925872656
-3.496701974, 2.0123096523972834
-3.500349035, 2.0213829754199475
-3.504065526, 2.0304229238306504
-3.507856213, 2.039433106926904
-3.511721114,2.04840515
-3.515665308, 2.0573439104418094
-3.519687607,2.066241331
-3.523792792, 2.075102817694063
-3.527978653, 2.0839204401395213
-3.532249708, 2.092699858150145
-3.53660298, 2.1014332324738767
-3.541042791, 2.1101263099779524
-3.5455656, 2.1187713515506377
-3.550175596, 2.1273740936599053
-3.554868824, 2.1359269170861643
-3.559649384, 2.1444354902646823
-3.564513013, 2.1528923322744875
-3.569463759, 2.1613030095813555
-3.574497121, 2.1696601929501123
-3.579617123, 2.177969327548069
-3.58481908, 2.1862232439005176
-3.590107004, 2.194427255806592
-3.595476063, 2.2025743571635292
-3.600930272, 2.2106697263224087
-3.606464674, 2.218706520783241
-3.612083299, 2.2266897832889514
-3.617781079, 2.2346128327750785
-3.623562066, 2.242480578783826
-3.629421094,2.250286498
-3.635362242, 2.258035370567776
-3.641380249, 2.2657208262292854
-3.647479231, 2.273347521272823
-3.653653832, 2.280909232715924
-3.659908213, 2.288410498599146
-3.666236922, 2.2958452379009637
-3.672644169, 2.3032178763000397
-3.679124405, 2.3105224691555426
-3.685681897, 2.317763335802567
-3.692310994, 2.3249346625719265
-3.699016029, 2.3320406683422847
-3.705791241, 2.3390756653061784
-3.712641035,2.346043778
-3.719559541, 2.3529394382839386
-3.726551238, 2.3597666820943277
-3.73361014,2.366520059
-3.740740813, 2.373203519202425
-3.747937145, 2.379811725587276
-3.755203795, 2.3863485474722053
-3.762534521, 2.3928087583157156
-3.769934084, 2.3991961504205586
-3.777396102, 2.4055056047383663
-3.784925445, 2.4117408398022997
-3.792515589, 2.4178968421498905
-3.80017152, 2.423977258951536
-3.807886559, 2.4299771810785775
-3.815665821, 2.435900186059016
-3.823502467, 2.4417414685161107
-3.831401744, 2.4475045373493125
-3.839356649, 2.453184691031611
-3.847372569, 2.4587853701280533
-3.855442328, 2.4643019777431743
-3.863571462, 2.4697378856755394
-3.871752617, 2.475088603126102
-3.879991484, 2.4803574319685757
-3.888280525, 2.485539989642218
-3.896625593, 2.4906395062174513
-3.90501896, 2.495651710179495
-3.913466649, 2.5005797572094597
-3.921960736, 2.505419490295522
-3.930507419, 2.5101739874544657
-3.939098575, 2.5148392102620907
-3.947740582,2.519418155
-3.956425114, 2.5239069069114315
-3.965158735, 2.528308375838108
-3.974031405, 2.5326604481434742
-3.982711674, 2.536819936947081
-3.991396635, 2.540849990719372
-4.000168246, 2.5448179649252984
-4.008975831, 2.5486996882167086
-4.017820467, 2.552493634721827
-4.026702049, 2.556199366668656
-4.03561975, 2.559816210078445
-4.044572782,2.563343546
-4.053560336, 2.5667807936618168
-4.06258158, 2.570127407129829
-4.071635662, 2.573382868153261
-4.080721715, 2.576546686118875
-4.089838851, 2.5796183954274503
-4.098986174, 2.5825975536218118
-4.108162771, 2.585483739749218
-4.117367722,2.588276553
-4.126600095, 2.590975611096491
-4.13585895, 2.5935805499122147
-4.145143339, 2.5960910217984825
-4.154452307, 2.5985066951051086
-4.163784894, 2.6008272533783154
-4.173140134, 2.603052394723591
-4.182517054, 2.605181831250586
-4.191914679, 2.607215288590028
-4.201332028, 2.609152505473843
-4.210817723, 2.610808500346524
-4.220375257, 2.612118566014899
-4.229960427, 2.613337954517577
-4.239556531, 2.6145142466189126
-4.249163255, 2.615656301428632
-4.258778711, 2.6167684648883065
-4.268401151, 2.6178542856557376
-4.278029224, 2.6189169327439363
-4.28766186, 2.619959236344544
-4.297298208, 2.6209837101534728
-4.306937587, 2.621992576865095
-4.316579453, 2.622987795401359
-4.326223367, 2.623971088067749
-4.335868977, 2.6249439664556187
-4.345515995, 2.6259077554769936
-4.355164187, 2.626863615273469
-4.364813363, 2.6278125609497196
-4.374463364, 2.6287554802007564
-4.384114061,2.629693149
-4.393765347, 2.630626245267126
-4.403417131, 2.6315553614163463
-4.413112443, 2.6330670766501845
-4.422716691, 2.6347145661100932
-4.432263088, 2.6360927841440556
-4.441793743, 2.6373836314462253
-4.451336635, 2.638606129854074
-4.460889032, 2.639757991666656
-4.470449908, 2.6408357445119552
-4.480018601, 2.6418362184037196
-4.489594437, 2.6427566157493985
-4.499176746, 2.643594483972723
-4.508764854, 2.6443476767483367
-4.518358069, 2.645014317505949
-4.527955676, 2.645592766739062
-4.537556935, 2.6460815930588035
-4.547161077, 2.646479547739977
-4.556767309, 2.6467855424417888
-4.566374814, 2.646998629767626
-4.575982747, 2.6471179863358087
-4.585590247, 2.647142898054463
-4.595198182, 2.6468826227663222
-4.604804772, 2.646270265891271
-4.614424439, 2.6455640009221297
-4.62405089,2.644815097
-4.633682514, 2.6440325685525083
-4.643318048,2.643220813
-4.652956469, 2.6423834053734256
-4.66259701, 2.641523482495775
-4.672239097, 2.6406438112151056
-4.681894472, 2.6395580217854526
-4.691569955, 2.638204448891272
-4.701277155, 2.6368391415576915
-4.711004376, 2.6355148556732466
-4.720747966, 2.6342429934434635
-4.730505814, 2.6330301097225983
-4.740276209, 2.631881688014341
-4.75005774, 2.6308025395365404
-4.759849206, 2.6297968882343365
-4.769649547, 2.6288684299963676
-4.779457792, 2.6280203893206657
-4.789271919, 2.627259182889105
-4.799111135, 2.626643283679631
-4.808967134, 2.626139176660914
-4.818828798, 2.625744393409508
-4.828695063, 2.6254312011073293
-4.838557555, 2.6252224410463687
-4.848422519, 2.6251021544500723
-4.858293059, 2.625063297960781
-4.868158198, 2.6251274328583616
-4.878020249, 2.625286847315921
-4.88787872, 2.625545067129947
-4.89773552, 2.6258944226335865
-4.907586089, 2.6263395170426556
-4.917435683, 2.6268756434823834
-4.927274911, 2.6275152186589037
-4.937105143, 2.628252210744024
-4.946928497, 2.629083690107204
-4.956740143, 2.630017014602359
-4.966544071, 2.631042517961153
-4.976335295, 2.632164156535873
-4.986119382, 2.6333775039616394
-4.995886096,2.634694099
-5.005637172, 2.636107912274308
-5.01537494, 2.6376160753801123
-5.025094021, 2.6392255706646797
-5.034799094, 2.6409268646343955
-5.044484876, 2.642723513048335
-5.054157197, 2.644611527931169
-5.063804979, 2.646601901607325
-5.073430597, 2.648688682796771
-5.083036847, 2.6508694297900806
-5.092619587, 2.653145694598001
-5.102176284, 2.6555204344123626
-5.111709766, 2.6579859437673696
-5.121223775,2.660541684
-5.130707274, 2.663197079506686
-5.140161728, 2.6659476858131104
-5.149583215, 2.6687967061295983
-5.15898194, 2.671733198315399
-5.168350383, 2.6747634634772313
-5.177687166, 2.677887366860388
-5.186989778, 2.681103922397934
-5.196264163, 2.6844093127797444
-5.205502861, 2.6878097751677696
-5.214703282, 2.6913057763851773
-5.223865499, 2.6948950830784133
-5.232990389, 2.6985775528383127
-5.242085243, 2.7023426920603546
-5.251128722, 2.7062122236366997
-5.260139728, 2.710163095793798
-5.269109139, 2.714207258752352
-5.278035117, 2.718341551234371
-5.286913316, 2.7225714387081457
-5.295752665, 2.726884525112581
-5.304546837, 2.731288044545788
-5.313295847, 2.735779907747996
-5.321999663, 2.740360123306073
-5.330648908, 2.745033064041997
-5.339249608, 2.749794253031293
-5.347651225, 2.7545190670594253
-5.35643084, 2.759708014979328
-5.365060462, 2.7649240823985193
-5.37353289, 2.770135493884176
-5.381944508, 2.7754234007420444
-5.390325475, 2.780790415724589
-5.398640069, 2.7862497126558785
-5.406904525, 2.7917893533844493
-5.415116889, 2.7974073619376636
-5.423271602, 2.803107903160088
-5.431361244, 2.808895204120799
-5.439408186, 2.814753131973417
-5.447383387, 2.8206998228779194
-5.455303244, 2.8267243642878968
-5.463166239, 2.832824756678085
-5.470966248, 2.839004619532513
-5.47869606, 2.8452677719676864
-5.486378545, 2.851599250834141
-5.493984042,2.858015513
-5.501223172, 2.864769691091409
-5.508216246, 2.8717521523280785
-5.515188858,2.878725271
-5.52215731, 2.885709349536602
-5.52911617, 2.8927096174153695
-5.536061656, 2.8997266281979477
-5.543015607, 2.906745972767525
-5.549951995, 2.9137808894812656
-5.556886862, 2.920822691948973
-5.563822249, 2.9278665895832248
-5.570750804, 2.934917618299372
-5.577668681, 2.941977632243416
-5.584598164, 2.9490335024666345
-5.591512501, 2.9560995938498738
-5.598427434, 2.963168412754427
-5.60534489, 2.9702357013573613
-5.612257171, 2.977307278093195
-5.619160143, 2.984385413805685
-5.626076164, 2.9914574171355324