-6.1735923067301295, 4.506355928349758, -0.0003848823544133073
-6.173821370365156, 4.506434968686056, -0.0003848875427953091
-6.17405043646948, 4.506514031641119, -0.0003848925991822849
-6.1742795049472, 4.506593116837617, -0.00038489752628806384
-6.174508575704385, 4.506672223906119, -0.00038490232677063085
-6.174737648649022, 4.506751352484921, -0.0003849070032377333
-6.174966723691, 4.506830502219866, -0.00038491155824438295
-6.175195800742055, 4.506909672764219, -0.00038491599429535395
-6.1754248797157425, 4.506988863778492, -0.00038492031384695924
-6.1756539605273995, 4.507068074930294, -0.00038492451930433047
-6.175883043094106, 4.507147305894191, -0.00038492861302663606
-6.176112127334658, 4.5072265563515534, -0.0003849325973255824
-6.17634121316953, 4.507305825990412, -0.0003849364744675787
-6.176570300520841, 4.507385114505324, -0.0003849402466714613
-6.176799389312319, 4.50746442159724, -0.000384943916114433
-6.177028479469274, 4.5075437469733615, -0.0003849474849290102
-6.177257570918568, 4.507623090347012, -0.0003849509552035779
-6.1774866635885735, 4.507702451437519, -0.00038495432898771886
-6.177715757409155, 4.50778182997007, -0.0003849576082857187
-6.1779448523116285, 4.507861225675616, -0.0003849607950651701
-6.1781739482287525, 4.50794063829072, -0.0003849638912522546
-6.1784030450946705, 4.508020067557462, -0.0003849668987342403
-6.178632142844903, 4.508099513223315, -0.0003849698193607587
-6.1788612414163175, 4.508178975041041, -0.0003849726549440269
-6.179090340747094, 4.508258452768559, -0.00038497540725929147
-6.179319440776704, 4.508337946168864, -0.0003849780780451062
-6.179548541445883, 4.508417455009897, -0.0003849806690065516
-6.17977764269661, 4.508496979064461, -0.0003849831818125704
-6.1800067444720765, 4.508576518110106, -0.00038498561809885423
-6.180235846716655, 4.508656071929031, -0.0003849879794670108
-6.180464949375889, 4.508735640307994, -0.00038499026748639587
-6.180694052396464, 4.508815223038214, -0.00038499248369583405
-6.180923155726184, 4.508894819915271, -0.00038499462960001063
-6.181152259313949, 4.508974430739017, -0.0003849967066748561
-6.18138136310973, 4.509054055313488, -0.0003849987163654922
-6.18161046706455, 4.509133693446816, -0.00038500066008673173
-6.1818395711304595, 4.509213344951157, -0.00038500253922651995
-6.182068675260522, 4.50929300964258, -0.0003850043551416604
-6.1822977794087866, 4.509372687340996, -0.000385006109162922
-6.182526883530268, 4.5094523778700895, -0.0003850078025938175
-6.182755987580937, 4.5095320810572215, -0.0003850094367098267
-6.182985091517682, 4.50961179673336, -0.00038501101275961735
-6.183214195298313, 4.509691524733011, -0.00038501253196981944
-6.183443298881524, 4.509771264894135, -0.00038501399553819704
-6.18367240222688, 4.5098510170580735, -0.0003850154046382559
-6.1806200302674466, 4.510613456418447, -0.0006784360428496727
-6.17538000062481, 4.511883624009814, -0.0005793845076288995
-6.1670329527663394, 4.513744018173035, -0.00048256969505983127
-6.157535204853923, 4.515878190192243, -0.0003470950925886229
-6.147667964192809, 4.517946757358809, -0.00035527690601022677
-6.137990611174155, 4.5198332186404935, -0.0003837989398635111
-6.128377176261829, 4.521311503354211, -0.00038187378438364616
-6.11871990166644, 4.522454842940947, -0.00037790259755959843
-6.109400240384481, 4.523551455618108, -0.00013721592704857288
-6.099049655615787, 4.5250108588331575, -0.00015128647469564438
-6.089152484402532, 4.52633874638047, -0.0002355455804801676
-6.07958032728246, 4.527509336547331, -0.00023360305978054052
-6.0699236468550595, 4.528652608234982, -0.00022290750507292234
-6.060289166243262, 4.529778659546357, -0.00021753211520092464
-6.050711783073183, 4.5308927167987, -0.00020843238768331052
-6.041197795764091, 4.532013766996645, -0.0001914910227869271
-6.031728710614067, 4.53317378650391, -0.00017155573470140073
-6.022303179968163, 4.5344051783319275, -0.00015059018422630688
-6.01289531539003, 4.535731129097763, -0.00012662667875307232
-6.0032642461334085, 4.537177532244594, -8.823441705291257e-05
-5.993472062543146, 4.538665328812088, -8.400751207676693e-05
-5.983705829785763, 4.540162082256472, -8.738228187010755e-05
-5.973948351418663, 4.5417016848583085, -0.00011321422223248279
-5.964321738103004, 4.543269112726855, -0.00011201172682151483
-5.954665051261206, 4.544844514771155, -0.00010162675918756747
-5.944931397872654, 4.5463779916252935, -9.494338319487872e-05
-5.935160669581703, 4.547903881616182, -7.735564706090603e-05
-5.925302563667448, 4.5493898258223116, -7.726464041701853e-05
-5.915453763703426, 4.550858436680496, -7.80729718570794e-05
-5.905595494360095, 4.552331973585671, -7.3265361439534e-05
-5.895736354290258, 4.553791058098599, -7.321749981192838e-05
-5.885875111064235, 4.5552426295014525, -7.485063359707889e-05
-5.876007486736421, 4.556700917108989, -7.078124064557878e-05
-5.866141199749001, 4.558146859879967, -7.128703023140393e-05
-5.856269566418187, 4.559902581026717, -7.143210659665833e-05
-5.8464328783064055, 4.562052955425426, -7.255529613253708e-05
-5.83645835848561, 4.563596877839404, -7.528606831774809e-05
-5.826528110342778, 4.564829835213776, -7.500323629144878e-05
-5.816675235689767, 4.566429207927688, -7.551230429769795e-05
-5.806812557190972, 4.568386464414819, -7.612433452514056e-05
-5.7969209511144335, 4.570344970652208, -7.098917011311157e-05
-5.787021294896486, 4.572109035995862, -7.24585001536937e-05
-5.777106830126232, 4.573746669799587, -7.490076595595418e-05
-5.767233331921751, 4.574926586313615, -7.39004390476472e-05
-5.757310208949434, 4.576034654977638, -7.584296079016228e-05
-5.747361714357017, 4.5775173170512256, -7.623043046411926e-05
-5.7373910973666495, 4.578971756378451, -7.20986464467499e-05
-5.727420924491467, 4.580235187308107, -7.45500578359648e-05
-5.717432397781664, 4.581399615389987, -7.102041592504937e-05
-5.70743558517099, 4.582459216978938, -7.197658949775754e-05
-5.697430354259466, 4.583419193781049, -7.42954325006484e-05
-5.687410491939618, 4.584291883220178, -7.07519136941559e-05
-5.6773870367308366, 4.585058571043771, -7.164370865075931e-05
-5.667358007318306, 4.585725081938977, -7.390545056773501e-05
-5.657425615339695, 4.585926816163679, -7.459042969609753e-05
-5.647486565396661, 4.585753577864519, -7.391346423857303e-05
-5.637495548515157, 4.585903582771308, -7.388239505845551e-05
-5.627484624960072, 4.586033726288267, -7.134694316501822e-05
-5.617531967427575, 4.58576321661445, -7.289161001555744e-05
-5.607585325870602, 4.585564774178428, -7.269587673552902e-05
-5.597636076772774, 4.585386812297144, -7.245899493873997e-05
-5.587685076246275, 4.585209220178184, -7.227528235298486e-05
-5.5777329331329035, 4.585029337254274, -7.222177159921239e-05
-5.567780322521213, 4.584847197318046, -7.21838128476815e-05
-5.5578272817058, 4.584663188686476, -7.215827015893961e-05
-5.547873896461257, 4.584477704391359, -7.214135981264969e-05
-5.537920236731294, 4.584291083574296, -7.213026007329981e-05
-5.527966356812155, 4.58410361069304, -7.212304395276536e-05
-5.5180122990551155, 4.583915522667378, -7.21184092437599e-05
-5.508058096722981, 4.583727016295063, -7.211547938451579e-05
-5.498103776108766, 4.583538254802223, -7.211366642506656e-05
-5.488149358119004, 4.583349373432756, -7.211257760020295e-05
-5.478194859466595, 4.583160484161833, -7.211195182199592e-05
-5.468240293576561, 4.582971679647051, -7.211161659820275e-05
-5.458285671279191, 4.58278303652796, -7.211145885654968e-05
-5.448331001344631, 4.5825946181739665, -7.211140522578319e-05
-5.438376290898344, 4.582406476968407, -7.21114087333663e-05
-5.428421545746338, 4.5822186562042715, -7.211143985635937e-05
-5.418466770631469, 4.582031191655916, -7.211148051966543e-05
-5.408511969436707, 4.581844112880985, -7.211152008218535e-05
-5.39855714534727, 4.581657444298239, -7.211155267028424e-05
-5.388602300980561, 4.5814712060793275, -7.211157541048285e-05
-5.378647438490802, 4.581285414886387, -7.211158727143951e-05
-5.3686925596536215, 4.5811000844819185, -7.21115883112744e-05
-5.358737665934653, 4.580915226232929, -7.211157919356781e-05
-5.348782758545319, 4.580730849527565, -7.211156088143822e-05
-5.338827838488351, 4.58054696211941, -7.21115344514689e-05
-5.32887290659495, 4.580363570411974, -7.211150098085373e-05
-5.318917963555232, 4.580180679693682, -7.211146148583536e-05
-5.308963009943191, 4.579998294332023, -7.211141689011935e-05
-5.299008046237155, 4.579816417933893, -7.211136801266171e-05
-5.289053072836648, 4.57963505347807, -7.211131556683625e-05
-5.279098090076211, 4.579454203424596, -7.21112601660967e-05
-5.269143098236803, 4.579273869805122, -7.211120233291402e-05
-5.25918809755519, 4.579094054297555, -7.211114250843531e-05
-5.2492330882316605, 4.578914758287652, -7.211108106347508e-05
-5.239278070436424, 4.57873598291993, -7.21110183085627e-05
-5.229323044314842, 4.578557729139688, -7.21109545016585e-05
-5.219368009991778, 4.578379997727714, -7.211088985792369e-05
-5.209412967575163, 4.578202789328942, -7.211082455388373e-05
-5.199457917158958, 4.578026104476125, -7.211075873758688e-05
-5.189502858825586, 4.577849943609392, -7.211069252976987e-05
-5.179547792647938, 4.577674307092363, -7.211062603068585e-05
-5.16959271869104, 4.577499195225497, -7.211055932243582e-05
-5.159637637013418, 4.57732460825709, -7.211049247296542e-05
-5.149682547668235, 4.577150546392363, -7.21104255378413e-05
-5.139727450704217, 4.57697700980097, -7.21103585624161e-05
-5.129772346166439, 4.576803998623193, -7.211029158471494e-05
-5.119817234096943, 4.576631512975062, -7.211022463576855e-05
-5.109862114535281, 4.576459552952581, -7.211015773989082e-05
-5.099906987518934, 4.576288118635205, -7.211009091839804e-05
-5.089951853083694, 4.576117210088745, -7.211002418827661e-05
-5.079996711263935, 4.5759468273677335, -7.21099575632933e-05
-5.070041562092873, 4.575776970517382, -7.210989105477239e-05
-5.0600864056027675, 4.575607639575224, -7.210982467226179e-05
-5.05013124182508, 4.575438834572437, -7.210975842325551e-05
-5.040176070790618, 4.575270555534951, -7.210969231402631e-05
-5.0302208925296545, 4.575102802484376, -7.210962634984774e-05
-5.020265707072006, 4.574935575438742, -7.210956053443907e-05
-5.010310514447127, 4.574768874413125, -7.210949487174156e-05
-5.000355314684169, 4.57460269942017, -7.210942936447529e-05
-4.990400107812025, 4.574437050470496, -7.21093640144721e-05
-4.980444893859389, 4.5742719275730686, -7.210929882434103e-05
-4.970489672854774, 4.574107330735482, -7.210923379541434e-05
-4.960534444826552, 4.573943259964189, -7.210916892830266e-05
-4.950579209802987, 4.573779715264717, -7.210910422472683e-05
-4.940623967812238, 4.57361669664181, -7.21090396854085e-05
-4.93066871888239, 4.57345420409958, -7.210897531095828e-05
-4.920713463041453, 4.573292237641614, -7.210891110182027e-05
-4.910758200317392, 4.5731307972710535, -7.210884705854959e-05
-4.900802930738125, 4.5729698829906935, -7.210878318170133e-05
-4.890847654331532, 4.572809494803026, -7.210871947122e-05
-4.8808923711254595, 4.572649632710291, -7.210865592782723e-05
-4.870937081147729, 4.572490296714541, -7.210859255135649e-05
-4.860981784426148, 4.572331486817647, -7.210852934202983e-05
-4.851026480988497, 4.572173203021352, -7.210846630029133e-05
-4.84107117086255, 4.572015445327278, -7.210840342569691e-05
-4.831115854076064, 4.571858213736959, -7.210834071880168e-05
-4.821160530656791, 4.571701508251849, -7.210827817949461e-05
-4.81120520063247, 4.571545328873335, -7.210821580794224e-05
-4.801249864030838, 4.571389675602754, -7.210815360414458e-05
-4.791294520879625, 4.571234548441399, -7.210809156787956e-05
-4.7813391712065565, 4.571079947390526, -7.210802969986885e-05
-4.771383815039351, 4.570925872451362, -7.21079679994463e-05
-4.7614284524057275, 4.570772323625108, -7.210790646700049e-05
-4.751473083333404, 4.570619300912944, -7.21078451023649e-05
-4.7415177078500905, 4.570466804316042, -7.210778390559502e-05
-4.731562325983499, 4.570314833835544, -7.210772287691292e-05
-4.7216069377613525, 4.570163389472589, -7.210766201620755e-05
-4.711651543211348, 4.570012471228312, -7.210760132336791e-05
-4.7016961423612, 4.569862079103835, -7.21075407984495e-05
-4.691740735238613, 4.569712213100269, -7.210748044145232e-05
-4.681785321871303, 4.569562873218729, -7.210742025254291e-05
-4.671829902286967, 4.569414059460316, -7.210736023155473e-05
-4.661874476513316, 4.569265771826134, -7.210730037854329e-05
-4.651919044578059, 4.569118010317282, -7.210724069345309e-05
-4.641963606508901, 4.568970774934854, -7.21071811766727e-05
-4.6320081623335465, 4.568824065679949, -7.2107121827647e-05
-4.622052712079701, 4.568677882553655, -7.210706264659805e-05
-4.612097255775072, 4.568532225557069, -7.21070036338034e-05
-4.602141793447363, 4.568387094691274, -7.210694478876345e-05
-4.592186325124281, 4.5682424899573615, -7.210688611181126e-05
-4.5822308508335325, 4.568098411356426, -7.210682760283582e-05
-4.572275370602824, 4.567954858889546, -7.210676926183712e-05
-4.562319884459858, 4.567811832557811, -7.210671108903721e-05
-4.552364392432341, 4.56766933236231, -7.210665308415853e-05
-4.5424088945479815, 4.567527358304128, -7.210659524731211e-05
-4.532453390834489, 4.567385910384347, -7.210653757855345e-05
-4.52249788131956, 4.56724498860406, -7.210648007777154e-05
-4.512542366030907, 4.567104592964344, -7.210642274496637e-05
-4.502586844996232, 4.56696472346629, -7.210636558035999e-05
-4.492631318243247, 4.566825380110981, -7.210630858373035e-05
-4.4826757857996515, 4.566686562899501, -7.210625175496643e-05
-4.4727202476931565, 4.5665482718329375, -7.210619509456784e-05
-4.462764703951466, 4.566410506912367, -7.210613860197945e-05
-4.452809154602284, 4.56627326813888, -7.210608227753434e-05
-4.442853599673322, 4.566136555513563, -7.210602612106598e-05
-4.432898039192284, 4.566000369037495, -7.210597013274089e-05
-4.422942473186878, 4.56586470871176, -7.210591431233704e-05
-4.4129869016848104, 4.565729574537447, -7.210585866007646e-05
-4.40303132471379, 4.565594966515638, -7.210580317590365e-05
-4.393075742301522, 4.565460884647418, -7.210574785998514e-05
-4.383120154475711, 4.565327328933869, -7.210569271187683e-05
-4.373164561264069, 4.565194299376074, -7.21056377318563e-05
-4.363208962694298, 4.565061795975121, -7.210558291997904e-05
-4.353253358794107, 4.564929818732088, -7.210552827602301e-05
-4.343297749591199, 4.5647983676480655, -7.210547380032128e-05
-4.333342135113292, 4.564667442724131, -7.210541949270732e-05
-4.323386515388087, 4.564537043961374, -7.210536535295908e-05
-4.313430890443292, 4.564407171360872, -7.210531138168719e-05
-4.303475260306618, 4.564277824923713, -7.210525757816999e-05
-4.293519625005767, 4.564149004650981, -7.210520394279607e-05
-4.28356398456845, 4.564020710543759, -7.210515047556543e-05
-4.273608339022376, 4.563892942603131, -7.210509717636704e-05
-4.263652688395248, 4.56376570083018, -7.210504404531193e-05
-4.253697032714782, 4.563638985225985, -7.210499108234458e-05
-4.2437413720086825, 4.5635127957916355, -7.210493828752051e-05
-4.2337857063046584, 4.563387132528217, -7.21048856607287e-05
-4.223830035630416, 4.563261995436809, -7.210483320202465e-05
-4.213874360013668, 4.56313738451849, -7.210478091146388e-05
-4.203918679482121, 4.563013299774351, -7.210472878904639e-05
-4.193962994063482, 4.562889741205474, -7.210467683471666e-05
-4.18400730378546, 4.562766708812943, -7.210462504858572e-05
-4.174051608675765, 4.562644202597839, -7.2104573430265e-05
-4.164095908762112, 4.562522222561248, -7.210452198047612e-05
-4.154140204072196, 4.562400768704252, -7.210447069838644e-05
-4.1441844946337385, 4.562279841027932, -7.210441958466207e-05
-4.134228780474445, 4.5621594395333736, -7.21043686391365e-05
-4.124273061622025, 4.562039564221663, -7.210431786158766e-05
-4.114317338104189, 4.561920215093877, -7.210426725223762e-05
-4.104361609948645, 4.5618013921511, -7.210421681108636e-05
-4.094405877183105, 4.561683095394422, -7.21041665381339e-05
-4.084450139835274, 4.561565324824918, -7.210411643304715e-05
-4.0744943979328685, 4.561448080443676, -7.210406649627021e-05
-4.064538651503593, 4.561331362251776, -7.210401672747002e-05
-4.0545829005751575, 4.561215170250306, -7.210396712686862e-05
-4.044627145175276, 4.561099504440342, -7.2103917694466e-05
-4.034671385331655, 4.560984364822972, -7.210386843020666e-05
-4.024715621072009, 4.560869751399282, -7.21038193340906e-05
-4.014759852424044, 4.56075566417035, -7.210377040617333e-05
-4.0048040794154725, 4.560642103137259, -7.210372164634382e-05
-3.994848302074004, 4.560529068301097, -7.210367305460208e-05
-3.9848925204273526, 4.560416559662938, -7.210362463111464e-05
-3.9749367345032276, 4.560304577223876, -7.21035763758815e-05
-3.9649809443293385, 4.560193120984988, -7.210352828890265e-05
-3.9550251499333995, 4.560082190947356, -7.2103480369623e-05
-3.945069351343117, 4.559971787112064, -7.210343261876417e-05
-3.9351135485862065, 4.559861909480197, -7.210338503610414e-05
-3.9251577416903776, 4.559752558052832, -7.21033376216429e-05
-3.9152019306833417, 4.559643732831059, -7.210329037526941e-05
-3.9052461155928113, 4.559535433815955, -7.210324329715023e-05
-3.8952902964464955, 4.559427661008607, -7.210319638695228e-05
-3.8853344732721093, 4.5593204144101005, -7.210314964539721e-05
-3.8753786460973636, 4.559213694021514, -7.210310307165235e-05
-3.86542281494997, 4.55910749984393, -7.210305666627281e-05
-3.85546697985764, 4.559001831878431, -7.210301042892553e-05
-3.845511140848087, 4.558896690126101, -7.210296435999908e-05
-3.835555297949023, 4.558792074588028, -7.210291845899386e-05
-3.8255994511881593, 4.558687985265281, -7.210287272618743e-05
-3.8156436005932104, 4.558584422158959, -7.210282716180183e-05
-3.8056877461918854, 4.558481385270136, -7.2102781765504e-05
-3.7957318880119, 4.558378874599896, -7.210273653734944e-05
-3.785776026080965, 4.55827689014932, -7.210269147739368e-05
-3.775820160426795, 4.558175431919492, -7.21026465856367e-05
-3.765864291077102, 4.558074499911492, -7.210260186230055e-05
-3.755908418059599, 4.557974094126411, -7.210255730688564e-05
-3.745952541402, 4.557874214565323, -7.210251291989156e-05
-3.7359966611320177, 4.557774861229315, -7.210246870092973e-05
-3.726040777277366, 4.557676034119469, -7.210242465022221e-05
-3.7160848898657575, 4.557577733236868, -7.210238076782449e-05
-3.706128998924906, 4.5574799585825945, -7.210233705351454e-05
-3.6961731044825266, 4.557382710157728, -7.21022935075144e-05
-3.6862172065663326, 4.557285987963358, -7.210225012971305e-05
-3.676261305204036, 4.5571897920005595, -7.2102206920166e-05
-3.666305400423353, 4.557094122270417, -7.210216387881774e-05
-3.656349492251997, 4.5569989787740175, -7.210212100544622e-05
-3.646393580717682, 4.556904361512442, -7.210207830055104e-05
-3.6364376658481214, 4.556810270486769, -7.210203576396568e-05
-3.6264817476710323, 4.556716705698085, -7.210199339563461e-05
-3.616525826214127, 4.556623667147471, -7.210195119544682e-05
-3.606569901505121, 4.5565311548360095, -7.210190916345782e-05
-3.5966139735717286, 4.556439168764787, -7.210186729966761e-05
-3.586658042441666, 4.556347708934879, -7.21018256041317e-05
-3.5767021081426464, 4.556256775347375, -7.21017840769611e-05
-3.5667461707023853, 4.556166368003351, -7.210174271782277e-05
-3.5567902301486005, 4.556076486903894, -7.210170152704976e-05
-3.546834286509005, 4.555987132050085, -7.210166050447553e-05
-3.536878339811315, 4.555898303443004, -7.210161965021111e-05
-3.5269223900832443, 4.555810001083734, -7.210157896414549e-05
-3.5169664373525094, 4.555722224973363, -7.210153844638967e-05
-3.507010481646826, 4.555634975112969, -7.210149809688815e-05
-3.4970545229939107, 4.555548251503639, -7.210145791558542e-05
-3.4870985614214796, 4.55546205414645, -7.21014179025925e-05
-3.477142596957248, 4.5553763830424865, -7.21013780579094e-05
-3.4671866296289315, 4.5552912381928286, -7.210133838142507e-05
-3.4572306594642463, 4.555206619598562, -7.210129887319505e-05
-3.4472746864909105, 4.555122527260772, -7.210125953327484e-05
-3.4373187107366405, 4.555038961180536, -7.210122036155342e-05
-3.427362732229153, 4.554955921358933, -7.210118135797527e-05
-3.417406750996164, 4.5548734077970545, -7.210114252304001e-05
-3.4074507670653893, 4.554791420495975, -7.210110385608148e-05
-3.3974947804645477, 4.554709959456785, -7.210106535748828e-05
-3.3875387912213553, 4.5546290246805565, -7.210102702714938e-05
-3.377582799363532, 4.554548616168379, -7.210098886506477e-05
-3.36762680491879, 4.554468733921333, -7.210095087134549e-05
-3.3576708079148503, 4.554389377940503, -7.2100913045825e-05
-3.3477148083794286, 4.5543105482269715, -7.210087538866983e-05
-3.3377588063402444, 4.554232244781818, -7.210083789987998e-05
-3.3278028018250145, 4.554154467606126, -7.21008005792334e-05
-3.317846794861456, 4.554077216700979, -7.210076342684113e-05
-3.307890785477288, 4.554000492067458, -7.21007264429252e-05
-3.2979347737002294, 4.553924293706649, -7.210068962715255e-05
-3.287978759557995, 4.553848621619631, -7.210065297957868e-05
-3.2780227430783055, 4.553773475807484, -7.210061650037014e-05
-3.2680667242888806, 4.553698856271295, -7.210058018963794e-05
-3.2581107032174383, 4.553624763012149, -7.210054404710453e-05
-3.2481546798916954, 4.553551196031117, -7.210050807282542e-05
-3.238198654339373, 4.553478155329292, -7.210047226691163e-05
-3.228242626588188, 4.553405640907751, -7.210043662930765e-05
-3.2182865966658607, 4.553333652767577, -7.210040116001348e-05
-3.208330564600109, 4.553262190909858, -7.210036585897361e-05
-3.198374530418653, 4.553191255335672, -7.210033072624356e-05
-3.188418494149212, 4.553120846046096, -7.210029576187882e-05
-3.178462455819507, 4.553050963042224, -7.21002609658794e-05
-3.1685064154572538, 4.5529816063251305, -7.210022633802327e-05
-3.158550373090177, 4.552912775895902, -7.210019187864347e-05
-3.1485943287459937, 4.552844471755618, -7.210015758746247e-05
-3.1386382824524244, 4.5527766939053596, -7.210012346464678e-05
-3.1286822342371887, 4.552709442346212, -7.210008951019642e-05
-3.1187261841280054, 4.55264271707926, -7.210005572405587e-05
-3.1087701321525962, 4.552576518105585, -7.210002210633615e-05
-3.098814078338683, 4.55251084542626, -7.209998865687073e-05
-3.088858022713984, 4.552445699042382, -7.20999553756041e-05
-3.07890196530622, 4.552381078955023, -7.20999222627583e-05
-3.068945906143115, 4.552316985165271, -7.209988931838884e-05
-3.0589898452523885, 4.552253417674202, -7.209985654216267e-05
-3.0490337826617604, 4.5521903764829075, -7.209982393435732e-05
-3.0390777183989495, 4.552127861592464, -7.209979149497281e-05
-3.0291216524916824, 4.552065873003958, -7.209975922389811e-05
-3.0191655849676775, 4.552004410718465, -7.20997271210222e-05
-3.0092095158546566, 4.551943474737071, -7.209969518656711e-05
-2.999253445180341, 4.551883065060863, -7.209966342047736e-05
-2.9892973729724526, 4.551823181690917, -7.209963182275292e-05
-2.9793412992587136, 4.5517638246283205, -7.209960039344931e-05
-2.9693852240668446, 4.551704993874152, -7.209956913228899e-05
-2.9594291474245704, 4.551646689429497, -7.209953803971603e-05
-2.949473069359612, 4.551588911295438, -7.209950711528634e-05
-2.9395169898996922, 4.5515316594730555, -7.2099476359333e-05
-2.929560909072533, 4.5514749339634335, -7.209944577174499e-05
-2.9196048269058554, 4.551418734767652, -7.209941535252229e-05
-2.9096487434273866, 4.551363061886796, -7.209938510149838e-05
-2.8996926586648453, 4.551307915321951, -7.209935501906184e-05
-2.8897365726459556, 4.5512532950741935, -7.209932510476857e-05
-2.879780485398441, 4.551199201144607, -7.209929535906268e-05
-2.869824396950025, 4.551145633534279, -7.209926578161108e-05
-2.8598683073284312, 4.551092592244289, -7.209923637258031e-05
-2.8499122165613793, 4.551040077275717, -7.209920713180384e-05
-2.8399561246766, 4.5509880886296505, -7.209917805961474e-05
-2.8300000317018124, 4.5509366263071716, -7.209914915562443e-05
-2.8200439376647397, 4.550885690309358, -7.209912042005495e-05
-2.810087842593107, 4.5508352806372985, -7.209909185279528e-05
-2.8001317465146394, 4.550785397292071, -7.209906345412298e-05
-2.790175649457062, 4.55073604027476, -7.209903522359395e-05
-2.7802195514480963, 4.55068720958645, -7.209900716154127e-05
-2.770263452515469, 4.550638905228223, -7.209897926802045e-05
-2.760307352686903, 4.5505911272011605, -7.209895154253187e-05
-2.750351251990123, 4.550543875506342, -7.209892398563067e-05
-2.7403951504528554, 4.550497150144855, -7.209889659720581e-05
-2.730439048102825, 4.550450951117784, -7.209886937703525e-05
-2.7204829449677557, 4.55040527842621, -7.209884232534103e-05
-2.710526841075374, 4.5503601320712095, -7.209881544206764e-05
-2.7005707364534057, 4.5503155120538725, -7.209878872715958e-05
-2.6906146311295744, 4.550271418375278, -7.209876218050582e-05
-2.680658525131609, 4.550227851036512, -7.20987358023839e-05
-2.6707024184872323, 4.550184810038653, -7.209870959279385e-05
-2.6607463112241705, 4.550142295382792, -7.209868355134708e-05
-2.650790203370151, 4.5501003070700055, -7.209865767848767e-05
-2.640834094952898, 4.550058845101374, -7.209863197393807e-05
-2.630877986000141, 4.550017909477985, -7.209860643786481e-05
-2.620921876539603, 4.549977500200918, -7.209858107015688e-05
-2.610965766599012, 4.549937617271257, -7.209855587070324e-05
-2.601009656206096, 4.54989826069009, -7.209853083978146e-05
-2.5910535453885815, 4.5498594304584925, -7.209850597733602e-05
-2.58109743417419, 4.549821126577554, -7.209848128308938e-05
-2.5711413225906563, 4.549783349048354, -7.209845675759663e-05
-2.561185210665703, 4.549746097871975, -7.209843240041369e-05
-2.5512290984270605, 4.549709373049503, -7.209840821159608e-05
-2.5412729859024545, 4.549673174582017, -7.209838419114378e-05
-2.5313168731196125, 4.549637502470603, -7.209836033922334e-05
-2.521360760106263, 4.549602356716341, -7.209833665572374e-05
-2.5114046468901337, 4.549567737320318, -7.209831314042292e-05
-2.5014485334989525, 4.549533644283615, -7.209828979376498e-05
-2.4914924199604456, 4.549500077607316, -7.209826661547236e-05
-2.4815363063023463, 4.549467037292504, -7.209824360554506e-05
-2.4715801925523793, 4.549434523340263, -7.209822076420513e-05
-2.4616240787382733, 4.549402535751675, -7.20981980911195e-05
-2.4516679648877564, 4.54937107452782, -7.209817558667675e-05
-2.4417118510285594, 4.549340139669789, -7.209815325059932e-05
-2.431755737188408, 4.549309731178657, -7.209813108272067e-05
-2.421799623395036, 4.549279849055512, -7.209810908365144e-05
-2.4118435096761695, 4.5492504933014395, -7.209808725261446e-05
-2.401887396059538, 4.549221663917512, -7.209806559033138e-05
-2.3919312825728722, 4.549193360904823, -7.209804409641363e-05
-2.3819751692439004, 4.549165584264456, -7.209802277075017e-05
-2.372019056100354, 4.549138333997491, -7.209800161372959e-05
-2.3620629431699616, 4.549111610105014, -7.209798062507433e-05
-2.3521068304804533, 4.549085412588103, -7.209795980506195e-05
-2.3421507180595587, 4.549059741447846, -7.209793915324836e-05
-2.3321946059350096, 4.549034596685324, -7.209791867013315e-05
-2.3222384941345378, 4.549009978301622, -7.209789835510572e-05
-2.3122823826858703, 4.548985886297826, -7.209787820888769e-05
-2.3023262716167405, 4.548962320675011, -7.209785823097947e-05
-2.2923701609548766, 4.5489392814342695, -7.209783842149209e-05
-2.2824140507280126, 4.548916768576682, -7.209781878037003e-05
-2.272457940963877, 4.548894782103332, -7.209779930789084e-05
-2.262501831690206, 4.548873322015302, -7.209778000383249e-05
-2.2525457229347254, 4.548852388313679, -7.209776086819497e-05
-2.24258961472517, 4.548831980999542, -7.209774190097828e-05
-2.23263350708927, 4.548812100073975, -7.209772310234897e-05
-2.2226774000547582, 4.548792745538067, -7.209770447191843e-05
-2.212721293649364, 4.548773917392901, -7.20976860102418e-05
-2.2027651879008228, 4.548755615639553, -7.209766771681947e-05
-2.1928090828368663, 4.548737840279117, -7.209764959209553e-05
-2.182852978485226, 4.5487205913126685, -7.209763163562588e-05
-2.172896874873636, 4.548703868741294, -7.209761384779911e-05
-2.162940772029824, 4.54868767256608, -7.209759622839318e-05
-2.1529846699815307, 4.548672002788107, -7.209757877735257e-05
-2.1430285687564825, 4.548656859408458, -7.209756149495483e-05
-2.133072468382416, 4.548642242428222, -7.20975443808114e-05
-2.1231163688870622, 4.548628151848478, -7.209752743525533e-05
-2.113160270298157, 4.5486145876703095, -7.209751065828662e-05
-2.1032041726434327, 4.548601549894807, -7.209749404957222e-05
-2.093248075950623, 4.548589038523051, -7.20974776095562e-05
-2.0832919802474623, 4.548577053556124, -7.209746133796102e-05
-2.073335885561684, 4.548565594995112, -7.209744523467565e-05
-2.0633797919210215, 4.548554662841097, -7.209742930008867e-05
-2.053423699353212, 4.548544257095166, -7.209741353392252e-05
-2.0434676078859852, 4.548534377758404, -7.209739793628822e-05
-2.0335115175470797, 4.548525024831891, -7.209738250701925e-05
-2.0235554283642285, 4.5485161983167135, -7.209736724644866e-05
-2.0135993403651673, 4.548507898213958, -7.209735215413238e-05
-2.003643253577629, 4.548500124524701, -7.209733723045897e-05
-1.9936871680293513, 4.548492877250031, -7.209732247531742e-05
-1.9837310837480682, 4.548486156391036, -7.209730788848567e-05
-1.973775000761516, 4.548479961948798, -7.20972934702413e-05
-1.9638189190974291, 4.548474293924404, -7.209727922052878e-05
-1.9538628387835433, 4.548469152318931, -7.209726513923709e-05
-1.9439067598475959, 4.548464537133471, -7.209725122647725e-05
-1.9339506823173211, 4.548460448369107, -7.209723748219377e-05
-1.9239946062204567, 4.5484568860269174, -7.209722390644213e-05
-1.9140385315847384, 4.548453850107994, -7.209721049927786e-05
-1.9040824584379024, 4.5484513406134175, -7.209719726047892e-05
-1.8941263868076859, 4.5484493575442775, -7.209718419021183e-05
-1.8841703167218251, 4.548447900901657, -7.209717128847659e-05
-1.874214248208057, 4.548446970686633, -7.209715855532872e-05
-1.864258181294119, 4.5484465669003, -7.209714599054617e-05
-1.8543021160077477, 4.548446689543734, -7.20971335944065e-05
-1.8443460523766808, 4.548447338618032, -7.209712136657664e-05
-1.8343899904286554, 4.5484485141242645, -7.209710930744517e-05
-1.8244339301914099, 4.548450216063525, -7.209709741667902e-05
-1.8144778716926835, 4.5484524444369, -7.209708569461126e-05
-1.8045218149602094, 4.548455199245469, -7.209707414096433e-05
-1.7945657600217322, 4.548458480490318, -7.209706275579375e-05
-1.784609706904985, 4.548462288172535, -7.209705153921053e-05
-1.7746536556377082, 4.548466622293203, -7.209704049110366e-05
-1.7646976062476405, 4.54847148285341, -7.209702961158415e-05
-1.75474155876252, 4.548476869854237, -7.209701890037445e-05
-1.7447855132100856, 4.54848278329677, -7.209700835791866e-05
-1.7348294696180764, 4.548489223182093, -7.20969979839392e-05
-1.724873428014232, 4.548496189511294, -7.20969877784361e-05
-1.7149173884262918, 4.548503682285457, -7.209697774140933e-05
-1.7049613508819945, 4.548511701505668, -7.209696787302544e-05
-1.6950053154090805, 4.5485202471730135, -7.20969581731179e-05
-1.685049282035289, 4.548529319288575, -7.209694864174221e-05
-1.6750932507883611, 4.54853891785344, -7.209693927884286e-05
-1.6651372216960354, 4.548549042868695, -7.209693008464191e-05
-1.655181194786053, 4.5485596943354265, -7.20969210589173e-05
-1.6452251700861535, 4.548570872254715, -7.2096912201558e-05
-1.6352691476240782, 4.548582576627647, -7.209690351278608e-05
-1.6253131274275683, 4.548594807455313, -7.209689499243499e-05
-1.615357109524364, 4.548607564738795, -7.209688664089331e-05
-1.605401093942206, 4.54862084847918, -7.209687845766144e-05
-1.5954450807088358, 4.548634658677551, -7.209687044318347e-05
-1.5854890698519943, 4.548648995334999, -7.209686259718184e-05
-1.575533061399424, 4.548663858452607, -7.209685491949003e-05
-1.5655770553788657, 4.54867924803146, -7.209684741060762e-05
-1.5556210518180615, 4.548695164072645, -7.209684007014605e-05
-1.5456650507447536, 4.548711606577245, -7.209683289832736e-05
-1.5357090521866839, 4.548728575546351, -7.20968258949295e-05
-1.5257530561715948, 4.548746070981045, -7.209681906023002e-05
-1.5157970627272286, 4.548764092882413, -7.209681239389587e-05
-1.5058410718813278, 4.54878264125154, -7.20968058962046e-05
-1.4958850836616349, 4.54880171608952, -7.209679956710069e-05
-1.4859290980958924, 4.548821317397434, -7.209679340652864e-05
-1.475973115211845, 4.548841445176364, -7.20967874143219e-05
-1.4660171350372353, 4.548862099427402, -7.209678159086907e-05
-1.4560611575998068, 4.548883280151627, -7.209677593578157e-05
-1.446105182927302, 4.548904987350135, -7.209677044955898e-05
-1.4361492110474652, 4.548927221024006, -7.209676513159069e-05
-1.4261932419880403, 4.548949981174329, -7.209675998226528e-05
-1.4162372757767716, 4.548973267802193, -7.209675500158275e-05
-1.4062813124414029, 4.548997080908677, -7.209675018932105e-05
-1.396325352009679, 4.549021420494872, -7.209674554570222e-05
-1.3863693945093438, 4.549046286561862, -7.209674107067077e-05
-1.3764134399681422, 4.549071679110738, -7.209673676411565e-05
-1.3664574884138194, 4.549097598142585, -7.209673262614791e-05
-1.35650153987412, 4.549124043658493, -7.209672865671202e-05
-1.3465455943767894, 4.549151015659541, -7.2096724855919e-05
-1.336589651949573, 4.549178514146824, -7.209672122365784e-05
-1.326633712620216, 4.54920653912142, -7.209671775981752e-05
-1.3166777764164637, 4.549235090584421, -7.209671446473109e-05
-1.3067218433660621, 4.549264168536914, -7.209671133817652e-05
-1.2967659134967577, 4.549293772979984, -7.20967083801538e-05
-1.2868099868362954, 4.549323903914721, -7.209670559077397e-05
-1.2768540634124235, 4.549354561342209, -7.209670296987047e-05
-1.2668981432528872, 4.549385745263538, -7.209670051749884e-05
-1.2569422263854328, 4.54941745567979, -7.209669823371456e-05
-1.2469863128378078, 4.549449692592061, -7.209669611857317e-05
-1.2370304026377588, 4.54948245600143, -7.20966941718526e-05
-1.227074495813033, 4.5495157459089866, -7.209669239383043e-05
-1.2171185923913774, 4.549549562315819, -7.209669078439562e-05
-1.20716269240054, 4.549583905223016, -7.209668934360369e-05
-1.1972067958682677, 4.549618774631664, -7.209668807112157e-05
-1.1872509028223088, 4.54965417054285, -7.209668696750438e-05
-1.1772950132904116, 4.549690092957661, -7.209668603230801e-05
-1.1673391273003237, 4.549726541877185, -7.209668526581003e-05
-1.1573832448797934, 4.549763517302511, -7.209668466762187e-05
-1.147427366056569, 4.54980101923473, -7.20966842381876e-05
-1.1374714908583992, 4.54983904767492, -7.209668397739621e-05
-1.1275156193130333, 4.549877602624173, -7.209668388519219e-05
-1.11755975144822, 4.549916684083576, -7.209668396146451e-05
-1.1076038872917076, 4.5499562920542225, -7.209668420637971e-05
-1.0976480268712465, 4.549996426537196, -7.209668461982677e-05
-1.0876921702145854, 4.550037087533588, -7.209668520186119e-05
-1.0777363173494745, 4.550078275044479, -7.209668595242746e-05
-1.0677804683036631, 4.550119989070963, -7.209668687169213e-05
-1.0578246231049009, 4.550162229614127, -7.209668795954416e-05
-1.0478687817809382, 4.55020499667506, -7.209668921587253e-05
-1.0379129443595259, 4.550248290254849, -7.209669064084379e-05
-1.0279571108684138, 4.550292110354584, -7.20966922344024e-05
-1.0180012813353532, 4.550336456975347, -7.209669399654839e-05
-1.0080454557880942, 4.550381330118238, -7.209669592744827e-05
-0.998089634254388, 4.550426729784333, -7.209669802665797e-05
-0.988133816761986, 4.550472655974729, -7.209670029456605e-05
-0.9781780033386392, 4.550519108690511, -7.209670273122804e-05
-0.9682221940120992, 4.55056608793277, -7.209670533625534e-05
-0.9582663888101178, 4.550613593702591, -7.209670810998103e-05
-0.9483105877604469, 4.550661626001068, -7.20967110523496e-05
-0.9383547908908383, 4.550710184829287, -7.20967141630835e-05
-0.9283989982290443, 4.550759270188338, -7.20967174426268e-05
-0.9184432098028167, 4.550808882079305, -7.209672089059094e-05
-0.9084874256399094, 4.550859020503277, -7.209672450736448e-05
-0.8985316457680735, 4.55090968546135, -7.20967282927254e-05
-0.8885758702150622, 4.550960876954609, -7.209673224667368e-05
-0.8786200990086291, 4.551012594984144, -7.20967363690983e-05
-0.8686643321765274, 4.551064839551044, -7.20967406601658e-05
-0.8587085697465104, 4.551117610656391, -7.209674511976516e-05
-0.8487528117463313, 4.551170908301284, -7.20967497480629e-05
-0.8387970582037442, 4.551224732486814, -7.20967545448925e-05
-0.8288413091465029, 4.5512790832140615, -7.209675951036498e-05
-0.8188855646023615, 4.551333960484119, -7.209676464442483e-05
-0.8089298245990739, 4.551389364298078, -7.209676994707204e-05
-0.7989740891643954, 4.551445294657029, -7.209677541836212e-05
-0.7890183583260801, 4.551501751562054, -7.209678105840611e-05
-0.7790626321118826, 4.551558735014254, -7.209678686687093e-05
-0.7691069105495583, 4.551616245014708, -7.209679284397863e-05
-0.7591511936668622, 4.551674281564514, -7.20967989897292e-05
-0.7491954814915494, 4.551732844664756, -7.209680530395612e-05
-0.7392397740513753, 4.551791934316528, -7.209681178682592e-05
-0.7292840713740958, 4.55185155052092, -7.209681843844962e-05
-0.7193283734874669, 4.551911693279019, -7.209682525849415e-05
-0.7093726804192448, 4.551972362591918, -7.209683224729257e-05
-0.699416992197185, 4.552033558460703, -7.209683940462286e-05
-0.6894613088490446, 4.552095280886468, -7.209684673065153e-05
-0.67950563040258, 4.552157529870302, -7.209685422521206e-05
-0.6695499568855476, 4.552220305413296, -7.209686188841546e-05
-0.6595942883257045, 4.552283607516539, -7.209686972020624e-05
-0.6496386247508081, 4.552347436181123, -7.20968777206954e-05
-0.6396829661886154, 4.552411791408138, -7.209688588971641e-05
-0.6297273126668842, 4.552476673198673, -7.209689422726928e-05
-0.6197716642133715, 4.552542081553821, -7.209690273352054e-05
-0.6098160208558352, 4.552608016474666, -7.209691140841468e-05
-0.5998603826220339, 4.55267447796231, -7.209692025195169e-05
-0.589904749539725, 4.552741466017838, -7.209692926413158e-05
-0.579949121636668, 4.5528089806423395, -7.20969384446768e-05
-0.5699934989406205, 4.552877021836907, -7.209694779408693e-05
-0.5600378814793413, 4.5529455896026345, -7.209695731202892e-05
-0.5500822692805899, 4.5530146839406065, -7.20969669986693e-05
-0.5401266623721247, 4.553084304851917, -7.209697685384153e-05
-0.5301710607817055, 4.553154452337656, -7.209698687771215e-05
-0.5202154645370916, 4.553225126398915, -7.209699707011463e-05
-0.5102598736660425, 4.553296327036788, -7.20970074312155e-05
-0.500304288196318, 4.553368054252369, -7.209701796095924e-05
-0.49034870815567844, 4.55344030804674, -7.209702865923484e-05
-0.48039313357188396, 4.553513088420999, -7.20970395260423e-05
-0.4704375644726946, 4.553586395376235, -7.209705056160365e-05
-0.46048200088587105, 4.553660228913542, -7.209706176580788e-05
-0.4505264428391743, 4.553734589034014, -7.209707313859948e-05
-0.44057089036036506, 4.5538094757387375, -7.209708468003395e-05
-0.4306153434772048, 4.553884889028802, -7.20970963901113e-05
-0.42065980221745425, 4.553960828905306, -7.2097108268665e-05
-0.40074873667922956, 4.554114288421991, -7.209713253192307e-05
-0.3907932124562787, 4.55419180806436, -7.209714491646091e-05
-0.38083769396778494, 4.554269854297529, -7.209715746964163e-05
-0.3708821812415104, 4.554348427122596, -7.209717019146522e-05
-0.3609266743052177, 4.554427526540652, -7.20971830819872e-05
-0.3509711731866691, 4.554507152552792, -7.209719614098553e-05
-0.34101567791362764, 4.554587305160107, -7.209720936862674e-05
-0.33106018851385666, 4.554667984363685, -7.209722276496633e-05
-0.32110470501511873, 4.554749190164624, -7.209723633005982e-05
-0.3111492274451774, 4.554830922564017, -7.209725006357415e-05
-0.3011937558317961, 4.554913181562952, -7.209726396573135e-05
-0.2912382902027389, 4.554995967162524, -7.209727803658694e-05
-0.2812828305857695, 4.555079279363827, -7.20972922760299e-05
-0.27132737700865195, 4.555163118167954, -7.209730668400471e-05
-0.26137192949915067, 4.555247483575996, -7.209732126089996e-05
-0.25141648808503014, 4.555332375589047, -7.209733600627155e-05
-0.2414610527940549, 4.555417794208198, -7.2097350920175e-05
-0.23150562365399022, 4.5555037394345455, -7.209736600294336e-05
-0.22155020069260087, 4.5555902112691795, -7.209738125424359e-05
-0.21159478393765205, 4.555677209713195, -7.209739667407566e-05
-0.20163937341690924, 4.55576473476769, -7.209741226260613e-05
-0.1916839691581382, 4.55585278643375, -7.209742801972396e-05
-0.18172857118910468, 4.555941364712469, -7.209744394554018e-05
-0.17177317953757462, 4.556030469604947, -7.209746003994377e-05
-0.16181779423131434, 4.556120101112271, -7.209747630304575e-05
-0.15186241529809025, 4.556210259235539, -7.209749273473509e-05
-0.14190704276566896, 4.5563009439758435, -7.209750933506731e-05
-0.13195167666181712, 4.5563921553342785, -7.209752610415343e-05
-0.12199631701430179, 4.556483893311939, -7.209754304182692e-05
-0.11204096385089014, 4.556576157909916, -7.209756014792124e-05
-0.1020856171993496, 4.556668949129307, -7.209757742288048e-05
-0.09213027708744764, 4.556762266971203, -7.209759486637157e-05
-0.08217494354295214, 4.556856111436701, -7.209761247861657e-05
-0.07221961659363091, 4.556950482526895, -7.209763025950444e-05
-0.06226429626725214, 4.557045380242882, -7.209764820886866e-05
-0.05230898259158417, 4.557140804585749, -7.209766632687575e-05
-0.042353675594395575, 4.5572367555565965, -7.209768461369226e-05
-0.03239837530345504, 4.557333233156517, -7.209770306909613e-05
-0.022443081746531507, 4.557430237386605, -7.209772169303186e-05
-0.012487794951394049, 4.5575277682479545, -7.2097740485777e-05
-0.0025325149458120958, 4.5576258257416615, -7.209775944705399e-05
0.007422758242444952, 4.55772440986882, -7.209777857697386e-05
0.017378024585607256, 4.557823520630523, -7.20977978755366e-05
0.02733328405590509, 4.5579231580278705, -7.209781734285325e-05
0.03728853662556817, 4.558023322061957, -7.209783697870176e-05
0.04724378226682631, 4.558124012733874, -7.209785678313763e-05
0.05719902095190903, 4.558225230044717, -7.209787675627188e-05
0.06715425265304546, 4.558326973995587, -7.209789689810453e-05
0.07710947734246494, 4.5584292445875745, -7.209791720846903e-05
0.08706469499239627, 4.558532041821773, -7.209793768753192e-05
0.09701990557506819, 4.5586353656992795, -7.209795833523769e-05
0.10697510906270916, 4.558739216221194, -7.209797915164184e-05
0.11693030542754744, 4.558843593388611, -7.209800013657786e-05
0.12688549464181123, 4.558948497202623, -7.209802129026777e-05
0.1368406766777283, 4.559053927664329, -7.209804261254504e-05
0.14679585150752653, 4.559159884774823, -7.209806410352071e-05
0.1567510191034333, 4.5592663685352015, -7.209808576313925e-05
0.1667061794376761, 4.559373378946562, -7.209810759128965e-05
0.17666133248248186, 4.55948091601, -7.209812958813844e-05
0.1866164782100776, 4.559588979726606, -7.209815175368561e-05
0.19657161659268996, 4.559697570097483, -7.209817408793118e-05
0.20652674760254555, 4.5598066871237295, -7.209819659059757e-05
0.21648187121187054, 4.559916330806435, -7.20982192621844e-05
0.22643698739289123, 4.560026501146701, -7.209824210219207e-05
0.23639209611783324, 4.560137198145621, -7.209826511100914e-05
0.24634719735892244, 4.560248421804293, -7.209828828830256e-05
0.2563022910883842, 4.560360172123819, -7.209831163440539e-05
0.26625737727844406, 4.560472449105286, -7.209833514926212e-05
0.27621245590132687, 4.560585252749797, -7.209835883248417e-05
0.2861675269292575, 4.560698583058449, -7.20983826844046e-05
0.29612259033446087, 4.560812440032342, -7.209840670513445e-05
0.3060776460891613, 4.5609268236725695, -7.209843089439616e-05
0.3160326941655829, 4.561041733980227, -7.209845525230074e-05
0.3259877345359499, 4.56115717095641, -7.209847977879269e-05
0.33594276717248617, 4.561273134602225, -7.209850447398303e-05
0.34589779204741544, 4.561389624918766, -7.209852933798278e-05
0.3558528091329613, 4.561506641907123, -7.209855437045887e-05
0.3658078184013465, 4.5616241855684025, -7.209857957157784e-05
0.3757628198247944, 4.561742255903699, -7.20986049413952e-05
0.3857178133755278, 4.561860852914112, -7.209863047991094e-05
0.3956727990257693, 4.561979976600741, -7.209865618706957e-05
0.4056277767477415, 4.562099626964681, -7.209868206270453e-05
0.4155827465136663, 4.562219804007024, -7.209870810714891e-05
0.4255377082957659, 4.5623405077288846, -7.209873432018066e-05
0.43549266206626225, 4.562461738131347, -7.209876070179977e-05
0.44544760779737674, 4.562583495215513, -7.209878725211727e-05
0.45540254546133085, 4.56270577898248, -7.209881397124418e-05
0.4653574750303455, 4.56282858943335, -7.209884085884743e-05
0.475312396476642, 4.56295192656922, -7.209886791503806e-05
0.4852673097724406, 4.563075790391189, -7.209889514003809e-05
0.4952222148899622, 4.563200180900363, -7.209892253362549e-05
0.5051771118014271, 4.563325098097826, -7.209895009585576e-05
0.5151320004790553, 4.563450541984685, -7.209897782683994e-05
0.5250868808950669, 4.563576512562041, -7.209900572635597e-05
0.5350417530216818, 4.563703009830988, -7.209903379457039e-05
0.5449966168311193, 4.563830033792634, -7.209906203137217e-05
0.5549514722955985, 4.5639575844480715, -7.209909043687235e-05
0.5649063193873393, 4.564085661798402, -7.209911901107091e-05
0.5748611580785594, 4.564214265844726, -7.209914775380133e-05
0.584815988341478, 4.564343396588134, -7.209917666523014e-05
0.5947708101483133, 4.564473054029737, -7.209920574530182e-05
0.604725623471284, 4.56460323817063, -7.209923499407189e-05
0.6146804282826076, 4.564733949011914, -7.209926441137382e-05
0.6246352245545025, 4.564865186554692, -7.209929399737414e-05
0.6345900122591858, 4.564996950800058, -7.209932375212835e-05
0.644544791368875, 4.565129241749114, -7.209935367552545e-05
0.6544995618557876, 4.56526205940296, -7.209938376734337e-05
0.6644543236921401, 4.565395403762701, -7.209941402808173e-05
0.6744090768501493, 4.565529274829429, -7.209944445735195e-05
0.6843638213020321, 4.565663672604252, -7.209947505526504e-05
0.6943185570200046, 4.565798597088268, -7.209950582187652e-05
0.7042732839762825, 4.565934048282578, -7.209953675701986e-05
0.7142280021430825, 4.566070026188281, -7.209956786091709e-05
0.7241827114926197, 4.56620653080648, -7.209959913351272e-05
0.7341374119971094, 4.566343562138274, -7.20996305746957e-05
0.7440921036287671, 4.566481120184768, -7.209966218446606e-05
0.7540467863598082, 4.566619204947058, -7.209969396293481e-05
0.764001460162447, 4.5667578164262475, -7.209972590999092e-05
0.7739561250088979, 4.566896954623437, -7.209975802574542e-05
0.7839107808713759, 4.56703661953973, -7.209979031019831e-05
0.7938654277220946, 4.567176811176226, -7.209982276323856e-05
0.8038200655332681, 4.56731752953403, -7.20998553849217e-05
0.8137746942771101, 4.567458774614241, -7.20998881752477e-05
0.8237293139258345, 4.567600546417959, -7.209992113432762e-05
0.8336839244516541, 4.567742844946285, -7.209995426182836e-05
0.8436385258267822, 4.567885670200327, -7.209998755836056e-05
0.8535931180234317, 4.568029022181184, -7.210002102320257e-05
0.863547701013815, 4.568172900889956, -7.210005465679847e-05
0.8735022747701442, 4.568317306327747, -7.210008845903726e-05
0.8834568392646323, 4.568462238495662, -7.210012242997443e-05
0.8934113944694909, 4.568607697394797, -7.210015656949897e-05
0.9033659403569317, 4.568753683026258, -7.210019087761088e-05
0.9133204768991663, 4.568900195391147, -7.210022535458771e-05
0.9232750040684063, 4.569047234490573, -7.210025999992986e-05
0.9332295218368624, 4.569194800325629, -7.210029481419244e-05
0.9431840301767456, 4.569342892897424, -7.210032979682035e-05
0.9531385290602659, 4.569491512207061, -7.210036494820216e-05
0.9630930184596344, 4.569640658255638, -7.210040026828235e-05
0.9730474983470617, 4.569790331044265, -7.210043575694991e-05
0.9830019686947573, 4.569940530574039, -7.210047141431586e-05
0.9929564294749312, 4.5700912568460685, -7.210050724032468e-05
1.002910880659792, 4.570242509861449, -7.210054323508741e-05
1.0128653222215502, 4.570394289621295, -7.210057939827097e-05
1.0228197541324144, 4.570546596126707, -7.210061573020843e-05
1.0327741763645935, 4.570699429378785, -7.210065223084428e-05
1.0427285888902957, 4.570852789378635, -7.210068890001198e-05
1.0526829916817302, 4.571006676127363, -7.210072573787807e-05
1.0626373847111048, 4.571161089626069, -7.210076274449806e-05
1.0725917679506278, 4.571316029875861, -7.210079991953888e-05
1.0825461413725066, 4.571471496877837, -7.21008372633336e-05
1.0925005049489482, 4.571627490633108, -7.210087477593774e-05
1.1024548586521605, 4.571784011142776, -7.21009124569072e-05
1.112409202454351, 4.571941058407946, -7.210095030663055e-05
1.1223635363277251, 4.572098632429721, -7.210098832494127e-05
1.1323178602444917, 4.572256733209208, -7.210102651195038e-05
1.1422721741768553, 4.572415360747512, -7.210106486754686e-05
1.1522264780970233, 4.572574515045739, -7.210110339184173e-05
1.1621807719772013, 4.572734196104987, -7.210114208489049e-05
1.1721350557895944, 4.5728944039263695, -7.210118094636009e-05
1.1820893295064088, 4.573055138510987, -7.21012199766391e-05
1.1920435930998494, 4.573216399859943, -7.210125917544996e-05
1.2019978465421208, 4.573378187974352, -7.210129854295921e-05
1.2119520898054283, 4.573540502855309, -7.210133807916685e-05
1.2219063228619769, 4.573703344503925, -7.210137778373982e-05
1.2318605456839695, 4.573866712921308, -7.210141765734424e-05
1.2418147582436116, 4.574030608108559, -7.210145769936949e-05
1.2517689605131068, 4.574195030066789, -7.210149791009313e-05
1.261723152464659, 4.574359978797098, -7.210153828934862e-05
1.2716773340704712, 4.574525454300599, -7.21015788373025e-05
1.2816315053027467, 4.574691456578393, -7.210161955395478e-05
1.2915856661336873, 4.574857985631588, -7.210166043919441e-05
1.3015398165354974, 4.5750250414612905, -7.210170149318795e-05
1.31149395648038, 4.57519262406861, -7.210174271571335e-05
1.3214480859405346, 4.5753607334546444, -7.21017841067706e-05
1.331402204888167, 4.5755293696205115, -7.210182566658174e-05
1.3413563132954769, 4.575698532567312, -7.210186739503577e-05
1.351310411134665, 4.575868222296153, -7.210190929207716e-05
1.3612644983779343, 4.576038438808144, -7.210195135781694e-05
1.3712185749974857, 4.57620918210439, -7.210199359208858e-05
1.3811726409655187, 4.576380452185999, -7.210203599511411e-05
1.391126696254235, 4.57655224905408, -7.210207856678252e-05
1.4010807408358354, 4.576724572709736, -7.210212130698279e-05
1.4110347746825194, 4.5768974231540795, -7.210216421593696e-05
1.4209887977664872, 4.577070800388217, -7.210220729342298e-05
1.430942810059939, 4.5772447044132525, -7.210225053949637e-05
1.440896811535074, 4.5774191352303015, -7.210229395426815e-05
1.4508508021640907, 4.57759409284047, -7.21023375376828e-05
1.4608047819191892, 4.577769577244858, -7.210238128974034e-05
1.4707587507725675, 4.577945588444583, -7.210242521044075e-05
1.4807127086964247, 4.578122126440752, -7.210246929967301e-05
1.4906666556629589, 4.578299191234472, -7.210251355765918e-05
1.5006205916443682, 4.578476782826847, -7.210255798423271e-05
1.5105745166128501, 4.578654901218996, -7.210260257944912e-05
1.5205284305406035, 4.578833546412016, -7.210264734319738e-05
1.5304823333998236, 4.579012718407024, -7.210269227569954e-05
1.5404362251627095, 4.579192417205131, -7.210273737678907e-05
1.5503901058014569, 4.579372642807435, -7.210278264652148e-05
1.5603439752882613, 4.579553395215058, -7.210282808484125e-05
1.570297833595322, 4.579734674429099, -7.210287369169288e-05
1.5802516806948328, 4.579916480450676, -7.210291946729841e-05
1.5902055165589917, 4.58009881328089, -7.210296541138028e-05
1.6001593411599928, 4.580281672920858, -7.21030115244381e-05
1.610113154470033, 4.580465059371689, -7.210305780575021e-05
1.6200669564613062, 4.580648972634489, -7.210310425587174e-05
1.6300207471060073, 4.580833412710372, -7.210315087458063e-05
1.639974526376332, 4.581018379600444, -7.21031976619324e-05
1.6499282942444744, 4.581203873305816, -7.210324461776052e-05
1.6598820506826282, 4.581389893827602, -7.210329174245356e-05
1.669835795662989, 4.581576441166911, -7.210333903562294e-05
1.6797895291577485, 4.581763515324853, -7.210338649760173e-05
1.689743251139103, 4.581951116302539, -7.210343412794584e-05
1.699696961579243, 4.582139244101077, -7.210348192704386e-05
1.7096506604503625, 4.582327898721579, -7.210352989467372e-05
1.7196043477246552, 4.582517080165164, -7.210357803100198e-05
1.729558023374313, 4.582706788432929, -7.21036263359176e-05
1.7395116873715284, 4.582897023525996, -7.210367480942059e-05
1.7494653396884936, 4.583087785445472, -7.210372345156646e-05
1.7594189802973996, 4.583279074192471, -7.210377226241071e-05
1.7693726091704383, 4.583470889768102, -7.210382124173131e-05
1.7793262262798013, 4.583663232173475, -7.210387038986132e-05
1.7892798315976797, 4.58385610140971, -7.210391970641217e-05
1.799233425096265, 4.584049497477908, -7.210396919160589e-05
1.8091870067477476, 4.584243420379191, -7.210401884555351e-05
1.819140576524317, 4.584437870114665, -7.210406866803298e-05
1.8290941343981642, 4.584632846685442, -7.210411865909983e-05
1.8390476803414788, 4.584828350092637, -7.210416881880954e-05
1.8490012143264507, 4.585024380337361, -7.210421914705112e-05
1.858954736325269, 4.585220937420728, -7.210426964393557e-05
1.8689082463101223, 4.585418021343849, -7.210432030957392e-05
1.8788617442532005, 4.585615632107838, -7.21043711435776e-05
1.888815230126692, 4.585813769713812, -7.210442214627966e-05
1.8987687039027852, 4.5860124341628765, -7.210447331784664e-05
1.9087221655536684, 4.586211625456151, -7.210452465777895e-05
1.9186756150515287, 4.586411343594743, -7.210457616640964e-05
1.9286290523685552, 4.586611588579767, -7.210462784351668e-05
1.9385824774769338, 4.586812360412344, -7.210467968937762e-05
1.9485358903488534, 4.587013659093583, -7.21047317037149e-05
1.958489290956501, 4.5872154846245925, -7.210478388675057e-05
1.9684426792720615, 4.587417837006494, -7.210483623820707e-05
1.9783960552677213, 4.5876207162403935, -7.210488875841747e-05
1.988349418915669, 4.587824122327414, -7.210494144743729e-05
1.9983027701880884, 4.5880280552686665, -7.210499430476691e-05
2.0082561090571653, 4.5882325150652585, -7.210504733073941e-05
2.0182094354950864, 4.588437501718314, -7.21051005254103e-05
2.0281627494740353, 4.588643015228946, -7.210515388855754e-05
2.038116050966198, 4.588849055598265, -7.210520742040316e-05
2.048069339943759, 4.58905562282739, -7.210526112100268e-05
2.0580226163789024, 4.589262716917433, -7.210531499002304e-05
2.067975880243813, 4.589470337869511, -7.210536902751974e-05
2.0779291315106745, 4.589678485684741, -7.210542323382585e-05
2.087882370151669, 4.589887160364232, -7.210547760866381e-05
2.097835596138984, 4.590096361909105, -7.210553215197812e-05
2.107788809444799, 4.590306090320473, -7.210558686399082e-05
2.1177420100412987, 4.590516345599453, -7.210564174459089e-05
2.127695197900665, 4.590727127747161, -7.210569679377832e-05
2.137648372995079, 4.59093843676471, -7.210575201144209e-05
2.147601535296725, 4.591150272653219, -7.210580739791528e-05
2.1575546847777836, 4.591362635413806, -7.210586295308685e-05
2.167507821410439, 4.591575525047586, -7.210591867662375e-05
2.17746094516687, 4.591788941555673, -7.210597456863699e-05
2.1874140560192585, 4.592002884939183, -7.210603062945964e-05
2.197367153939785, 4.592217355199236, -7.210608685886966e-05
2.2073202389006306, 4.592432352336946, -7.210614325675602e-05
2.2172733108739764, 4.59264787635343, -7.210619982322974e-05
2.2272263698320027, 4.592863927249805, -7.210625655840186e-05
2.2371794157468883, 4.593080505027191, -7.210631346205032e-05
2.2471324485908117, 4.593297609686703, -7.210637053434166e-05
2.257085468335955, 4.593515241229459, -7.210642777516485e-05
2.2670384749544947, 4.593733399656577, -7.210648518463092e-05
2.276991468418611, 4.59395208496917, -7.210654276262884e-05
2.286944448700484, 4.594171297168361, -7.210660050926965e-05
2.2968974157722872, 4.59439103625527, -7.21066584244423e-05
2.3068503696062037, 4.594611302231007, -7.210671650831335e-05
2.3168033101744103, 4.594832095096695, -7.210677476054972e-05
2.326756237449083, 4.5950534148534565, -7.210683318148448e-05
2.3367091514024008, 4.595275261502405, -7.210689177111762e-05
2.346662052006538, 4.595497635044661, -7.210695052911609e-05
2.356614939233674, 4.59572053548134, -7.210700945575743e-05
2.3665678130559855, 4.595943962813563, -7.210706855098614e-05
2.3765206734456465, 4.59616791704245, -7.210712781480222e-05
2.386473520374832, 4.596392398169118, -7.210718724715015e-05
2.3964263538157247, 4.596617406194687, -7.210724684814096e-05
2.4063791737404934, 4.596842941120275, -7.210730661771914e-05
2.416331980121316, 4.597069002947001, -7.210736655588468e-05
2.426284772930367, 4.597295591675988, -7.210742666247105e-05
2.43623755213982, 4.597522707308351, -7.210748693781133e-05
2.44619031772185, 4.5977503498452155, -7.210754738157243e-05
2.4561430696486317, 4.597978519287695, -7.210760799397642e-05
2.4660958078923416, 4.598207215636916, -7.210766877496777e-05
2.4760485324251498, 4.598436438893995, -7.210772972443547e-05
2.4860012432192296, 4.598666189060056, -7.210779084254604e-05
2.495953940246756, 4.5988964661362095, -7.210785212918847e-05
2.5059066234799006, 4.5991272701235815, -7.210791358441826e-05
2.515859292890839, 4.599358601023297, -7.210797520801338e-05
2.525811948451738, 4.599590458836473, -7.210803700047341e-05
2.535764590134772, 4.599822843564233, -7.210809896129877e-05
2.545717217912114, 4.600055755207694, -7.210816109076701e-05
2.555669831755935, 4.600289193767979, -7.210822338887812e-05
2.5656224316384066, 4.600523159246208, -7.210828585552109e-05
2.5755750175316985, 4.600757651643509, -7.21083484905849e-05
2.585527589407983, 4.600992670960992, -7.210841129434709e-05
2.5954801472394307, 4.601228217199792, -7.210847426641909e-05
2.605432690998211, 4.601464290361023, -7.210853740724499e-05
2.6153852206564943, 4.601700890445804, -7.210860071660274e-05
2.62533773618645, 4.601938017455264, -7.210866419454787e-05
2.635290237560248, 4.602175671390523, -7.210872784108036e-05
2.645242724750056, 4.602413852252706, -7.210879165603368e-05
2.655195197728044, 4.602652560042928, -7.21088556397409e-05
2.6651476564663805, 4.602891794762318, -7.210891979164691e-05
2.6751001009372346, 4.603131556412, -7.210898411230682e-05
2.6850525311127744, 4.603371844993091, -7.21090486016096e-05
2.6950049469651667, 4.603612660506717, -7.210911325938874e-05
2.7049573484665776, 4.6038540029540025, -7.210917808569972e-05
2.7149097355891763, 4.604095872336068, -7.210924308059807e-05
2.724862108305129, 4.604338268654038, -7.210930824391726e-05
2.7348144665866045, 4.6045811919090385, -7.210937357582381e-05
2.7447668104057676, 4.60482464210219, -7.210943907637324e-05
2.7547191397347857, 4.605068619234618, -7.210950474539901e-05
2.764671454545823, 4.605313123307447, -7.210957058284562e-05
2.774623754811046, 4.6055581543218, -7.210963658904612e-05
2.7845760405026203, 4.605803712278801, -7.210970276372297e-05
2.79452831159271, 4.606049797179575, -7.210976910676514e-05
2.8044805680534792, 4.606296409025247, -7.210983561856121e-05
2.8144328098570988, 4.606543547816938, -7.21099022987226e-05
2.824385036975724, 4.606791213555779, -7.210996914741585e-05
2.8343372493815258, 4.60703940624289, -7.211003616475198e-05
2.8442894470466644, 4.607288125879401, -7.211010335056445e-05
2.8542416299433033, 4.607537372466433, -7.21101707050753e-05
2.8641937980436074, 4.60778714600511, -7.211023822784046e-05
2.87414595131974, 4.608037446496558, -7.21103059192485e-05
2.8840980897438606, 4.608288273941906, -7.211037377929941e-05
2.894050213288135, 4.608539628342278, -7.211044180782666e-05
2.904002321924724, 4.608791509698802, -7.211051000460822e-05
2.9139544156257875, 4.609043918012603, -7.211057837019919e-05
2.9239064943634907, 4.609296853284805, -7.2110646904322e-05
2.9338585581099936, 4.609550315516535, -7.211071560681015e-05
2.9438106068374568, 4.609804304708921, -7.211078447794117e-05
2.953762640518039, 4.61005882086309, -7.211085351749302e-05
2.963714659123906, 4.610313863980169, -7.211092272557673e-05
2.9736666626272124, 4.610569434061275, -7.211099210235883e-05
2.9836186510001204, 4.610825531107551, -7.211106164750625e-05
2.9935706242147897, 4.611082155120113, -7.211113136118552e-05
3.00352258224338, 4.611339306100091, -7.211120124334114e-05
3.013474525058051, 4.611596984048613, -7.211127129391759e-05
3.0234264526309578, 4.611855188966803, -7.211134151319243e-05
3.0333783649342636, 4.612113920855795, -7.21114119008881e-05
3.043330261940125, 4.612373179716714, -7.211148245717114e-05
3.0532821436206983, 4.612632965550687, -7.211155318187501e-05
3.063234009948144, 4.612893278358848, -7.211162407527727e-05
3.0731858608946174, 4.613154118142318, -7.211169513698934e-05
3.083137696432277, 4.613415484902226, -7.211176636712224e-05
3.093089516533279, 4.613677378639706, -7.211183776600905e-05
3.10304132116978, 4.613939799355879, -7.211190933331668e-05
3.112993110313935, 4.61420274705188, -7.211198106893413e-05
3.122944883937902, 4.614466221728834, -7.211205297324996e-05
3.132896642013836, 4.614730223387873, -7.211212504593112e-05
3.1428483845138904, 4.6149947520301255, -7.211219728719964e-05
3.152800111410225, 4.61525980765672, -7.211226969700002e-05
3.1627518226749918, 4.615525390268788, -7.211234227533225e-05
3.1727035182803447, 4.615791499867454, -7.211241502191879e-05
3.18265519819844, 4.616058136453852, -7.21124879371482e-05
3.1926068624014308, 4.616325300029115, -7.211256102085395e-05
3.2025585108614703, 4.616592990594369, -7.21126342733136e-05
3.212510143550712, 4.616861208150743, -7.211270769402756e-05
3.22246176044131, 4.617129952699373, -7.211278128321785e-05
3.232413361505415, 4.617399224241382, -7.21128550408845e-05
3.242364946715183, 4.617669022777904, -7.211292896708299e-05
3.2523165160427645, 4.61793934831007, -7.211300306170232e-05
3.262268069460314, 4.61821020083901, -7.211307732479799e-05
3.27221960693998, 4.61848158036586, -7.211315175637001e-05
3.282171128453914, 4.618753486891745, -7.211322635647388e-05
3.292122633974269, 4.6190259204177995, -7.211330112510961e-05
3.302074123473197, 4.619298880945158, -7.211337606211066e-05
3.312025596922845, 4.619572368474946, -7.211345116775458e-05
3.3219770542953655, 4.619846383008299, -7.211352644181934e-05
3.331928495562907, 4.620120924546351, -7.211360188419391e-05
3.341879920697622, 4.620395993090228, -7.211367749526687e-05
3.3518313296716604, 4.620671588641066, -7.211375327476066e-05
3.3617827224571677, 4.620947711199998, -7.211382922250875e-05
3.3717340990262947, 4.621224360768151, -7.211390533895523e-05
3.381685459351192, 4.621501537346665, -7.211398162387805e-05
3.391636803404004, 4.62177924093667, -7.211405807711069e-05
3.401588131156882, 4.622057471539301, -7.21141346989862e-05
3.4115394425819705, 4.622336229155688, -7.211421148933805e-05
3.421490737651424, 4.622615513786966, -7.211428844783319e-05
3.431442016337381, 4.622895325434265, -7.211436557513773e-05
3.4413932786119923, 4.623175664098722, -7.211444287064106e-05
3.4513445244474044, 4.623456529781472, -7.211452033473176e-05
3.4612957538157643, 4.623737922483649, -7.21145979672988e-05
3.471246966689217, 4.6240198422063825, -7.211467576845321e-05
3.481198163039908, 4.62430228895081, -7.211475373786191e-05
3.491149342839983, 4.624585262718065, -7.211483187574697e-05
3.5011005060615874, 4.624868763509282, -7.211491018216387e-05
3.5110516526768665, 4.625152791325594, -7.21149886569461e-05
3.521002782657964, 4.625437346168141, -7.211506729998263e-05
3.530953895977025, 4.625722428038057, -7.211514611182857e-05
3.540904992606192, 4.626008036936472, -7.211522509203983e-05
3.5508560725176115, 4.626294172864523, -7.211530424067192e-05
3.5608071356834254, 4.626580835823347, -7.211538355778035e-05
3.5707581820757754, 4.626868025814084, -7.21154630431986e-05
3.5807092116668073, 4.627155742837859, -7.21155426970932e-05
3.590660224428662, 4.627443986895817, -7.211562251946413e-05
3.600611220333481, 4.62773275798909, -7.211570251042243e-05
3.610562199353407, 4.628022056118815, -7.211578266974605e-05
3.6205131614605808, 4.6283118812861295, -7.211586299726847e-05
3.630464106627144, 4.628602233492165, -7.211594349360029e-05
3.640415034825239, 4.6288931127380675, -7.211602415801988e-05
3.6503659460270046, 4.629184519024963, -7.211610499102683e-05
3.6603168402045836, 4.629476452353992, -7.21161859923436e-05
3.670267717330113, 4.629768912726298, -7.21162671621367e-05
3.680218577375738, 4.630061900143009, -7.211634850057269e-05
3.6901694203135924, 4.630355414605267, -7.211643000731849e-05
3.700120246115818, 4.630649456114215, -7.211651168248512e-05
3.7100710547545552, 4.630944024670983, -7.211659352596156e-05
3.72002184620194, 4.631239120276709, -7.211667553796985e-05
3.7299726204301114, 4.6315347429325335, -7.211675771828796e-05
3.7399233774112077, 4.631830892639595, -7.211684006713792e-05
3.7498741171173666, 4.632127569399031, -7.21169225843532e-05
3.7598248395207294, 4.632424773211979, -7.211700526998932e-05
3.7697755445934273, 4.632722504079577, -7.211708812410178e-05
3.7797262323075995, 4.633020762002966, -7.211717114657956e-05
3.789676902635385, 4.633319546983284, -7.211725433742266e-05
3.799627555548918, 4.633618859021669, -7.211733769679762e-05
3.809578191020334, 4.633918698119263, -7.211742122442688e-05
3.819528809021767, 4.634219064277203, -7.21175049206435e-05
3.829479409525359, 4.6345199574966305, -7.211758878505892e-05
3.839429992503238, 4.634821377778682, -7.21176728180617e-05
3.8493805579275415, 4.635123325124498, -7.211775701931877e-05
3.8593311057704054, 4.6354257995352235, -7.211784138916322e-05
3.8692816360039606, 4.63572880101199, -7.211792592731747e-05
3.8792321486003427, 4.636032329555949, -7.211801063383705e-05
3.889182643531685, 4.636336385168237, -7.211809550872195e-05
3.8991331207701245, 4.636640967849984, -7.211818055208319e-05
3.9090835802877884, 4.636946077602345, -7.211826576375424e-05
3.9190340220568127, 4.637251714426456, -7.211835114390164e-05
3.9289844460493297, 4.637557878323457, -7.211843669241436e-05
3.938934852237473, 4.637864569294488, -7.211852240923688e-05
3.9488852405933708, 4.638171787340691, -7.211860829448025e-05
3.958835611089157, 4.638479532463213, -7.211869434825546e-05
3.9687859636969596, 4.63878780466319, -7.211878057017396e-05
3.9787362983889127, 4.639096603941764, -7.211886696051328e-05
3.9886866151371456, 4.639405930300083, -7.211895351943998e-05
3.9986369139137854, 4.639715783739284, -7.211904024662097e-05
4.008587194690967, 4.640026164260508, -7.211912714211177e-05
4.018537457440818, 4.6403370718649, -7.211921420613443e-05
4.028487702135469, 4.640648506553603, -7.211930143841139e-05
4.038437928747051, 4.640960468327758, -7.211938883910918e-05
4.048388137247686, 4.641272957188512, -7.211947640828331e-05
4.0583383276095075, 4.641585973137003, -7.211956414554521e-05
4.06828849980464, 4.641899516174379, -7.21196520515055e-05
4.078238653805219, 4.642213586301781, -7.211974012560907e-05
4.088188789583366, 4.642528183520358, -7.211982836796693e-05
4.098138907111211, 4.642843307831244, -7.211991677902319e-05
4.108089006360876, 4.64315895923559, -7.212000535822272e-05
4.118039087304489, 4.64347513773454, -7.212009410584308e-05
4.127989149914177, 4.643791843329233, -7.21201830219953e-05
4.13793919416207, 4.644109076020819, -7.212027210612426e-05
4.147889220020287, 4.6444268358104415, -7.212036135895161e-05
4.157839227460956, 4.644745122699247, -7.212045077997775e-05
4.167789216456204, 4.645063936688379, -7.21205403693137e-05
4.177739186978155, 4.6453832777789765, -7.212063012723702e-05
4.1876891389989295, 4.645703145972193, -7.212072005313708e-05
4.197639072490654, 4.646023541269175, -7.21208101476245e-05
4.207588987425457, 4.646344463671063, -7.212090041042174e-05
4.217538883775454, 4.646665913179002, -7.212099084163981e-05
4.227488761512777, 4.646987889794142, -7.212108144100116e-05
4.237438620609543, 4.647310393517626, -7.212117220900538e-05
4.247388461037877, 4.647633424350602, -7.212126314498635e-05
4.257338282769901, 4.6479569822942155, -7.212135424961019e-05
4.267288085777735, 4.648281067349616, -7.21214455223218e-05
4.2772378700335, 4.648605679517947, -7.212153696345425e-05
4.287187635509318, 4.648930818800358, -7.212162857300752e-05
4.297137382177307, 4.649256485197996, -7.21217203508151e-05
4.307087110009594, 4.649582678712005, -7.212181229704351e-05
4.317036818978297, 4.649909399343533, -7.212190441152622e-05
4.326986509055535, 4.650236647093731, -7.212199669431874e-05
4.3369361802134305, 4.650564421963744, -7.212208914542106e-05
4.346885832424099, 4.65089272395472, -7.212218176488872e-05
4.35683546565966, 4.651221553067808, -7.212227455272169e-05
4.366785079892235, 4.651550909304159, -7.212236750875345e-05
4.376734675093943, 4.651880792664917, -7.212246063320604e-05
4.386684251236899, 4.652211203151234, -7.212255392602396e-05
4.396633808293217, 4.652542140764253, -7.212264738698515e-05
4.4065833462350215, 4.652873605505128, -7.21227410164782e-05
4.416532865034428, 4.6532055973750115, -7.21228348140035e-05
4.426482364663554, 4.6535381163750476, -7.212292877994964e-05
4.436431845094512, 4.6538711625063875, -7.212302291420558e-05
4.446381306299425, 4.65420473577018, -7.212311721677134e-05
4.456330748250402, 4.6545388361675775, -7.21232116876469e-05
4.466280170919565, 4.654873463699722, -7.212330632699882e-05
4.476229574279027, 4.65520861836777, -7.212340113421645e-05
4.486178958300897, 4.655544300172876, -7.2123496110299e-05
4.496128322957299, 4.655880509116182, -7.212359125419177e-05
4.5060776682203425, 4.656217245198842, -7.212368656650536e-05
4.516026994062141, 4.6565545084220075, -7.212378204723979e-05
4.525976300454811, 4.656892298786831, -7.21238776961175e-05
4.535925587370461, 4.657230616294461, -7.212397351347155e-05
4.545874854781208, 4.657569460946048, -7.212406949913541e-05
4.555824102659162, 4.657908832742748, -7.21241656527205e-05
4.5657733309764374, 4.658248731685705, -7.212426197494848e-05
4.575722539705147, 4.658589157776079, -7.212435846526422e-05
4.5856717288174025, 4.658930111015017, -7.212445512388976e-05
4.595620898285314, 4.65927159140368, -7.212455195060308e-05
4.605570048080994, 4.659613598943208, -7.212464894601478e-05
4.61551917817655, 4.659956133634764, -7.212474610951425e-05
4.625468288544092, 4.660299195479495, -7.2124843441157e-05
4.635417379155739, 4.6606427844785525, -7.212494094116506e-05
4.645366449983592, 4.660986900633093, -7.212503860959396e-05
4.6553155009997615, 4.661331543944269, -7.212513644611063e-05
4.665264532176362, 4.661676714413232, -7.212523445088159e-05
4.675213543485496, 4.662022412041139, -7.212533262396237e-05
4.685162534899274, 4.662368636829144, -7.212543096524193e-05
4.695111506389806, 4.66271538877839, -7.212552947494233e-05
4.7050604579291955, 4.663062667890046, -7.2125628152786e-05
4.715009389489556, 4.663410474165256, -7.212572699882847e-05
4.724958301042994, 4.663758807605186, -7.212582601329176e-05
4.734907192561613, 4.664107668210978, -7.212592519595384e-05
4.7448560640175215, 4.664457055983791, -7.212602454681472e-05
4.754804915382826, 4.664806970924783, -7.212612406576335e-05
4.764753746629632, 4.6651574130351054, -7.212622375329936e-05
4.77470255773004, 4.6655083823159185, -7.21263236088121e-05
4.784651348656165, 4.665859878768374, -7.212642363269017e-05
4.794600119505775, 4.666211902398165, -7.212656867183753e-05
4.804548869981014, 4.666564453272933, -7.212722383087566e-05
4.814497597534892, 4.6669175313598625, -7.212786961385831e-05
4.824446302591037, 4.667271136666982, -7.21285133615801e-05
4.834394985158138, 4.667625269202188, -7.212915718834978e-05
4.8443436452099915, 4.667979928967619, -7.212980118670442e-05
4.8542922827187445, 4.668335115963927, -7.213044535753221e-05
4.8642408976564635, 4.668690830191449, -7.213108969900128e-05
4.874189489995225, 4.669047071650434, -7.213173420950181e-05
4.884138059707114, 4.669403840341087, -7.213237888781254e-05
4.89408660676422, 4.669761136263584, -7.21330237329898e-05
4.904035131138635, 4.67011895941807, -7.213366874420091e-05
4.913983632802473, 4.670477309804673, -7.213431392028014e-05
4.923932111727832, 4.670836187423508, -7.213495926111646e-05
4.933880567886828, 4.671195592274671, -7.213560476587721e-05
4.943829001251576, 4.671555524358251, -7.213625043439587e-05
4.953777411794192, 4.671915983674328, -7.213689626606179e-05
4.963725799486795, 4.672276970222966, -7.213754226087499e-05
4.973674164301502, 4.672638484004233, -7.213818841850239e-05
4.98362250621044, 4.673000525018186, -7.213883473883298e-05
4.993570825185729, 4.6733630932648795, -7.213948122147817e-05
5.003519121199495, 4.6737261887443635, -7.214012786649349e-05
5.013467394223861, 4.674089811456684, -7.214077467365687e-05
5.02341564423095, 4.674453961401885, -7.214142164302384e-05
5.033363871192888, 4.674818638580015, -7.214206877448337e-05
5.043312075081805, 4.675183842991114, -7.214271606781342e-05
5.0532602558698185, 4.675549574635216, -7.214336352329154e-05
5.063208413529065, 4.675915833512373, -7.214401114036262e-05
5.0731565480316645, 4.676282619622606, -7.214465891958177e-05
5.083104659349738, 4.676649932965962, -7.214530686078247e-05
5.093052747455421, 4.677017773542474, -7.214595496368714e-05
5.1030008123208335, 4.677386141352182, -7.214660322812927e-05
5.1129488539181045, 4.6777550363951175, -7.214725165466396e-05
5.122896872219356, 4.678124458671318, -7.214790024306916e-05
5.13284486719672, 4.678494408180818, -7.214854899306733e-05
5.1427928388223165, 4.678864884923652, -7.214919790499152e-05
5.152740787068278, 4.6792358888998535, -7.21498469786197e-05
5.162688711906724, 4.679607420109459, -7.215049621400738e-05
5.1726366133097805, 4.679979478552503, -7.215114561126557e-05
5.182584491249574, 4.680352064229021, -7.215179517028325e-05
5.192532345698228, 4.680725177139046, -7.215244489072736e-05
5.20248017662787, 4.681098817282611, -7.215309477331955e-05
5.212427984010622, 4.6814729846597505, -7.215374481761572e-05
5.222375767818615, 4.6818476792705015, -7.215439502344934e-05
5.232323528023964, 4.682222901114895, -7.215504539137552e-05
5.242271264598804, 4.682598650192963, -7.215569592067261e-05
5.252218977515252, 4.68297492650474, -7.215634661206227e-05
5.262166666745433, 4.683351730050267, -7.215699746504489e-05
5.272114332261474, 4.683729060829574, -7.215764847984252e-05
5.282061974035493, 4.684106918842695, -7.215829965645515e-05
5.292009592039617, 4.684485304089665, -7.215895099471625e-05
5.301957186245967, 4.684864216570515, -7.215960249501441e-05
5.311904756626671, 4.685243656285282, -7.216025415651695e-05
5.3218523031538485, 4.685623623234005, -7.216090598050062e-05
5.331799825799621, 4.68600411741671, -7.21615579657442e-05
5.341747324536115, 4.686385138833435, -7.21622101129693e-05
5.351694799335451, 4.686766687484214, -7.216286242206493e-05
5.3616422501697505, 4.687148763369082, -7.21635148926425e-05
5.371589677011134, 4.687531366488074, -7.216416752531263e-05
5.381537079831728, 4.687914496841221, -7.216482031963123e-05
5.39148445860365, 4.688298154428565, -7.216547327582035e-05
5.401431813299025, 4.688682339250134, -7.216612639360243e-05
5.41137914388997, 4.689067051305964, -7.216677967336604e-05
5.4213264503486105, 4.689452290596091, -7.216743311483365e-05
5.431273732647066, 4.689838057120547, -7.216808671800523e-05
5.441220990757456, 4.690224350879365, -7.216874048304733e-05
5.451168224651902, 4.690611171872588, -7.216939440990444e-05
5.461115434302524, 4.690998520100246, -7.217004849868758e-05
5.47106261968145, 4.691386395562373, -7.217070274895265e-05
5.481009780760788, 4.691774798259007, -7.21713571613658e-05
5.490956917512662, 4.692163728190178, -7.217201173537191e-05
5.5009040299091945, 4.692553185355925, -7.217266647130405e-05
5.510851117922504, 4.692943169756279, -7.217332136916221e-05
5.520798181524711, 4.6933336813912785, -7.217397642850232e-05
5.530745220687933, 4.693724720260958, -7.217463164993498e-05
5.540692235384287, 4.694116286365352, -7.217528703296061e-05
5.550639225585897, 4.694508379704496, -7.217594257774573e-05
5.560586191264871, 4.694901000278426, -7.217659828467893e-05
5.570533132393343, 4.695294148087176, -7.21772541532606e-05
5.58048004894342, 4.695687823130781, -7.217791018371278e-05
5.590426940887226, 4.696082025409284, -7.217856637592446e-05
5.600373808196875, 4.696476754922709, -7.217922272995114e-05
5.610320650844486, 4.696872011671093, -7.217987924573732e-05
5.620267468802177, 4.697267795654477, -7.218053592344953e-05
5.630214262042065, 4.697664106872891, -7.218119276308776e-05
5.64016103053627, 4.6980609453263735, -7.21818497644855e-05
5.650107774256903, 4.698458311014962, -7.218250692758721e-05
5.660054493176084, 4.698856203938691, -7.2183164252837e-05
5.67000118726593, 4.699254624097596, -7.21838217394577e-05
5.679947856498561, 4.699653571491711, -7.218447938822647e-05
5.689894500846086, 4.700053046121077, -7.218513719869923e-05
5.6998411202806265, 4.7004530479857225, -7.218579517120904e-05
5.709787714774296, 4.700853577085688, -7.218645330547835e-05
5.719734284299214, 4.7012546334210095, -7.218711160139613e-05
5.729680828827492, 4.70165621699172, -7.218777005951749e-05
5.739627348331239, 4.702058327797858, -7.21884286791763e-05
5.749573842782582, 4.702460965839461, -7.218908746098318e-05
5.759520312153635, 4.702864131116562, -7.218974640432751e-05
5.769466756416506, 4.703267823629198, -7.219040550981992e-05
5.779413175543311, 4.703672043377407, -7.219106477701631e-05
5.789359569506169, 4.704076790361223, -7.219172420613873e-05
5.799305938277191, 4.7044820645806835, -7.219238379702064e-05
5.809252281828489, 4.704887866035825, -7.219304354982858e-05
5.819198600132177, 4.705294194726691, -7.219370346461806e-05
5.829144893160378, 4.705701050653301, -7.219436354088948e-05
5.83909116088519, 4.706108433815705, -7.219502377947551e-05
5.849037403278738, 4.7065163442139415, -7.219568417954347e-05
5.85898362031313, 4.706924781848032, -7.219634474187053e-05
5.868929811960478, 4.707333746718025, -7.219700546584606e-05
5.878875978192901, 4.70774323882396, -7.219766635169211e-05
5.888822118982505, 4.708153258165863, -7.219832739935317e-05
5.898768234301408, 4.70856380474378, -7.219898860899576e-05
5.908714324121717, 4.708974878557746, -7.219964998078643e-05
5.918660388415542, 4.709386479607797, -7.220031151411455e-05
5.928606427155003, 4.709798607893966, -7.220097320936869e-05
5.938552440312206, 4.710211263416297, -7.220163506654886e-05
5.948498427859263, 4.710624446174823, -7.220229708554404e-05
5.958444389768284, 4.711038156169582, -7.22029592666873e-05
5.9683903260113835, 4.711452393400612, -7.220362160947902e-05
5.978336236560671, 4.711867157867953, -7.220428411414126e-05
5.988282121388256, 4.712282449571642, -7.220494678078504e-05
5.998227980466244, 4.71269826851171, -7.220560960941036e-05
6.008173813766752, 4.713114614688196, -7.22062725999062e-05
6.01811962126189, 4.713531488101141, -7.22069357520505e-05
6.028065402923767, 4.713948888750584, -7.22075990663984e-05
6.038011158724489, 4.714366816636558, -7.220826254250579e-05
6.047956888636167, 4.714785271759105, -7.220892618059471e-05
6.057902592630913, 4.715204254118259, -7.220958998055416e-05
6.067848270680831, 4.715623763714059, -7.221025394238412e-05
6.077793922758032, 4.716043800546543, -7.221091806597357e-05
6.08773954883463, 4.7164643646157485, -7.221158235182212e-05
6.097685148882727, 4.716885455921716, -7.221224679931915e-05
6.107630722874433, 4.717307074464482, -7.221291140879771e-05
6.1175762707818535, 4.717729220244084, -7.221357618025781e-05
6.127521792577099, 4.718151893260562, -7.221424111364394e-05
6.137467288232279, 4.718575093513954, -7.221490620901161e-05
6.147412757719499, 4.718998821004296, -7.221557146613877e-05
6.157358201010865, 4.719423075731626, -7.22162368853585e-05
6.167303618078482, 4.719847857695992, -7.221690246639323e-05
6.177249008894462, 4.720273166897418, -7.22175682094095e-05
6.187194373430911, 4.72069900333595, -7.221823411424078e-05
6.197139711659932, 4.721125367011629, -7.22189001811091e-05
6.207085023553632, 4.7215522579244915, -7.221956640984795e-05
6.21703030908412, 4.721979676074577, -7.222023280051282e-05
6.226975568223502, 4.722407621461918, -7.222089935321474e-05
6.236920800943875, 4.722836094086559, -7.222156606778718e-05
6.2468660072173545, 4.72326509394854, -7.222223294423014e-05
6.256811187016039, 4.723694621047897, -7.222289998271014e-05
6.266756340312037, 4.724124675384672, -7.222356718306067e-05
6.276701467077453, 4.724555256958904, -7.222423454539273e-05
6.286646567284392, 4.724986365770628, -7.222490206970633e-05
6.296591640904958, 4.72541800181989, -7.222556975572392e-05
6.306536687911253, 4.725850165106725, -7.222623760416713e-05
6.316481708275386, 4.726282855631171, -7.222690561409228e-05
6.326426701969454, 4.726716073393269, -7.222757378633204e-05
6.336371668965567, 4.727149818393062, -7.222824212027579e-05
6.346316609235824, 4.727584090630584, -7.222891061631209e-05
6.356261522752331, 4.7280188901058775, -7.222957927421891e-05
6.366206409487186, 4.728454216818981, -7.223024809405176e-05
6.3761512694125, 4.728890070769938, -7.223091707586615e-05
6.386096102500367, 4.729326451958788, -7.223158621982861e-05
6.396040908722898, 4.729763360385568, -7.223225552560608e-05
6.405985688052191, 4.730200796050318, -7.223292499330958e-05
6.415930440460345, 4.730638758953076, -7.223359462316115e-05
6.425875165919465, 4.731077249093887, -7.22342644147167e-05
6.4358500449417715, 4.731761074537651, -7.242297572901402e-05
6.445868903289233, 4.73278489861899, -7.301438742479682e-05
6.455909030688508, 4.733816547318833, -7.349333786482726e-05
6.465939128776567, 4.734691102768903, -7.192712811315838e-05
6.475969107040468, 4.735408568114225, -6.868542579113734e-05
6.4860065518970105, 4.736020760617181, -6.983441615127095e-05
6.496047975588706, 4.736534692776835, -7.235823276552367e-05
6.506099775375338, 4.736962225156791, -6.899822734096617e-05
6.516150140672506, 4.737284922690287, -7.00410373075111e-05
6.5262013641445655, 4.737508323911161, -7.243399641926329e-05
6.536260671635188, 4.737644233832271, -6.895401414735991e-05
6.546315697970422, 4.737674741684587, -6.990413657093075e-05
6.556368870793666, 4.737605476989105, -7.222495072406465e-05
6.566427764243605, 4.737448139385755, -6.869816551974273e-05
6.576479303539322, 4.737185256132528, -6.965391637581142e-05
6.586525938277092, 4.736822485437383, -7.200887653080468e-05
6.596575463285215, 4.736371379895461, -6.852034978788168e-05
6.6066143571774925, 4.735814896676433, -6.948790481009492e-05
6.61664535857795, 4.7351586371589915, -7.185742235060744e-05
6.626676654389039, 4.734413953175348, -6.83677902575397e-05
6.636694283825296, 4.733564218400755, -6.933771775202713e-05
6.646701131265532, 4.732614974350143, -7.171484179491205e-05
6.656531107402613, 4.731231917043732, -7.091689890326158e-05
6.666315460214651, 4.729450086327285, -7.037702899526099e-05
6.676119857035157, 4.727651650566782, -7.071540998099257e-05
6.685932970084613, 4.725856500908997, -6.942610167681718e-05
6.69574348379507, 4.724049303161864, -7.051169063843066e-05
6.705646540071254, 4.722538615646632, -7.246824854412193e-05
6.715672577078407, 4.721408776766599, -7.260035275830079e-05
6.725709095874627, 4.720278576969762, -6.764989297142199e-05
6.735516926607499, 4.718615962424404, -7.265311811027741e-05
6.745247551665671, 4.716566785407787, -7.288132976329686e-05
6.755003550168018, 4.714591418020592, -7.3190065148665e-05
6.764762760416213, 4.7126322074821685, -7.342134350302176e-05
6.774522082229794, 4.710673003558422, -7.360313564841459e-05
6.7842812716590535, 4.708711659208697, -7.375892325800493e-05
6.794040305842581, 4.706748255858304, -7.389349275832569e-05
6.803799200483983, 4.7047831758128815, -7.400891436731838e-05
6.8135579801207165, 4.702816789248697, -7.410712083733006e-05
6.823316671129086, 4.700849411858167, -7.419011525844343e-05
6.833075299204245, 4.698881306457335, -7.425986852982458e-05
6.842833888205186, 4.696912690645449, -7.431822821196699e-05
6.852592459635796, 4.694943744303267, -7.436686911677093e-05
6.862351032484444, 4.69297461604174, -7.44072748675162e-05
6.872109623271409, 4.691005428601618, -7.444073846457622e-05
6.8818682462111616, 4.6890362833407515, -7.446837345431723e-05
6.891626913430822, 4.687067263952034, -7.44911303474094e-05
6.9013856352085, 4.685098439539241, -7.450981501000431e-05
6.911144420209822, 4.683129867159339, -7.452510709854421e-05
6.920903275710403, 4.681161593922667, -7.453757747577505e-05
6.930662207798154, 4.679193658727331, -7.454770406734035e-05
6.940421221553018, 4.67722609369125, -7.45558859553408e-05
6.950180321204062, 4.67525892533446, -7.45624556930391e-05
6.959939510265105, 4.673292175555181, -7.456768992897267e-05
6.969698791650775, 4.671325862435621, -7.45718184932409e-05
6.979458167775054, 4.669360000907217, -7.457503210939187e-05
6.989217640634549, 4.66739460329987, -7.457748890538074e-05
6.998977211878534, 4.665429679795383, -7.457931988824607e-05
7.008736882867632, 4.663465238801838, -7.458063353033006e-05
7.018496654722889, 4.661501287262709, -7.458151960060277e-05
7.0282565283666685, 4.659537830912089, -7.458205235988391e-05
7.038016504556728, 4.657574874485415, -7.458229321921639e-05
7.047776583914502, 4.655612421893484, -7.458229294954322e-05
7.0575367669486235, 4.653650476366134, -7.458209351551837e-05
7.067297054074391, 4.65168904057089, -7.458172959684539e-05
7.077057445629934, 4.649728116710921, -7.458122984821403e-05
7.086817941889565, 4.647767706605963, -7.458061794302084e-05
7.096578543074878, 4.645807811759103, -7.457991343795545e-05
7.106339249363888, 4.643848433411942, -7.457913248615222e-05
7.116100060898601, 4.641889572590163, -7.457828843032699e-05
7.1258609777912865, 4.639931230141133, -7.457739228916571e-05
7.135622000129643, 4.637973406764975, -7.45764531635551e-05
7.145383127981081, 4.636016103040216, -7.457547856870583e-05
7.155144361396255, 4.634059319444966, -7.457447471059808e-05
7.164905700411976, 4.632103056374421, -7.457344671452093e-05
7.1746671450536335, 4.630147314155302, -7.457239881270006e-05
7.184428695337181, 4.628192093057769, -7.457133449911835e-05
7.194190351270778, 4.6262373933053045, -7.457025665963402e-05
7.203952112856152, 4.624283215082814, -7.45691676768967e-05
7.213713980089716, 4.622329558543374, -7.456806951838812e-05
7.2234759529635015, 4.620376423813745, -7.456696380864214e-05
7.23323803146592, 4.618423810998977, -7.456585188875264e-05
7.243000215582394, 4.6164717201862, -7.456473486644466e-05
7.252762505295874, 4.61452015144772, -7.456361365631992e-05
7.262524900587276, 4.6125691048436135, -7.456248901360762e-05
7.272287401435836, 4.610618580423863, -7.456136156142046e-05
7.282050007819398, 4.608668578230103, -7.456023181456883e-05
7.291812719714665, 4.606719098297089, -7.455910019854572e-05
7.301575537097383, 4.60477014065388, -7.455796706384854e-05
7.311338459942533, 4.6028217053248435, -7.455683270057856e-05
7.321101488224436, 4.600873792330464, -7.455569734771128e-05
7.330864621916889, 4.598926401688022, -7.455456120303294e-05
7.3406278609932425, 4.596979533412153, -7.455342442996837e-05
7.350391205426498, 4.595033187515311, -7.455228716229945e-05
7.360154655189344, 4.593087364008137, -7.455114951199215e-05
7.369918210254223, 4.59114206289979, -7.455001157080643e-05
7.37968187059338, 4.589197284198186, -7.454887341445948e-05
7.38944563617889, 4.587253027910236, -7.454773510551238e-05
7.3992095069826895, 4.585309294042013, -7.45465966955905e-05
7.408973482976599, 4.583366082598875, -7.454545822765946e-05
7.418737564132339, 4.581423393585634, -7.45443197367468e-05
7.4285017504215585, 4.5794812270066085, -7.45431812520514e-05
7.438266041815847, 4.577539582865736, -7.454204279738752e-05
7.448030438286735, 4.575598461166623, -7.454090439296124e-05
7.457893405324221, 4.573888536836799, -7.410898687970624e-05
7.467884117010278, 4.5724984480325475, -7.370605609779979e-05
7.477888361787952, 4.57111062146842, -7.354693880867735e-05
7.487846251143286, 4.5695836694414025, -7.007342904657987e-05
7.497745246804035, 4.567886564432759, -7.22996533951692e-05
7.507639467281064, 4.566099466658546, -6.882197126650835e-05
7.51751047653735, 4.564211922477509, -6.985913284557332e-05
7.527360695620946, 4.56222881795792, -7.235461448851233e-05
7.537199508760258, 4.560159969192372, -6.901421107968764e-05
7.547010846277867, 4.55799053066968, -7.010600688023283e-05
7.556798344207498, 4.55572535070953, -7.264372455606516e-05
7.566571751564905, 4.553374091483275, -6.933253630553304e-05
7.576314627726604, 4.550922505220257, -7.045226499979851e-05
7.586030771250751, 4.548375448362292, -7.301621021765792e-05
7.595730241890467, 4.545742376727485, -6.972774495822565e-05
7.605396218928184, 4.543009599478237, -7.086879233147991e-05
7.615032645476173, 4.5401819233333125, -7.345405232117574e-05
7.6246498652794985, 4.537268543933318, -7.0186965677288e-05
7.634230685188276, 4.534256310055263, -7.134673189101992e-05
7.643779184172889, 4.531149944601825, -7.395093428452792e-05
7.653305971816055, 4.527958349832454, -7.070435409056719e-05
7.662793494924431, 4.5246689081533455, -7.188103574706783e-05
7.672245962380048, 4.521286237634979, -7.450241836559623e-05
7.681674234093567, 4.517818925608724, -7.127522385746987e-05
7.69106040910215, 4.514254887565564, -7.246721580705939e-05
7.700408821079818, 4.510598623369749, -7.510403202903859e-05
7.7097305689695075, 4.506858393241855, -7.189505948151931e-05
7.719007421629561, 4.5030226528862585, -7.310083550465807e-05
7.728243832638376, 4.499095774429558, -7.575150013727772e-05
7.737451127004165, 4.495085680142973, -7.25593820175563e-05
7.746610758481782, 4.490981371924424, -7.377734218083631e-05
7.755727296067717, 4.486787087250189, -7.64402048925028e-05
7.764812278128771, 4.482510402417078, -7.326346818592455e-05
7.7738468577120505, 4.478140872747227, -7.449200636322484e-05
7.78283571513778, 4.4736825954162756, -7.716538008251117e-05
7.791790591566457, 4.469142795108052, -7.40024610150769e-05
7.800692355484235, 4.464511588887162, -7.523990172780826e-05
7.8095457909510175, 4.459792923825368, -7.792276565193879e-05
7.818362774285815, 4.454993570513846, -7.477388204168989e-05
7.827123854600271, 4.450104125469419, -7.602056816624625e-05
7.8358339153604595, 4.445128380167585, -7.871270869014291e-05
7.844525585074403, 4.44006547096141, -0.000122643298102465
7.853038105210747, 4.435040184155197, -0.00011932579667989218
7.861544843813459, 4.429896474277133, -0.00012331093717887764
7.869976580086733, 4.424664683034048, -0.00010343520029154618
7.878383754699543, 4.4193196655064915, -0.00010708157322342204
7.886723993802273, 4.413903177005958, -0.00010788413734569291
7.8950258573775685, 4.4084060708217825, -0.00010646501544969711
7.903259501046875, 4.4028274796351585, -0.00010616691839365755
7.911440755083976, 4.397163184785939, -0.00011041901495284501
7.919571271066288, 4.391425622930639, -0.00010591647756785783
7.927641788628659, 4.385600996155755, -0.00010852621068963009
7.935646331478745, 4.3796996723865105, -0.00010930047023582912
7.943607213274863, 4.373718360509932, -0.00010791822976652377
7.951494568829858, 4.3676586781809155, -0.0001076103539123241
7.959324248951068, 4.361515555484071, -0.00011188940063067143
7.967098402950617, 4.355301571956893, -0.0001073730595780309
7.97480722660576, 4.349003498106177, -0.00011000598805477324
7.982445196588792, 4.342632222769719, -0.00011075089112849712
7.990034564462501, 4.336183054827972, -0.00010937601494842575
7.997545432535698, 4.329659583847592, -0.00010903429178688029
8.004993518957745, 4.323055700451272, -0.00011331302235689789
8.012381483580391, 4.316384002764908, -0.00010876373962070973
8.019698947572543, 4.309631803760592, -0.0001113949380572854
8.026940905940576, 4.302810432566937, -0.00011209452382549001
8.034129418893533, 4.295913771304792, -0.00011070363218107504
8.041234712552958, 4.288947348999027, -0.00011031224101687442
8.048272272732572, 4.281904029184481, -0.00011456755996330781
8.055245321906733, 4.274796363037, -0.0001099727473369283
8.062142887574103, 4.267612254076649, -0.00011258123323482083
8.068960549041568, 4.260363397117266, -0.00011322567411536921
8.075720052744268, 4.253042277307587, -0.00011179892589691098
8.082391913255291, 4.245656325660956, -0.00011134705301107939
8.088991276706915, 4.238197414667243, -0.00011555927656103915
8.095521979860957, 4.230677978375908, -0.00011091053115580563
8.101972443686611, 4.2230865818186825, -0.000113478562235092
8.108338905691065, 4.215435217258851, -0.0001140618539796634
8.114642679555981, 4.2077150237414, -0.00011258264060087786
8.120854729263536, 4.199935284760668, -0.00011206340423053351
8.126989758306205, 4.19208693661581, -0.00011621652907101154
8.133052266881341, 4.184182214848796, -0.0001115089523491819
8.139030063219822, 4.176210421610806, -0.00011402235253521464
8.14492010145945, 4.168183764465264, -0.00011454218069784083
8.150743151511273, 4.160092099634541, -0.00011299788257845833
8.15647078118391, 4.151946497223895, -0.00011240858499489415
8.162117158332967, 4.143737031067379, -0.00011649108088546134
8.167687488517872, 4.1354756555149805, -0.00011172378942264638
8.173168977251327, 4.127152489147389, -0.00011417244943068283
8.178559347956023, 4.1187798726354545, -0.00011463028119385044
8.183878724630699, 4.11034645162266, -0.00011301320074585952
8.189099417309937, 4.101864994924118, -0.00011235621388222539
8.19423495917905, 4.093324772504993, -0.00011636229948813748
8.199291281793974, 4.084737355121336, -0.00011153909156008668
8.204255002542027, 4.0760937499019105, -0.00011391832449775263
8.209124650632972, 4.067406342744703, -0.00011431971712277944
8.213919614343462, 4.058662649727939, -0.00011262649385668233
8.218253272861952, 4.04975271543625, -0.0001107220447010282
8.22223527973025, 4.040713761033499, -0.0001147213404543157
8.226273924161811, 4.03172779352422, -0.00010823109489754845
8.230552336945824, 4.022789413061889, -0.00011131764842881031
8.235139686627479, 4.01395130588797, -0.00011491986864314852
8.239729302487806, 4.005060437726764, -0.00010978476890077804
8.24411920512253, 3.996117146042952, -0.00011242162873598138
8.248440033353267, 3.9871274320023185, -0.00011081205133872674
8.252664180907944, 3.978101522482872, -0.00011021834226748739
8.256800292248565, 3.969029366664291, -0.00011424746151539322
8.26085527332044, 3.959921287897993, -0.00010947636713853903
8.264814147762467, 3.9507697533058677, -0.00011182857249314448
8.268676676391301, 3.9415867202354384, -0.00011225650715551705
8.272460318939979, 3.9323576007230954, -0.00011051795464578351
8.276139974478866, 3.9230992368244353, -0.00010980206861316288
8.279726756234238, 3.9137989449333555, -0.0001136619197185107
8.283228573946849, 3.9044665729022854, -0.00010878138052500264
8.286630381632968, 3.895095936554851, -0.00011101494065079986
8.289932953811324, 3.8856989926100254, -0.00011135947970664084
8.2931530698787, 3.8762604360136788, -0.00010951054867802679
8.296266925165765, 3.866798537798908, -0.00010873061671223816
8.299284949939414, 3.857300274839289, -0.0001124975205823997
8.301729707780567, 3.8476949994520266, -0.00011507595813581295
8.303912445129312, 3.838040805293957, -0.00011026501305611003
8.306145734527677, 3.828434838346868, -0.00010736364791014141
8.308329949016672, 3.8188005766681568, -0.00010420131068317184
8.31048912054598, 3.809162897703024, -0.00010301276227236977
8.312635681723842, 3.7995152732520605, -0.00010633048580632742
8.314780912636099, 3.7898665206592432, -0.00010138831185241282
8.316911154395013, 3.7802116685301907, -0.00010326230322799113
8.319029680751202, 3.770561279181071, -0.00010364942971385904
8.32115304994919, 3.760900153795434, -0.00010171123487545675
8.323260346796095, 3.751245688695174, -0.00010106307472018683
8.325361860707412, 3.74158428787638, -0.00010475809406301773
8.32746779281324, 3.7319241734724313, -0.00010012975416623382
8.32956330644713, 3.72225994139247, -0.00010221442523555835
8.331651138275898, 3.712601611076021, -0.00010280688946823213
8.333747025042024, 3.7029337134917073, -0.00010105723056802463
8.335829805763785, 3.6932733662496116, -0.0001005400450829197
8.337909144686737, 3.6836067852138448, -0.00010431290244128366
8.339994885320912, 3.6739420055849554, -9.9762544074955e-05
8.342071798936004, 3.664273579878543, -0.0001018982217599329
8.344142414937256, 3.6546114039410074, -0.0001025462757058282
8.346222152494956, 3.644939950216105, -0.00010084972897073108
8.348289766513352, 3.635276288196246, -0.00010036937030055704
8.350354704212927, 3.6256065859141113, -0.00010416348519659557
8.352423596081955, 3.6159526804076307, -8.796347075012978e-05
8.354491665857807, 3.6062652312346293, -7.593171920677877e-05
8.356562760671872, 3.59649996505196, -7.560947465723444e-05
8.358634654397259, 3.58675357337434, -7.240673182773438e-05
8.360695930789907, 3.577011379396363, -7.322862248160256e-05
8.362753278903876, 3.567269027654533, -7.551683759793315e-05
8.364819889411557, 3.5575228105393393, -7.211662927020246e-05
8.366876326821426, 3.547778727524669, -7.299068123917118e-05
8.36892890636546, 3.538034714820581, -7.531833195723037e-05
8.370990894693218, 3.528286976568024, -7.195245369512326e-05
8.373042840038789, 3.5185414940448876, -7.28534187764418e-05
8.375091033383976, 3.508796178711268, -7.520287244777712e-05
8.37714871934409, 3.4990472143164495, -7.185586228602991e-05
8.37919643792182, 3.489300575394888, -7.277172613584515e-05
8.381240466168657, 3.4795541582548295, -7.513331013736524e-05
8.383294035036712, 3.4698041331061495, -7.179674464136143e-05
8.38533768031654, 3.4600564742822906, -7.272092426191534e-05
8.387377670955864, 3.450309068538707, -7.508929192612257e-05
8.389427229693371, 3.44055807623018, -7.175850769569614e-05
8.391466890753533, 3.430809475036629, -7.26873517161164e-05
8.393502918272475, 3.421061145256511, -7.50595331033832e-05
8.395854043388418, 3.411338344111086, -7.346333459373744e-05
8.398595512249141, 3.4015174083341972, -0.00016287255466324035
8.401172038546976, 3.3921185594109278, -0.00016623657017683646
8.403173379692687, 3.382413913885118, -9.094410732940483e-05
8.404998851048932, 3.372546362815748, -0.00010414437567773938
8.406824477637088, 3.362848638570125, -0.00010438850689992174
8.40870829231338, 3.3531716358391717, -0.00010657388580664895
8.410596684816207, 3.343508654193874, -0.00010504907388525497
8.412484338009525, 3.333839923211746, -0.00010638107811389297
8.414304787059539, 3.3241348201363743, -0.00010046396544732827
8.416072741045726, 3.3144168422430242, -7.256100212565952e-05
8.41783608368335, 3.3045833351253195, -7.30535217576267e-05
8.419585091357133, 3.2947796815262507, -7.537336208651713e-05
8.421343133626358, 3.2849726143875784, -7.181522384391847e-05
8.423090795635751, 3.27516746006147, -7.258040529867227e-05
8.424834335701632, 3.2653621208501313, -7.482274811265732e-05
8.42658701968799, 3.2555524411849786, -7.137019694281044e-05
8.428329599396132, 3.245745088885035, -7.22141747896976e-05
8.430068372410155, 3.2359378269032115, -7.451911958289426e-05
8.431816533548465, 3.2261264553890148, -7.112127862163309e-05
8.433554805731022, 3.2163176060614735, -7.200796846562607e-05
8.435289447603795, 3.2065090025149026, -7.434713104281787e-05
8.437033614373396, 3.196696416214745, -7.097922185633765e-05
8.438768013688767, 3.186886461062722, -7.188936159063797e-05
8.440498881959895, 3.177076838260771, -7.424749223533533e-05
8.442239353760902, 3.1672633016003955, -7.089598357751248e-05
8.443970128644013, 3.157452458339361, -7.181909078146642e-05
8.445697430072702, 3.147641996353972, -7.418775783279985e-05
8.44743437988774, 3.1378276575885153, -7.08453234889439e-05
8.44916167361992, 3.1280160485350152, -7.177566407351454e-05
8.45088552720542, 3.1182048487165885, -7.415021940171407e-05
8.452925844958287, 3.1084063881282358, -7.253047142652402e-05
8.455348858268103, 3.0986617495665114, -7.458478740818286e-05
8.457730188925126, 3.0888286454407434, -0.00017470164246863318
8.459395452142306, 3.0791882507030057, -9.69095380060625e-05
8.461137893831634, 3.06917298708102, -0.00016081788300048583
8.463193751108907, 3.0596708289736845, -0.0001702914757985008
8.465235390177462, 3.050171903053354, -0.00010016321469458189
8.46717816467889, 3.0402947130380342, -0.00010156187135057504
8.469011803093805, 3.0304949825487006, -0.00010697010459959078
8.470765657563957, 3.0206830514334233, -0.00010239922286819914
8.471972611946741, 3.010850759798108, -0.0001096169732595631
8.472928943849094, 3.0010179032793687, -0.00010492726963245991
8.47420424867238, 2.9912093531286628, -0.00010800566536145473
8.475790087559885, 2.9813816904383597, -0.00010667308578887758
8.477319702347572, 2.971520957747747, -0.00010240444842868346
8.478655630638245, 2.9616644954814224, -0.0001048842224398161
8.479476355100314, 2.951828556735988, -0.00010327384659608585
8.480049297625309, 2.9419936068643664, -9.406112964394087e-05
8.480583730160786, 2.9320893850957543, -7.595777430929873e-05
8.481428866905874, 2.922126382507426, -7.682523883367764e-05
8.482620965826001, 2.912137274575973, -7.75577830202101e-05
8.483793955732892, 2.9020554842667763, -0.0001061975897850842
8.484771961389715, 2.8922412849453685, -0.00010310847476291407
8.48563033412837, 2.8822971518124674, -0.00010312330028278138
8.486408060048948, 2.8723572108475346, -0.00010187937658195922
8.486625268632181, 2.862507062637013, -9.031852296681464e-05
8.486573811114086, 2.8525323394448585, -7.569492004627643e-05
8.486593376582402, 2.8425826105252, -7.545939947001257e-05
8.486617765709592, 2.8326391921583176, -7.465308351295441e-05
8.486638504121652, 2.8226927579442123, -7.399393013246547e-05
8.486655085593473, 2.8127436898227476, -7.347487636116812e-05
8.486668065081723, 2.802792525342617, -7.306479715157854e-05
8.486678080936652, 2.79283968382936, -7.273911295679891e-05
8.48668570383933, 2.782885494605202, -7.247913946639706e-05
8.486691420670248, 2.7729302185005804, -7.227065510101438e-05
8.486695642012316, 2.7629739578549892, -7.216472765086968e-05
8.486698739296965, 2.753017524348365, -7.214846746927961e-05
8.486700994655893, 2.743061185270309, -7.213482926449188e-05
8.486702641428437, 2.7331048897931365, -7.212462405059572e-05
8.486703875229315, 2.7231486313489968, -7.21169981025005e-05
8.486704858039237, 2.713192405603738, -7.211125166128873e-05
8.486705723985013, 2.703236208347402, -7.210688261388709e-05
8.486706584114986, 2.6932800356010818, -7.210353167313999e-05
8.486707530342422, 2.683323883732529, -7.210094012427559e-05
8.486708638721401, 2.673367749506203, -7.209892026577291e-05
8.486709972168835, 2.663411630089998, -7.209733480117997e-05
8.486711582724148, 2.653455523036898, -7.209608242914056e-05
8.486713513423489, 2.6434994262534524, -7.209508772881845e-05
8.486715799852961, 2.633543337962524, -7.209429402627032e-05
8.486718471435175, 2.6235872566648646, -7.209365833710235e-05
8.486721552494469, 2.6136311811021264, -7.209314776174258e-05
8.486725063138497, 2.603675110222737, -7.209273689412488e-05
8.486729019987738, 2.5937190431512405, -7.209240595046351e-05
8.486733436779065, 2.5837629791613055, -7.209213940301273e-05
8.486738324864922, 2.573806917652284, -7.209192497636963e-05
8.486743693626233, 2.5638508581290567, -7.20917529022369e-05
8.48674955081386, 2.55389480018484, -7.209161536242403e-05
8.486755902830946, 2.5439387434866325, -7.209150606579673e-05
8.486762754966433, 2.533982687762932, -7.209141992842172e-05
8.486770111588081, 2.5240266327934124, -7.209135282426615e-05
8.486777976302099, 2.514070578400286, -7.209130139490538e-05
8.486786352085101, 2.50411452444108, -7.209126289758894e-05
8.486795241393231, 2.494158470802617, -7.209123508739035e-05
8.486804646252352, 2.4842024173960118, -7.209121612306024e-05
8.486814568332594, 2.4742463641524925, -7.20912044916977e-05
8.486825009010065, 2.4642903110199534, -7.209119894829863e-05
8.486835969417758, 2.454334257960076, -7.209119846707246e-05
8.48684745048771, 2.4443782049459566, -7.209120220214027e-05
8.486859452985835, 2.4344221519601326, -7.209120945556036e-05
8.486871977540728, 2.424466098992944, -7.209121965046084e-05
8.486885024667442, 2.414510046041189, -7.209123231016745e-05
8.48689859478717, 2.4045539931070055, -7.209124704044001e-05
8.486912688243555, 2.3945979401969386, -7.209126351537254e-05
8.486927305316073, 2.384641887321184, -7.209128146534738e-05
8.486942446231206, 2.3746858344929453, -7.209130066687663e-05
8.486958111171592, 2.364729781727919, -7.209132093505266e-05
8.486974300283663, 2.3547737290438584, -7.209134211688673e-05
8.48699101368387, 2.344817676460218, -7.20913640858134e-05
8.48700825146392, 2.334861623997848, -7.209138673636151e-05
8.487026013695065, 2.3249055716787668, -7.209140998198915e-05
8.487044300431622, 2.314949519525946, -7.209143375019877e-05
8.487063111713923, 2.304993467563148, -7.209145798153793e-05
8.487082447570751, 2.2950374158147855, -7.20914826266017e-05
8.487102308021328, 2.285081364305811, -7.209150764436734e-05
8.48712269307696, 2.2751253130616225, -7.2091533000751e-05
8.487143602742446, 2.2651692621079826, -7.209155866760852e-05
8.487165037017162, 2.2552132114709553, -7.209158462162524e-05
8.487186995896046, 2.2452571611768533, -7.209161084353877e-05
8.487209479370332, 2.2353011112521926, -7.209163731719537e-05
8.4872324874282, 2.225345061723662, -7.20916640294389e-05
8.487256020055321, 2.2153890126180866, -7.209169096900059e-05
8.487280077235289, 2.205432963962404, -7.209171812710968e-05
8.48730465894995, 2.1954769157836442, -7.209174549605013e-05
8.487329765179755, 2.185520868108916, -7.209177306960468e-05
8.48735539590396, 2.17556482096539, -7.209180084227773e-05
8.487381551100851, 2.1656087743802868, -7.209182880990594e-05
8.487408230747917, 2.1556527283808706, -7.209185696921416e-05
8.487435434821972, 2.1456966829944344, -7.209188531659416e-05
8.487463163299296, 2.1357406382483024, -7.209191385021407e-05
8.487491416155702, 2.1257845941698164, -7.209194256768692e-05
8.48752019336663, 2.1158285507863397, -7.209197146723634e-05
8.487549494907226, 2.1058725081252434, -7.20920005476966e-05
8.487579320752356, 2.095916466213914, -7.209202980779095e-05
8.48760967087669, 2.085960425079743, -7.209205924646467e-05
8.48764054525472, 2.076004384750129, -7.20920888629406e-05
8.487671943860795, 2.066048345252473, -7.209211865666365e-05
8.487703866669136, 2.0560923066141807, -7.209214862685664e-05
8.487736313653885, 2.0461362688626554, -7.209217877313101e-05
8.487769284789076, 2.036180232025307, -7.209220909509817e-05
8.4878027800487, 2.0262241961295384, -7.209223959231403e-05
8.48783679940669, 2.0162681612027575, -7.209227026483411e-05
8.487871342836922, 2.0063121272723645, -7.209230111193676e-05
8.487906410313238, 1.9963560943657637, -7.209233213378852e-05
8.487942001809452, 1.9864000625103524, -7.209236333005631e-05
8.487978117299358, 1.9764440317335275, -7.209239470062911e-05
8.48801475675672, 1.9664880020626818, -7.20924262453404e-05
8.488051920155282, 1.9565319735252062, -7.209245796413466e-05
8.488089607468792, 1.9465759461484882, -7.209248985695638e-05
8.488127818670973, 1.9366199199599101, -7.2092521923528e-05
8.488166553735548, 1.9266638949868515, -7.209255416396054e-05
8.488205812636215, 1.9167078712566905, -7.209258657814299e-05
8.48824559534668, 1.9067518487967985, -7.209261916618637e-05
8.48828590184064, 1.8967958276345434, -7.209265192759107e-05
8.48832673209179, 1.8868398077972912, -7.209268486269016e-05
8.48836808607383, 1.8768837893124033, -7.209271797131711e-05
8.488409963760434, 1.8669277722072357, -7.209275125347192e-05
8.488452365125308, 1.8569717565091401, -7.209278470893254e-05
8.488495290142124, 1.8470157422454676, -7.209281833797654e-05
8.488538738784573, 1.837059729443562, -7.209285214032635e-05
8.488582711026337, 1.8271037181307632, -7.209288611592646e-05
8.488627206841104, 1.817147708334411, -7.20929202648879e-05
8.48867222620255, 1.8071917000818347, -7.209295458715514e-05
8.488717769084374, 1.7972356934003646, -7.209298908272821e-05
8.488763835460245, 1.787279688317325, -7.209302375138504e-05
8.488810425303853, 1.7773236848600364, -7.20930585934032e-05
8.48885753858889, 1.767367683055815, -7.209309360839411e-05
8.488905175289034, 1.7574116829319726, -7.209312879669083e-05
8.488953335377976, 1.7474556845158182, -7.20931641579603e-05
8.4890020188294, 1.7374996878346547, -7.2093199692147e-05
8.489051225617006, 1.7275436929157835, -7.20932353995285e-05
8.489100955714465, 1.7175876997864983, -7.209327127988274e-05
8.489151209095477, 1.7076317084740917, -7.209330733337627e-05
8.489201985733724, 1.6976757190058513, -7.2093343559676e-05
8.489253285602901, 1.6877197314090615, -7.209337995883747e-05
8.489305108676701, 1.677763745711, -7.20934165310827e-05
8.489357454928824, 1.6678077619389422, -7.209345327602312e-05
8.489410324332956, 1.6578517801201595, -7.20934901939363e-05
8.489463716862788, 1.6478958002819184, -7.209352728460017e-05
8.489517632492028, 1.637939822451482, -7.209356454801474e-05
8.48957207119436, 1.6279838466561096, -7.209360198418002e-05
8.48962703294349, 1.6180278729230553, -7.209363959326254e-05
8.489682517713112, 1.6080719012795686, -7.20936773748182e-05
8.48973852547692, 1.598115931752896, -7.209371532912456e-05
8.489795056208617, 1.5881599643702815, -7.209375345612612e-05
8.489852109881909, 1.5782039991589607, -7.209379175576736e-05
8.489909686470497, 1.5682480361461701, -7.209383022793725e-05
8.489967785948075, 1.5582920753591376, -7.20938688726358e-05
8.49002640828836, 1.5483361168250893, -7.209390768986301e-05
8.490085553465047, 1.5383801605712468, -7.20939466797299e-05
8.490145221451844, 1.528424206624828, -7.209398584195892e-05
8.490205412222465, 1.5184682550130477, -7.209402517682761e-05
8.490266125750608, 1.5085123057631127, -7.20940646838919e-05
8.490327362009992, 1.498556358902229, -7.209410436354036e-05
8.490389120974319, 1.4886004144575966, -7.209414421543991e-05
8.490451402617298, 1.4786444724564152, -7.209418423964609e-05
8.490514206912641, 1.4686885329258754, -7.209422443621438e-05
8.490577533834065, 1.4587325958931667, -7.209426480503378e-05
8.49064138335528, 1.448776661385473, -7.20943053462153e-05
8.49070575545, 1.4388207294299753, -7.209434605964793e-05
8.490770650091939, 1.4288648000538504, -7.209438694522063e-05
8.490836067254817, 1.4189088732842703, -7.209442800298893e-05
8.49090200691235, 1.4089529491484023, -7.209446923295282e-05
8.490968469038256, 1.3989970276734103, -7.209451063494576e-05
8.49103545360626, 1.3890411088864558, -7.209455220918981e-05
8.491102960590077, 1.379085192814695, -7.20945939554074e-05
8.491170989963429, 1.3691292794852783, -7.209463587365406e-05
8.491239541700034, 1.3591733689253533, -7.209467796392977e-05
8.491308615773615, 1.3492174611620642, -7.209472022617902e-05
8.491378212157903, 1.3392615562225503, -7.209476266045733e-05
8.491448330826618, 1.3293056541339467, -7.209480526648715e-05
8.49151897175349, 1.3193497549233848, -7.209484804460153e-05
8.491590134912236, 1.3093938586179916, -7.209489099457844e-05
8.491661820276597, 1.2994379652448909, -7.209493411641787e-05
8.491734027820293, 1.2894820748312004, -7.209497740984228e-05
8.491806757517057, 1.2795261874040353, -7.209502087535125e-05
8.49188000934063, 1.2695703029905072, -7.20950645125562e-05
8.491953783264723, 1.259614421617722, -7.209510832151267e-05
8.49202807926308, 1.2496585433127823, -7.209515230210961e-05
8.492102897309437, 1.2397026681027867, -7.209519645445805e-05
8.49217823737752, 1.2297467960148292, -7.209524077839147e-05
8.492254099441075, 1.219790927076, -7.209528527407638e-05
8.492330483473829, 1.2098350613133864, -7.209532994123524e-05
8.492407389449529, 1.1998791987540691, -7.209537478003458e-05
8.49248481734191, 1.1899233394251272, -7.209541979036338e-05
8.492562767124712, 1.1799674833536336, -7.209546497222163e-05
8.492641238771668, 1.1700116305666586, -7.209551032549832e-05
8.492720232256534, 1.160055781091267, -7.209555585024896e-05
8.492799747553047, 1.1500999349545227, -7.209560154647354e-05
8.492879784634948, 1.1401440921834813, -7.209564741417207e-05
8.492960343475984, 1.1301882528051963, -7.209569345323352e-05
8.493041424049897, 1.1202324168467186, -7.209573966354688e-05
8.493123026330434, 1.1102765843350915, -7.209578604533418e-05
8.493205150291345, 1.1003207552973564, -7.209583259820684e-05
8.49328779590638, 1.0903649297605518, -7.209587932249795e-05
8.493370963149287, 1.0804091077517093, -7.209592621804095e-05
8.493454651993815, 1.0704532892978589, -7.209597328483586e-05
8.493538862413718, 1.0604974744260245, -7.209602052260511e-05
8.493623594382752, 1.0505416631632274, -7.20960679318483e-05
8.49370884787466, 1.040585855536484, -7.209611551201034e-05
8.493794622863204, 1.0306300515728066, -7.209616326331325e-05
8.49388091932214, 1.020674251299205, -7.209621118570153e-05
8.493967737225221, 1.0107184547426824, -7.209625927917518e-05
8.494055076546209, 1.0007626619302392, -7.209630754367868e-05
8.494142937258864, 0.9908068728888721, -7.209635597915653e-05
8.494231319336937, 0.9808510876455733, -7.209640458555322e-05
8.4943202227542, 0.9708953062273307, -7.209645336303527e-05
8.494409647484405, 0.960939528661128, -7.209650231138065e-05
8.494499593501317, 0.9509837549739457, -7.20965514303673e-05
8.494590060778703, 0.9410279851927597, -7.209660072049484e-05
8.494681049290325, 0.9310722193445415, -7.209665018126366e-05
8.494772559009949, 0.9211164574562588, -7.209669981300681e-05
8.494864589911344, 0.9111606995548754, -7.209674961544676e-05
8.494957141968273, 0.9012049456673505, -7.209679958863902e-05
8.495050215154503, 0.8912491958206399, -7.209684973252806e-05
8.495143809443817, 0.8812934500416949, -7.209690004728042e-05
8.49523792480997, 0.8713377083574634, -7.209695053239651e-05
8.495332561226745, 0.8613819707948879, -7.209700118837592e-05
8.495427718667912, 0.8514262373809082, -7.20970520149411e-05
8.495523397107238, 0.8414705081424589, -7.209710301198102e-05
8.495619596518502, 0.8315147831064721, -7.209715417960672e-05
8.495716316875491, 0.8215590622998735, -7.209720551770715e-05
8.495813558151966, 0.8116033457495863, -7.209725702639336e-05
8.495911320321703, 0.8016476334825302, -7.209730870544329e-05
8.496009603358502, 0.7916919255256191, -7.209736055513449e-05
8.496108407236125, 0.7817362219057641, -7.20974125750784e-05
8.496207731928358, 0.7717805226498717, -7.209746476544154e-05
8.496307577408983, 0.7618248277848448, -7.20975171261129e-05
8.496407943651784, 0.7518691373375822, -7.2097569657259e-05
8.496508830630543, 0.7419134513349775, -7.209762235871331e-05
8.496610238319045, 0.7319577698039216, -7.209767523025379e-05
8.496712166691074, 0.7220020927713011, -7.209772827226901e-05
8.496814615720428, 0.712046420263998, -7.20977814843704e-05
8.496917585380883, 0.7020907523088901, -7.209783486655796e-05
8.497021075646234, 0.6921350889328524, -7.209788841922027e-05
8.497125086490273, 0.6821794301627542, -7.209794214180221e-05
8.497229617886779, 0.6722237760254619, -7.209799603452582e-05
8.49733466980956, 0.662268126547838, -7.209805009733561e-05
8.497440242232399, 0.6523124817567397, -7.209810433017605e-05
8.497546335129098, 0.6423568416790212, -7.209815873304715e-05
8.497652948473453, 0.6324012063415322, -7.20982133059489e-05
8.497760082239258, 0.6224455757711185, -7.20982680488258e-05
8.4978677364003, 0.6124899499946216, -7.209832296162233e-05
8.497975910930391, 0.6025343290388796, -7.209837804439401e-05
8.49808460580332, 0.5925787129307262, -7.209843329708532e-05
8.498193820992897, 0.58262310169699, -7.209848871947422e-05
8.498303556472926, 0.5726674953644971, -7.209854431189378e-05
8.4984138122172, 0.5627118939600696, -7.209860007401092e-05
8.498524588199523, 0.5527562975105237, -7.209865600588117e-05
8.498635884393707, 0.5428007060426734, -7.2098712107449e-05
8.498747700773556, 0.532845119583328, -7.209876837882545e-05
8.49886003731288, 0.5228895381592925, -7.2098824819955e-05
8.498972893985476, 0.5129339617973685, -7.209888143072662e-05
8.49908627076516, 0.5029783905243524, -7.20989382109738e-05
8.49920016762575, 0.4930228243670379, -7.209899516102958e-05
8.499314584541045, 0.48306726335221367, -7.209905228061642e-05
8.499429521484863, 0.47311170750666526, -7.209910956973431e-05
8.499544978431013, 0.46315615685717326, -7.209916702838326e-05
8.499660955353312, 0.4532006114305147, -7.209922465661878e-05
8.49977745222558, 0.44324507125346224, -7.209928245427433e-05
8.49989446902162, 0.4332895363527846, -7.20993404212944e-05
8.500012005715265, 0.4233340067552471, -7.209939855784553e-05
8.500130062280322, 0.4133784824876101, -7.209945686370567e-05
8.500248638690616, 0.40342296357663043, -7.209951533893033e-05
8.500367734919974, 0.39346745004906053, -7.209957398351952e-05
8.500487350942208, 0.3835119419316491, -7.209963279741771e-05
8.500607486731143, 0.37355643925114107, -7.209969178068043e-05
8.500728142260598, 0.3636009420342767, -7.209975093308563e-05
8.500849317504402, 0.35364545030779243, -7.209981025468881e-05
8.500971012436384, 0.34368996409842095, -7.20998697455455e-05
8.50109322703037, 0.3337344834328905, -7.209992940560017e-05
8.501215961260192, 0.3237790083379256, -7.209998923474181e-05
8.501339215099676, 0.31382353884024655, -7.210004923302593e-05
8.501462988522647, 0.30386807496656965, -7.210010940039702e-05
8.501587281502943, 0.2939126167436072, -7.210016973674405e-05
8.5017120940144, 0.28395716419806744, -7.210023024223355e-05
8.501837426030836, 0.27400171735665435, -7.21002909166435e-05
8.501963277526098, 0.26404627624606863, -7.210035176008489e-05
8.50208964847402, 0.2540908408930061, -7.210041277239121e-05
8.502216538848435, 0.244135411324159, -7.210047395372898e-05
8.502343948623185, 0.23417998756621547, -7.210053530398719e-05
8.5024718777721, 0.2242245696458594, -7.210059682294379e-05
8.50260032626903, 0.21426915758977108, -7.210065851093184e-05
8.502729294087814, 0.2043137514246263, -7.210072036761828e-05
8.502858781202299, 0.19435835117709716, -7.21007823930031e-05
8.502988787586315, 0.18440295687385147, -7.210084458719734e-05
8.503119313213714, 0.17444756854155336, -7.210090695008997e-05
8.503250358058342, 0.1644921862068628, -7.210096948184752e-05
8.503381922094036, 0.1545368098964353, -7.21010321820259e-05
8.503514005294663, 0.1445814396369231, -7.210109505112472e-05
8.503646607634057, 0.13462607545497368, -7.210115808858886e-05
8.503779729086073, 0.12467071737723112, -7.21012212948624e-05
8.503913369624556, 0.11471536543033503, -7.210128466944576e-05
8.504047529223364, 0.10476001964092144, -7.2101348212672e-05
8.504182207856346, 0.09480468003562177, -7.210141192443009e-05
8.504317405497359, 0.08484934664106399, -7.210147580466453e-05
8.504453122120252, 0.07489401948387164, -7.21015398533198e-05
8.504589357698885, 0.06493869859066465, -7.210160407045141e-05
8.504726112207123, 0.05498338398805847, -7.210166845594834e-05
8.504863385618815, 0.04502807570266474, -7.210173300964406e-05
8.505001177907824, 0.03507277376109101, -7.210179773181613e-05
8.50513948904801, 0.025117478189941256, -7.21018626222425e-05
8.505278319013232, 0.015162189015814802, -7.210192768097867e-05
8.505417667777364, 0.005206906265307351, -7.210199290813568e-05
8.505557535314253, -0.004748370034989702, -7.210205830338046e-05
8.505697921597779, -0.014703639858488549, -7.2102123866713e-05
8.505838826601801, -0.024658903178605886, -7.210218959841086e-05
8.505980250300174, -0.034614159968761986, -7.210225549802995e-05
8.50612219266679, -0.04456941020238152, -7.210232156601437e-05
8.506264653675506, -0.05452465385289284, -7.210238780186451e-05
8.506407633300194, -0.06447989089372845, -7.210245420580241e-05
8.506551131514723, -0.074435121298325, -7.210252077782808e-05
8.506695148292973, -0.08439034504012267, -7.210258751794152e-05
8.50683968360881, -0.09434556209256642, -7.210265442586516e-05
8.506984737436113, -0.1043007724291046, -7.210272150176555e-05
8.507130309748758, -0.11425597602318964, -7.210278874564269e-05
8.507276400520619, -0.12421117284827819, -7.210285615744105e-05
8.507423009725581, -0.13416636287783076, -7.210292373710514e-05
8.507570137337515, -0.14412154608531202, -7.210299148452393e-05
8.507717783330303, -0.15407672244419052, -7.210305939975292e-05
8.507865947677823, -0.1640318919279387, -7.210312748279213e-05
8.508014630353973, -0.17398705451003302, -7.210319573364155e-05
8.508163831332627, -0.18394221016395426, -7.210326415207913e-05
8.50831355058767, -0.1938973588631871, -7.210333273832692e-05
8.508463788092989, -0.20385250058121998, -7.210340149221839e-05
8.508614543822471, -0.2138076352915454, -7.210347041380905e-05
8.508765817749998, -0.22376276296766018, -7.210353950287685e-05
8.508917609849465, -0.23371788358306472, -7.21036087594773e-05
8.509069920094769, -0.24367299711126358, -7.210367818383245e-05
8.509222748459788, -0.2536281035257652, -7.210374777560924e-05
8.509376094918435, -0.2635832028000824, -7.210381753491868e-05
8.509529959444581, -0.27353829490773185, -7.210388746159424e-05
8.509684342012138, -0.2834933798222338, -7.21039575560245e-05
8.509839242594989, -0.29344845751711307, -7.210402781759884e-05
8.509994661167038, -0.30340352796589753, -7.210409824665032e-05
8.510150597702188, -0.31335859114212067, -7.21041688429569e-05
8.510307052174335, -0.32331364701931864, -7.21042396066851e-05
8.510464024557375, -0.33326869557103184, -7.210431053766841e-05
8.510621514825214, -0.34322373677080514, -7.210438163601784e-05
8.510779522951752, -0.35317877059218666, -7.210445290156686e-05
8.5109380489109, -0.36313379700872916, -7.210452433420445e-05
8.511097092676556, -0.37308881599398885, -7.210459593426366e-05
8.511256654222628, -0.3830438275215265, -7.210466770141144e-05
8.511416733523024, -0.3929988315649064, -7.210473963564779e-05
8.511577330551656, -0.40295382809769725, -7.210481173702821e-05
8.511738445282424, -0.4129088170934715, -7.210488400544168e-05
8.511900077689248, -0.4228637985258049, -7.210495644111026e-05
8.51206222774604, -0.43281877236827876, -7.210502904358984e-05
8.512224895426709, -0.442773738594477, -7.210510181310248e-05
8.512388080705167, -0.4527286971779882, -7.210517474964817e-05
8.512551783555343, -0.46268364809240453, -7.210524785322692e-05
8.512716003951137, -0.472638591311323, -7.210532112350565e-05
8.512880741866475, -0.48259352680834305, -7.210539456081744e-05
8.51304599727528, -0.4925484545570697, -7.210546816488472e-05
8.51321177015146, -0.5025033745311108, -7.210554193576302e-05
8.513378060468947, -0.5124582867040786, -7.210561587361886e-05
8.513544868201656, -0.5224131910495898, -7.210568997811917e-05
8.51371219332351, -0.5323680875412635, -7.210576424943049e-05
8.513880035808441, -0.5423229761527255, -7.210583868738629e-05
8.514048395630368, -0.5522778568576033, -7.210591329204208e-05
8.514217272763226, -0.5622327296295291, -7.210598806345336e-05
8.514386667180936, -0.572187594442139, -7.210606300145361e-05
8.514556578857423, -0.5821424512690734, -7.210613810609834e-05
8.514727007766625, -0.5920973000839759, -7.2106213377221e-05
8.514897953882477, -0.6020521408604945, -7.210628881498815e-05
8.515069417178903, -0.612006973572282, -7.210636441928875e-05
8.51524139762984, -0.6219617981929938, -7.210644018995627e-05
8.515413895209225, -0.6319166146962902, -7.210651612715724e-05
8.515586909890994, -0.6418714230558351, -7.210659223089166e-05
8.515760441649075, -0.651826223245296, -7.21066685009375e-05
8.515934490457424, -0.6617810152383459, -7.210674493746128e-05
8.516109056289958, -0.6717357990086597, -7.210682154035197e-05
8.516284139120643, -0.6816905745299174, -7.210689830938755e-05
8.5164597389234, -0.6916453417758028, -7.210697524479004e-05
8.516635855672178, -0.701600100720004, -7.210705234661496e-05
8.516812489340927, -0.711554851336213, -7.210712961464028e-05
8.516989639903594, -0.7215095935981252, -7.210720704875495e-05
8.517167307334114, -0.7314643274794392, -7.210728464912552e-05
8.517345491606441, -0.7414190529538605, -7.2107362415752e-05
8.517524192694522, -0.7513737699950956, -7.21074403483013e-05
8.517703410572311, -0.7613284785768566, -7.210751844716201e-05
8.51788314521376, -0.7712831786728592, -7.210759671194555e-05
8.518063396592819, -0.7812378702568215, -7.210767514292948e-05
8.518244164683436, -0.7911925533024688, -7.210775373989176e-05
8.51842544945958, -0.8011472277835273, -7.210783250277686e-05
8.518607250895194, -0.8111018936737292, -7.210791143169581e-05
8.518789568964237, -0.8210565509468092, -7.21079905265376e-05
8.51897240364068, -0.831011199576507, -7.210806978724671e-05
8.519155754898462, -0.8409658395365657, -7.210814921387865e-05
8.51933962271155, -0.8509204708007326, -7.210822880626688e-05
8.51952400705391, -0.8608750933427589, -7.210830856463346e-05
8.519708907899505, -0.8708297071363996, -7.210838848881185e-05
8.519894325222303, -0.8807843121554139, -7.210846857869102e-05
8.520080258996263, -0.8907389083735647, -7.210854883421547e-05
8.520266709195353, -0.9006934957646191, -7.210862925555173e-05
8.520453675793537, -0.9106480743023483, -7.210870984264428e-05
8.52064115876479, -0.9206026439605267, -7.210879059527109e-05
8.520829158083076, -0.9305572047129336, -7.210887151359868e-05
8.52101767372238, -0.9405117565333515, -7.210895259762706e-05
8.521206705656661, -0.9504662993955675, -7.210903384696765e-05
8.521396253859898, -0.9604208332733717, -7.210911526206454e-05
8.521586318306058, -0.97037535814056, -7.210919684264017e-05
8.521776898969128, -0.98032987397093, -7.210927858863903e-05
8.521967995823074, -0.9902843807382843, -7.210936050011663e-05
8.522159608841884, -1.00023887841643, -7.210944257712848e-05
8.522351737999541, -1.010193366979177, -7.210952481950805e-05
8.522544383270008, -1.0201478464003395, -7.210960722719983e-05
8.522737544627278, -1.030102316653736, -7.210968980031485e-05
8.522931222045333, -1.0400567777131897, -7.210977253874207e-05
8.523125415498155, -1.050011229552526, -7.210985544237047e-05
8.523320124959742, -1.0599656721455755, -7.210993851131109e-05
8.523515350404063, -1.0699201054661722, -7.211002174561942e-05
8.523711091805117, -1.0798745294881533, -7.211010514501792e-05
8.523907349136891, -1.0898289441853626, -7.21101887096176e-05
8.524104122373373, -1.0997833495316442, -7.211027243936297e-05
8.524301411488556, -1.1097377455008501, -7.211035633419849e-05
8.524499216456432, -1.1196921320668318, -7.21104403942352e-05
8.524697537251003, -1.1296465092034487, -7.211052461925105e-05
8.524896373846252, -1.1396008768845614, -7.211060900924604e-05
8.525095726216184, -1.149555235084037, -7.211069356449773e-05
8.52529559433479, -1.1595095837757434, -7.211077828478407e-05
8.525495978176071, -1.1694639229335548, -7.211086316960547e-05
8.525696877714026, -1.17941825253135, -7.211094821968356e-05
8.525898292922658, -1.1893725725430084, -7.211103343451875e-05
8.526100223775966, -1.1993268829424168, -7.211111881433308e-05
8.526302670247956, -1.2092811837034634, -7.211120435901552e-05
8.526505632312631, -1.2192354748000416, -7.211129006834405e-05
8.526709109944003, -1.2291897562060479, -7.21113759425962e-05
8.526913103116065, -1.239144027895385, -7.211146198160545e-05
8.527117611802845, -1.249098289841957, -7.21115481853718e-05
8.527322635978337, -1.2590525420196732, -7.21116345536732e-05
8.527528175616562, -1.2690067844024453, -7.211172108684272e-05
8.527734230691527, -1.2789610169641918, -7.21118077846028e-05
8.527940801177248, -1.2889152396788324, -7.211189464706447e-05
8.528147887047737, -1.2988694525202906, -7.21119816741167e-05
8.528355488277004, -1.3088236554624977, -7.211206886564847e-05
8.528563604839078, -1.3187778484793837, -7.211215622165978e-05
8.528772236707972, -1.3287320315448865, -7.211224374237268e-05
8.528981383857705, -1.3386862046329457, -7.21123314274541e-05
8.52919104626229, -1.3486403677175065, -7.211241927701506e-05
8.529401223895762, -1.3585945207725159, -7.211250729100005e-05
8.52961191673214, -1.3685486637719269, -7.211259546935356e-05
8.52982312474544, -1.3785027966896948, -7.21126838121311e-05
8.530034847909693, -1.3884569194997805, -7.211277231905511e-05
8.530247086198926, -1.3984110321761458, -7.211286099045866e-05
8.53045983958717, -1.4083651346927615, -7.211294982617522e-05
8.53067310804844, -1.4183192270235978, -7.211303882609377e-05
8.530886891556785, -1.4282733091426307, -7.211312799038083e-05
8.531101190086227, -1.4382273810238388, -7.211321731875886e-05
8.5313160036108, -1.4481814426412056, -7.211330681128336e-05
8.531531332104542, -1.4581354939687194, -7.211339646795434e-05
8.531747175541481, -1.4680895349803713, -7.211348628877179e-05
8.531963533895652, -1.478043565650156, -7.211357627373571e-05
8.532180407141098, -1.4879975859520735, -7.21136664227906e-05
8.532397795251862, -1.4979515958601262, -7.211375673582543e-05
8.532615698201976, -1.5079055953483211, -7.211384721272918e-05
8.532834115965493, -1.5178595843906697, -7.211393785366838e-05
8.533053048516441, -1.527813562961187, -7.211402865864303e-05
8.533272495828866, -1.5377675310338899, -7.211411962759762e-05
8.533492457876829, -1.5477214885828015, -7.21142107603101e-05
8.533712934634357, -1.5576754355819495, -7.211430205694702e-05
8.533933926075512, -1.567629372005365, -7.211439351745286e-05
8.534155432174332, -1.5775832978270805, -7.21144851417721e-05
8.53437745290487, -1.5875372130211347, -7.211457692984924e-05
8.534599988241185, -1.59749111756157, -7.211466888168427e-05
8.53482303815732, -1.6074450114224326, -7.21147609972217e-05
8.535046602627327, -1.6173988945777713, -7.211485327635048e-05
8.535270681625267, -1.6273527670016419, -7.211494571934818e-05
8.5354952751252, -1.6373066286681008, -7.211503832588173e-05
8.535720383101179, -1.6472604795512107, -7.211513109611767e-05
8.535946005527261, -1.6572143196250362, -7.211522402983395e-05
8.536172142377506, -1.6671681488636467, -7.21153171271971e-05
8.536398793625983, -1.6771219672411166, -7.21154103880961e-05
8.53662595924674, -1.6870757747315237, -7.211550381236442e-05
8.536853639213852, -1.6970295713089465, -7.211559740027962e-05
8.537081833501384, -1.706983356947473, -7.211569115156413e-05
8.537310542083402, -1.7169371316211905, -7.211578506621796e-05
8.537539764933967, -1.7268908953041922, -7.211587914429662e-05
8.537769502027158, -1.7368446479705757, -7.211597338580011e-05
8.537999753337035, -1.7467983895944403, -7.211606779050639e-05
8.538230518837668, -1.7567521201498915, -7.211616235863749e-05
8.538461798503146, -1.7667058396110378, -7.211625709002689e-05
8.538693592307526, -1.7766595479519922, -7.211635198456356e-05
8.53892590022489, -1.7866132451468697, -7.211644704241404e-05
8.53915872222931, -1.7965669311697905, -7.21165422634118e-05
8.539392058294867, -1.8065206059948793, -7.211663764750131e-05
8.539625908395639, -1.816474269596264, -7.211673319490464e-05
8.539860272505711, -1.8264279219480755, -7.21168289052887e-05
8.540095150599157, -1.8363815630244509, -7.211692477904208e-05
8.540330542650059, -1.8463351927995288, -7.211702081555416e-05
8.540566448632502, -1.8562888112474532, -7.2117117015158e-05
8.540802868520577, -1.8662424183423718, -7.211721337763155e-05
8.541039802288365, -1.8761960140584348, -7.211730990325238e-05
8.541277249909955, -1.886149598369799, -7.211740659179844e-05
8.541515211359439, -1.8961031712506216, -7.21175034431587e-05
8.541753686610909, -1.9060567326750677, -7.211760045749971e-05
8.54199267563845, -1.9160102826173036, -7.211769763465492e-05
8.542232178416155, -1.9259638210514984, -7.211779497456883e-05
8.542472194918117, -1.9359173479518268, -7.211789247746347e-05
8.542712725118443, -1.945870863292469, -7.211799014295028e-05
8.542953768991215, -1.9558243670476072, -7.21180879712513e-05
8.543195326510538, -1.9657778591914263, -7.211818596231101e-05
8.543437397650507, -1.975731339698118, -7.21182841160739e-05
8.543679982385227, -1.9856848085418755, -7.211838243226243e-05
8.5439230806888, -1.9956382656968967, -7.211848091137618e-05
8.544166692535324, -2.0055917111373835, -7.211857955291556e-05
8.544410817898902, -2.015545144837541, -7.211867835710262e-05
8.544655456753643, -2.0254985667715784, -7.211877732388183e-05
8.544900609073666, -2.0354519769137105, -7.211887645308668e-05
8.545146274833057, -2.045405375238155, -7.211897574482817e-05
8.54539245400594, -2.0553587617191296, -7.211907519905081e-05
8.545639146566424, -2.0653121363308635, -7.211917481564356e-05
8.54588635248861, -2.075265499047583, -7.211927459471745e-05
8.546134071746627, -2.085218849843523, -7.211937453616146e-05
8.546382304314577, -2.095172188692918, -7.211947463997559e-05
8.546631050166578, -2.1051255155700104, -7.21195749059933e-05
8.546880309276752, -2.1150788304490438, -7.211967533438113e-05
8.54713008161922, -2.125032133304268, -7.211977592502805e-05
8.547380367168092, -2.1349854241099315, -7.211987667787856e-05
8.547631165897501, -2.144938702840293, -7.211997759304367e-05
8.547882477781553, -2.1548919694696114, -7.212007867030135e-05
8.548134302794384, -2.1648452239721516, -7.212017990981812e-05
8.548386640910117, -2.17479846632218, -7.212028131142745e-05
8.548639492102874, -2.1847516964939695, -7.212038287501832e-05
8.548892856346784, -2.1947049144617954, -7.212048460070175e-05
8.549146733615979, -2.204658120199935, -7.212058648853326e-05
8.54940112388458, -2.2146113136826733, -7.212068853823528e-05
8.549656027126732, -2.2245644948842958, -7.21207907501964e-05
8.549911443316557, -2.2345176637790956, -7.212089312380598e-05
8.550167372428195, -2.2444708203413635, -7.212099565956365e-05
8.55042381443577, -2.2544239645454023, -7.212109835719183e-05
8.55068076931343, -2.2643770963655125, -7.212120121641297e-05
8.550938237035309, -2.274330215776, -7.212130423783769e-05
8.551196217575546, -2.2842833227511754, -7.212140742085538e-05
8.55145471090828, -2.2942364172653535, -7.212151076579909e-05
8.551713717007653, -2.3041894992928498, -7.212161427244679e-05
8.551973235847818, -2.3141425688079895, -7.212171794079847e-05
8.552233267402908, -2.324095625785095, -7.212182177079862e-05
8.55249381164707, -2.334048670198498, -7.212192576278031e-05
8.552754868554448, -2.3440017020225317, -7.212202991596639e-05
8.55301643809919, -2.353954721231531, -7.2122134231134e-05
8.553278520255457, -2.363907727799837, -7.212223870772805e-05
8.55354111499739, -2.373860721701797, -7.212234334591505e-05
8.553804222299147, -2.3838137029117594, -7.212244814552848e-05
8.55406784213488, -2.393766671404075, -7.212255310679039e-05
8.554331974478735, -2.4037196271531007, -7.212265822953423e-05
8.554596619304874, -2.4136725701331976, -7.212276351364899e-05
8.554861776587462, -2.4236255003187286, -7.212286895935671e-05
8.555127446300647, -2.4335784176840636, -7.21229745662133e-05
8.555393628418594, -2.4435313222035733, -7.212308033460735e-05
8.555660322915454, -2.453484213851633, -7.212318626426129e-05
8.555927529765404, -2.4634370926026232, -7.212329235528614e-05
8.556195248942599, -2.4733899584309262, -7.212339860745987e-05
8.556463480421208, -2.4833428113109304, -7.212350502100451e-05
8.556732224175398, -2.4932956512170255, -7.212361159580905e-05
8.557001480179338, -2.5032484781236066, -7.212371833176245e-05
8.55727124840719, -2.513201292005072, -7.212382522892025e-05
8.557541528833129, -2.523154092835826, -7.212393228722691e-05
8.55781232143133, -2.533106880590275, -7.21240395064604e-05
8.55808362617597, -2.543059655242828, -7.212414688695379e-05
8.558355443041213, -2.5530124167679, -7.212425442859605e-05
8.558627772001236, -2.5629651651399086, -7.212436213110962e-05
8.558900613030218, -2.5729179003332754, -7.212446999449451e-05
8.55917396610234, -2.5828706223224263, -7.212457801908378e-05
8.55944783119179, -2.592823331081789, -7.212468620454437e-05
8.559722208272731, -2.602776026585802, -7.21247945509873e-05
8.559997097319359, -2.612728708808896, -7.212490305830155e-05
8.560272498305848, -2.6226813777255185, -7.212501172632058e-05
8.56054841120638, -2.6326340333101093, -7.212512055532194e-05
8.560824835995154, -2.6425866755371166, -7.21252295450836e-05
8.561101772646355, -2.652539304380996, -7.212533869571658e-05
8.561379221134166, -2.662491919816206, -7.21254480068878e-05
8.561657181432786, -2.672444521817202, -7.212555747898586e-05
8.561935653516398, -2.682397110358449, -7.212566711156665e-05
8.5622146373592, -2.6923496854144164, -7.212577690485222e-05
8.562494132935388, -2.7023022469595737, -7.212588685912014e-05
8.562774140219148, -2.7122547949683984, -7.212599697353772e-05
8.56305465918469, -2.722207329415369, -7.212610724882662e-05
8.563335689806205, -2.7321598502749698, -7.212621768443173e-05
8.563617232057897, -2.742112357521687, -7.212632828074161e-05
8.56389928591396, -2.752064851130009, -7.212643903753424e-05
8.564181851348604, -2.7620173310744343, -7.21265499547541e-05
8.564464928336033, -2.77196979732946, -7.212666103240117e-05
8.56474851685045, -2.781922249869589, -7.212677227030895e-05
8.565032616866059, -2.791874688669325, -7.212688366886599e-05
8.565317228357069, -2.8018271137031787, -7.212699522773924e-05
8.565602351297688, -2.811779524945666, -7.212710694676217e-05
8.565887985662126, -2.8217319223713035, -7.21272188261568e-05
8.5661741314246, -2.8316843059546137, -7.212733086581213e-05
8.566460788559326, -2.841636675670119, -7.212744306572816e-05
8.566747957040498, -2.85158903149235, -7.212755542584937e-05
8.567035636842359, -2.8615413733958417, -7.212766794617576e-05
8.567323827939106, -2.871493701355127, -7.212778062676284e-05
8.56761253030497, -2.881446015344749, -7.212789346744408e-05
8.567901743914167, -2.891398315339252, -7.212800646799744e-05
8.568191468740917, -2.9013506013131822, -7.21281196288115e-05
8.568481704759444, -2.911302873241095, -7.212823294955317e-05
8.568772451943971, -2.9212551310975416, -7.212834643050003e-05
8.56906371026872, -2.931207374857085, -7.212846007120799e-05
8.56935547970792, -2.941159604494287, -7.212857387206562e-05
8.569647760235805, -2.9511118199837165, -7.212868783273985e-05
8.569940551826601, -2.9610640212999453, -7.212880195328619e-05
8.570233854454536, -2.9710162084175447, -7.212891623387119e-05
8.57052766809384, -2.9809683813110954, -7.212903067427279e-05
8.570821992718752, -2.990920539955182, -7.212914527426895e-05
8.57111682830351, -3.000872684324389, -7.212926003430375e-05
8.571412174822337, -3.010824814393305, -7.212937495404415e-05
8.571708032249486, -3.0207769301365244, -7.212949003354563e-05
8.572004400559189, -3.030729031528646, -7.212960527258616e-05
8.572301279725684, -3.0406811185442715, -7.212972067133228e-05
8.572598669723222, -3.050633191158008, -7.212983622972846e-05
8.572896570526039, -3.0605852493444603, -7.212995194783023e-05
8.573194982108369, -3.070537293078245, -7.213006782558207e-05
8.57349390444447, -3.080489322333978, -7.213018386281744e-05
8.573793337508596, -3.0904413370862795, -7.213030005964738e-05
8.57409328127498, -3.1003933373097734, -7.213041641590534e-05
8.574393735717877, -3.1103453229790903, -7.213053293170235e-05
8.574694700811552, -3.1202972940688594, -7.213064960692739e-05
8.574996176530242, -3.1302492505537165, -7.213076644163596e-05
8.57529816284821, -3.1402011924083033, -7.213088343560603e-05
8.5756006597397, -3.1501531196072614, -7.213100058900412e-05
8.575903667178975, -3.1601050321252386, -7.213111790183024e-05
8.576207185140289, -3.1700569299368873, -7.213123537375132e-05
8.576511213597911, -3.18000881301686, -7.213135300515594e-05
8.576815752526093, -3.1899606813398163, -7.213147079565552e-05
8.577120801899099, -3.1999125348804207, -7.21315887454721e-05
8.5774263616912, -3.209864373613335, -7.213170685443915e-05
8.577732431876658, -3.219816197513233, -7.213182512261218e-05
8.57803901242973, -3.2297680065547874, -7.213194355010222e-05
8.578346103324696, -3.239719800712675, -7.213206213657619e-05
8.578653704535817, -3.249671579961577, -7.21321808820341e-05
8.57896181603736, -3.2596233442761804, -7.213229978658697e-05
8.579270437803613, -3.269575093631174, -7.21324188502348e-05
8.579579569808834, -3.2795268280012486, -7.213253807286657e-05
8.579889212027307, -3.2894785473611052, -7.213265745431574e-05
8.580199364433307, -3.299430251685438, -7.213277699491538e-05
8.5805100270011, -3.309381940948953, -7.213289669438794e-05
8.580821199704978, -3.319333615126361, -7.213301655273341e-05
8.581132882519215, -3.3292852741923706, -7.213313656989628e-05
8.581445075418099, -3.339236918121701, -7.213325674576554e-05
8.581757778375906, -3.3491885468890676, -7.213337708061873e-05
8.582070991366926, -3.3591401604691944, -7.213349757423382e-05
8.582384714365435, -3.36909175883681, -7.21336182266108e-05
8.582698947345735, -3.379043341966642, -7.213373903769416e-05
8.583013690282105, -3.3889949098334284, -7.213386000742839e-05
8.583328943148837, -3.3989464624119057, -7.213398113581349e-05
8.58364470592022, -3.408897999676816, -7.213410242284946e-05
8.583960978570547, -3.4188495216029064, -7.213422386859181e-05
8.584277761074116, -3.4288010281649233, -7.213434547276298e-05
8.58459505340522, -3.4387525193376227, -7.213446723547401e-05
8.584912855538159, -3.4487039950957614, -7.213458915678039e-05
8.585231167447233, -3.4586554554141, -7.213471123657111e-05
8.585549989106728, -3.468606900267402, -7.213483347479066e-05
8.585869320490964, -3.4785583296304394, -7.213495587143903e-05
8.586189161574223, -3.488509743477981, -7.213507842662725e-05
8.58650951233083, -3.498461141784804, -7.213520114013328e-05
8.586830372735081, -3.508412524525687, -7.213532401212364e-05
8.587151742761279, -3.518363891675416, -7.213544704209873e-05
8.587473622383735, -3.5283152432087763, -7.213557023061368e-05
8.587796011576755, -3.5382665791005605, -7.213569357727989e-05
8.588118910314655, -3.5482178993255635, -7.21358170822084e-05
8.588442318571744, -3.558169203858583, -7.21359407453992e-05
8.588766236322344, -3.5681204926744208, -7.213606456668575e-05
8.58909066354076, -3.578071765747885, -7.213618854629011e-05
8.589415600201319, -3.5880230230537857, -7.213631268387921e-05
8.58974104627832, -3.597974264566935, -7.213643697950856e-05
8.590067001746105, -3.6079254902621494, -7.213656143340019e-05
8.59039346657899, -3.617876700114254, -7.213668604516554e-05
8.590720440751287, -3.627827894098071, -7.213681081497114e-05
8.591047924237326, -3.6377790721884313, -7.213693574298352e-05
8.59137591701143, -3.647730234360165, -7.213706082864757e-05
8.591704419047923, -3.657681380588109, -7.213718607229636e-05
8.592033430321141, -3.6676325108471053, -7.213731147392988e-05
8.592362950805398, -3.6775836251119967, -7.213743703349262e-05
8.592692980475046, -3.6875347233576328, -7.213756275081806e-05
8.5930235193044, -3.6974858055588613, -7.21376886259062e-05
8.593354567267804, -3.70743687169054, -7.213781465886804e-05
8.593686124339593, -3.717387921727527, -7.213794084953706e-05
8.594018190494099, -3.7273389556446834, -7.213806719796878e-05
8.594350765705657, -3.737289973416879, -7.213819370399666e-05
8.594683849948607, -3.7472409750189826, -7.213832036789825e-05
8.595017443197294, -3.757191960425868, -7.213844718934048e-05
8.595351545426059, -3.767142929612412, -7.213857416837888e-05
8.595686156609247, -3.7770938825534977, -7.213870130501343e-05
8.596021276721192, -3.7870448192240103, -7.213882859918863e-05
8.596356905736256, -3.7969957395988376, -7.213895605107101e-05
8.59669304362878, -3.8069466436528745, -7.213908366016097e-05
8.59702969037311, -3.8168975313610147, -7.21392114269026e-05
8.597611397974937, -3.826881696993912, -7.229805604386241e-05
8.598533086813942, -3.836913859371252, -7.345595137742134e-05
8.599462776571974, -3.846964865197386, -7.443310236726619e-05
8.600252937346514, -3.8570044436488895, -7.058330948644942e-05
8.600861213439389, -3.867021933963213, -7.215521814291082e-05
8.601369668721146, -3.87704871955266, -7.487672150280344e-05
8.601791957638959, -3.887085281459928, -7.17809626618604e-05
8.602109814440876, -3.8971193622827385, -7.295920631250619e-05
8.602328621829152, -3.9071536652645684, -7.546267005936746e-05
8.602459994227939, -3.917195444253475, -7.21120209413173e-05
8.602486181083842, -3.9272325089280438, -7.308387869442434e-05
8.602412670393695, -3.937267584651088, -7.541841503821978e-05
8.602251032812445, -3.9473081950015945, -7.192091989416394e-05
8.60198398488942, -3.9573415481411005, -7.278070829647154e-05
8.601617054266914, -3.9673704504794145, -7.502878506115973e-05
8.601161686454722, -3.9774027119611683, -7.145267132308009e-05
8.600600996495126, -3.987424951429, -7.225846623587495e-05
8.599940480449698, -3.9974400627030677, -7.446985266623685e-05
8.599191418563285, -4.0074561641377136, -7.085555422831069e-05
8.598337332386603, -4.017459344457389, -7.164132168085979e-05
8.597383674524421, -4.027452624286003, -7.384458753662004e-05
8.596341515859631, -4.037444433107648, -7.021539969037649e-05
8.595194774218562, -4.047420352346317, -7.100048670094505e-05
8.593948841703451, -4.057383540801529, -7.32120227636135e-05
8.592614577988398, -4.067342765013133, -6.958097798076546e-05
8.59117630854053, -4.07728312234776, -7.037615024446664e-05
8.58963935039869, -4.08720790776342, -7.260487047622277e-05
8.588014328076728, -4.097126212559466, -6.897951590389972e-05
8.586285980135424, -4.107022672108496, -6.979074605134583e-05
8.584459540519253, -4.1169007212920965, -7.204153664486235e-05
8.58254538451856, -4.1267697704477255, -6.842598738099337e-05
8.580528676623812, -4.1366140114969205, -6.925653681466581e-05
8.578414527882181, -4.14643711243083, -7.161146833012388e-05
8.576213214709526, -4.156248214462013, -6.813975047331722e-05
8.573910349364406, -4.166031132573605, -6.916994961381207e-05
8.571511101365854, -4.175789229188373, -7.163573901391995e-05
8.569025267230739, -4.18553263645166, -6.823437373099095e-05
8.566438920984153, -4.195244719484823, -6.930039434277502e-05
8.563757066536706, -4.204929263611928, -7.17958687346254e-05
8.560989201912388, -4.214596610889742, -6.84983375774384e-05
8.558122042712451, -4.224229284528541, -6.975939534881181e-05
8.555160679530845, -4.2338308267120155, -7.242901447834793e-05
8.552114262141691, -4.243412042994843, -6.923275214182345e-05
8.548969847769785, -4.252955523782345, -7.05064563403246e-05
8.545732255133215, -4.262465279089416, -7.318983161336279e-05
8.542410321685832, -4.271952318003663, -7.000687146435647e-05
8.538991610153973, -4.2813988671786465, -7.129291325930209e-05
8.535480820731067, -4.29080906612784, -7.398851650097793e-05
8.531886455971964, -4.300194177649523, -7.081700075262098e-05
8.52819659157151, -4.309536082983564, -7.211333184509172e-05
8.524415803827766, -4.318839046333162, -7.481901516004363e-05
8.520552251803863, -4.328114570304085, -7.165679269405256e-05
8.516594533728329, -4.337344206528491, -7.29610605297859e-05
8.51254709866692, -4.346532342654949, -7.567446108991405e-05
8.508417760075547, -4.355690712413639, -7.251927909923683e-05
8.504195647480392, -4.364800552303559, -7.382905562441922e-05
8.49988507767363, -4.373866368592544, -7.654753335417652e-05
8.495493484967822, -4.382900094818438, -7.339807019862699e-05
8.491010405816198, -4.391882596692265, -7.471272495362946e-05
8.486439962494702, -4.4008184728296325, -7.743653929659366e-05
8.481789253694874, -4.409719883700561, -7.428807930243142e-05
8.477048496409328, -4.418567471351949, -7.560262923900218e-05
8.47222173824864, -4.427365971422655, -7.832708018051804e-05
8.467219184571949, -4.436255986871736, -0.0001622311474648308
8.462439274322803, -4.444663919349345, -0.00017447563047212622
8.457568087697306, -4.453172681668613, -0.00016978781273790933
8.452551536263307, -4.46163949897006, -0.00017084266660283287
8.447437058976979, -4.4700622448390614, -0.0001708242671885074
8.442238533722433, -4.4784353109189805, -0.00017135968231613008
8.436959152450365, -4.486758319596432, -0.00017002027973789247
8.43159403939773, -4.495021280750757, -0.00017180734911742546
8.426147329188943, -4.503230485622864, -0.00017295583348675425
8.420627848590811, -4.511395545608831, -0.00017159031212549136
8.415024175495363, -4.519498643728091, -0.00017339171393460084
8.409340154213037, -4.527545433096727, -0.0001745538649598477
8.403584348071679, -4.535545846313383, -0.0001731946107372817
8.397745897530024, -4.543481774703242, -0.00017499738916343377
8.391828497226784, -4.551358972001087, -0.00017615972424578352
8.385840459345092, -4.5591876078012765, -0.0001747965469609536
8.379771492504544, -4.566949279455631, -0.00017659009216852706
8.373625122469354, -4.574649840772947, -0.0001777442522452044
8.36740937973362, -4.5822996972134336, -0.00017636698137596385
8.361114535098977, -4.589880167076363, -0.0001781414628689304
8.354743943559228, -4.59739719521056, -0.00017927808120810074
8.348305354625523, -4.604861405357379, -0.00017787703940796984
8.341789613425327, -4.612253838986115, -0.0001796236983266919
8.335199898139185, -4.619580532107115, -0.00018073519757888512
8.328543650436787, -4.626852325397294, -0.00017930230230306377
8.321812290965392, -4.634050004071945, -0.00018101299717693253
8.315008818689964, -4.641179693253963, -0.0001820920910592383
8.30814035440225, -4.6482524362557305, -0.0001806196914099778
8.301198900902369, -4.655248776769089, -0.00018228726827967945
8.294187275182109, -4.66217492804361, -0.00018332737042231484
8.287112265770476, -4.6690421249602165, -0.00018180853302474098
8.279966468370937, -4.6758306837957555, -0.0001834264720975698
8.272752519232826, -4.682546904407254, -0.00018442183766431697
8.265476858630413, -4.689202201901932, -0.0001828506420857301
8.258132681610187, -4.695776683906175, -0.00018441331650947967
8.250722441730945, -4.702276737158619, -0.00018535874415170905
8.243252224843944, -4.708713942989185, -0.00018372980105246794
8.235715838410476, -4.715068214127378, -0.00018523241459056372
8.228115554652623, -4.7213460218164425, -0.00018612352688085476
8.22045709344779, -4.727559100855926, -0.00018443272531631916
8.212734876923857, -4.733687189449121, -0.0001858715022791113
8.204950993889273, -4.739736845585876, -0.00018670461530201354
8.19711079243305, -4.745719945108756, -0.00018494836433718964
8.189209320903403, -4.751616068700796, -0.0001863204503031457
8.181248483698116, -4.7574318599192535, -0.00018709288832591264
8.173233252123493, -4.763179320963645, -0.0001852685511276042
8.16515931090513, -4.768837891025449, -0.00018657203045036042
8.157028378956005, -4.77441429784017, -0.00018728200020362573
8.148845039899026, -4.779920658447224, -0.00018538842181542448
8.14060561757901, -4.785336292855879, -0.00018662238672728648
8.132311642025082, -4.7906680130724535, -0.00018726877105879058
8.123967306613817, -4.795928036191645, -0.0001853054541068322
8.11556958236839, -4.801095580340571, -0.0001864700914327444
8.107119807818549, -4.806177539978441, -0.00018705280633990462
8.098621782435021, -4.811186218938795, -0.00018502033435369158
8.090073126490346, -4.816100753706283, -0.00018611685819974744
8.081474984986938, -4.820928119631722, -0.00018663695091580834
8.072830760836537, -4.825680692975014, -0.0001845367794855446
8.064138732264551, -4.83033754373851, -0.00018556720170015417
8.05539984807922, -4.834905721740392, -0.00018602660656458214
8.046617111412496, -4.839397663302126, -0.0001838614700977459
8.037789455962717, -4.84379239903955, -0.00018482936609542922
8.028919086687672, -4.848106309057322, -0.00018458923752606715
8.02000582043266, -4.852338947069233, -0.00018302119235352743
8.011051671701063, -4.8564721830689415, -0.00018561025818147892
8.002054935737547, -4.860524026893993, -0.00018429633581490412
7.99301989023063, -4.8644917507524905, -0.0001832677613827216
7.983944827613021, -4.868367536948109, -0.00018163536545878767
7.974641535460724, -4.871665668742331, -0.00018037517213892462
7.965388930973065, -4.8749149522282265, -0.00017682574154553876
7.956270873194854, -4.8785718693934, -0.00018147317240102545
7.947118250040411, -4.8822062379341125, -0.00017816980133811278
7.937898195939906, -4.885694553702495, -0.0001809242143273604
7.9286318163210625, -4.889093825702939, -0.0001778642802841568
7.919332172869655, -4.892391542109462, -0.00017898846145736336
7.910002478775097, -4.895604436823009, -0.00017877859037285226
7.900642091521392, -4.8987356273119795, -0.00017723420589865757
7.891252181929858, -4.901767578733841, -0.00017864860641342295
7.8818335734916865, -4.9047195095510405, -0.0001779091014157408
7.872385912863297, -4.907577701958279, -0.00017607913601858094
7.8629127166514055, -4.9103351837201075, -0.00017745594243240292
7.853411116156647, -4.913014778583939, -0.00017517747029455188
7.843886037416197, -4.915585116533916, -0.000176543352223002
7.8343342187008895, -4.918076335977478, -0.00017424057664061632
7.824760978904059, -4.920457569736506, -0.0001755738246964622
7.815162415826813, -4.922758912882336, -0.00017325028409548304
7.805544555509409, -4.924949648612787, -0.0001745601806517616
7.795904620558249, -4.927055086209731, -0.00017502952408393613
7.7862425942529505, -4.929068519825757, -0.00017284429594804918
7.776563070550792, -4.93097751081335, -0.0001730052898480383
7.766863990904815, -4.9327975790319725, -0.00017250329575180245
7.757082555954377, -4.933980528214873, -0.0001706466026121234
7.747362838920483, -4.93494514103356, -0.0001633580535430057
7.7377052116138945, -4.9359536417991015, -0.00016288930799679413
7.728061310549978, -4.93688666962021, -0.0001627279359617262
7.718367854669333, -4.938100990736902, -0.00016328742452925704
7.708661668765464, -4.939616278121446, -0.00016437377666211894
7.698935426538398, -4.941113338181138, -0.00016466884638971502
7.689193579317021, -4.942538620147081, -0.00016503313686716536
7.679439320485787, -4.94388369698865, -0.00016532082456716113
7.669670160322365, -4.945138655378206, -0.0001643256641193913
7.659874312969531, -4.946233360195728, -0.00016684536120531446
7.650062513181053, -4.946721574021672, -0.0001645137086076498
7.640273065860212, -4.947183765670653, -0.0001614516656995857
7.630464561582805, -4.947602137640181, -0.00016218709252968644
7.620683930538913, -4.947939524166483, -0.00015989474947447624
7.6108866077989745, -4.948698760254731, -0.00016213996394576213
7.601075525788584, -4.9494511586965055, -0.00016218103726178823
7.5912544652940905, -4.950128789368407, -0.00016241401202304884
7.581414956975814, -4.950693594644582, -0.00016272327415656207
7.571592205994703, -4.950597442707771, -0.00016179126809146016
7.561838927175706, -4.950285155285995, -0.00015612075906623613
7.552137051152326, -4.950020656764591, -0.00015815596065660298
7.542452250823169, -4.94972223302192, -0.00015765516468702057
7.532750313448114, -4.949451692392097, -0.0001570544706556154
7.523055043634344, -4.949147568912158, -0.0001565908076693323
7.513347403744472, -4.948862355147935, -0.00015545027191554706
7.503651583027576, -4.948546043250217, -0.0001561444266444112
7.493953213972531, -4.948292353984549, -0.00015672611374556444
7.484259567859035, -4.948035074980706, -0.0001567024991984689
7.474565821535635, -4.9477686519571, -0.00015664730450370978
7.464872122685886, -4.947493747593335, -0.00015661877892514386
7.455178579048495, -4.947211398294607, -0.00015660188248850515
7.445485202792292, -4.946922551030412, -0.0001565931373035956
7.435791998900436, -4.946628037609463, -0.00015659016187963282
7.4260989657835035, -4.946328584586007, -0.00015659110031246426
7.4164060970617625, -4.946024826108327, -0.0001565946049714162
7.406713383436397, -4.945717315580035, -0.00015659970418513414
7.397020813961512, -4.945406535896748, -0.0001566057044505853
7.387328376933416, -4.945092908403155, -0.00015661211813278175
7.377636060503991, -4.944776800722458, -0.00015661860909127467
7.367943853091626, -4.944458533596121, -0.00015662495195750692
7.358251743645532, -4.9441383868567375, -0.00015663100173574085
7.348559721804733, -4.9438166046424215, -0.00015663667117987723
7.338867777982442, -4.943493399948045, -0.00015664191401953964
7.329175903398347, -4.943168958597101, -0.0001566467125837523
7.3194840900754015, -4.942843442707564, -0.0001566510687155409
7.309792330813155, -4.942516993715975, -0.00015665499714873077
7.3001006191463285, -4.942189735015916, -0.00015665852071994335
7.290408949294893, -4.941861774259947, -0.0001566616669464449
7.280717316110006, -4.94153320536792, -0.00015666446560957947
7.271025715018899, -4.941204110279055, -0.00015666694708510454
7.261334141970673, -4.940874560480476, -0.00015666914121553743
7.251642593384427, -4.940544618340695, -0.00015667107657757473
7.241951066100491, -4.940214338272983, -0.00015667278003811402
7.232259557335175, -4.939883767750286, -0.0001566742765056195
7.222568064639298, -4.939552948190631, -0.00015667558883136756
7.2128765858604265, -4.939221915729593, -0.00015667673780250801
7.203185119108781, -4.938890701894161, -0.00015667774220207153
7.193493662726565, -4.938559334190678, -0.00015667861890922286
7.183802215260543, -4.938227836617737, -0.00015667938302466045
7.174110775437615, -4.937896230113638, -0.00015668004800828417
7.164419342143072, -4.937564532946788, -0.00015668062581902786
7.154727914401351, -4.937232761056274, -0.00015668112705524706
7.145036491359013, -4.936900928348993, -0.0001566815610887229
7.135345072269725, -4.936569046958885, -0.00015668193619089443
7.125653656481003, -4.93623712747308, -0.00015668225965037585
7.11596224342257, -4.935905179129218, -0.00015668253788170272
7.1062708325961115, -4.935573209987585, -0.00015668277652214346
7.096579423566275, -4.935241227081287, -0.00015668298052168295
7.0868880159527805, -4.934909236547261, -0.00015668315422362467
7.077196609423512, -4.934577243740628, -0.00015668330143492337
7.067505203688441, -4.934245253334374, -0.0001566834254915217
7.057813798494329, -4.933913269406383, -0.00015668352931319518
7.04812239362007, -4.933581295515339, -0.00015668361545623233
7.038430988872644, -4.933249334766946, -0.0001566836861570109
7.028739584083545, -4.932917389871721, -0.00015668374337041158
7.019048179105686, -4.932585463195395, -0.00015668378880584477
7.009356773810676, -4.93225355680289, -0.0001566838239573931
6.999665368086445, -4.931921672496684, -0.00015668385013051234
6.989973961835179, -4.931589811850294, -0.00015668386846529048
6.9802825549715, -4.9312579762374815, -0.00015668387995776412
6.97059114742089, -4.9309261668577316, -0.00015668388547801504
6.960899739118311, -4.9305943847584786, -0.00015668388578515824
6.951208330006993, -4.930262630854495, -0.00015668388154244095
6.9415169200373805, -4.929930905944831, -0.00015668387332878897
6.931825509166223, -4.929599210727562, -0.00015668386164929826
6.92213409735576, -4.929267545812668, -0.00015668384694517146
6.912442684573035, -4.9289359117332765, -0.00015668382960132288
6.902751270789271, -4.928604308955466, -0.0001566838099532064
6.893059855979348, -4.928272737886808, -0.00015668378829442053
6.8833684401213215, -4.927941198883838, -0.0001566837648806496
6.873677023196043, -4.927609692258565, -0.00015668373993510398
6.863985605186781, -4.9272782182841555, -0.00015668371365257228
6.8542941860789215, -4.9269467771998805, -0.00015668368620297413
6.844602765859694, -4.92661536921544, -0.00015668365773424675
6.834911344517943, -4.926283994514733, -0.00015668362837628624
6.825219922043917, -4.925952653259161, -0.00015668359824166922
6.815528498429097, -4.925621345590489, -0.0001566835674290945
6.805837073666025, -4.925290071633345, -0.00015668353602388274
6.796145647748182, -4.924958831497409, -0.00015668350410186216
6.786454220669861, -4.924627625279333, -0.00015668347172764774
6.776762792426068, -4.924296453064389, -0.00015668343895886006
6.767071363012425, -4.923965314927922, -0.00015668340584490403
6.757379932425102, -4.923634210936616, -0.000156683372429689
6.747688500660728, -4.92330314114961, -0.00015668333875018536
6.7379970677163605, -4.922972105619446, -0.00015668330484031046
6.728305633589403, -4.922641104392914, -0.00015668327072831945
6.718614198277577, -4.922310137511798, -0.0001566832364398585
6.7089227617788785, -4.921979205013496, -0.00015668320199635488
6.69923132409154, -4.921648306931602, -0.00015668316741723753
6.689539885214006, -4.92131744329636, -0.00015668313271954837
6.679848445144893, -4.920986614135127, -0.00015668309791688761
6.670157003882987, -4.9206558194727155, -0.00015668306302313306
6.660465561427205, -4.920325059331731, -0.00015668302804844325
6.650774117776588, -4.919994333732853, -0.00015668299300308774
6.641082672930285, -4.9196636426950615, -0.00015668295789500464
6.631391226887525, -4.9193329862358945, -0.00015668292273174345
6.621699779647629, -4.919002364371593, -0.0001566828875199655
6.612008331209985, -4.9186717771172805, -0.0001566828522650554
6.602316881574043, -4.918341224487117, -0.00015668281697189812
6.592625430739301, -4.918010706494398, -0.00015668278164460148
6.582933978705302, -4.917680223151696, -0.0001566827462872733
6.573242525471643, -4.917349774470919, -0.00015668271090324426
6.563551071037939, -4.917019360463426, -0.00015668267549451276
6.553859615403847, -4.916688981140075, -0.00015668264006424293
6.54416815856905, -4.916358636511301, -0.0001566826046145997
6.534476700533249, -4.916028326587157, -0.00015668256914702638
6.5247852412961675, -4.915698051377378, -0.00015668253366357687
6.51509378085755, -4.9153678108914125, -0.00015668249816574997
6.505402319217158, -4.915037605138464, -0.00015668246265421182
6.495710856374758, -4.914707434127514, -0.00015668242713079428
6.486019392330133, -4.91437729786736, -0.00015668239159533082
6.4763279270830845, -4.914047196366634, -0.00015668235605048597
6.466636460633409, -4.913717129633823, -0.000156682320495094
6.456944992980919, -4.913387097677299, -0.0001566822849305427
6.447253524125433, -4.913057100505315, -0.00015668224935794228
6.437562054066773, -4.912727138126033, -0.00015668221377673763
6.427870582804773, -4.912397210547538, -0.00015668217818798347
6.418179110339258, -4.912067317777834, -0.00015668214259184632
6.408487636670071, -4.9117374598248755, -0.0001566821069889368
6.398796161797052, -4.911407636696544, -0.0001566820713790884
6.389104685720048, -4.911077848400696, -0.00015668203576307826
6.379413208438903, -4.910748094945135, -0.0001566820001404623
6.369721729953467, -4.910418376337626, -0.0001566819645117956
6.3600302502635895, -4.910088692585913, -0.0001566819288774668
6.350338769369125, -4.909759043697709, -0.00015668189323697623
6.340647287269928, -4.909429429680702, -0.0001566818575911011
6.3309558039658596, -4.909099850542565, -0.00015668182193967484
6.321264319456767, -4.908770306290951, -0.00015668178628258644
6.311572833742513, -4.908440796933501, -0.0001566817506202245
6.301881346822959, -4.908111322477838, -0.00015668171495258898
6.292189858697958, -4.907781882931576, -0.0001566816792796799
6.282498369367376, -4.907452478302327, -0.0001566816436016083
6.272806878831072, -4.907123108597685, -0.00015668160791831864
6.263115387088908, -4.906793773825241, -0.000156681572230144
6.25342389414075, -4.9064644739925845, -0.0001566815365365848
6.243732399986454, -4.9061352091072985, -0.00015668150083808507
6.2340409046258864, -4.905805979176957, -0.0001566814651347559
6.22434940805891, -4.905476784209135, -0.0001566814294263752
6.214657910285389, -4.905147624211408, -0.00015668139371272094
6.204966411305186, -4.904818499191343, -0.00015668135799451477
6.195274911118166, -4.904489409156506, -0.00015668132227120157
6.185583409724192, -4.904160354114473, -0.00015668128654311442
6.175891907123128, -4.903831334072801, -0.00015668125081003126
6.166200403314841, -4.90350234903906, -0.00015668121507222965
6.156508898299195, -4.903173399020819, -0.0001566811793292655
6.146817392076053, -4.902844484025639, -0.0001566811435814719
6.1371258846452825, -4.902515604061085, -0.00015668110782895983
6.127434376006747, -4.902186759134729, -0.00015668107207134074
6.117742866160307, -4.901857949254137, -0.00015668103630928076
6.108051355105837, -4.901529174426875, -0.00015668100054194722
6.098359842843196, -4.90120043466051, -0.00015668096477011728
6.088668329372249, -4.900871729962615, -0.0001566809289931248
6.078976814692864, -4.90054306034076, -0.00015668089321146939
6.069285298804908, -4.900214425802514, -0.0001566808574249845
6.059593781708239, -4.899885826355452, -0.0001566808216335036
6.04990226340273, -4.899557262007147, -0.00015668078583719325
6.040210743888241, -4.899228732765175, -0.00015668075003577586
6.030519223164646, -4.898900238637112, -0.0001566807142305282
6.0208277012318066, -4.898571779630532, -0.00015668067841995148
6.011136178089584, -4.898243355753023, -0.00015668064260437875
6.001444653737848, -4.897914967012161, -0.00015668060678397655
5.99175312817646, -4.897586613415524, -0.00015668057095891141
5.982061601405294, -4.8972582949707, -0.00015668053512907232
5.972370073424211, -4.896930011685274, -0.0001566804992941262
5.962678544233075, -4.896601763566832, -0.00015668046345440612
5.952987013831759, -4.896273550622959, -0.00015668042761030065
5.943295482220126, -4.895945372861253, -0.00015668039176097714
5.9336039493980355, -4.895617230289297, -0.00015668035590671314
5.923912415365358, -4.8952891229146855, -0.0001566803200477862
5.914220880121965, -4.8949610507450165, -0.00015668028418441837
5.904529343667717, -4.894633013787881, -0.0001566802483158325
5.894837806002478, -4.894305012050879, -0.00015668021244247265
5.885146267126117, -4.893977045541607, -0.0001566801765640613
5.875454727038504, -4.89364911426767, -0.00015668014068126457
5.865763185739498, -4.893321218236664, -0.00015668010479363836
5.856071643228967, -4.892993357456197, -0.00015668006890107167
5.846380099506781, -4.892665531933876, -0.00015668003300378652
5.8366885545728024, -4.892337741677306, -0.00015667999710139435
5.8269970084269, -4.892009986694092, -0.00015667996119445027
5.817305461068939, -4.891682266991849, -0.00015667992528251018
5.807613912498787, -4.891354582578187, -0.0001566798893661292
5.797922362716311, -4.891026933460721, -0.00015667985344447466
5.788230811721372, -4.890699319647066, -0.0001566798175182127
5.778539259513841, -4.8903717411448335, -0.00015667978158712126
5.768847706093585, -4.890044197961652, -0.00015667974565136689
5.759156151460469, -4.889716690105131, -0.00015667970971067202
5.749464595614363, -4.889389217582897, -0.00015667967376531422
5.7397730385551275, -4.889061780402575, -0.00015667963781473837
5.730081480282632, -4.888734378571785, -0.0001566796018600547
5.720389920796743, -4.888407012098159, -0.0001566795658997644
5.710698360097328, -4.888079680989319, -0.0001566795299350887
5.701006798184252, -4.887752385252899, -0.00015667949396552805
5.691315235057384, -4.887425124896528, -0.00015667945799135996
5.681623670716589, -4.887097899927838, -0.0001566794220118628
5.671932105161734, -4.8867707103544715, -0.00015667938602803577
5.6622405383926875, -4.886443556184056, -0.00015667935003926825
5.652548970409312, -4.8861164374242305, -0.00015667931404567126
5.642857401211482, -4.885789354082636, -0.00015667927804741133
5.633165830799056, -4.885462306166917, -0.00015667924204404438
5.623474259171907, -4.885135293684711, -0.0001566792060361255
5.613782686329902, -4.884808316643663, -0.00015667917002332166
5.604091112272903, -4.884481375051422, -0.00015667913400607691
5.594399537000778, -4.884154468915635, -0.00015667909798311452
5.584707960513395, -4.883827598243948, -0.0001566790619560443
5.575016382810624, -4.883500763044016, -0.00015667902592392258
5.565324803892326, -4.883173963323492, -0.00015667898988724893
5.555633223758376, -4.882847199090027, -0.00015667895384535724
5.545941642408631, -4.882520470351275, -0.00015667891779896914
5.536250059842969, -4.882193777114898, -0.0001566788817478626
5.526558476061247, -4.881867119388558, -0.00015667884569170454
5.516866891063339, -4.881540497179907, -0.000156678809630717
5.507175304849114, -4.881213910496611, -0.0001566787735652886
5.497483717418436, -4.880887359346337, -0.00015667873749491967
5.487792128771171, -4.880560843736747, -0.00015667870141944373
5.478100538907188, -4.880234363675509, -0.0001566786653390828
5.4684089478263544, -4.879907919170295, -0.00015667862925455855
5.4587173555285355, -4.879581510228773, -0.00015667859316492727
5.449025762013598, -4.8792551368586174, -0.00015667855707024447
5.439334167281413, -4.878928799067496, -0.00015667852097128732
5.429642571331847, -4.878602496863094, -0.0001566784848670566
5.419950974164764, -4.878276230253076, -0.00015667844875805192
5.410259375780036, -4.877949999245133, -0.00015667841264466187
5.400567776177531, -4.877623803846938, -0.00015667837652594274
5.390876175357112, -4.877297644066176, -0.0001566783404026162
5.381184573318647, -4.876971519910533, -0.00015667830427473772
5.3714929700620075, -4.876645431387691, -0.0001566782681416412
5.36180136558706, -4.876319378505337, -0.0001566782320040483
5.352109759893671, -4.87599336127116, -0.0001566781958615704
5.3424181529817085, -4.875667379692847, -0.00015667815971437404
5.332726544851041, -4.875341433778097, -0.00015667812356212618
5.323034935501537, -4.875015523534601, -0.00015667808740510436
5.313343324933065, -4.87468964897005, -0.00015667805124364165
5.303651713145485, -4.874363810092147, -0.00015667801507712742
5.293960100138673, -4.874038006908586, -0.00015667797890589474
5.2842684859124915, -4.873712239427073, -0.00015667794272966606
5.274576870466813, -4.8733865076553045, -0.00015667790654888547
5.264885253801507, -4.873060811600984, -0.0001566778703632754
5.255193635916438, -4.872735151271822, -0.00015667783417289138
5.245502016811473, -4.872409526675517, -0.0001566777979776779
5.235810396486487, -4.8720839378197836, -0.00015667776177763493
5.226118774941332, -4.871758384712329, -0.000156677725572818
5.216427152175891, -4.871432867360868, -0.00015667768936300508
5.206735528190027, -4.871107385773114, -0.00015667765314864024
5.1970439029836095, -4.870781939956774, -0.0001566776169293349
5.187352276556509, -4.870456529919573, -0.00015667758070558868
5.177660648908588, -4.870131155669227, -0.0001566775444766244
5.167969020039715, -4.8698058172134555, -0.0001566775082429417
5.158277389949763, -4.869480514559983, -0.00015667747200459603
5.148585758638596, -4.86915524771653, -0.0001566774357613654
5.138894126106085, -4.868830016690823, -0.0001566773995133608
5.129202492352098, -4.868504821490587, -0.00015667736326063775
5.1195108573765005, -4.8681796621235485, -0.00015667732700302972
5.109819221179163, -4.86785453859744, -0.00015667729074070325
5.100127583759957, -4.867529450919995, -0.0001566772544734918
5.09043594511875, -4.867204399098942, -0.0001566772182016174
5.080744305255406, -4.8668793831420185, -0.0001566771819246915
5.071052664169798, -4.866554403056957, -0.0001566771456434357
5.061361021861786, -4.866229458851506, -0.00015667710935690637
5.051669378331248, -4.865904550533397, -0.00015667707306582512
5.04197773357805, -4.865579678110371, -0.0001566770367699144
5.032286087602059, -4.865254841590177, -0.0001566770004690632
5.022594440403147, -4.864930040980556, -0.0001566769641638266
5.012902791981181, -4.864605276289251, -0.00015667692785342746
5.003211142336026, -4.864280547524015, -0.00015667689153853193
4.993519491467555, -4.863955854692599, -0.0001566768552186959
4.983827839375634, -4.863631197802749, -0.00015667681889375284
4.974136186060136, -4.863306576862226, -0.00015667678256459094
4.964444531520931, -4.862981991878778, -0.00015667674623054406
4.9547528757578805, -4.862657442860157, -0.00015667670989133464
4.9450612187708565, -4.862332929814134, -0.00015667667354740678
4.935369560559731, -4.86200845274846, -0.00015667663719881597
4.925677901124372, -4.8616840116709, -0.00015667660084572876
4.915986240464644, -4.861359606589214, -0.00015667656448747902
4.906294578580421, -4.861035237511167, -0.00015667652812456634
4.896602915471568, -4.860710904444527, -0.00015667649175671317
4.886911251137954, -4.86038660739706, -0.00015667645538430808
4.877219585579454, -4.860062346376542, -0.000156676419007018
4.867527918795933, -4.859738121390739, -0.00015667638262495398
4.857836250787258, -4.859413932447425, -0.00015667634623794946
4.848144581553305, -4.859089779554375, -0.00015667630984644854
4.838452911093937, -4.85876566271936, -0.00015667627345000712
4.828761239409026, -4.8584415819501645, -0.00015667623704868072
4.819069566498439, -4.85811753725457, -0.00015667620064307997
4.809377892362052, -4.857793528640352, -0.00015667616423209463
4.799686216999724, -4.857469556115295, -0.0001566761278166129
4.789994540411332, -4.857145619687187, -0.00015667609139602412
4.78030286259674, -4.856821719363807, -0.00015667605497104997
4.770611183555822, -4.85649785515295, -0.00015667601854130186
4.760919503288445, -4.856174027062403, -0.00015667598210639122
4.7512278217944806, -4.855850235099958, -0.00015667594566726173
4.741536139073795, -4.855526479273409, -0.00015667590922308072
4.731844455126257, -4.855202759590548, -0.0001566758727737927
4.722152769951743, -4.854879076059173, -0.00015667583631995274
4.712461083550116, -4.854555428687086, -0.00015667579986150537
4.7027693959212495, -4.8542318174820815, -0.00015667576339783995
4.693077707065012, -4.853908242451955, -0.00015667572692984466
4.683386016981273, -4.853584703604518, -0.00015667569045690888
4.673694325669901, -4.853261200947576, -0.00015667565397931016
4.664002633130768, -4.852937734488931, -0.00015667561749693748
4.654310939363743, -4.852614304236392, -0.00015667558100923573
4.644619244368693, -4.852290910197768, -0.00015667554451753718
4.634927548145492, -4.8519675523808745, -0.0001566755080207871
4.625235850694006, -4.8516442307935215, -0.00015667547151920758
4.615544152014109, -4.851320945443522, -0.00015667543501274306
4.60585245210567, -4.850997696338701, -0.00015667539850183765
4.596160750968556, -4.850674483486867, -0.0001566753619857142
4.58646904860264, -4.85035130689584, -0.00015667532546509433
4.576777345007795, -4.850028166573444, -0.000156675288939645
4.5670856401838815, -4.849705062527502, -0.00015667525240897762
4.5573939341307765, -4.849381994765842, -0.00015667521587436894
4.547702226848349, -4.849058963296282, -0.00015667517933459774
4.53801051833647, -4.848735968126663, -0.00015667514279005257
4.5283188085950075, -4.8484130092648, -0.00015667510624067793
4.518627097623833, -4.8480900867185355, -0.00015667506968669587
4.508935385422816, -4.847767200495697, -0.0001566750331277178
4.499243671991827, -4.8474443506041185, -0.00015667499656385475
4.489551957330737, -4.847121537051645, -0.00015667495999577286
4.47986024143942, -4.846798759846105, -0.0001566749234223619
4.4701685243177405, -4.846476018995342, -0.00015667488684451003
4.4604768059655715, -4.846153314507196, -0.0001566748502617732
4.450785086382779, -4.845830646389512, -0.00015667481367409586
4.44109336556924, -4.845508014650134, -0.00015667477708203315
4.43140164352482, -4.8451854192969135, -0.00015667474048502994
4.421709920249391, -4.84486286033769, -0.00015667470388314175
4.412018195742828, -4.844540337780315, -0.0001566746672764796
4.402326470004994, -4.844217851632646, -0.00015667463066521004
4.392634743035765, -4.843895401902527, -0.0001566745940491665
4.382943014835011, -4.843572988597821, -0.00015667455742812697
4.373251285402601, -4.843250611726381, -0.00015667452080248
4.363559554738406, -4.842928271296065, -0.0001566744841720591
4.353867822842297, -4.8426059673147375, -0.0001566744475368087
4.344176089714146, -4.842283699790256, -0.00015667441089683987
4.334484355353822, -4.841961468730482, -0.0001566743742522636
4.324792619761198, -4.841639274143289, -0.00015667433760280236
4.315100882936142, -4.841317116036533, -0.0001566743009483451
4.305409144878529, -4.840994994418092, -0.00015667426428944697
4.295717405588224, -4.8406729092958285, -0.00015667422762560834
4.286025665065102, -4.84035086067762, -0.00015667419095710677
4.276333923309034, -4.840028848571335, -0.0001566741542835537
4.2666421803198915, -4.839706872984848, -0.00015667411760567074
4.256950436097544, -4.8393849339260395, -0.00015667408092268076
4.247258690641867, -4.839063031402785, -0.00015667404423547193
4.23756694395272, -4.838741165422968, -0.000156674007542712
4.227875196029983, -4.838419335994472, -0.0001566739708457332
4.218183446873531, -4.8380975431251745, -0.0001566739341437029
4.208491696483225, -4.837775786822962, -0.0001566738974372317
4.198799944858942, -4.837454067095726, -0.00015667386072554246
4.189108192000554, -4.837132383951351, -0.00015667382400952334
4.179416437907931, -4.836810737397727, -0.00015667378728850823
4.169724682580946, -4.836489127442747, -0.00015667375056288568
4.160032926019465, -4.836167554094306, -0.0001566737138320451
4.150341168223366, -4.835846017360301, -0.00015667367709715219
4.14064940919252, -4.835524517248622, -0.00015667364035715226
4.130957648926794, -4.835203053767173, -0.00015667360361243388
4.121265887426056, -4.834881626923856, -0.00015667356686294154
4.1115741246901845, -4.834560236726569, -0.0001566735301085087
4.101882360719051, -4.834238883183219, -0.00015667349334957947
4.092190595512526, -4.833917566301704, -0.00015667345658576526
4.082498829070481, -4.8335962860899375, -0.0001566734198172881
4.072807061392786, -4.833275042555833, -0.000156673383044037
4.063115292479316, -4.832953835707293, -0.0001566733462658454
4.0534235223299415, -4.8326326655522305, -0.00015667330948299085
4.043731750944533, -4.832311532098565, -0.0001566732726955289
4.034039978322965, -4.831990435354211, -0.00015667323590318194
4.024348204465106, -4.831669375327079, -0.00015667319910606103
4.014656429370829, -4.831348352025093, -0.00015667316230416617
4.004964653040008, -4.8310273654561735, -0.0001566731254977194
3.9952728754725118, -4.830706415628241, -0.0001566730886862211
3.9855810966682124, -4.830385502549224, -0.0001566730518702819
3.9758893166269837, -4.830064626227042, -0.00015667301504940223
3.9661975353486976, -4.829743786669629, -0.0001566729782237486
3.9565057528332255, -4.829422983884912, -0.00015667294139354304
3.946813969080438, -4.829102217880819, -0.000156672904558397
3.93712218409021, -4.828781488665286, -0.00015667286771842148
3.9274303978624134, -4.828460796246242, -0.00015667283087378303
3.91773861039692, -4.828140140631629, -0.00015667279402453715
3.9080468216936004, -4.827819521829384, -0.00015667275717035078
3.8983550317523274, -4.827498939847443, -0.00015667272031144597
3.888663240572974, -4.827178394693746, -0.00015667268344793372
3.8789714481554127, -4.826857886376244, -0.0001566726465795365
3.8692796544995147, -4.826537414902873, -0.00015667260970636532
3.859587859605152, -4.826216980281586, -0.00015667257282864222
3.8498960634722006, -4.825896582520322, -0.00015667253594603414
3.84020426610053, -4.825576221627036, -0.0001566724990586521
3.830512467490013, -4.825255897609679, -0.00015667246216638508
3.820820667640522, -4.824935610476206, -0.00015667242526956615
3.8111288665519294, -4.824615360234568, -0.00015667238836808428
3.801437064224109, -4.824295146892722, -0.0001566723514616064
3.7917452606569313, -4.823974970458629, -0.0001566723145505211
3.7820534558502708, -4.823654830940245, -0.00015667227763471736
3.772361649804001, -4.8233347283455315, -0.00015667224071408414
3.7626698425179934, -4.823014662682456, -0.0001566722037888435
3.7529780339921186, -4.8226946339589825, -0.00015667216685871788
3.7432862242262517, -4.822374642183069, -0.0001566721299238738
3.7335944132202665, -4.8220546873626935, -0.0001566720929843668
3.7239026009740344, -4.821734769505821, -0.0001566720560399193
3.7142107874874273, -4.8214148886204296, -0.00015667201909091988
3.7045189727603214, -4.82109504471449, -0.000156671982137091
3.6948271567925874, -4.820775237795972, -0.00015667194517848815
3.6851353395840984, -4.820455467872856, -0.0001566719082153889
3.675443521134728, -4.8201357349531175, -0.00015667187124734916
3.6657517014443464, -4.819816039044742, -0.00015667183427459097
3.656059880512829, -4.819496380155707, -0.0001566717972969478
3.64636805834005, -4.819176758293997, -0.0001566717603146972
3.636676234925882, -4.818857173467603, -0.00015667172332772816
3.626984410270197, -4.818537625684504, -0.00015667168633609618
3.6172925843728705, -4.8182181149526935, -0.00015667164933974576
3.607600757233772, -4.817898641280162, -0.00015667161233845484
3.597908928852777, -4.817579204674898, -0.00015667157533244547
3.58821709922976, -4.817259805144899, -0.00015667153832160663
3.5785252683645927, -4.816940442698162, -0.0001566715013062714
3.56883343625715, -4.81662111734268, -0.0001566714642862177
3.5591416029073035, -4.816301829086453, -0.000156671427261168
3.549449768314927, -4.815982577937483, -0.0001566713902316219
3.5397579324798945, -4.815663363903771, -0.00015667135319724634
3.5300660954020815, -4.815344186993324, -0.00015667131615826335
3.520374257081357, -4.815025047214141, -0.00015667127911428436
3.510682417517596, -4.814705944574239, -0.00015667124206569794
3.5009905767106746, -4.814386879081622, -0.0001566712050125041
3.491298734660464, -4.814067850744299, -0.00015667116795442526
3.481606891366841, -4.813748859570286, -0.00015667113089162799
3.471915046829678, -4.8134299055676, -0.00015667109382400124
3.462223201048847, -4.813110988744247, -0.00015667105675176707
3.452531354024224, -4.812792109108258, -0.00015667101967481445
3.4428395057556798, -4.812473266667642, -0.00015667098259303236
3.433147656243092, -4.812154461430427, -0.00015667094550675387
3.423455805486331, -4.811835693404634, -0.00015667090841542386
3.413763953485273, -4.811516962598287, -0.00015667087131959745
3.4040721002397922, -4.811198269019411, -0.00015667083421894157
3.394380245749761, -4.810879612676036, -0.00015667079711362275
3.3846883900150546, -4.810560993576191, -0.00015667076000352997
3.374996533035547, -4.81024241172791, -0.00015667072288860773
3.365304674811112, -4.809923867139223, -0.00015667068576918908
3.355612815341623, -4.809605359818169, -0.0001566706486447189
3.3459209546269553, -4.809286889772779, -0.00015667061151586337
3.3362290926669838, -4.808968457011092, -0.00015667057438223386
3.326537229461581, -4.808650061541157, -0.00015667053724355284
3.316845365010623, -4.8083317033710085, -0.00015667050010048644
3.3071534993139813, -4.808013382508689, -0.00015667046295253506
3.2974616323715327, -4.807695098962245, -0.00015667042579986523
3.28776976418315, -4.807376852739728, -0.00015667038864236593
3.27807789474871, -4.807058643849178, -0.00015667035148037023
3.2683860240680866, -4.806740472298651, -0.00015667031431360057
3.258694152141153, -4.806422338096203, -0.00015667027714200144
3.2490022789677844, -4.806104241249887, -0.00015667023996573937
3.2393104045478545, -4.805786181767751, -0.00015667020278481436
3.2296185288812382, -4.805468159657859, -0.0001566701655991709
3.219926651967809, -4.805150174928266, -0.00015667012840853145
3.210234773807446, -4.804832227587032, -0.00015667009121334008
3.2005428944000194, -4.804514317642225, -0.00015667005401348577
3.190851013745405, -4.804196445101908, -0.00015667001680891302
3.181159131843478, -4.803878609974145, -0.00015666997959945528
3.171467248694115, -4.803560812267001, -0.00015666994238561216
3.161775364297188, -4.8032430519885505, -0.00015666990516671753
3.152083478652573, -4.802925329146863, -0.0001566698679433265
3.1423915917601457, -4.802607643750012, -0.00015666983071493945
3.13269970361978, -4.802289995806074, -0.00015666979348211152
3.123007814231351, -4.801972385323118, -0.00015666975624450963
3.113315923594735, -4.801654812309228, -0.00015666971900207827
3.1036240317098027, -4.8013372767724825, -0.00015666968175498397
3.0939321385764345, -4.80101977872096, -0.00015666964450333776
3.084240244194505, -4.800702318162751, -0.00015666960724686207
3.074548348563887, -4.800384895105936, -0.0001566695699854459
3.064856451684457, -4.800067509558601, -0.00015666953271958883
3.0551645535560907, -4.799750161528835, -0.00015666949544879127
3.0454726541786608, -4.7994328510247355, -0.0001566694581733863
3.0357807535520456, -4.799115578054382, -0.0001566694208934294
3.026088851676119, -4.798798342625873, -0.00015666938360842098
3.016396948550757, -4.798481144747306, -0.0001566693463190827
3.0067050441758325, -4.798163984426776, -0.0001566693090247484
2.9970131385512238, -4.797846861672378, -0.0001566692717258067
2.987321231676807, -4.797529776492221, -0.00015666923442214653
2.977629323552457, -4.797212728894403, -0.0001566691971137124
2.967937414178048, -4.796895718887032, -0.0001566691598008374
2.958245503553455, -4.796578746478206, -0.00015666912248291087
2.948553591678556, -4.796261811676037, -0.0001566690851603214
2.9388616785532258, -4.7959449144886355, -0.00015666904783312452
2.9291697641773395, -4.795628054924107, -0.00015666901050120918
2.9194778485507737, -4.79531123299057, -0.0001566689731645754
2.9097859316734045, -4.794994448696136, -0.00015666893582316765
2.900094013545106, -4.79467770204892, -0.00015666889847715249
2.890402094165755, -4.794360993057047, -0.00015666886112641887
2.880710173535227, -4.79404432172863, -0.0001566688237709668
2.8710182516533997, -4.793727688071788, -0.00015666878641074078
2.8613263285201462, -4.793411092094652, -0.00015666874904596284
2.8516344041353436, -4.793094533805339, -0.00015666871167629992
2.8419424784988694, -4.792778013211979, -0.0001566686743020851
2.832250551610599, -4.792461530322702, -0.00015666863692304078
2.8225586234704094, -4.792145085145638, -0.00015666859953927803
2.8128666940781746, -4.791828677688915, -0.00015666856215090785
2.8031747634337703, -4.791512307960671, -0.0001566685247577082
2.7934828315370757, -4.791195975969033, -0.00015666848735990113
2.783790898387965, -4.790879681722149, -0.0001566684499573756
2.7740989639863156, -4.790563425228154, -0.00015666841255018715
2.7644070283320032, -4.790247206495186, -0.00015666837513828025
2.754715091424906, -4.789931025531391, -0.0001566683377217104
2.7450231532648965, -4.789614882344908, -0.0001566683003003111
2.7353312138518535, -4.789298776943884, -0.00015666826287430435
2.725639273185653, -4.7889827093364685, -0.00015666822544346815
2.7159473312661713, -4.788666679530811, -0.00015666818800808002
2.7062553880932865, -4.788350687535062, -0.00015666815056791794
2.6965634436668746, -4.788034733357371, -0.00015666811312314843
2.686871497986811, -4.787718817005895, -0.00015666807567349395
2.6771795510529732, -4.787402938488793, -0.00015666803821934305
2.6674876028652372, -4.787087097814218, -0.0001566680007604737
2.6577956534234812, -4.786771294990327, -0.00015666796329666388
2.6481037027275804, -4.786455530025292, -0.00015666792582846867
2.6384117507774127, -4.78613980292727, -0.00015666788835527745
2.6287197975728547, -4.785824113704424, -0.00015666785087781188
2.6190278431137837, -4.785508462364922, -0.0001566678133954058
2.609335887400076, -4.7851928489169335, -0.0001566677759083368
2.599643930431608, -4.784877273368628, -0.00015666773841660486
2.5899519722082576, -4.784561735728179, -0.00015666770091998794
2.580260012729901, -4.784246236003756, -0.0001566676634187636
2.5705680519964194, -4.7839307742035375, -0.00015666762591304284
2.5608760900076852, -4.7836153503357, -0.00015666758840227057
2.551184126763577, -4.783299964408425, -0.00015666755088705742
2.541492162263971, -4.782984616429887, -0.00015666751336718132
2.5318001965087458, -4.782669306408274, -0.00015666747584247576
2.5221082294977775, -4.78235403435177, -0.00015666743831310725
2.512416261230944, -4.782038800268556, -0.00015666740077907582
2.5027242917081227, -4.7817236041668245, -0.00015666736324043695
2.493032320929191, -4.78140844605476, -0.0001566673256969131
2.4833403488940258, -4.781093325940557, -0.00015666728814894837
2.473648375602505, -4.780778243832408, -0.00015666725059615416
2.4639564010545065, -4.780463199738502, -0.00015666721303853048
2.454264425249906, -4.780148193667041, -0.0001566671754763549
2.444572448188584, -4.779833225626226, -0.0001566671379097384
2.4348804698704174, -4.779518295624257, -0.00015666710033823694
2.4251884902952825, -4.779203403669331, -0.000156667062761906
2.4154965094630585, -4.778888549769652, -0.00015666702518096765
2.405804527373624, -4.778573733933426, -0.00015666698759553288
2.396112544026853, -4.778258956168855, -0.0001566669500050466
2.386420559422625, -4.777944216484157, -0.00015666691241017494
2.3767285735608183, -4.777629514887534, -0.00015666687481052932
2.36703658644131, -4.777314851387205, -0.00015666683720616525
2.3573445980639787, -4.777000225991377, -0.00015666679959719376
2.347652608428703, -4.776685638708271, -0.00015666676198361484
2.3379606175353604, -4.776371089546106, -0.00015666672436520646
2.3282686253838287, -4.776056578513093, -0.00015666668674207962
2.3185766319739867, -4.77574210561746, -0.00015666664911440087
2.3088846373057104, -4.775427670867427, -0.00015666661148194816
2.2991926413788786, -4.7751132742712175, -0.0001566665738448325
2.2895006441933723, -4.774798915837064, -0.00015666653620299842
2.2798086457490654, -4.774484595573186, -0.00015666649855672343
2.2701166460458375, -4.774170313487817, -0.00015666646090550795
2.2604246450835705, -4.773856069589189, -0.00015666642324979607
2.2507326428621393, -4.773541863885529, -0.00015666638558931023
2.241040639381424, -4.7732276963850815, -0.00015666634792410594
2.231348634641301, -4.772913567096078, -0.00015666631025440525
2.221656628641651, -4.772599476026758, -0.00015666627257981958
2.211964621382351, -4.772285423185365, -0.00015666623490057097
2.20227261286328, -4.771971408580134, -0.00015666619721682595
2.1925806030843176, -4.771657432219313, -0.00015666615952808494
2.18288859204534, -4.771343494111149, -0.00015666612183501405
2.1731965797462274, -4.7710295942638865, -0.0001566660841371692
2.1635045661868566, -4.770715732685774, -0.00015666604643466142
2.1538125513671083, -4.770401909385067, -0.00015666600872726866
2.144120535286862, -4.770088124370015, -0.00015666597101554602
2.1344285179459948, -4.769774377648871, -0.0001566659332988274
2.1247364993443854, -4.769460669229895, -0.00015666589557761235
2.115044479481914, -4.769146999121345, -0.00015666585785167886
2.105352458358459, -4.768833367331474, -0.00015666582012130448
2.095660435973899, -4.768519773868547, -0.0001566657823859896
2.0859684123281133, -4.768206218740827, -0.00015666574464595628
2.0762763874209815, -4.767892701956582, -0.00015666570690148207
2.0665843612523824, -4.767579223524077, -0.00015666566915212288
2.0568923338221943, -4.7672657834515775, -0.00015666563139826728
2.047200305130299, -4.7669523817473625, -0.00015666559363974875
2.037508275176571, -4.766639018419693, -0.00015666555587634523
2.027816243960893, -4.766325693476849, -0.0001566655181084453
2.0181242114831446, -4.7660124069271035, -0.00015666548033593797
2.0084321777432024, -4.765699158778737, -0.00015666544255871218
1.9987401427409472, -4.765385949040025, -0.00015666540477682345
1.9890481064762613, -4.76507277771925, -0.00015666536699016076
1.9793560689490195, -4.764759644824696, -0.00015666532919900167
1.9696640301591042, -4.764446550364641, -0.00015666529140323515
1.959971990106394, -4.764133494347383, -0.00015666525360258365
1.9502799487907678, -4.763820476781202, -0.00015666521579726922
1.9405879062121056, -4.7635074976743885, -0.00015666517798745838
1.9308958623702877, -4.763194557035235, -0.0001566651401729291
1.9212038172651935, -4.762881654872034, -0.00015666510235373687
1.9115117708967024, -4.762568791193079, -0.00015666506452960416
1.9018197232646943, -4.762255966006668, -0.0001566650267013081
1.8921276743690494, -4.761943179321099, -0.00015666498886812708
1.8824356242096465, -4.761630431144677, -0.0001566649510302276
1.8727435727863668, -4.7613177214857005, -0.0001566649131878317
1.8630515200990891, -4.761005050352472, -0.00015666487534055085
1.853359466147694, -4.760692417753299, -0.00015666483748871807
1.8436674109320612, -4.760379823696492, -0.0001566647996324444
1.8339753544520716, -4.760067268190356, -0.00015666476177123023
1.8242832967076046, -4.759754751243205, -0.00015666472390557518
1.8145912376985391, -4.759442272863349, -0.00015666468603497963
1.804899177424757, -4.759129833059099, -0.00015666464815988768
1.795207115886138, -4.758817431838778, -0.0001566646102801883
1.7855150530825623, -4.7585050692107025, -0.00015666457239577047
1.7758229890139097, -4.758192745183195, -0.00015666453450674522
1.7661309236800613, -4.757880459764572, -0.00015666449661311255
1.7564388570808966, -4.75756821296316, -0.00015666445871476142
1.746746789216297, -4.757256004787283, -0.00015666442081180287
1.7370547200861435, -4.756943835245269, -0.0001566643829041814
1.7273626496903147, -4.756631704345444, -0.00015666434499189696
1.7176705780286923, -4.75631961209614, -0.0001566643070748941
1.7079785051011565, -4.756007558505693, -0.00015666426915339482
1.6982864309075882, -4.755695543582434, -0.00015666423122712159
1.6885943554478673, -4.755383567334699, -0.00015666419329618542
1.6789022787218761, -4.755071629770828, -0.00015666415536069733
1.6692102007294942, -4.754759730899158, -0.0001566641174204908
1.659518121470602, -4.754447870728026, -0.00015666407947573235
1.6498260409450816, -4.754136049265781, -0.00015666404152625546
1.6401339591528123, -4.7538242665207635, -0.00015666400357217114
1.6304418760936763, -4.75351252250133, -0.00015666396561342388
1.6207497917675526, -4.753200817215816, -0.0001566639276500137
1.611057706174326, -4.7528891506725826, -0.00015666388968199607
1.6013656193138732, -4.752577522879979, -0.0001566638517092045
1.5916735311860788, -4.752265933846353, -0.0001566638137319165
1.5819814417908218, -4.751954383580062, -0.00015666377574991008
1.5722893511279836, -4.7516428720894694, -0.00015666373776335174
1.5625972591974457, -4.751331399382931, -0.00015666369977218597
1.552905165999089, -4.751019965468803, -0.00015666366177624624
1.5432130715327954, -4.750708570355456, -0.0001566636237758101
1.5335209757984454, -4.750397214051247, -0.0001566635857705445
1.5238288787959213, -4.750085896564551, -0.000156663547760727
1.514136780525104, -4.749774617903727, -0.00015666350974641308
1.5044446809858742, -4.74946337807715, -0.0001566634717272697
1.4947525801781147, -4.749152177093189, -0.00015666343370351887
1.4850604781017063, -4.74884101496022, -0.00015666339567521614
1.4753683747565316, -4.748529891686616, -0.00015666335764213946
1.4656762701424697, -4.748218807280751, -0.00015666331960462188
1.4559841642594045, -4.74790776175101, -0.00015666328156238585
1.4462920571072178, -4.747596755105776, -0.0001566632435155979
1.4365999486857899, -4.747285787353423, -0.00015666320546381396
1.4269078389950032, -4.74697485850234, -0.00015666316740781117
1.41721572803474, -4.746663968560916, -0.00015666312934708992
1.4075236158048812, -4.746353117537529, -0.0001566630912815392
1.3978315023053098, -4.746042305440578, -0.00015666305321165863
1.3881393875359072, -4.745731532278446, -0.00015666301513689307
1.3784472714965552, -4.745420798059534, -0.0001566629770576311
1.3687551541871357, -4.745110102792237, -0.0001566629389737062
1.3590630356075306, -4.74479944648494, -0.00015666290088517387
1.3493709157576228, -4.7444888291460545, -0.0001566628627919786
1.3396787946372943, -4.744178250783977, -0.0001566628246941204
1.3299866722464277, -4.743867711407105, -0.0001566627865917658
1.3202945485849036, -4.743557211023847, -0.00015666274848463724
1.3106024236526057, -4.743246749642611, -0.00015666271037295676
1.3009102974494164, -4.742936327271799, -0.00015666267225666886
1.2912181699752172, -4.742625943919822, -0.00015666263413555148
1.2815260412298903, -4.7423155995950905, -0.00015666259600999322
1.27183391121332, -4.7420052943060185, -0.00015666255787993855
1.262141779925387, -4.741695028061022, -0.00015666251974516543
1.252449647365974, -4.741384800868515, -0.00015666248160567386
1.2427575135349642, -4.741074612736916, -0.0001566624434616859
1.23306537843224, -4.740764463674648, -0.000156662405313035
1.2233732420576844, -4.740454353690132, -0.00015666236715966564
1.2136811044111788, -4.740144282791789, -0.00015666232900174437
1.2039889654926077, -4.739834250988043, -0.0001566622908392712
1.1942968253018533, -4.739524258287326, -0.00015666225267202405
1.1846046838387978, -4.739214304698066, -0.0001566622145002805
1.174912541103324, -4.738904390228693, -0.00015666217632381851
1.165220397095316, -4.738594514887641, -0.00015666213814286012
1.1555282518146557, -4.738284678683346, -0.0001566620999572943
1.1458361052612265, -4.737974881624239, -0.00015666206176701003
1.1361439574349115, -4.737665123718762, -0.00015666202357222936
1.1264518083355937, -4.737355404975353, -0.00015666198537278575
1.1167596579631562, -4.737045725402455, -0.00015666194716856818
1.1070675063174824, -4.73673608500851, -0.00015666190895990972
1.097375353398455, -4.736426483801966, -0.00015666187074653282
1.0876831992059581, -4.736116921791266, -0.0001566618325286595
1.0779910437398745, -4.735807398984863, -0.0001566617943062898
1.068298887000087, -4.735497915391205, -0.00015666175607897959
1.0586067289864793, -4.735188471018748, -0.000156661717847284
1.0489145696989348, -4.7348790658759405, -0.00015666167961086996
1.0392224091373388, -4.734569699971243, -0.00015666164136995953
1.0295302473015724, -4.734260373313111, -0.00015666160312438615
1.0198380841915198, -4.733951085910007, -0.00015666156487409433
1.0101459198070653, -4.733641837770391, -0.0001566615266193616
1.0004537541480918, -4.733332628902723, -0.00015666148835996596
0.9907615872144839, -4.733023459315472, -0.00015666145009596288
0.9810694190061243, -4.732714329017111, -0.0001566614118274079
0.9713772495228973, -4.732405238016096, -0.00015666137355418996
0.9616850787646868, -4.732096186320905, -0.0001566613352763646
0.9519929067313769, -4.73178717394001, -0.00015666129699393183
0.9423007334228509, -4.7314782008818845, -0.00015666125870683612
0.9326085588389925, -4.7311692671550025, -0.000156661220415244
0.9229163829796866, -4.7308603727678475, -0.00015666118211898894
0.9132242058448166, -4.730551517728892, -0.00015666114381807095
0.9035320274342672, -4.730242702046624, -0.00015666110551271206
0.8938398477479226, -4.729933925729524, -0.00015666106720274575
0.8841476667856664, -4.729625188786076, -0.0001566610288881165
0.874455484547383, -4.729316491224767, -0.0001566609905687133
0.8647633010329567, -4.729007833054089, -0.0001566609522449247
0.8550711162422716, -4.728699214282527, -0.0001566609139165842
0.8453789301752124, -4.728390634918578, -0.00015666087558341424
0.8356867428316631, -4.728082094970737, -0.0001566608372459144
0.8259945542115087, -4.727773594447494, -0.0001566607989036406
0.8163023643146333, -4.7274651333573505, -0.0001566607605568704
0.8066101731409219, -4.727156711708808, -0.00015666072220538174
0.7969179806902584, -4.726848329510367, -0.0001566606838493967
0.7872257869625277, -4.726539986770525, -0.0001566606454887487
0.7775335919576145, -4.726231683497798, -0.0001566606071236043
0.7678413956754038, -4.725923419700683, -0.00015666056875379697
0.75814919811578, -4.725615195387694, -0.0001566605303793822
0.7484569992786275, -4.7253070105673425, -0.00015666049200047105
0.7387647991638321, -4.724998865248136, -0.00015666045361689696
0.7290725977712784, -4.724690759438591, -0.00015666041522871543
0.7193803951008508, -4.724382693147222, -0.00015666037683592648
0.7096881911524351, -4.724074666382546, -0.00015666033843869664
0.6999959859259158, -4.723766679153086, -0.00015666030003674836
0.6903037794211778, -4.723458731467362, -0.00015666026163024815
0.6806115716381066, -4.723150823333898, -0.00015666022321914053
0.6709193625765872, -4.7228429547612185, -0.00015666018480342547
0.661227152236505, -4.72253512575785, -0.0001566601463831585
0.6515349406177444, -4.722227336332323, -0.00015666010795839513
0.6418427277201924, -4.721919586493167, -0.0001566600695288578
0.6321505135437328, -4.721611876248913, -0.0001566600310949351
0.6224582980882514, -4.721304205608094, -0.00015665999265634944
0.6127660813536332, -4.720996574579248, -0.00015665995421321188
0.6030738633397645, -4.7206889831709145, -0.00015665991576541138
0.5933816440465307, -4.7203814313916315, -0.00015665987731305897
0.5836894234738176, -4.720073919249944, -0.00015665983885615464
0.57399720162151, -4.71976644675439, -0.00015665980039458738
0.5643049784894945, -4.719459013913514, -0.0001566597619284127
0.5546127540776558, -4.7191516207358655, -0.0001566597234577971
0.5449205283858801, -4.718844267229993, -0.0001566596849825186
0.5352283014140533, -4.7185369534044455, -0.00015665964650274367
0.5255360731620611, -4.71822967926778, -0.0001566596080182503
0.5158438436297897, -4.717922444828551, -0.00015665956952948257
0.5061516128171243, -4.71761525009531, -0.00015665953103582986
0.4964593807239516, -4.717308095076613, -0.00015665949253768074
0.4867671473501575, -4.717000979781029, -0.00015665945403503523
0.4770749126956279, -4.71669390421711, -0.00015665941552772678
0.4673826767602489, -4.716386868393424, -0.00015665937701597743
0.4576904395439067, -4.716079872318536, -0.00015665933849950964
0.44799820104648747, -4.71577291600101, -0.00015665929997854544
0.43830596126787774, -4.715465999449423, -0.0001566592614529183
0.42861372020796334, -4.715159122672335, -0.00015665922292285028
0.418921477866631, -4.714852285678326, -0.0001566591843880638
0.40922923424376684, -4.714545488475967, -0.00015665914584883645
0.3995369893392575, -4.714238731073836, -0.00015665910730500165
0.38984474315298945, -4.713932013480512, -0.00015665906875655944
0.380152495684849, -4.713625335704568, -0.00015665903020362082
0.3704602469347228, -4.713318697754595, -0.00015665899164607477
0.36076799690249767, -4.713012099639174, -0.00015665895308403233
0.35107574558806, -4.712705541366887, -0.00015665891451732694
0.33169123911209486, -4.712092544386071, -0.00015665883737020492
0.3219989839503406, -4.71178610569472, -0.00015665879879001032
0.31230672750592114, -4.711479706880865, -0.00015665876020504177
0.30261446977872336, -4.711173347953102, -0.0001566587216155768
0.2929222107686343, -4.710867028920028, -0.00015665868302144892
0.28322995047554084, -4.710560749790236, -0.0001566586444227691
0.2735376888993297, -4.71025451057233, -0.00015665860581981494
0.26384542603988836, -4.709948311274911, -0.0001566585672119758
0.25415316189710374, -4.709642151906585, -0.00015665852859969576
0.24446089647086325, -4.709336032475953, -0.0001566584899829193
0.23476862976105398, -4.7090299529916235, -0.00015665845136147993
0.22507636176756324, -4.708723913462207, -0.00015665841273548864
0.21538409249027837, -4.708417913896319, -0.00015665837410505645
0.2056918219290867, -4.708111954302564, -0.0001566583354698503
0.19599955008387548, -4.707806034689562, -0.00015665829683020327
0.18630727695453245, -4.707500155065928, -0.00015665825818611534
0.17661500254094498, -4.707194315440282, -0.00015665821953741998
0.16692272684300055, -4.706888515821241, -0.0001566581808841172
0.15723044986058693, -4.70658275621743, -0.000156658142226207
0.14753817159359156, -4.706277036637471, -0.0001566581035638004
0.13784589204190226, -4.7059713570899975, -0.0001566580648970084
0.12815361120540683, -4.705665717583626, -0.00015665802622544245
0.11846132908399294, -4.70536011812699, -0.0001566579875493801
0.10876904567754841, -4.705054558728723, -0.00015665794886893236
0.09907676098596131, -4.704749039397459, -0.00015665791018371067
0.08938447500911947, -4.704443560141828, -0.00015665787149404808
0.07969218774691082, -4.7041381209704705, -0.0001566578327998891
0.06999989919922342, -4.703832721892026, -0.00015665779410106717
0.060307609365945425, -4.703527362915131, -0.00015665775539774884
0.05061531824696479, -4.703222044048435, -0.0001566577166898786
0.04092302584216979, -4.702916765300575, -0.00015665767797740093
0.03123073215144856, -4.7026115266802, -0.00015665763926048237
0.02153843717468943, -4.702306328195959, -0.0001566576005390674
0.01184614091178064, -4.702001169856498, -0.000156657561812934
0.0021538433626106116, -4.701696051670473, -0.0001566575230823597
-0.007538455472932192, -4.701390973646536, -0.0001566574843473445
-0.01723075559495939, -4.701085935793341, -0.00015665744560761086
-0.026923057003582468, -4.700780938119549, -0.00015665740686349183
-0.036615359698912935, -4.700475980633818, -0.00015665736811470987
-0.04630766368106208, -4.700171063344803, -0.00015665732936148702
-0.055999968950141296, -4.699866186261171, -0.00015665729060360123
-0.06569227550626196, -4.699561349391586, -0.00015665725184127455
-0.07538458334953521, -4.69925655274472, -0.00015665721307434044
-0.08507689248007234, -4.698951796329238, -0.00015665717430290993
-0.09476920289798446, -4.698647080153803, -0.00015665713552698302
-0.10446151460338275, -4.698342404227094, -0.0001566570967465042
-0.1141538275963783, -4.698037768557782, -0.00015665705796152896
-0.12384614187708202, -4.69773317315455, -0.0001566570191719463
-0.13353845744560497, -4.697428618026068, -0.00015665698037797826
-0.14323077430205805, -4.697124103181019, -0.00015665694157934729
-0.15292309244655208, -4.696819628628077, -0.0001566569027761644
-0.16261541187919784, -4.696515194375936, -0.0001566568639684296
-0.17230773260010612, -4.696210800433273, -0.0001566568251562539
-0.1820000546093878, -4.695906446808777, -0.0001566567863395818
-0.19169237790715335, -4.695602133511136, -0.00015665674751830228
-0.20138470249351353, -4.695297860549045, -0.00015665670869247084
-0.2110770283685789, -4.694993627931193, -0.00015665666986208748
-0.22076935553246008, -4.694689435666274, -0.00015665663102731875
-0.2304616839852675, -4.694385283762984, -0.0001566565921880536
-0.2401540137271116, -4.694081172230025, -0.00015665655334407003
-0.24984634475810258, -4.693777101076089, -0.00015665651449575657
-0.25953867707835104, -4.693473070309883, -0.00015665647564278018
-0.26923101068796723, -4.69316907994011, -0.00015665643678530738
-0.2789233455870612, -4.692865129975475, -0.0001566563979233937
-0.28869867872513477, -4.691969727548405, -0.0001627439320346924
-0.2983887299364951, -4.690936904478153, -0.0001532714110384359
-0.3080007590243399, -4.690169204772078, -0.00015863761587209257
-0.3175942933261384, -4.689484959855594, -0.00015908619153948145
-0.3272263685934487, -4.6890551899140895, -0.00015963080893660608
-0.3368943924109245, -4.688946779271691, -0.00015799052249587664
-0.3465785450950827, -4.688908872037349, -0.00015758372341506677
-0.3562648557126394, -4.688894597719678, -0.0001573095210236075
-0.3659530666948388, -4.68889723774456, -0.00015707976293632964
-0.37564290217388985, -4.688914322757984, -0.00015690803229734263
-0.3853340156240643, -4.688944012888933, -0.00015678031311638918
-0.3950261471302651, -4.6889847267161935, -0.00015668560633380624
-0.4047190938791898, -4.689035083062346, -0.00015661578607123472
-0.41441269600895975, -4.689093874246775, -0.0001565646561536571
-0.4241068272546087, -4.689160044690154, -0.00015652751563693945
-0.43380138753945935, -4.689232672153773, -0.00015650080849560766
-0.4434962972438747, -4.6893109511712945, -0.0001564818506067378
-0.4533050831524138, -4.688817667111562, -0.00016230491003982328
-0.4630341733173778, -4.6881799568166835, -0.00015266754762854884
-0.4726724989447873, -4.68780533854359, -0.00015804941366887038
-0.4822875130686154, -4.687515252863381, -0.00015835073396236465
-0.4919264222462693, -4.687483694209883, -0.00015875058414610566
-0.5016073616453399, -4.687965866700653, -0.0001579193779117638
-0.5113222406670789, -4.688524210885675, -0.00015631470512988965
-0.5210310174694809, -4.688819479213914, -0.00015550308779782585
-0.5307223867171721, -4.689165773646521, -0.00015646161957966198
-0.5404069062613748, -4.689526958880119, -0.000156458203691201
-0.5500923240654016, -4.689898165103155, -0.00015642140704064111
-0.5597782961416703, -4.69027789879467, -0.0001564126021515455
-0.5694646259331452, -4.690665070161081, -0.0001564120981573658
-0.579151241190974, -4.691058754809314, -0.00015641719928033426
-0.5888380803101764, -4.691458148278191, -0.00015642599808574076
-0.5985250947342444, -4.691862548418037, -0.00015643697927986144
-0.6082122466769969, -4.692271342363312, -0.00015644907833967103
-0.6178995065680434, -4.69268399524003, -0.00015646155569204456
-0.6275868511965755, -4.693100040289486, -0.00015647390872985945
-0.6372742622866934, -4.693519070228135, -0.00015648580765098563
-0.6469617253986231, -4.693940729692312, -0.000156497047412274
-0.6566492290815176, -4.694364708635262, -0.00015650751202189728
-0.6663367642193258, -4.694790736558923, -0.00015651714812425777
-0.6760243235249371, -4.695218577476574, -0.00015652594555853883
-0.6857119011483027, -4.6956480255149105, -0.0001565339231399676
-0.6953994923722584, -4.696078901075036, -0.00015654111834134676
-0.7050870933758961, -4.696511047481914, -0.00015654757987587642
-0.7147747010500372, -4.6969443280604155, -0.00015655336243264317
-0.7244623128529466, -4.697378623583889, -0.00015655852300083817
-0.7341499266971828, -4.697813830047893, -0.00015656311836076409
-0.7438375408605807, -4.6982498567278315, -0.0001565672034234411
-0.7535251539159807, -4.698686624484267, -0.00015657083018688622
-0.7632127646755537, -4.699124064284437, -0.00015657404713209644
-0.7729003721465186, -4.699562115912372, -0.00015657689892795146
-0.7825879754957775, -4.700000726843626, -0.000156579426353054
-0.792275574021552, -4.700439851263554, -0.00015658166636134396
-0.8019631671305383, -4.700879449210927, -0.00015658365224224813
-0.8116507543194191, -4.701319485830799, -0.0001565854138386169
-0.8213383351598394, -4.7017599307227425, -0.00015658697779696862
-0.831025909286137, -4.702200757372282, -0.0001565883678297797
-0.840713476385277, -4.702641942654874, -0.0001565896049799398
-0.8504010361885623, -4.703083466403221, -0.00015659070787737983
-0.8600885884647711, -4.703525311029786, -0.00015659169298226638
-0.8697761330144534, -4.703967461197513, -0.0001565925748137631
-0.8794636696651732, -4.704409903532556, -0.0001565933661595298
-0.8891511982675226, -4.704852626373717, -0.00015659407826917882
-0.89883871869177, -4.705295619553807, -0.00015659472102741434
-0.9085262308250328, -4.705738874208962, -0.0001565953031131273
-0.9182137345688841, -4.706182382612266, -0.0001565958321397276
-0.9279012298373206, -4.706626138028655, -0.00015659631478115443
-0.9375887165550356, -4.707070134588282, -0.00015659675688500796
-0.9472761946559408, -4.7075143671761035, -0.0001565971635716923
-0.9569636640819053, -4.7079588313355085, -0.0001565975393232888
-0.9666511247816745, -4.708403523184299, -0.00015659788806132724
-0.9763385767099402, -4.708848439341358, -0.00015659821321611922
-0.9860260198265428, -4.7092935768626925, -0.00015659851778704326
-0.9957134540957819, -4.709738933185632, -0.00015659880439605756
-1.005400879485823, -4.710184506080166, -0.00015659907533488449
-1.0150882959681866, -4.710630293606478, -0.00015659933260636638
-1.0247757035173035, -4.711076294077908, -0.00015659957795993718
-1.0344631021101314, -4.711522506028631, -0.000156599812924485
-1.0441504917258235, -4.711968928185479, -0.00015660003883505302
-1.0538378723454405, -4.712415559443348, -0.000156600256857653
-1.0635252439517018, -4.712862398843741, -0.00015660046801058147
-1.073212606528765, -4.713309445556067, -0.00015660067318329363
-1.0828999600620435, -4.713756698861305, -0.0001566008731520574
-1.0925873045380392, -4.714204158137769, -0.00015660106859510803
-1.1022746399442032, -4.714651822848686, -0.00015660126010408337
-1.1119619662688098, -4.715099692531357, -0.00015660144819573674
-1.1216492835008511, -4.715547766787697, -0.00015660163332126276
-1.1313365916299445, -4.715996045276003, -0.00015660181587456856
-1.141023890646248, -4.716444527703742, -0.0001566019961993237
-1.1507111805403942, -4.716893213821282, -0.0001566021745955659
-1.1603984613034237, -4.717342103416432, -0.0001566023513254189
-1.170085732926737, -4.717791196309641, -0.0001566025266172555
-1.1797729954020444, -4.718240492349835, -0.00015660270067091586
-1.1894602487213275, -4.71868999141081, -0.00015660287366042747
-1.1991474928768018, -4.719139693388028, -0.0001566030457380574
-1.2088347278608873, -4.7195895981958635, -0.00015660321703642177
-1.2185219536661818, -4.720039705765199, -0.00015660338767137238
-1.228209170285437, -4.7204900160413015, -0.00015660355774416157
-1.2378963777115397, -4.720940528982016, -0.00015660372734294103
-1.2475835759374918, -4.721391244556125, -0.00015660389654470475
-1.2572707649563963, -4.72184216274198, -0.00015660406541689875
-1.2669579447614434, -4.722293283526269, -0.0001566042340180318
-1.2766451153459004, -4.722744606902964, -0.0001566044023993407
-1.286332276703099, -4.723196132872382, -0.00015660457060573396
-1.296019428826428, -4.723647861440382, -0.00015660473867629143
-1.3057065717093246, -4.724099792617661, -0.0001566049066448194
-1.31539370534527, -4.724551926419127, -0.00015660507454146044
-1.32508082972778, -4.725004262863372, -0.00015660524239180518
-1.3347679448504035, -4.725456801972209, -0.00015660541021877972
-1.3444550507067148, -4.725909543770243, -0.00015660557804209052
-1.3541421472903108, -4.726362488284537, -0.0001566057458792791
-1.3638292345948109, -4.72681563554428, -0.00015660591374511146
-1.3735163126138479, -4.727268985580536, -0.00015660608165307677
-1.383203381341071, -4.727722538425985, -0.0001566062496143883
-1.39289044077014, -4.728176294114741, -0.0001566064176393711
-1.4025774908947246, -4.728630252682153, -0.00015660658573651842
-1.4122645317085032, -4.72908441416466, -0.00015660675391376833
-1.421951563205162, -4.7295387785996335, -0.00015660692217789318
-1.4316385853783926, -4.729993346025287, -0.0001566070905343886
-1.441325598221889, -4.730448116480554, -0.00015660725898875016
-1.451012601729349, -4.730903090004997, -0.00015660742754536328
-1.4606995958944744, -4.731358266638729, -0.0001566075962081137
-1.4703865807109673, -4.731813646422351, -0.00015660776498038764
-1.4800735561725327, -4.732269229396884, -0.00015660793386534921
-1.489760522272874, -4.732725015603727, -0.00015660810286549642
-1.4994474790056973, -4.733181005084589, -0.00015660827198316074
-1.5091344263647055, -4.733637197881476, -0.0001566084412205071
-1.5188213643436028, -4.734093594036638, -0.0001566086105790343
-1.5285082929360922, -4.73455019359254, -0.00015660878006029666
-1.538195212135874, -4.735006996591842, -0.0001566089496659595
-1.5478821219366485, -4.735464003077381, -0.00015660911939713307
-1.5575690223321137, -4.735921213092127, -0.0001566092892545945
-1.5672559133159656, -4.73637862667919, -0.00015660945923967606
-1.5769427948818981, -4.736836243881795, -0.00015660962935293288
-1.586629667023602, -4.73729406474327, -0.0001566097995951976
-1.5963165297347672, -4.737752089307026, -0.00015660996996708088
-1.6060033830090807, -4.7382103176165655, -0.0001566101404691378
-1.6156902268402245, -4.73866874971545, -0.00015661031110192347
-1.6253770612218819, -4.739127385647308, -0.0001566104818659375
-1.6350638861477316, -4.739586225455831, -0.00015661065276134645
-1.6447507016114475, -4.740045269184755, -0.0001566108237887609
-1.6544375076067037, -4.740504516877858, -0.0001566109949483474
-1.6641243041271694, -4.74096396857897, -0.00015661116624055005
-1.6738110911665123, -4.741423624331946, -0.00015661133766542434
-1.6834978687183966, -4.741883484180681, -0.00015661150922341438
-1.6931846367764822, -4.742343548169097, -0.00015661168091457567
-1.7028713953344279, -4.742803816341151, -0.00015661185273913025
-1.7125581443858882, -4.743264288740811, -0.00015661202469757773
-1.7222448839245132, -4.743724965412087, -0.00015661219678952953
-1.7319316139439533, -4.744185846398998, -0.0001566123690156518
-1.7416183344378522, -4.744646931745588, -0.00015661254137588898
-1.7513050453998535, -4.745108221495915, -0.00015661271387024112
-1.760991746823596, -4.745569715694063, -0.00015661288649881921
-1.7706784387027146, -4.746031414384127, -0.0001566130592621784
-1.7803651210308418, -4.746493317610219, -0.00015661323215998557
-1.7900517938016076, -4.746955425416472, -0.0001566134051924073
-1.7997384570086383, -4.747417737847023, -0.0001566135783596101
-1.8094251106455554, -4.747880254946029, -0.00015661375166187153
-1.8191117547059805, -4.7483429767576615, -0.00015661392509902505
-1.8287983891835287, -4.7488059033261045, -0.00015661409867134823
-1.8384850140718125, -4.749269034695549, -0.00015661427237884107
-1.8481716293644435, -4.749732370910209, -0.00015661444622150356
-1.8578582350550275, -4.750195912014298, -0.00015661462019955774
-1.8675448311371674, -4.7506596580520535, -0.00015661479431305914
-1.877231417604463, -4.751123609067714, -0.00015661496856211876
-1.8869179944505128, -4.75158776510554, -0.00015661514294684764
-1.8966045616689093, -4.752052126209793, -0.00015661531746707924
-1.906291119253242, -4.752516692424752, -0.00015661549212314663
-1.9159776671970996, -4.752981463794704, -0.00015661566691493878
-1.9256642054940647, -4.753446440363945, -0.00015661584184273325
-1.9353507341377174, -4.753911622176789, -0.00015661601690653004
-1.9450372531216351, -4.7543770092775555, -0.00015661619210632916
-1.954723762439392, -4.754842601710572, -0.00015661636744235263
-1.9644102620845576, -4.75530839952018, -0.00015661654291454497
-1.9740967520507007, -4.755774402750733, -0.00015661671852301717
-1.9837832323313842, -4.7562406114465885, -0.00015661689426776926
-1.9934697029201693, -4.756707025652126, -0.00015661707014896775
-2.0031561638106132, -4.75717364541172, -0.0001566172461668347
-2.0128426149962695, -4.757640470769767, -0.00015661742232109255
-2.0225290564706886, -4.758107501770673, -0.0001566175986122409
-2.0322154882274197, -4.758574738458849, -0.00015661777503983565
-2.0419019102600036, -4.7590421808787156, -0.00015661795160443193
-2.0515883225619844, -4.759509829074711, -0.00015661812830569666
-2.061274725126898, -4.759977683091275, -0.00015661830514401842
-2.070961117948279, -4.760445742972863, -0.0001566184821192862
-2.080647501019658, -4.760914008763946, -0.00015661865923177754
-2.0903338743345627, -4.7613824805089875, -0.00015661883648110386
-2.1000202378865165, -4.761851158252479, -0.0001566190138678758
-2.109706591669042, -4.762320042038914, -0.00015661919139203784
-2.1193929356756556, -4.7627891319127995, -0.00015661936905353446
-2.1290792698998717, -4.763258427918646, -0.00015661954685225465
-2.138765594335201, -4.763727930100979, -0.0001566197247886425
-2.148451908975151, -4.764197638504338, -0.0001566199028627535
-2.158167845697967, -4.764855634042548, -0.00015816458089412677
-2.1679213622431885, -4.76576571100697, -0.00015777827776009
-2.177703949038035, -4.766673657208026, -0.00015829682157841862
-2.187499284197688, -4.767528322700068, -0.00015896302183826538
-2.197304572973164, -4.768319568668933, -0.00015957516546105666
-2.207118291293387, -4.769042052813766, -0.00016012287070626963
-2.216939077283759, -4.76969142858681, -0.00016059326809914065
-2.226765746688959, -4.770263926297478, -0.0001609814059026493
-2.236597229800294, -4.770756262504765, -0.00016128823062849795
-2.2464326774106556, -4.77116599988285, -0.0001613140667748314
-2.256285655403321, -4.771429118487694, -0.00016318308844737173
-2.2661470587101373, -4.771567271249992, -0.00016284133355487507
-2.276020593938739, -4.771614494633744, -0.00016121218363585044
-2.2858856661158193, -4.771561558778962, -0.00016281598305739609
-2.29575329081746, -4.771423194141941, -0.00016106183698338938
-2.305617640612404, -4.771192299511825, -0.00016099350805059975
-2.3154756436264745, -4.770863481028562, -0.00016146926059906752
-2.325331823950502, -4.770445220782909, -0.00016137993034731624
-2.335183676789866, -4.76993717961285, -0.00015919736646624605
-2.3450274393563224, -4.769328746619089, -0.00015917679193783174
-2.3548633263689465, -4.768623400833919, -0.00015906492983014386
-2.364689388282869, -4.767821638855131, -0.00016002206544540876
-2.37450786573141, -4.766926062462984, -0.00016024553282456555
-2.3843138908212853, -4.7659292427321205, -0.00016044067405796003
-2.3941115347152064, -4.764840776255841, -0.00016031993598941696
-2.4038958076899277, -4.763656672108218, -0.00016113120188487873
-2.4136723037784744, -4.762381238574812, -0.0001582691036033368
-2.4234307411249008, -4.7610029754285845, -0.00015821441509522582
-2.433172894727456, -4.759527854811858, -0.00015927679166705122
-2.4429011192440617, -4.757958695181335, -0.00015960400561398913
-2.452610002288316, -4.756288505885727, -0.00015990034059837344
-2.4623042889204156, -4.754526782849354, -0.00015989686536316272
-2.47197867903721, -4.752669976322464, -0.00016083050226939344
-2.481638910616465, -4.750721641690942, -0.00015809128344357326
-2.491274156022576, -4.748671153713666, -0.00015817089722264255
-2.50088653689283, -4.746524876321856, -0.0001594295981066085
-2.5104789877891562, -4.744284843675626, -0.00015958105382540833
-2.5200439821203258, -4.7419455692721355, -0.00016028487777214329
-2.529588626494407, -4.739515419443022, -0.00016043400859677703
-2.5391111069684618, -4.736995852102517, -0.00015858338794949578
-2.5485994900592783, -4.734370899715997, -0.00016179956469236645
-2.558067967590112, -4.731660887561146, -0.00016029311959575576
-2.567506923745363, -4.728853629038883, -0.00016056750299292544
-2.5769168112250918, -4.725952195988431, -0.0001608666441029749
-2.586296003938929, -4.7229571480171195, -0.00016145971180531182
-2.5956398198067414, -4.719865691483521, -0.00016292966566688882
-2.6049622095320246, -4.716689684989574, -0.0001603458867577845
-2.6142474655442127, -4.713416551354376, -0.0001607218038869873
-2.623498839429734, -4.71005079185486, -0.00016120630772603617
-2.6327115906271166, -4.706590823280814, -0.00016305076910411165
-2.6418870503531675, -4.70303282471352, -0.00016396431569887238
-2.651032054931985, -4.699392862884518, -0.0001627014830409279
-2.6601300194260626, -4.695653299527744, -0.00016551255365032658
-2.669203686345717, -4.691832741602551, -0.0001631267517673285
-2.6782243652779165, -4.6879108854868266, -0.00016547529763843993
-2.6872170183642736, -4.683908876794611, -0.0001639684441710476
-2.696154150752096, -4.679803090698639, -0.00016650468859241707
-2.7050526128868273, -4.675612619916149, -0.00016701807432756288
-2.71391287719031, -4.671336315607368, -0.00016686348946715057
-2.7227244025803747, -4.666967426343731, -0.0001674063146957505
-2.73149086539345, -4.662509646647558, -0.0001679352388451738
-2.7402042951345806, -4.65795567062915, -0.00016919645239527048
-2.7488788336875376, -4.65332155929916, -0.00016778561846125806
-2.7574988116680785, -4.648595012756647, -0.00016968158054331273
-2.766033264490938, -4.6438064811872435, -0.0001560031118714167
-2.7746416953111073, -4.638833869273395, -7.560531923972436e-05
-2.7832801639784814, -4.633645525813744, -8.180179392480724e-05
-2.7918425513153227, -4.628413838290806, -0.00011098651942931248
-2.8002610305391644, -4.6231686884862375, -0.0001080038915796111
-2.808653339343214, -4.6178267541323486, -0.00011122201852931113
-2.8169957209810987, -4.612404463096178, -0.00010707221734262973
-2.825282546787748, -4.606898574740145, -0.00011084913819997544
-2.8335064507667584, -4.601304800048911, -0.00010922788243189485
-2.8416895852003146, -4.595639739528588, -0.00011025225352012669
-2.8498031479693204, -4.58988452556882, -0.00010932837354571401
-2.8578633961296145, -4.584050359422348, -0.00011269034765137853
-2.8658686307172134, -4.5781392369313165, -0.000108580410773218
-2.8738129563624386, -4.57214732956113, -0.00011232188568022217
-2.8816890813552063, -4.566070676343413, -0.00011073798037830596
-2.8895196869121533, -4.559924713586553, -0.0001117226507877378
-2.8972753586136957, -4.553692333838724, -0.00011083836737468822
-2.9049726682661516, -4.547383963811485, -0.00011415595846364646
-2.9126103745789824, -4.541001579612674, -0.00011007780389599153
-2.9201819964772295, -4.534541878002297, -0.00011375182607603618
-2.927680422773252, -4.528001211159505, -0.00011219493340874909
-2.9351287771421193, -4.521393794143808, -0.00011311376682671126
-2.94249705872413, -4.514704180571702, -0.00011225472355963495
-2.9498020590203744, -4.507941964948121, -0.00011550760173811847
-2.9570429990785687, -4.5011090324916525, -0.00011145106854254516
-2.9642128285446003, -4.494202632126603, -0.00011503483958041905
-2.9713046500313274, -4.48721942876354, -0.00011349448118946892
-2.9783419644461673, -4.480172375616934, -0.00011432781806175463
-2.985294275039789, -4.473047717565798, -0.00011347957197999081
-2.992178575730961, -4.4658542382564494, -0.00011665068436450543
-2.9989945306053083, -4.4585936860988244, -0.00011260547047464708
-3.0057345609625816, -4.451263889472339, -0.00011608242789951095
-3.0123920034316116, -4.443861835402029, -0.00011454690694845393
-3.0189906862346327, -4.436399173940872, -0.00011528067686844556
-3.0254996859418, -4.428863872907829, -0.00011442916345555387
-3.031936193102333, -4.421263908271506, -0.00011750686970296575
-3.0383002765203906, -4.4136008595938865, -0.00011346205248896624
-3.0445838985748455, -4.4058731615034565, -0.00011682155429160179
-3.0507806337913346, -4.398078141603551, -0.00011527889111406786
-3.0569145994132874, -4.390226098277513, -0.0001159050354055946
-3.062954506533892, -4.382306759008435, -0.00011503709651672356
-3.068917747659622, -4.374327276112125, -0.00011801522274390575
-3.074804737194138, -4.366289038744551, -0.00011396050938744517
-3.080607062662382, -4.35819109778284, -0.00011719889594091759
-3.08631852622322, -4.350031142998302, -0.00011563765050071062
-3.0919635050419823, -4.341818072100495, -0.00011615481724869259
-3.0975104014311023, -4.333543423069901, -0.00011525947277896131
-3.102976830702831, -4.325213493491223, -0.00011813779404090674
-3.1083634855238027, -4.316829481239053, -0.00011406414403147824
-3.11366167539878, -4.308391047480073, -0.00011718511568514778
-3.1188653977513816, -4.299896259763484, -0.00011559669461091993
-3.1239992520528395, -4.291352536657313, -0.0001160108102338242
-3.1290313757269104, -4.282753271583929, -0.00011508037628421564
-3.13397962397833, -4.274103853866517, -0.00011786593233070741
-3.1388448921194825, -4.26540530392873, -0.00011376642706689699
-3.1436183176289996, -4.25665787883314, -0.00011678072558080066
-3.1482940747436734, -4.247860058992486, -0.00011515653583910046
-3.152896969497977, -4.239017739049522, -0.00011548098792008021
-3.1573949367042826, -4.230126232942711, -0.00011451052517541527
-3.1618061002186644, -4.221189967770705, -0.00011721517673041193
-3.166131482787912, -4.212209827586, -0.00011308430730927466
-3.1703621603419796, -4.203186632477921, -0.0001160097673542082
-3.1740754965481868, -4.19399412398723, -0.00011092810132495856
-3.1775652668406633, -4.184740592173591, -0.00011174205809971749
-3.1809846472835237, -4.175486884260874, -0.0001098118419151084
-3.184389151793822, -4.1662160962259245, -0.00011180099287538825
-3.1877739417057205, -4.156934312586582, -0.00010967336150730089
-3.1911623267873637, -4.1476471770892545, -0.00010946315769805315
-3.1945263362021503, -4.1383535264872515, -0.00010830189221849862
-3.1978840947510845, -4.129054610902301, -0.00011058592063206696
-3.201239865478433, -4.119753902445243, -0.00010647485949522029
-3.204584467876056, -4.11044955886686, -0.00010910379610129528
-3.2079148144689067, -4.101141946499611, -0.00010754796803208455
-3.2112556144386786, -4.091832957182244, -0.00010771520696017944
-3.214577231896672, -4.082521253707841, -0.0001068179485903542
-3.2178972460889055, -4.073206686100228, -0.0001093634090129636
-3.2212191140636675, -4.0638926475979895, -0.00010545923421728665
-3.2245332040661636, -4.054576458344911, -0.00010825751777693293
-3.227835614208067, -4.045258500674068, -0.00010690122077722242
-3.231151123875884, -4.035940031507459, -0.00010716198421723
-3.2344492926765587, -4.026619838658435, -0.0001063330588856326
-3.237747514963003, -4.017297342165327, -0.00010895953240047662
-3.24104893348099, -4.007976002326662, -0.0001051154134264487
-3.2443437324615694, -3.9986528998974253, -0.00010796704848164973
-3.247627719275694, -3.989328473890517, -0.00010667207344283725
-3.2512057819140145, -3.9800752356065976, -0.00011049801599943843
-3.255115159670581, -3.9709194594753843, -0.0001103193960586557
-3.2590357642794197, -3.9617286478949554, -0.00010871341386697875
-3.262903235098218, -3.9525086520386834, -0.00010921201353841781
-3.266121838602449, -3.943021959272364, -0.00010744245372529271
-3.2693074500430064, -3.9335920673147955, -0.00010775817386876607
-3.272895795753343, -3.9243144909146572, -0.00011016113736150857
-3.279904792788212, -3.9056360158785104, -0.00011214769779221978
-3.283215711556787, -3.896237084194344, -0.00011074042918335358
-3.286456487765541, -3.8868050192263306, -0.00011122361012433357
-3.2895912482322522, -3.8773427625644, -0.0001104332425351795
-3.2921566605428723, -3.8677171824498466, -0.00011109443628426474
-3.294675321712476, -3.858106618937209, -0.00010765449891853018
-3.2976391657368187, -3.848605607985819, -0.00010985459447049317
-3.3005572005146036, -3.8390727218549263, -0.0001100767191251073
-3.303319274969935, -3.8294989034842253, -0.00011045835112288849
-3.30598570264872, -3.8198972657473913, -0.00010942017190990194
-3.3085629363951545, -3.810269178324916, -0.00011220557029995026
-3.310573110836467, -3.800548389376258, -0.00011055007325327937
-3.312339128747498, -3.7908104885158607, -0.0001058044139911618
-3.3141307065294447, -3.7811146479286144, -0.00010682836392678086
-3.3158759577608827, -3.771393728016504, -0.00010597777657445073
-3.317592840789091, -3.761664468618859, -0.00010461166208397543
-3.3193018614080474, -3.7519304051841953, -0.00010697384902308427
-3.3210076085449547, -3.742194633439929, -0.00010270654460220463
-3.3227015629274996, -3.7324563209922674, -0.00010544358384190211
-3.324380604478125, -3.722717483428022, -0.00010372046892037634
-3.326065086281131, -3.712995220979723, -9.578765457235461e-05
-3.3277364174371407, -3.703235817837347, -7.458576948893292e-05
-3.329404209933504, -3.69338729208112, -7.599434433164243e-05
-3.331072496591774, -3.683566432157578, -7.420342064695662e-05
-3.3327302327248454, -3.6737454622117385, -7.488910519631853e-05
-3.334383443218074, -3.6639231961646073, -7.536988113404641e-05
-3.3360462624578235, -3.6540997134761275, -7.358195564860504e-05
-3.337698510818958, -3.644275938881475, -7.437653731967586e-05
-3.3393465461701415, -3.6344513242841927, -7.495813673658036e-05
-3.341004575562786, -3.6246257995859668, -7.324078293158287e-05
-3.3426523192795066, -3.6148002508495303, -7.409129541163795e-05
-3.3442960706114007, -3.604974085815466, -7.472763360510948e-05
-3.345950033365571, -3.5951471802070807, -7.304853841316739e-05
-3.3475938713409543, -3.5853204004817614, -7.392955012425206e-05
-3.3492338411277602, -3.5754931286318192, -7.459593334258052e-05
-3.3508841441702155, -3.565665208592732, -7.293795584523144e-05
-3.3525244136012615, -3.555837498968642, -7.383571415459089e-05
-3.3541608865746144, -3.546009366908437, -7.451865283225612e-05
-3.3558077631515166, -3.5361806366002995, -7.287236775765926e-05
-3.3574446589924305, -3.526352165151418, -7.377938450725541e-05
-3.3590777996202283, -3.5165233108715417, -7.447154247736121e-05
-3.360721384162367, -3.506693884826777, -7.283177731537416e-05
-3.3623550185546103, -3.4968647461101128, -7.374392483761039e-05
-3.3639849217216797, -3.48703524747764, -7.444123754907217e-05
-3.365625292256919, -3.47720519052665, -7.280512545354556e-05
-3.3672557307195246, -3.4673754382503965, -7.372011338296902e-05
-3.3688824522644087, -3.457545339671541, -7.44203191884174e-05
-3.3705196551794683, -3.447714688955329, -7.278626461704185e-05
-3.372146937085128, -3.4378843540510973, -7.370281746726937e-05
-3.373770510953365, -3.4280536812616527, -7.440465475044844e-05
-3.375404574895926, -3.418222458460821, -7.277176757158887e-05
-3.3770287249609376, -3.4083915591361804, -7.368917357897242e-05
-3.378649172826887, -3.398560327437209, -7.439193755787166e-05
-3.380280116501908, -3.388728545587989, -7.275972049036739e-05
-3.3819011512278836, -3.378897092933603, -7.367758201975994e-05
-3.383518487888018, -3.369065311787913, -7.4380878651914e-05
-3.3851463244272297, -3.3592329790884303, -7.274905365556306e-05
-3.3867642557108293, -3.3494009802105733, -7.366714843587419e-05
-3.3883784921056463, -3.3395686558114788, -7.43707573011565e-05
-3.39031036602068, -3.3297521265042196, -7.575692054873073e-05
-3.3926272352818687, -3.3199786579273334, -7.779911032901321e-05
-3.3949558182207844, -3.3100265629853802, -0.0001593880905461642
-3.396497166041822, -3.3004719162611282, -9.607693265728523e-05
-3.397845079050838, -3.290537334553628, -7.238407564341687e-05
-3.3992951123165733, -3.280682343116065, -7.360390368710279e-05
-3.4007536739348483, -3.2708474490948385, -7.324447890455499e-05
-3.402211951137358, -3.2610115938516753, -7.29015183746351e-05
-3.4036688254481784, -3.2511745381708255, -7.262234466537398e-05
-3.405124389047875, -3.2413365428499565, -7.239509974926728e-05
-3.4065789000981734, -3.231497798759968, -7.220968165538855e-05
-3.408032606498428, -3.221658454799735, -7.205814094579654e-05
-3.409485720988249, -3.211818631222887, -7.193413300754514e-05
-3.4109384219822796, -3.201978426086479, -7.183255960996338e-05
-3.412390858203535, -3.1921379196171085, -7.174930685588388e-05
-3.413843153337448, -3.1822971775751263, -7.168104381732876e-05
-3.4152954101118724, -3.1724562539384307, -7.16250654357875e-05
-3.416747713768751, -3.162615193065305, -7.157916909411588e-05
-3.4182001349897067, -3.1527740314451953, -7.154155711319721e-05
-3.4196527323496158, -3.1429327991203113, -7.151075933603535e-05
-3.421105554367926, -3.1330915208429464, -7.148557135905342e-05
-3.4225586412197293, -3.12325021701977, -7.146500502125397e-05
-3.424012026160501, -3.113408904483837, -7.144824855237486e-05
-3.4254657367107852, -3.103567597126863, -7.143463437209174e-05
-3.4269197956401802, -3.0937263064178158, -7.14236129820689e-05
-3.4283742217839435, -3.0838850418288075, -7.141473173788437e-05
-3.4298290307202044, -3.0740438111852653, -7.140761754031999e-05
-3.4312842353312294, -3.064202620954087, -7.1401962693729e-05
-3.432739846268445, -3.0543614764809504, -7.139751332918554e-05
-3.4341958723375186, -3.0445203821858935, -7.139405991091197e-05
-3.4356523208171827, -3.0346793417245803, -7.139142944129206e-05
-3.437109197723115, -3.0248383581213307, -7.13894790537184e-05
-3.4385665080263164, -3.0149974338789147, -7.138809073953256e-05
-3.4400242558337877, -3.0051565710691746, -7.138716700538783e-05
-3.44148244453801, -2.9953157714078773, -7.138662729611056e-05
-3.4429410769405853, -2.9854750363165152, -7.13864050427282e-05
-3.4444001553545047, -2.9756343669733742, -7.138644522963755e-05
-3.4458596816887352, -2.9657937643557184, -7.138670238493461e-05
-3.4473196575181615, -2.9559532292746553, -7.138713892307358e-05
-3.4487800841414376, -2.9461127624039363, -7.13877237748517e-05
-3.450240962628818, -2.936272364303765, -7.138843125620298e-05
-3.4517022938617123, -2.926432035440488, -7.138924013483372e-05
-3.4531640785653908, -2.9165917762028495, -7.139013285728524e-05
-3.4546263173360243, -2.9067515869154343, -7.139109491127726e-05
-3.4560890106630526, -2.8969114678497987, -7.139211429901815e-05
-3.4575521589476677, -2.887071419233644, -7.139318110055415e-05
-3.4590157625180957, -2.877231441258419, -7.139428711455675e-05
-3.4604798216422425, -2.8673915340855936, -7.139542556000578e-05
-3.4619443365381417, -2.857551697851861, -7.139659083044148e-05
-3.463409307382589, -2.847711932673427, -7.139777829034966e-05
-3.464874734318295, -2.8378722386495463, -7.139898410685186e-05
-3.4663406174597826, -2.8280326158654767, -7.1400205110983e-05
-3.467806956898271, -2.818193064394888, -7.140143868233917e-05
-3.469273752705719, -2.808353584301878, -7.140268265481975e-05
-3.4707410049381564, -2.7985141756426244, -7.140393523674682e-05
-3.4722087136384423, -2.7886748384667595, -7.140519494719388e-05
-3.4739121943061306, -2.7788407192360047, -7.184909657109717e-05
-3.4756113328071425, -2.768979404180698, -7.3708336255085e-05
-3.476892426865972, -2.759096912658029, -7.418004660009192e-05
-3.478150308222678, -2.749216053787647, -7.445464815747371e-05
-3.479418548596853, -2.7393309802657666, -7.262937022822769e-05
-3.4806762484953953, -2.729445823268436, -7.339175185305802e-05
-3.4819298271831607, -2.719559915387805, -7.395012849664706e-05
-3.4831934932321857, -2.7096726041867303, -7.221998846473898e-05
-3.484447040994907, -2.6997855858250572, -7.305062554252562e-05
-3.4856967636586775, -2.6898980995729858, -7.367651362560901e-05
-3.486956859716902, -2.680009427083326, -7.199289158016375e-05
-3.488207049968431, -2.670121236647334, -7.286034826853305e-05
-3.4894535802945374, -2.660232735631442, -7.352297856749734e-05
-3.490710644906858, -2.6503431660606656, -7.186473777681668e-05
-3.4919579229197324, -2.640454183650188, -7.27523457492163e-05
-3.4932016337758878, -2.6305649779931954, -7.343508208590421e-05
-3.4944559701971225, -2.6206747678995628, -7.179083515213014e-05
-3.4960008305667944, -2.6108144678805836, -7.503164298150455e-05
-3.49794658377576, -2.6009593954502934, -7.67027360346062e-05
-3.499910639098287, -2.591074970171581, -7.242811450192121e-05
-3.5011680156769454, -2.5811212635343415, -7.827089077655502e-05
-3.5021187704502825, -2.571174890107378, -7.643834302351049e-05
-3.503193229251608, -2.561291628370374, -7.638452786035144e-05
-3.5042840707041973, -2.5514095496133424, -7.601867392270645e-05
-3.5053753417260785, -2.541525849795301, -7.571590811566997e-05
-3.5064646970315954, -2.531641041573021, -7.547070497515573e-05
-3.5075520137427247, -2.521755383697751, -7.52711946097051e-05
-3.5086375036380315, -2.5118690358479134, -7.510834246066134e-05
-3.509721396867686, -2.5019821178296846, -7.49750856547382e-05
-3.5108038939976556, -2.492094725011531, -7.486581388438385e-05
-3.5118851631484462, -2.482206934516495, -7.477603878408567e-05
-3.5129653440511945, -2.4723188090554826, -7.470215239352429e-05
-3.514044552574178, -2.4624303997733437, -7.464124293948826e-05
-3.515122884711451, -2.452541748474696, -7.45909523178212e-05
-3.516200419951164, -2.4426528893922974, -7.4549364972476e-05
-3.5172772240904115, -2.4327638506020386, -7.451492069354693e-05
-3.5183533515790213, -2.4228746551607, -7.44863457702305e-05
-3.5194288474674367, -2.412985322024516, -7.446259832805113e-05
-3.5205037490235793, -2.4030958667933606, -7.444282469509789e-05
-3.521578087073731, -2.393206302315519, -7.44263244086274e-05
-3.5226518871137724, -2.3833166391804474, -7.441252202589066e-05
-3.5237251702296595, -2.37342688612119, -7.440094433169842e-05
-3.524797953859518, -2.363537050343654, -7.439120184743464e-05
-3.5258702524244487, -2.353647137796471, -7.438297378598024e-05
-3.5269420778505096, -2.3437571533924904, -7.437599578064003e-05
-3.5280134400005676, -2.333867101190765, -7.437004985338946e-05
-3.529084347031513, -2.3239769845462503, -7.436495620205541e-05
-3.5301548056897114, -2.31408680623302, -7.436056646309419e-05
-3.5312248215553437, -2.304196568545773, -7.435675818001641e-05
-3.5322943992444453, -2.294306273383492, -7.435343025574692e-05
-3.5333635425759784, -2.2844159223184346, -7.435049921061809e-05
-3.5344322547099627, -2.274525516653045, -7.434789610116788e-05
-3.535500538261681, -2.26463505746692, -7.434556398172587e-05
-3.536568395396098, -2.25474454565557, -7.434345581069923e-05
-3.5376358279059175, -2.2448539819624296, -7.434153272461996e-05
-3.5387028372761216, -2.2349633670052946, -7.433976261461694e-05
-3.5397694247373095, -2.225072701298136, -7.433811894957953e-05
-3.540835591309804, -2.2151819852691497, -7.433657980698838e-05
-3.5419013378401014, -2.2052912192756393, -7.433512707161194e-05
-3.542966665031014, -2.1954004036163313, -7.433374577331398e-05
-3.5440315734665853, -2.185509538541536, -7.433242354054626e-05
-3.5450960636326685, -2.1756186242615634, -7.433115014965352e-05
-3.546160135933963, -2.165727660953653, -7.432991715133896e-05
-3.5472237907080846, -2.155836648767713, -7.432871756279935e-05
-3.548287028237191, -2.1459455878310716, -7.432754561298438e-05
-3.5493498487576027, -2.1360544782523863, -7.432639653204287e-05
-3.5504122524677477, -2.126163320124887, -7.432526637835002e-05
-3.551474239534733, -2.116272113529048, -7.432415189362329e-05
-3.5525358100997786, -2.106380858534804, -7.432305038562736e-05
-3.5535969642826992, -2.0964895552033793, -7.432195962842059e-05
-3.55465770218562, -2.086598203588795, -7.432087778302954e-05
-3.5557180238960435, -2.0767068037391194, -7.431980332922583e-05
-3.5567779294893853, -2.0668153556975017, -7.431873501051456e-05
-3.557837419031066, -2.0569238595030233, -7.431767178817106e-05
-3.5588964925782527, -2.047032315191403, -7.4316612804326e-05
-3.5599551501812825, -2.037140722795578, -7.431555734938033e-05
-3.5610133918848463, -2.0272490823461946, -7.431450483702529e-05
-3.5620712177289744, -2.017357393871996, -7.431345478275952e-05
-3.563128627749839, -2.00746565740015, -7.431240678590356e-05
-3.5641856219804233, -1.997573872956534, -7.431136051561094e-05
-3.5652422004510798, -1.9876820405659457, -7.431031569815616e-05
-3.56629836318998, -1.977790160252298, -7.430927210744231e-05
-3.5673541102234956, -1.9678982320387703, -7.430822955650784e-05
-3.568409441576508, -1.9580062559479314, -7.430718789108726e-05
-3.5694643572726736, -1.9481142320018496, -7.430614698317184e-05
-3.5705188573346285, -1.938222160222178, -7.430510672762347e-05
-3.5715729417841637, -1.9283300406302246, -7.430406703673453e-05
-3.5726266106423834, -1.9184378732470122, -7.430302783889564e-05
-3.573679863929813, -1.9085456580933302, -7.430198907421026e-05
-3.574732701666503, -1.89865339518977, -7.430095069338449e-05
-3.5757851238721123, -1.8887610845567622, -7.429991265606173e-05
-3.576837130565974, -1.8788687262146018, -7.429887492843568e-05
-3.5778887217671556, -1.8689763201834746, -7.42978374824732e-05
-3.5789398974944993, -1.8590838664834728, -7.429680029547026e-05
-3.5799906577666647, -1.8491913651346108, -7.429576334833099e-05
-3.5810410026021624, -1.8392988161568415, -7.429472662529024e-05
-3.5820909320193723, -1.8294062195700613, -7.429369011358045e-05
-3.5831404460365763, -1.8195135753941238, -7.429265380209937e-05
-3.5841895446719674, -1.8096208836488452, -7.429161768235382e-05
-3.585238227943667, -1.799728144354011, -7.429058174673875e-05
-3.5862864958697394, -1.7898353575293784, -7.428954598936999e-05
-3.5873343484682003, -1.779942523194685, -7.42885104051405e-05
-3.588381785757025, -1.7700496413696494, -7.428747499016453e-05
-3.589428807754155, -1.7601567120739725, -7.428643974061178e-05
-3.5904754144775053, -1.750263735327342, -7.428540465392874e-05
-3.5915216059449655, -1.740370711149435, -7.428436972778396e-05
-3.5925673821744097, -1.7304776395599182, -7.4283334960068e-05
-3.5936127431836944, -1.7205845205784496, -7.428230034917105e-05
-3.5946576889906634, -1.7106913542246787, -7.428126589392736e-05
-3.595702219613151, -1.7007981405182477, -7.428023159322672e-05
-3.5967463350689797, -1.690904879478796, -7.427919744601441e-05
-3.5977900353759624, -1.6810115711259543, -7.427816345190186e-05
-3.5988333205519156, -1.6711182154793491, -7.427712960977884e-05
-3.5998761906146424, -1.6612248125586029, -7.42760959194233e-05
-3.6009186455819435, -1.6513313623833328, -7.427506238028014e-05
-3.6019606854716164, -1.6414378649731542, -7.427402899223834e-05
-3.6030023103014543, -1.631544320347679, -7.427299575474278e-05
-3.6040435200892524, -1.6216507285265114, -7.427196266762692e-05
-3.605084314852794, -1.6117570895292572, -7.427092973077976e-05
-3.606124694609871, -1.6018634033755161, -7.426989694392372e-05
-3.6071646593782662, -1.5919696700848869, -7.42688643070033e-05
-3.608204209175767, -1.5820758896769624, -7.426783181974095e-05
-3.609243344020158, -1.5721820621713367, -7.426679948224768e-05
-3.610282063929218, -1.5622881875875962, -7.426576729430145e-05
-3.6113203689207314, -1.5523942659453296, -7.426473525590227e-05
-3.6123582590124776, -1.5425002972641184, -7.426370336710564e-05
-3.613395734222238, -1.5326062815635446, -7.426267162757849e-05
-3.614432794567788, -1.5227122188631856, -7.426164003754288e-05
-3.6154694400669123, -1.5128181091826176, -7.426060859677674e-05
-3.6165056707373844, -1.502923952541413, -7.425957730533561e-05
-3.6175414865969855, -1.4930297489591418, -7.42585461633305e-05
-3.6185768876634907, -1.4831354984553715, -7.425751517053936e-05
-3.6196118739546774, -1.4732412010496676, -7.425648432696219e-05
-3.6206464454883247, -1.4633468567615937, -7.425545363271002e-05
-3.6216806022822063, -1.4534524656107073, -7.42544230875608e-05
-3.6227143443540983, -1.4435580276165676, -7.425339269168107e-05
-3.6237476717217785, -1.433663542798729, -7.425236244501532e-05
-3.62478058440302, -1.4237690111767456, -7.425133234756354e-05
-3.6258130824155983, -1.4138744327701642, -7.425030239932573e-05
-3.626845165777286, -1.4039798075985337, -7.42492726003019e-05
-3.627876834505859, -1.3940851356813988, -7.424824295021448e-05
-3.628908088619091, -1.3841904170383013, -7.424721344950758e-05
-3.629938928134759, -1.3742956516887816, -7.424618409790362e-05
-3.6309693530706317, -1.3644008396523761, -7.424515489540262e-05
-3.6319993634444834, -1.3545059809486202, -7.42441258421711e-05
-3.6330289592740868, -1.3446110755970455, -7.424309693793152e-05
-3.634058140577215, -1.3347161236171812, -7.424206818296142e-05
-3.635086907371642, -1.3248211250285555, -7.424103957703876e-05
-3.6361152596751354, -1.3149260798506925, -7.424001112027456e-05
-3.6371431975054684, -1.3050309881031132, -7.423898281244679e-05
-3.638416122712764, -1.2951283880796893, -7.456411148892839e-05
-3.6400296608513503, -1.2852061514447572, -7.596819908822772e-05
-3.641649836551056, -1.2752577527840718, -7.10915217845276e-05
-3.6425575649559154, -1.2652751975328367, -7.704459174412426e-05
-3.6431803363155835, -1.255305558250778, -7.567804320718352e-05
-3.6439135221445427, -1.245388064573837, -7.55569825441893e-05
-3.6446605896353437, -1.2354714134963394, -7.518952921614641e-05
-3.64540745587731, -1.2255532431345668, -7.488427079432869e-05
-3.6461521551005167, -1.2156339747124436, -7.463723686590429e-05
-3.6468946596894867, -1.2057138526534463, -7.44367838919624e-05
-3.6476352200043984, -1.1957930388623237, -7.427362290690631e-05
-3.648374090836751, -1.185871657052544, -7.414045089587651e-05
-3.6491114918143883, -1.1759498058512856, -7.403149002183085e-05
-3.6498476065688963, -1.1660275648501857, -7.39421433377796e-05
-3.6505825875954776, -1.1561049986030492, -7.386873496278978e-05
-3.651316561290268, -1.146182159634698, -7.380831208186889e-05
-3.6520496323349083, -1.1362590907905936, -7.375849298363324e-05
-3.652781887387629, -1.1263358270950061, -7.371734962796639e-05
-3.6535133981638577, -1.1164123972307123, -7.368331627455316e-05
-3.65424422399916, -1.1064888247235283, -7.365511790641266e-05
-3.654974413977815, -1.0965651288949103, -7.363171379470845e-05
-3.655704008698651, -1.0866413256310905, -7.361225273488925e-05
-3.6564330417387474, -1.0767174280062808, -7.359603734102826e-05
-3.6571615408659586, -1.0667934467891835, -7.35824954225528e-05
-3.657889529042905, -1.0568693908557347, -7.357115693817917e-05
-3.6586170252579815, -1.046945267526221, -7.356163536431648e-05
-3.6593440452130124, -1.0370210828411353, -7.355361258415405e-05
-3.6600706018921647, -1.027096841787299, -7.354682659360678e-05
-3.6607967060325213, -1.0171725484834495, -7.35410614752241e-05
-3.6615223665132848, -1.0072482063327501, -7.353613920341173e-05
-3.662247590677638, -0.9973238181482381, -7.353191293363315e-05
-3.662972384598883, -0.9873993862560916, -7.352826149986669e-05
-3.6636967533005134, -0.9774749125807026, -7.35250848962199e-05
-3.664420700938145, -0.9675503987147944, -7.352230056117959e-05
-3.665144230949961, -0.9576258459772452, -7.351984032216707e-05
-3.665867346181069, -0.9477012554607879, -7.351764787832948e-05
-3.666590048986302, -0.9377766280713743, -7.351567672725379e-05
-3.667312341315226, -0.9278519645606692, -7.351388845489026e-05
-3.668034224782398, -0.917927265552877, -7.351225132645745e-05
-3.6687557007254425, -0.9080025315668937, -7.351073912242878e-05
-3.6694767702530755, -0.8980777630346067, -7.350933017918893e-05
-3.670197434284787, -0.8881529603160062, -7.350800659589041e-05
-3.670917693583649, -0.8782281237116729, -7.350675358092085e-05
-3.6716375487834454, -0.8683032534730906, -7.35055589110023e-05
-3.67235700041108, -0.8583783498111701, -7.350441248493711e-05
-3.6730760489051164, -0.8484534129032933, -7.350330595523591e-05
-3.673794694631089, -0.8385284428991302, -7.350223242325038e-05
-3.6745129378941734, -0.828603439925449, -7.35011861880408e-05
-3.6752307789496474, -0.8186784040900889, -7.350016253743208e-05
-3.6759482180115426, -0.8087533354852444, -7.349915757765002e-05
-3.6766652552598, -0.7988282341901816, -7.349816809021359e-05
-3.677381890846177, -0.7889031002734787, -7.349719141569455e-05
-3.6780981248991416, -0.7789779337948807, -7.349622535557376e-05
-3.6788139575279, -0.7690527348068322, -7.349526809302676e-05
-3.6795293888257476, -0.759127503355743, -7.349431812664342e-05
-3.6802444188728187, -0.7492022394830338, -7.349337421530544e-05
-3.680959047738377, -0.7392769432260031, -7.34924353334443e-05
-3.681673275482691, -0.7293516146185416, -7.349150063323817e-05
-3.6823871021586054, -0.7194262536917215, -7.349056941413634e-05
-3.683100527812813, -0.709500860474287, -7.348964109704648e-05
-3.6838135524869364, -0.6995754349930563, -7.348871520335143e-05
-3.6845261762184016, -0.6896499772732556, -7.348779133747874e-05
-3.6852383990411615, -0.6797244873387966, -7.348686917263425e-05
-3.6859502209863004, -0.6697989652125014, -7.348594843836764e-05
-3.6866616420825356, -0.6598734109162921, -7.348502891146858e-05
-3.6873726623566223, -0.6499478244713485, -7.348411040747349e-05
-3.6880832818336966, -0.6400222058982339, -7.348319277378224e-05
-3.688793500537555, -0.6300965552170019, -7.348227588427347e-05
-3.689503318490887, -0.6201708724472869, -7.348135963464175e-05
-3.6902127357154675, -0.6102451576083732, -7.348044393884479e-05
-3.6909217522323163, -0.6003194107192568, -7.347952872566177e-05
-3.6916303680618228, -0.5903936317986952, -7.347861393658395e-05
-3.6923385832238598, -0.5804678208652488, -7.347769952242844e-05
-3.6930463977378793, -0.5705419779373136, -7.347678544317171e-05
-3.693753811622974, -0.5606161030331495, -7.347587166572911e-05
-3.694460824897946, -0.5506901961709039, -7.347495816262262e-05
-3.6951674375813544, -0.5407642573686311, -7.34740449112592e-05
-3.695873649691558, -0.5308382866443068, -7.34731318924875e-05
-3.6965794612467544, -0.5209122840158431, -7.347221909120849e-05
-3.6972848722649982, -0.5109862495010979, -7.347130649415501e-05
-3.697989882764235, -0.501060183117884, -7.347039409133505e-05
-3.698694492762314, -0.491134084883977, -7.346948187353375e-05
-3.699398702277013, -0.4812079548171209, -7.346856983347916e-05
-3.7001025113260373, -0.4712817929350337, -7.346765796562016e-05
-3.7008059199270433, -0.4613555992554108, -7.346674626468319e-05
-3.7015089280976454, -0.45142937379592896, -7.346583472644941e-05
-3.702211535855417, -0.4415031165742494, -7.346492334792121e-05
-3.702913743217905, -0.4315768276080197, -7.346401212604547e-05
-3.703615550202626, -0.42165050691487543, -7.346310105854625e-05
-3.7043169568270824, -0.41172415451244304, -7.346219014353617e-05
-3.7050179631087548, -0.40179777041833936, -7.346127937929436e-05
-3.705718569065111, -0.39187135465017453, -7.346036876476614e-05
-3.706418774713607, -0.38194490722555174, -7.345945829867473e-05
-3.7071185800716844, -0.3720184281620677, -7.345854798018747e-05
-3.7078179851567836, -0.3620919174773148, -7.34576378084717e-05
-3.7085169899863337, -0.3521653751888804, -7.345672778302781e-05
-3.7092155945777563, -0.34223880131434736, -7.34558179033562e-05
-3.709913798948471, -0.33231219587129485, -7.345490816901279e-05
-3.710611603115893, -0.32238555887729764, -7.345399857955348e-05
-3.7113090070974337, -0.31245889034992813, -7.345308913470072e-05
-3.712006010910497, -0.3025321903067547, -7.345217983445451e-05
-3.712702614572492, -0.29260545876534305, -7.345127067831525e-05
-3.7133988181008184, -0.28267869574325594, -7.345036166622743e-05
-3.714094621512876, -0.2727519012580527, -7.344945279808002e-05
-3.7147900248260677, -0.2628250753272907, -7.344854407365098e-05
-3.7154850280577874, -0.2528982179685242, -7.344763549277378e-05
-3.7161796312254323, -0.24297132919930492, -7.344672705572597e-05
-3.7168738343463956, -0.23304440903718227, -7.344581876211898e-05
-3.717567637438073, -0.22311745749970288, -7.344491061200831e-05
-3.718261040517855, -0.2131904746044109, -7.344400260528294e-05
-3.7189540436031323, -0.2032634603688484, -7.344309474188737e-05
-3.719646646711296, -0.19333641481055477, -7.344218702198813e-05
-3.7203388498597367, -0.18340933794706696, -7.344127944519663e-05
-3.721030653065844, -0.17348222979591954, -7.344037201167941e-05
-3.721722056347002, -0.16355509037464505, -7.343946472160301e-05
-3.7224130597205987, -0.15362791970077316, -7.343855757457884e-05
-3.723103663204025, -0.14370071779183172, -7.343765057088447e-05
-3.7237938668146615, -0.13377348466534578, -7.343674371029785e-05
-3.7244836705698945, -0.12384622033883846, -7.34358369929855e-05
-3.7251730744871074, -0.11391892482983032, -7.343493041866989e-05
-3.725862078583686, -0.10399159815583968, -7.343402398757304e-05
-3.7265506828770114, -0.09406424033438254, -7.343311769958394e-05
-3.727238887384467, -0.08413685138297267, -7.34322115547581e-05
-3.7279266921234355, -0.0742094313191214, -7.34313055529845e-05
-3.728614097111296, -0.0642819801603378, -7.343039969437415e-05
-3.72930110236543, -0.05435449792412874, -7.342949397876053e-05
-3.7299877079032133, -0.04442698462799865, -7.342858840631017e-05
-3.7306739137420286, -0.03449944028944983, -7.342768297696756e-05
-3.731359719899255, -0.02457186492598216, -7.342677769051065e-05
-3.7320451263922703, -0.014644258555093121, -7.342587254710597e-05
-3.73273013323845, -0.004716621194278202, -7.342496754680905e-05
-3.733414740455171, 0.005211047138969713, -7.342406268956436e-05
-3.7340989480598084, 0.01513874642715983, -7.342315797520538e-05
-3.7347827560697393, 0.0250664766528037, -7.342225340389863e-05
-3.735466164502337, 0.034994237798415165, -7.342134897569963e-05
-3.7361491733749754, 0.04492202984651047, -7.342044469038633e-05
-3.736831782705029, 0.05484985277960784, -7.341954054806976e-05
-3.7375139925098666, 0.06477770658022815, -7.34186365486389e-05
-3.7381958028068656, 0.07470559123089429, -7.341773269214924e-05
-3.7388772136133954, 0.08463350671413175, -7.341682897882285e-05
-3.739558224946828, 0.09456145301246792, -7.341592540821562e-05
-3.740238836824532, 0.10448943010843273, -7.341502198066063e-05
-3.7409190492638764, 0.11441743798455847, -7.341411869588033e-05
-3.7415988622822307, 0.12434547662337939, -7.341321555420777e-05
-3.742278275896965, 0.13427354600743244, -7.341231255514336e-05
-3.7429572901254464, 0.14420164611925634, -7.341140969929771e-05
-3.743635904985041, 0.15412977694139265, -7.341050698606022e-05
-3.744314120493116, 0.1640579384563849, -7.340960441587496e-05
-3.7449919366670357, 0.17398613064677892, -7.34087019885199e-05
-3.7456693535241663, 0.18391435349512297, -7.340779970399502e-05
-3.7463463710818714, 0.19384260698396744, -7.340689756224483e-05
-3.747022989357516, 0.2037708910958649, -7.340599556343586e-05
-3.7476992083684646, 0.2136992058133706, -7.340509370740156e-05
-3.7483750281320773, 0.2236275511190417, -7.340419199425297e-05
-3.7490504486657166, 0.2335559269954378, -7.340329042387905e-05
-3.7497254699867444, 0.24348433342512096, -7.340238899627982e-05
-3.7504000921125225, 0.25341277039065513, -7.340148771139976e-05
-3.75107431506041, 0.2633412378746068, -7.340058656946091e-05
-3.7517481388477663, 0.27326973585954456, -7.339968557013021e-05
-3.7524215634919513, 0.2831982643280397, -7.33987847135742e-05
-3.7530945890103222, 0.29312682326266537, -7.339788399990388e-05
-3.7537672154202353, 0.30305541264599717, -7.339698342889722e-05
-3.7544394427390486, 0.31298403246061257, -7.339608300055422e-05
-3.7551112709841203, 0.3229126826890921, -7.339518271498591e-05
-3.7557827001728037, 0.33284136331401815, -7.339428257219227e-05
-3.756453730322454, 0.34277007431797535, -7.339338257217332e-05
-3.7571243614504266, 0.35269881568355055, -7.339248271476251e-05
-3.7577945935740757, 0.362627587393333, -7.339158299995985e-05
-3.758464426710752, 0.3725563894299145, -7.339068342787636e-05
-3.7591338608778115, 0.38248522177588845, -7.338978399856755e-05
-3.7598028960926038, 0.39241408441385106, -7.338888471175586e-05
-3.7604715323724807, 0.40234297732640106, -7.338798556760784e-05
-3.76113976973479, 0.41227190049613854, -7.338708656629e-05
-3.7618076081968863, 0.42220085390566686, -7.338618770735827e-05
-3.7624750477761157, 0.4321298375375909, -7.338528899114571e-05
-3.763142088489828, 0.4420588513745185, -7.338439041770783e-05
-3.7638087303553727, 0.45198789539905915, -7.338349198671157e-05
-3.7644749733900937, 0.4619169695938252, -7.338259369826794e-05
-3.765140817611341, 0.47184607394143024, -7.338169555243246e-05
-3.7658062630364597, 0.48177520842449156, -7.338079754920512e-05
-3.766471309682794, 0.49170437302562764, -7.337989968869696e-05
-3.76713595756769, 0.5016335677274596, -7.337900197051939e-05
-3.7678002067084915, 0.511562792512611, -7.337810439489445e-05
-3.7684640571225416, 0.5214920473637079, -7.337720696198868e-05
-3.769127508827184, 0.5314213322633777, -7.337630967158004e-05
-3.76979056183976, 0.5413506471942507, -7.337541252344648e-05
-3.770453216177611, 0.5512799921389596, -7.33745155180876e-05
-3.7711154718580797, 0.5612093670801388, -7.337361865511483e-05
-3.7717773288985046, 0.5711387720004262, -7.337272193480571e-05
-3.7724387873162275, 0.5810682068824603, -7.337182535671616e-05
-3.773099847128588, 0.5909976717088835, -7.337092892123476e-05
-3.7737605083529218, 0.6009271664623391, -7.337003262825048e-05
-3.7744207710065645, 0.610856691125473, -7.33691364775968e-05
-3.7750806351068573, 0.6207862456809344, -7.336824046949575e-05
-3.7757401006711353, 0.6307158301113736, -7.33673446037808e-05
-3.776399167716736, 0.6406454443994435, -7.336644888050747e-05
-3.7770578362609917, 0.6505750885277992, -7.336555329973127e-05
-3.777716106321236, 0.6605047624790984, -7.336465786123014e-05
-3.7777179108001815, 0.6705934452649561, -6.749439136216617e-05
-3.777512723974853, 0.6805791276532456, -6.800284636815368e-05
-3.7775316118095317, 0.6904572322721897, -6.903292823157159e-05
-3.777662717592602, 0.7003253871947807, -6.962130739712746e-05
-3.777890533746899, 0.7101895293929511, -7.007012116738709e-05
-3.7782135502790215, 0.7200491481481269, -7.04200922470033e-05
-3.778632337671182, 0.7299035359433398, -7.06800036302524e-05
-3.7791476714921224, 0.7397519998503457, -7.085964469283335e-05
-3.779760235935363, 0.7495938205101332, -7.096962368396964e-05
-3.7804705922079123, 0.7594282418136277, -7.102038819550849e-05
-3.781279189746951, 0.7692544710741672, -7.102167413131077e-05
-3.7821863822603663, 0.7790716820814854, -7.098224948559606e-05
-3.7831924422628145, 0.7888790189661994, -7.090983270124918e-05
-3.7847579121075685, 0.7986266756271485, -6.969666581768674e-05
-3.7871256146026453, 0.8083337357174712, -6.898173032982013e-05
-3.789629469418813, 0.8180919641716002, -7.009531362511812e-05
-3.7920898546309365, 0.8278774915499977, -7.172751658418575e-05
-3.7944729516025317, 0.8376837254607536, -7.319626734286766e-05
-3.796770525670439, 0.8475093644987998, -7.445304930153718e-05
-3.7988854176639806, 0.8574124067152207, -0.00017798023826098852
-3.800786896742317, 0.866944855136568, -0.00010382450291962497
-3.8026502685926746, 0.8768186748951101, -0.00010693189057547903
-3.804417462109867, 0.8866322421599049, -0.0001043058414783582
-3.8060933384149154, 0.8964574827614551, -0.00010755768200360061
-3.807669636604224, 0.9062954718377862, -0.00010619948081858066
-3.8091704195727543, 0.9161502803483361, -0.00010681513727134329
-3.8105623322916986, 0.9260149724253041, -0.00010592308295831465
-3.811863649460719, 0.9358926745478706, -0.00010881721511335485
-3.813074410745109, 0.9457819769616815, -0.00010473998397825257
-3.8141862032007854, 0.9556808136255336, -0.00010784224875576287
-3.8151927518480733, 0.9655870157964767, -0.00010614968167244054
-3.8161188936822286, 0.9755063996309287, -0.00010657371825945061
-3.816911426688636, 0.9854225530460172, -0.00010600010532779702
-3.8176348579204022, 0.9953502255548801, -0.00010615303542238497
-3.816989163086201, 1.0052052814976231, -9.178081994543064e-05
-3.816049520003, 1.0151008147684055, -7.431153033210514e-05
-3.8153948737719814, 1.0249594328756997, -7.365416709465e-05
-3.8148552633065957, 1.034817621937549, -7.24288590756017e-05
-3.814406684479706, 1.0446868912394318, -7.210348737252126e-05
-3.814047100912766, 1.0545610682620183, -7.233142821505556e-05
-3.8137777263506916, 1.0644368427625592, -7.301359084138648e-05
-3.8136000469679967, 1.0743112563015262, -7.35624739950369e-05
-3.8135155508110747, 1.0841842532503336, -7.39963439136404e-05
-3.813525489064981, 1.0940553623218523, -7.432445841076829e-05
-3.813630885818513, 1.1039240387548466, -7.455780456000483e-05
-3.8138325728348317, 1.1137896818801816, -7.470846386703478e-05
-3.814131221872936, 1.1236516365427864, -7.478841020042148e-05
-3.814527372214728, 1.1335091970221634, -7.480883943250527e-05
-3.8150214534303024, 1.1433616123573977, -7.477985759124506e-05
-3.815613803925371, 1.1532080920397458, -7.471037966644278e-05
-3.816549545839691, 1.1630336358816404, -7.390963018555352e-05
-3.8179270699205077, 1.172844025833345, -7.300148560579478e-05
-3.8194150780588165, 1.182669237363964, -7.217447808882671e-05
-3.8209289500315764, 1.1925011107577426, -7.21430337764506e-05
-3.822452520584639, 1.2023340704200742, -7.240902105820624e-05
-3.8239818983475025, 1.2121658140345828, -7.28964104839136e-05
-3.8255155356126824, 1.2219959301243617, -7.33164371329309e-05
-3.827052588468254, 1.2318247813007102, -7.36804327350904e-05
-3.8285923836402667, 1.2416525530948028, -7.399283646292165e-05
-3.830134366842314, 1.2514794098001019, -7.425875425237649e-05
-3.831678079932619, 1.2613054987634187, -7.44836605403032e-05
-3.8332231444308706, 1.271130949614311, -7.467293189988844e-05
-3.834769247928552, 1.2809558747459906, -7.483158265403356e-05
-3.8363161326883235, 1.2907803705797265, -7.496413926760814e-05
-3.837863586122124, 1.300604519182848, -7.507459910743863e-05
-3.8394114328839977, 1.3104283899860147, -7.516643811400492e-05
-3.840959528330166, 1.3202520414558854, -7.524264497471567e-05
-3.8425077531229195, 1.330075522647092, -7.530576792497135e-05
-3.8440560087839795, 1.339898874598676, -7.535796582058829e-05
-3.845604214032331, 1.349722131564762, -7.540105863523827e-05
-3.8471523017684874, 1.3595453220832794, -7.543657475295173e-05
-3.8487002165907476, 1.3693684698941155, -7.546579378631124e-05
-3.8502479127490448, 1.3791915947215503, -7.548978447852184e-05
-3.8517953524587125, 1.3890147129369295, -7.550943772449692e-05
-3.8533425045103638, 1.3988378381172168, -7.552549500788874e-05
-3.8548893431234776, 1.4086609815140132, -7.553857267977859e-05
-3.856435847000678, 1.418484152446226, -7.554918255175957e-05
-3.8579819985473223, 1.428307358628023, -7.5557749271149e-05
-3.859527783227357, 1.4381306064422226, -7.556462492636085e-05
-3.8604322162202904, 1.4481843186447327, -6.910859368441935e-05
-3.861126678808423, 1.458147205187158, -6.89637249913777e-05
-3.8620337918744503, 1.467977924391593, -6.894236892096561e-05
-3.8630517561376627, 1.477795662555669, -6.877385556525173e-05
-3.8641659315567787, 1.4876030356623056, -6.878153914335883e-05
-3.8653746976431176, 1.497398542321991, -6.880574448175913e-05
-3.866678575083433, 1.507181193581303, -6.886947348244687e-05
-3.8680782312423645, 1.5169496458088196, -6.902843615008702e-05
-3.8695741698610835, 1.526702568124281, -6.912673103787181e-05
-3.8711669236447244, 1.5364393086579562, -6.917815179491305e-05
-3.872856884555282, 1.54615906362289, -6.919081262207749e-05
-3.874644340495365, 1.5558609926699314, -6.917177220694404e-05
-3.8765294936710704, 1.565544229832379, -6.912731722374943e-05
-3.8785124751292632, 1.5752078918767969, -6.906459817263011e-05
-3.880593394727684, 1.5848511189629695, -6.909437407126573e-05
-3.882772107218784, 1.594472414390128, -6.913022512511358e-05
-3.8850485756424935, 1.6040708608551806, -6.916910172938273e-05
-3.887422712974386, 1.6136454839931635, -6.921206459209461e-05
-3.8898943940270283, 1.6231953009925806, -6.92596505895704e-05
-3.8924634629072323, 1.6327193291774806, -6.931225595890877e-05
-3.895129736958603, 1.6422165870205745, -6.937017567615333e-05
-3.8978930789842514, 1.651686218985087, -6.953451883079387e-05
-3.9007530062073807, 1.6611264083186605, -6.977214373427021e-05
-3.903709174910047, 1.670536003447365, -7.001636987197246e-05
-3.9067613119775952, 1.6799140572083426, -7.026820022038027e-05
-3.909909117789652, 1.689259599284528, -7.052726549150456e-05
-3.913152276532878, 1.6985716627653331, -7.079310549251705e-05
-3.91649045847036, 1.7078492861247134, -7.106527240985372e-05
-3.919923320919655, 1.7170915132655313, -7.134333483116428e-05
-3.9234505089299643, 1.7262973934269386, -7.162687434997261e-05
-3.927071655827809, 1.735465981102204, -7.191548204688036e-05
-3.930786383674081, 1.7445963359778511, -7.220875545776995e-05
-3.93459430365154, 1.7536875228920044, -7.250629602828518e-05
-3.9384950163955996, 1.7627386118088821, -7.280770699991113e-05
-3.942488112278435, 1.771748677806611, -7.31125916775266e-05
-3.946573171654537, 1.7807168010760175, -7.342055202869124e-05
-3.9507497650743817, 1.7896420669283934, -7.37311875815827e-05
-3.955017453471667, 1.798523565810579, -7.404409458472427e-05
-3.9593757883285696, 1.8073603933259599, -7.435886540463343e-05
-3.963824311822685, 1.816151650260225, -7.467508813352453e-05
-3.9683625569586103, 1.8248964426109167, -7.499234638674857e-05
-3.9729900476866264, 1.833593881619966, -7.531021927115189e-05
-3.9777062990104297, 1.8422430838085644, -7.562828150609047e-05
-3.9825108170855352, 1.8508431710138393, -7.594610368211185e-05
-3.9874030993096823, 1.8593932704268998, -7.626325264231681e-05
-3.992433606744451, 1.8679649824873283, -0.00010797788996325108
-3.997392432713645, 1.8762491633393787, -0.00012889938554044855
-4.002482526943908, 1.8845522917741457, -0.000140792202602269
-4.007602092831578, 1.8927300537664613, -0.00010657056690682731
-4.012879759085036, 1.9009510615987124, -0.000107403511796611
-4.01823640266516, 1.9091080698745455, -0.00010844176394864125
-4.0236747686305225, 1.9172056147358727, -0.00010809820204948917
-4.029199579196832, 1.9252501115266905, -0.00010900996444340727
-4.03480550580398, 1.9332348570743454, -0.00010865897348016906
-4.040496454209236, 1.9411649610150195, -0.00010955148113178659
-4.046267015076365, 1.9490337906156454, -0.00010920267694591868
-4.052121151210457, 1.9568462754169158, -0.0001100787077186749
-4.058053445634254, 1.96459595298883, -0.00010973035339428838
-4.064067925340439, 1.9722876008814443, -0.00011059090851184283
-4.070159141946429, 1.9799149159993301, -0.00011024098531298154
-4.076331184101555, 1.9874825371208305, -0.0001110866393059795
-4.082578552631458, 1.9949843107069003, -0.00011073297947350458
-4.0889053978417715, 2.0024247479421136, -0.00011156400176576264
-4.095306154474095, 2.00979783674533, -0.00011120431452554813
-4.1017850365397726, 2.0171079704197883, -0.00011202076206084932
-4.108336400139906, 2.024349271427894, -0.00011165267190793582
-4.114964526584979, 2.031526023728331, -0.00011245446531232828
-4.121663682571517, 2.0386324783042333, -0.0001120755532269535
-4.128438221478595, 2.0456728173214445, -0.00011286253738818086
-4.135282310993154, 2.052641414992468, -0.00011247038020001376
-4.142200382236603, 2.059542358377907, -0.00011324237170873275
-4.1491864950225565, 2.066370140278792, -0.0001128345779173312
-4.156245164586166, 2.0731287585465608, -0.00011359140207806151
-4.163370334476995, 2.079812820546038, -0.00011316564380697836
-4.170566610950034, 2.0864262400640134, -0.00011390716358894437
-4.177827813208625, 2.0929637356126043, -0.00011346120489108547
-4.185158645834602, 2.0994291413256625, -0.00011418734369950112
-4.192552795819047, 2.1058172840606177, -0.00011371906559820566
-4.200015073664067, 2.1121319219829693, -0.00011442982526699286
-4.207539026456256, 2.1183679881208537, -0.000113937247896434
-4.215129578395909, 2.1245291676271902, -0.00011463272290102022
-4.222780129139271, 2.130610498168305, -0.00011411402504041268
-4.23049572445331, 2.136615594106524, -0.00011479441361755827
-4.238269609221238, 2.142539596869665, -0.00011424794982772823
-4.246106958646988, 2.148386051512181, -0.00011491356244508477
-4.254000855714836, 2.1541502030134367, -0.00011433787793180272
-4.261956612852106, 2.159835527859497, -0.00011498914339558297
-4.269967144280411, 2.1654373750452236, -0.00011438298666821556
-4.278037907269371, 2.1709591524834253, -0.00011502045603162259
-4.2861616407296825, 2.176396314324948, -0.00011438278938491475
-4.294343954142457, 2.181752199162896, -0.00011500713776285698
-4.302577404933354, 2.187022368118844, -0.00011433714558045649
-4.310867761833346, 2.1922100889854477, -0.00011494917192761411
-4.319207395045228, 2.197311032336671, -0.00011424626680633931
-4.327602239177468, 2.202328392961904, -0.00011484689171004092
-4.336044471972471, 2.2072579540233987, -0.00011411071840355946
-4.344540200054591, 2.2121028343999734, -0.00011470097993948603
-4.3530814040335315, 2.2168589336142777, -0.00011393141713833543
-4.361674368121929, 2.2215292910457225, -0.00011451246485078004
-4.370310871754282, 2.2261099269622466, -0.00011370962483608915
-4.378997381663389, 2.230603797002027, -0.00011428271193020256
-4.387725472759644, 2.2350070471471337, -0.00011344693815623641
-4.39658458537285, 2.2393574271891112, -0.00014697147444786562
-4.40528703761712, 2.243531578955038, -0.00019476702557691405
-4.4139657137319634, 2.247563100631847, -0.00018657934149968192
-4.422735682744938, 2.2515341874679695, -0.00018601044774435582
-4.4315418825219055, 2.2554192995201214, -0.00018583833191232468
-4.440385077399268, 2.2592166376322975, -0.00018550464374589293
-4.449265249730984, 2.2629257871053197, -0.0001851491223391344
-4.458181571650289, 2.2665460734073495, -0.00018477120586501972
-4.467133254227812, 2.2700768750544564, -0.0001843698545551664
-4.476119490679673, 2.2735176113614983, -0.00018394639293733972
-4.485139449954772, 2.276867733758699, -0.00018350200948547002
-4.494192281027752, 2.280126723349515, -0.000183037879279091
-4.50327711524869, 2.2832940884937303, -0.00018255519158649758
-4.512393068345508, 2.286369362645101, -0.00018205514186159233
-4.521539242206812, 2.28935210246929, -0.00018153892854555487
-4.530714726441734, 2.292241886197535, -0.00018100775055646112
-4.539918599745195, 2.295038312186113, -0.00018046280505823464
-4.549149931093541, 2.2977409976562106, -0.00017990528557826346
-4.558407780792229, 2.3003495775919385, -0.00017933638043199362
-4.5676912013946485, 2.302863703777078, -0.000178757271410257
-4.576999238509003, 2.3052830439536125, -0.000178169132685424
-4.586330931507994, 2.3076072810871864, -0.00017757312989324925
-4.595685314154275, 2.3098361127264755, -0.000176970419351552
-4.605061415152941, 2.311969250445011, -0.0001763621473861443
-4.614458258640895, 2.3140064193554095, -0.0001757494497249823
-4.6238748646216, 2.3159473576871386, -0.00017513345094360977
-4.633310249352647, 2.317791816420006, -0.0001745152639335279
-4.642763425692515, 2.319539558966526, -0.0001738959893778924
-4.652233403412124, 2.3211903608970497, -0.00017327671522271437
-4.661719189475849, 2.3227440097023466, -0.000172658516126023
-4.671219788296245, 2.3242003045888917, -0.0001720424528872666
-4.680734201965967, 2.325559056302725, -0.00017142957183879926
-4.69026143046996, 2.326820086978156, -0.0001708209042048936
-4.699800471880583, 2.327983230008145, -0.00017021746542533744
-4.709350322537903, 2.3290483299334164, -0.00016962025444000606
-4.718909977217141, 2.3300152423478644, -0.00016903025293557583
-4.728478429284952, 2.33088383381796, -0.00016844842456192888
-4.738054670846002, 2.331653981814237, -0.00016787571411269742
-4.747637692881064, 2.3323255746531117, -0.00016731304668149427
-4.757259439356981, 2.332527610210503, -0.000165387898184155
-4.766936503061538, 2.332116698162793, -0.00016066277497933656
-4.776664159858115, 2.3316140524479088, -0.00015855703571704405
-4.786420531505381, 2.3311227074316583, -0.00015733667367273663
-4.796200353410918, 2.3306602360400617, -0.00015676283533905266
-4.805998342116444, 2.3302355179314294, -0.00015666214188936323
-4.815810144912507, 2.32985615954045, -0.00015685361057821146
-4.8256323726078545, 2.3295290691142108, -0.00015720824834097868
-4.835462331224634, 2.329260466058849, -0.00015763776709776245
-4.845297838767108, 2.329055888694388, -0.00015808380187681825
-4.855137088178566, 2.3289202280297183, -0.0001585096096947125
-4.864978543549434, 2.3288577767884506, -0.00015889363871779416
-4.874820862350926, 2.3288722849710366, -0.00015922476466767588
-4.884662837651284, 2.3289670165899117, -0.000159498856486473
-4.894504351144077, 2.3291464639329513, -0.00015825575888828158
-4.904353510433668, 2.3294803406457105, -0.0001608687923961294
-4.9142093080971385, 2.329928488943405, -0.00015985220007574963
-4.924061435691496, 2.3304746326335546, -0.00016116807428045998
-4.933912710961193, 2.3311017801043232, -0.0001583173618025513
-4.943752762327001, 2.331827151922888, -0.000158305628669142
-4.953583797158557, 2.3326461382595656, -0.00015839086839236627
-4.96340247840064, 2.3335611386366732, -0.0001594683920290163
-4.973212802361447, 2.3345670915958663, -0.0001597511993876033
-4.983009465165698, 2.3356725635118702, -0.00016000879733774065
-4.992796524690726, 2.3368680644262927, -0.00015996194107109618
-5.002569083042461, 2.338157833037766, -0.0001608564614707375
-5.0123329548252755, 2.339538076521782, -0.00015794236865968037
-5.022077994130609, 2.341018940868915, -0.00015804971644400867
-5.031805887369071, 2.3425962075934903, -0.00015836841962424408
-5.0415128878799225, 2.3442738559964758, -0.00015975461763589882
-5.051207765218688, 2.346039980806598, -0.00015981676828225044
-5.060883723847443, 2.347902249126255, -0.00015984571705351946
-5.070538771566304, 2.3498589731040687, -0.00016081132179424085
-5.080178803264787, 2.3519063803250817, -0.00015812085014305088
-5.089792729242202, 2.3540550422345095, -0.00015822609239457552
-5.099382701012642, 2.3562992113302683, -0.0001594630918171358
-5.1089476582947135, 2.3586413181290076, -0.00016022296021867
-5.118496019608767, 2.361069046256992, -0.00016015385140333294
-5.128012492295131, 2.36359913973328, -0.0001606488034659459
-5.13750844926803, 2.366215195550393, -0.00015876311432660994
-5.146975201371448, 2.3689298737089435, -0.00015905072386523944
-5.156413637476217, 2.3717390113484456, -0.0001594161979825981
-5.165821729351729, 2.3746426268731233, -0.0001599914084802756
-5.1751952772470515, 2.377643993300993, -0.00016170122459258085
-5.184544640965582, 2.3807323727346437, -0.0001620244611797994
-5.193862202000047, 2.3839139764031514, -0.00016239184777877558
-5.203146584442512, 2.387188664625473, -0.00016281197744605347
-5.212395303918212, 2.3905554250784475, -0.0001640331061924516
-5.221613115711152, 2.3940123930793478, -0.0001630706255998371
-5.230786778668115, 2.3975693801221802, -0.00016473912308323513
-5.2399311738037335, 2.401212050192538, -0.0001635482169168312
-5.249032864542398, 2.4049514081225327, -0.0001646593832309029
-5.258099583144894, 2.408776916640724, -0.0001644030837391619
-5.267125045029093, 2.412696308795018, -0.00016356598886907436
-5.276103440597847, 2.4167117165653726, -0.0001660517308419429
-5.285048096687152, 2.4208093044342633, -0.000166193893595179
-5.293946835948421, 2.4250007924461334, -0.00016635689740684967
-5.3028058836638925, 2.4292792201516087, -0.0001656848414128831
-5.311617505872525, 2.433648585371058, -0.0001660982263708144
-5.3203839383237455, 2.4381066281804147, -0.00016662121144983555
-5.329098431798376, 2.4426590604178307, -0.00016852628150582083
-5.337764369871694, 2.4473009480403567, -0.00016978680481444242
-5.3463917477293466, 2.4520220690436947, -0.00016836440471351688
-5.354864147030833, 2.4567620211544656, -0.0001278073722386086
-5.363551726578739, 2.4618023215111817, -7.509258052057488e-05
-5.3721797094291315, 2.4669812127550763, -7.853395050733125e-05
-5.380740063358218, 2.4722286421511033, -0.000110109007472603
-5.389169448001615, 2.4774634355444163, -0.0001092486835489459
-5.39755738785569, 2.482807336196293, -0.00010809181710119686
-5.405896817195269, 2.4882333115826287, -0.0001114685762324541
-5.414185198601057, 2.4937381505484364, -0.00010732272729763181
-5.422417190152641, 2.499326109034252, -0.00011109500024958363
-5.43058537425314, 2.5050014389392348, -0.00010948150266787415
-5.438711960696204, 2.510747799336886, -0.00011050053269273663
-5.4467680556161, 2.516583741786759, -0.00010958387184883955
-5.454769985986149, 2.522498170830946, -0.00011293961048486345
-5.462716128592831, 2.528489086430844, -0.00010883548928258824
-5.4706004902358165, 2.5345602338325284, -0.0001125671770333403
-5.478415807493976, 2.5407155224183415, -0.0001109880613091585
-5.486184850661677, 2.5469397041374693, -0.00011196312695255228
-5.49387810202111, 2.5532496121248225, -0.00011108397187176156
-5.501512165128652, 2.5596349684530546, -0.0001143917658305571
-5.509085873770633, 2.5660938091194314, -0.00011031803455385791
-5.516592650109135, 2.5726293495578947, -0.00011397833527582169
-5.5240254164694225, 2.579245187447153, -0.00011242491514745767
-5.531407363193983, 2.5859273156542693, -0.0001133306786373911
-5.538708401950711, 2.5926909011999504, -0.00011247443419198921
-5.545945359473784, 2.5995264850342577, -0.00011571465359855315
-5.553117533958331, 2.606432199598768, -0.00011166066059015156
-5.560217780823483, 2.6134107029061955, -0.00011522764239835226
-5.56723924030958, 2.620465278590794, -0.00011368894617302949
-5.574205471440896, 2.6275831880307843, -0.00011450651940886347
-5.581085902097177, 2.634777902682587, -0.00011365867966744991
-5.587897558809683, 2.6420407729115083, -0.00011681489880355223
-5.594640176086589, 2.6493700766223314, -0.0001127705202036422
-5.60130609363422, 2.6567678859875348, -0.00011622846942943577
-5.607888687331139, 2.6642371577274164, -0.00011469257831348001
-5.614411835520244, 2.6717664633226357, -0.00011540885456967631
-5.620844550548606, 2.6793675454042005, -0.0001145554638080637
-5.627204056309295, 2.687032563445993, -0.00011761684904587622
-5.633490483988117, 2.694759968233178, -0.00011357108115811476
-5.639695727492713, 2.702551223330145, -0.00011691049502460249
-5.645813400198975, 2.7104089424395386, -0.00011536552252849885
-5.651867663559635, 2.718323056904196, -0.00011597339459085143
-5.657827169878155, 2.7263035438289354, -0.00011510173906809085
-5.663709347840019, 2.7343433912565613, -0.00011806305458550437
-5.669514666556132, 2.742441239407092, -0.00011400575521636203
-5.6752346611100455, 2.750597933905718, -0.00011722403373987111
-5.680863172432978, 2.7588157182600073, -0.0001156588294726757
-5.686424616135601, 2.767085936340752, -0.00011615817660654004
-5.691887342136525, 2.775416750587371, -0.00011525752608515516
-5.69726900348605, 2.783802010875647, -0.00011811964318036994
-5.70257033617729, 2.792240547199682, -0.00011404223884137199
-5.707782607863162, 2.8007326048962304, -0.00011714464189827023
-5.712899847168703, 2.8092800483993523, -0.00011555083432390756
-5.717946694169395, 2.8178757042531455, -0.0001159489193819363
-5.722891241235046, 2.826525872172302, -0.00011501215654385888
-5.727751390275138, 2.8352253150922206, -0.00011778319550681537
-5.732528065877094, 2.8439730325018955, -0.00011367873034190401
-5.737212387223471, 2.8527686719591103, -0.00011667695909078901
-5.741798552509751, 2.8616136850872156, -0.00011504689110575228
-5.7463113988319865, 2.8705024399654437, -0.00011535725871264502
-5.750718835895756, 2.8794392960021775, -0.00011437982205175778
-5.755039030206688, 2.888419989937762, -0.00011707255085818824
-5.759273018420982, 2.8974436556163905, -0.00011293642265475246
-5.763411871560705, 2.9065093900601515, -0.00011584951511406372
-5.767449920718043, 2.9156182021079164, -0.0001141890034897508
-5.771412126897838, 2.9247661063213357, -0.00011442190358723625
-5.775266305926842, 2.9339554160114347, -0.00011340270405585384
-5.779030856950179, 2.9431829502056024, -0.00011603688093481113
-5.782706847923211, 2.9524479366710517, -0.00011186783175165527
-5.78628540233629, 2.96174897244441, -0.00011472125955214185
-5.789760934645085, 2.9710865815504675, -0.00011302823987946464
-5.793158513570805, 2.9804584756680796, -0.0001132099280131138
-5.796445904015503, 2.989864890538347, -0.00011215008352732925
-5.799641739988944, 2.9993038114821085, -0.0001147486132784814
-5.802747065865867, 3.0087744926068964, -0.00011054728057446894
-5.805753150356028, 3.0182751054212598, -0.00011337057827565111
-5.808654441853188, 3.027805652830245, -0.00011164402270019691
-5.811476089646481, 3.037365601493836, -0.00011180397227095185
-5.814167661743181, 3.0469502165897255, -0.00011093198618516986
-5.816787201350026, 3.0565616384180734, -0.00011136769939495972
-5.819283208027665, 3.066198097682719, -0.00010904846511294863
-5.821701912476991, 3.0758582293008705, -0.00011189935175370813
-5.824000081035403, 3.0855413103723928, -0.00010978884867923755
-5.826222283932982, 3.0952457219326583, -0.00011010177263032217
-5.8283240982268945, 3.1049731910111307, -0.0001097091431692121
-5.83033718135685, 3.1147215236594388, -0.00011168289888907612
-5.832260026453785, 3.124487046113075, -0.00010928742413418568
-5.834081106718334, 3.1342744749011007, -0.0001094220161798054
-5.835797832274542, 3.144076796150897, -0.00010670934059126003
-5.837425866126706, 3.15389760160265, -0.00010989162707614186
-5.838937995621565, 3.1637308573996976, -0.00010774023221177265
-5.840362469246876, 3.173578481226965, -0.00010909492858846015
-5.841683369172219, 3.1834378259276117, -0.00010769823907608167
-5.842907267622101, 3.1933146142681847, -0.00010988948982498803
-5.8440253518319585, 3.203197769208053, -0.00010713509880660999
-5.845055164665334, 3.213093074431102, -0.00010898913732942939
-5.845984806776349, 3.2229974962609704, -0.00010681491585201597
-5.846817895482167, 3.2329138925542518, -0.00010703956435298423
-5.84754053039938, 3.242833445578267, -0.00010460740225337606
-5.848176745896407, 3.2527587219521283, -0.00010619973596848187
-5.84870171741922, 3.262690488920205, -0.00010602158947253804
-5.849136021532857, 3.2726293951398215, -0.00010730561338617717
-5.8494634891454425, 3.2825670016069743, -0.00010482830688363087
-5.849708045865195, 3.292510132915942, -0.00010545460492616954
-5.849834761014943, 3.302453142264859, -0.00010497289962940748
-5.849868775340033, 3.312397284136224, -0.00010746688269180904
-5.849803093448415, 3.322337662052916, -0.00010438547282309862
-5.849657579100641, 3.3322835603169927, -0.00010484863649501408
-5.849394575743749, 3.342205151587969, -7.364368927875731e-05
-5.8490196567543595, 3.35226398127909, -7.612876277696135e-05
-5.8485446088649224, 3.3622839253975303, -7.643388714495547e-05
-5.847982168799907, 3.3723042374889425, -7.435057985627491e-05
-5.847312909411133, 3.3823169820997, -7.498579983172826e-05
-5.846543191722615, 3.3923230188564975, -7.527226986525637e-05
-5.845685576405885, 3.402326527124774, -7.328773635717489e-05
-5.844721624089098, 3.412318967261464, -7.398833669469695e-05
-5.843657672126473, 3.422301506844278, -7.433313796201269e-05
-5.842506206373071, 3.432278752836345, -7.240652284229432e-05
-5.841249012685488, 3.4422416869491266, -7.315149955128275e-05
-5.839892350176221, 3.4521916891941613, -7.35352607952322e-05
-5.838448614002627, 3.4621337750602224, -7.165080874704799e-05
-5.836899835471574, 3.4720584333493045, -7.242853126021576e-05
-5.835252174830172, 3.481967221242693, -7.284150080855145e-05
-5.833517916146589, 3.4918655306446484, -7.099125159365505e-05
-5.831679351853959, 3.501743352360494, -7.179598199813508e-05
-5.829742540712294, 3.511602413208619, -7.223322593108428e-05
-5.827719654443132, 3.5214484767711243, -7.041289648057614e-05
-5.825593225372673, 3.531271134732724, -7.132674280668772e-05
-5.8233693725553355, 3.541071694152911, -7.192711632270088e-05
-5.82106018301495, 3.5508562781055133, -7.030579757688615e-05
-5.818648604239723, 3.560613608297046, -7.133862683050829e-05
-5.816140456612161, 3.5703458353463433, -7.20146971091018e-05
-5.813547702634675, 3.580059405227028, -7.042693475151074e-05
-5.810853519671639, 3.5897428437360137, -7.149161587266528e-05
-5.808063622546012, 3.5993983654963815, -7.229096375327426e-05
-5.805190042900614, 3.609032228776413, -7.089150830746904e-05
-5.802216432022206, 3.6186322146494496, -7.21245128234016e-05
-5.799148340420129, 3.6282009075401485, -7.301162807654693e-05
-5.795997472605812, 3.637745405492542, -7.162447046299425e-05
-5.792747698357515, 3.6472532520721357, -7.287081913498472e-05
-5.789404447803003, 3.656727148993784, -7.377022570720371e-05
-5.785979260513852, 3.6661745354446538, -7.239652757040638e-05
-5.782456369553669, 3.67558247661738, -7.365486683635902e-05
-5.7788410652418385, 3.6849538421747443, -7.456474729755636e-05
-5.7751447085215535, 3.694296406409324, -7.320254355314137e-05
-5.77135190923417, 3.7035967660223417, -7.447095137741444e-05
-5.767467812536754, 3.712857953353771, -7.53891792514838e-05
-5.7635035888735855, 3.722088070367759, -7.403613264994613e-05
-5.759444240994248, 3.731273259999514, -7.531244246217206e-05
-5.755294769100039, 3.740416715889148, -7.623696824765602e-05
-5.7510661406261665, 3.7495268588521395, -7.489044547998036e-05
-5.746743763986706, 3.758589388096597, -7.61721214834199e-05
-5.742332451207511, 3.7676076287776255, -7.710139553468442e-05
-5.737842815923273, 3.7765902373269915, -7.576175292461906e-05
-5.733260646144767, 3.785522471515132, -7.70498355247562e-05
-5.728590644495658, 3.794407843678474, -7.797584603680408e-05
-5.723843318775164, 3.803255351523583, -7.664019301178993e-05
-5.719004955736933, 3.8120498730163472, -7.792961099006845e-05
-5.714003403842098, 3.820888436972703, -0.00017078250683560947
-5.709231059561489, 3.8292913542537126, -0.00017319457064451926
-5.704329368799513, 3.837805731214194, -0.00016593617887505907
-5.699300478660711, 3.846267182113519, -0.00016492410809093583
-5.694172823988524, 3.8546830612265555, -0.00016507736048454458
-5.688962474908042, 3.86304862307032, -0.00016561771972617434
-5.683665593232794, 3.8713539143614337, -0.00016845267956772103
-5.678292433260829, 3.879617415760809, -0.0001659101360084736
-5.672836124405949, 3.8878208106394245, -0.00016721965567512154
-5.6672997421345706, 3.8959678766014045, -0.00017002778702418508
-5.661687948540617, 3.9040712594250024, -0.000167499203868271
-5.655994459992594, 3.9121119268875257, -0.00016882251439442886
-5.6502222398645845, 3.920093855956278, -0.00017163744848891493
-5.644375618618095, 3.9280298219448344, -0.00016910739304398792
-5.638448903029654, 3.935900595926088, -0.00017043144156925205
-5.632444967887338, 3.9437102708401754, -0.00017324256588369114
-5.626367799323554, 3.951471731565325, -0.0001707017247017384
-5.6202122831741175, 3.9591655740861045, -0.00017201716368031583
-5.613981180682086, 3.9667960090612833, -0.0001748140023350997
-5.607678115014458, 3.9743760184797, -0.0001722537883604991
-5.601298561333537, 3.9818860376431555, -0.00017355034128452296
-5.594845171647116, 3.989330378891149, -0.00017632317097820982
-5.58832120505876, 3.996722098852144, -0.00017373569484407936
-5.5817227235875375, 4.004041496411358, -0.0001750054235474252
-5.575052251821263, 4.01129298882259, -0.00017774571976553188
-5.568312673077947, 4.018489700211164, -0.00017512364085087162
-5.561500639692567, 4.025611812036256, -0.00017635886226025077
-5.554618544397059, 4.032663837830395, -0.00017905867263645625
-5.5476688870638995, 4.039658956423605, -0.00017639566068100576
-5.540648913291022, 4.04657725376929, -0.0001775893232716652
-5.533560881059732, 4.053423333204837, -0.00018024146164175026
-5.52640690497364, 4.0602104147503635, -0.00017753176709500718
-5.519184828488113, 4.066918510057767, -0.000178677779260894
-5.511896767299919, 4.073552306522099, -0.00018127604395717922
-5.504544444943565, 4.080125056179304, -0.00017851464469048617
-5.497126305421592, 4.0866167189014355, -0.0001796075498215477
-5.489644324203031, 4.093032057341238, -0.00018214632794150143
-5.482099835466063, 4.099384341012415, -0.0001793290099792455
-5.474491887748327, 4.1056534986952355, -0.00018036422980782785
-5.466822311523355, 4.1118443614857485, -0.00018283923703521499
-5.459092044099348, 4.117970208681613, -0.00017996266302300334
-5.451300739425587, 4.124010962573343, -0.00018093632192145437
-5.443450085129797, 4.129971515901586, -0.0001833438491712358
-5.4355406233821215, 4.135865145883602, -0.0001804055732528842
-5.4275726144025995, 4.141671790177299, -0.00018131479036931353
-5.419547605286094, 4.147396394087051, -0.0001836521726060747
-5.41146574473179, 4.153052220037042, -0.00018065054927451918
-5.4033278987254905, 4.158619242962373, -0.00018149359332036985
-5.395135469382857, 4.164102455446957, -0.00018375951141474944
-5.386888207286279, 4.169515098580012, -0.00018069382892832442
-5.378587582433021, 4.17483720706045, -0.0001814696216942413
-5.370234855373503, 4.180073811775833, -0.0001836635447492463
-5.361829380377968, 4.185238120817233, -0.00018053408230950252
-5.353373229212076, 4.190310250194313, -0.0001812426250847321
-5.344867521149695, 4.195295261823023, -0.00018336519290651498
-5.336311212775854, 4.200206321768641, -0.00018017324186142547
-5.327706974473498, 4.205023648905781, -0.00018081556887117323
-5.319055787029676, 4.209752327720727, -0.00018286829504204904
-5.310356214289599, 4.21440546732982, -0.00017961582912368046
-5.301611521030429, 4.218963407492595, -0.00018019412996633788
-5.292822550208289, 4.223431249006443, -0.00018217979724577393
-5.283987467503368, 4.227822043038544, -0.00017887032042418483
-5.275111998698808, 4.232118114817414, -0.000181823823612981
-5.266193051807966, 4.236334940184767, -0.00018134528563507057
-5.257230999897372, 4.240467428821238, -0.00017879194163850087
-5.248229603399269, 4.24450512455752, -0.0001784421007269832
-5.23918821648371, 4.248457387286007, -0.00017727834217545757
-5.230109266636419, 4.252311314825631, -0.0001799389382608485
-5.220989643883078, 4.256085031623977, -0.00017732554620569774
-5.211833852181832, 4.2597648460020485, -0.0001761155901836564
-5.2026436358406905, 4.263344943862454, -0.00017872065498436562
-5.193415188257311, 4.266843578790609, -0.00017606652963936265
-5.184153360763727, 4.27024715065982, -0.00017480079135961946
-5.174860233034778, 4.273550832859641, -0.00017739114464920824
-5.165530860196258, 4.276776716399372, -0.00017401855977100533
-5.156173399632229, 4.279896457889305, -0.00017640204705199336
-5.146781353373065, 4.28293533646188, -0.0001730415346926084
-5.137363626658239, 4.285867313081542, -0.0001753994375134904
-5.127912910081567, 4.288717731057297, -0.00017202321456316616
-5.11843868666365, 4.291460767128043, -0.0001743567628534337
-5.108933132258562, 4.294121582238141, -0.0001709705984181964
-5.099290420940144, 4.296175782884475, -0.00017237348103710248
-5.089680005994111, 4.297965586660831, -0.00016431867687460855
-5.080146053709567, 4.299828740728375, -0.00016711025584714712
-5.070617044568945, 4.301596380350245, -0.00016694837004860297
-5.061086281760383, 4.303398939984843, -0.00016618166249598998
-5.051537045927089, 4.305209785994205, -0.00016272286935320457
-5.041998560833179, 4.307000794959503, -0.00016407309189120367
-5.032442007646888, 4.3087757411692875, -0.00016397862489198056
-5.022897919860822, 4.310565181931635, -0.0001627015855324987
-5.013364689460352, 4.312394160052676, -0.0001628023855257399
-5.003832406799819, 4.314215378569715, -0.0001623532494182678
-4.99429815039541, 4.3160269730011915, -0.00016199652860782177
-4.984762695586461, 4.317829842436856, -0.00016170264044468308
-4.9752262992620135, 4.319625097980071, -0.00016145241151510614
-4.9656891309807625, 4.3214137600882, -0.00016123935008760526
-4.956151333739526, 4.323196725038151, -0.00016105760749168807
-4.946613024277252, 4.324974777127966, -0.00016090227509946153
-4.9370742983599625, 4.326748602159141, -0.00016076928641584054
-4.927535234994181, 4.3285187995468615, -0.00016065525256098168
-4.917995899657899, 4.330285893051312, -0.00016055734055397952
-4.908456346858471, 4.33205034022663, -0.00016047317489786828
-4.898916622164364, 4.333812540721715, -0.0001604007574798061
-4.889376763825416, 4.335572843561996, -0.00016033840244933373
-4.879836804070883, 4.337331553530259, -0.00016028468317785816
-4.87029677015422, 4.339088936753334, -0.00016023838894929643
-4.860756685198002, 4.340845225590363, -0.0001601984895075459
-4.851216568880486, 4.34260062290774, -0.00016016410593333585
-4.841676437996212, 4.3443553058162685, -0.00016013448664936591
-4.832136306915886, 4.346109428937137, -0.0001601089875709616
-4.8225961879654475, 4.347863127255425, -0.00016008705563341774
-4.813056091739947, 4.349616518612769, -0.00016006821506653335
-4.803516027364575, 4.351369705884422, -0.00016005205591834715
-4.793976002712691, 4.35312277888048, -0.00016003822442584026
-4.784436024588654, 4.354875816006017, -0.00016002641490542313
-4.774896098881706, 4.356628885710606, -0.00016001636290308152
-4.765356230696, 4.358382047753821, -0.00016000783938968643
-4.755816424460792, 4.360135354310058, -0.0001600006458272185
-4.746276684024126, 4.361888850933027, -0.0001599946099641314
-4.736737012732703, 4.363642577397669, -0.00015998958224339166
-4.727197413500176, 4.365396568435097, -0.00015998543272671695
-4.717657888865639, 4.367150854374108, -0.0001599820484559089
-4.7081184410438555, 4.368905461701149, -0.00015997933118172547
-4.698579071968472, 4.370660413549075, -0.00015997719541177569
-4.689039783329258, 4.372415730123762, -0.00015997556672342483
-4.67950057660423, 4.374171429076458, -0.0001599743803081255
-4.669961453087447, 4.375927525828801, -0.00015997357971175852
-4.660422413913024, 4.377684033856445, -0.00015997311574522666
-4.650883460075968, 4.379440964936681, -0.00015997294553843355
-4.641344592450213, 4.381198329364501, -0.00015997303172221589
-4.631805811804306, 4.382956136141193, -0.00015997334171480304
-4.622267118815005, 4.384714393138948, -0.0001599738471050327
-4.612728514079099, 4.386473107244536, -0.00015997452311505844
-4.603189998123689, 4.388232284484684, -0.0001599753481330013
-4.59365157141515, 4.389991930135503, -0.0001599763033062751
-4.584113234366899, 4.391752048818009, -0.00015997737218825803
-4.57457498734618, 4.393512644581478, -0.00015997854042926196
-4.565036830679978, 4.395273720976198, -0.00015997979550858021
-4.555498764660151, 4.397035281116965, -0.00015998112650178475
-4.545960789547925, 4.3987973277385, -0.00015998252387483536
-4.536422905577799, 4.40055986324382, -0.00015998397930855335
-4.526885112960959, 4.4023228897464435, -0.000159985485541414
-4.51734741188824, 4.4040864091072285, -0.0001599870362372635
-4.507809802532728, 4.405850422966542, -0.0001599886258656369
-4.498272285052031, 4.407614932772302, -0.00015999024960000607
-4.488734859590226, 4.409379939804486, -0.00015999190322685264
-4.479197526279605, 4.411145445196494, -0.000159993583069451
-4.469660285242169, 4.412911449953809, -0.00015999528591803536
-4.460123136590937, 4.414677954970285, -0.00015999700897095792
-4.450586080431094, 4.416444961042341, -0.00015999874978378514
-4.441049116860986, 4.418212468881382, -0.00016000050622111406
-4.431512245972998, 4.419980479124609, -0.00016000227642065656
-4.421975467854316, 4.421748992344468, -0.0001600040587557694
-4.412442446459058, 4.4237139189135695, -0.00016181622007077623
-4.40290936765138, 4.425925983600415, -0.00016266751187649087
-4.393343872285812, 4.428137769743966, -0.00016353712015931832
-4.383664138584853, 4.429814083537275, -0.00016479374128614
-4.374009288037263, 4.431491460650334, -0.00016218253212879619
-4.36440981602028, 4.4335091938646976, -0.00016486927697362264
-4.35478694151364, 4.435521924048336, -0.00016523467060813868
-4.3451416068550515, 4.437474058974144, -0.0001659158460042831
-4.335478984040851, 4.439355294630307, -0.00016650289083303127
-4.325799994619578, 4.441161167383478, -0.00016695988881937351
-4.316105377191524, 4.44288828312285, -0.00016730197441505723
-4.306395866275542, 4.444533721784784, -0.00016753952914722037
-4.296586347296629, 4.445459400320012, -0.0001676811921418886
-4.286844546825562, 4.446212573804112, -0.0001579900838566406
-4.2771678730458875, 4.447014124388543, -0.00015965464268480334
-4.267506184907737, 4.447788306293773, -0.00016083306269754072
-4.257820795547665, 4.448556300364687, -0.00015758172401497683
-4.248149552956651, 4.449328045537683, -0.000159384358429826
-4.2384625937381655, 4.450074010464976, -0.00015953534595575247
-4.228785011360191, 4.450834369533772, -0.00015845594165386778
-4.219114789908158, 4.451637267401917, -0.0001587634089934009
-4.209446948801452, 4.4524339853740695, -0.00015851194983590444
-4.199778092941177, 4.45322173080395, -0.00015830887157791684
-4.190108745267607, 4.4540013272868215, -0.00015814915074985336
-4.180439057251381, 4.454773800271757, -0.00015801650432645253
-4.1707691045110735, 4.455540084966152, -0.00015790622751371552
-4.161098949634724, 4.456301001871888, -0.0001578142535077487
-4.151428640942522, 4.457057267813521, -0.00015773725171441821
-4.141758215693684, 4.457809508684972, -0.00015767255747661801
-4.1320877027466585, 4.458558270854419, -0.00015761802349339993
-4.122417124508001, 4.459304031198771, -0.00015757191220006073
-4.112746498422026, 4.460047205897823, -0.00015753281193819912
-4.103075838110411, 4.460788158130717, -0.00015749957095367861
-4.093405154244297, 4.461527204806471, -0.00015747124546877656
-4.08373445521261, 4.462264622446409, -0.00015744705875553322
-4.074063747634881, 4.463000652323162, -0.00015742636879378935
-4.064393036755365, 4.463735504948698, -0.00015740864265234578
-4.0547223267464165, 4.464469363992923, -0.0001573934361172591
-4.045051620942412, 4.465202389704395, -0.0001573803774487792
-4.0353809220205195, 4.465934721896003, -0.00015736915437386534
-4.025710232140625, 4.466666482550649, -0.00015735950362916196
-4.01603955305399, 4.4673977780951155, -0.00015735120252152734
-4.006368886187763, 4.468128701384198, -0.0001573440620835087
-3.9966982327109424, 4.468859333431967, -0.00015733792150002257
-3.9870275935860255, 4.469589744922342, -0.00015733264354894638
-3.9773569696095423, 4.470319997527015, -0.00015732811085378273
-3.967686361444031, 4.471050145055311, -0.00015732422279046698
-3.958015769643323, 4.471780234457378, -0.0001573208929242509
-3.9483451946726356, 4.472510306699412, -0.00015731804687252327
-3.938674636924592, 4.473240397527222, -0.00015731562052268
-3.9290040967320783, 4.473970538132374, -0.00015731355853176865
-3.919333574378571, 4.474700755733343, -0.00015731181306605224
-3.9096630701065056, 4.475431074082523, -0.0001573103427343625
-3.899992584124077, 4.476161513908541, -0.00015730911168337913
-3.890322116610784, 4.476892093302108, -0.00015730808882852276
-3.880651667721993, 4.477622828052674, -0.0001573072471988679
-3.870981237592685, 4.478353731942082, -0.00015730656337459292
-3.8613108263405755, 4.479084817000781, -0.00015730601700925106
-3.8516404340686985, 4.479816093731343, -0.0001573055904138254
-3.8419465149794125, 4.480743491056672, -0.00015886263139824885
-3.832222350945273, 4.481917728589811, -0.0001587813870146948
-3.8224688680715655, 4.4830883335700085, -0.0001593980874894374
-3.8127005471977173, 4.48420578617596, -0.00016014473686087882
-3.8029202352494145, 4.48526007563806, -0.0001608209875625377
-3.7931293877934267, 4.486245856214748, -0.00016141477881215227
-3.7833292822388507, 4.487158765581438, -0.000161916945725038
-3.773521031543149, 4.4879950172171705, -0.00016232537011418025
-3.763685275912028, 4.488145898151797, -0.0001635115679156085
-3.7539259885929877, 4.488112807064233, -0.00015696839317314026
-3.7442136769180516, 4.488132488766797, -0.0001563113362819113
-3.7345209567611932, 4.488132277220847, -0.00015792520655050213
-3.7248097131476956, 4.488117572463536, -0.0001567360777077753
-3.7151075663368567, 4.488119005533656, -0.00015717460109804238
-3.705372699602579, 4.488111300939693, -0.00015689440693927859
-3.6956094147331053, 4.488037727386334, -0.00015127384957902557
-3.6858232827690225, 4.487944423677713, -0.00015159583893864514
-3.676039179883789, 4.487839001978426, -0.000153677115081019
-3.6661786372363907, 4.487991518601476, -0.00015216531396416988
-3.6562843101328064, 4.488435767337407, -0.00015245312451583892
-3.6463728252257344, 4.4888784802919215, -0.00015295139654625256
-3.6365299395706994, 4.48874803164306, -0.00015850458726790473
-3.6267773429381616, 4.488396209503379, -0.00015560175724715908
-3.6170674896297355, 4.488126925539479, -0.00015707446329665808
-3.607372573281775, 4.487798960478284, -0.00015644105820256105
-3.5976725646695096, 4.487543613376277, -0.00015704527818705127
-3.587978700401776, 4.487287793122675, -0.00015707108088464095
-3.5782849133515624, 4.487023233826434, -0.0001570146530637806
-3.568591140565124, 4.4867503447483355, -0.00015698668353752998
-3.558897523488011, 4.4864701272852034, -0.0001569703796497346
-3.5492040740882964, 4.486183511812065, -0.0001569618901511305
-3.5395107960900827, 4.4858913173166455, -0.0001569589763027457
-3.5298176874046043, 4.485594259338974, -0.00015695984771346705
-3.5201247413565584, 4.485292962417976, -0.00015696320154601207
-3.510431948501197, 4.48498797156673, -0.00015696809897469688
-3.5007392978540692, 4.48467976235567, -0.0001569738698318779
-3.4910467777449727, 4.484368749735598, -0.00015698004279551814
-3.481354376405987, 4.4840552957494975, -0.00015698629288846133
-3.471662082364223, 4.4837397162692785, -0.00015699240214978039
-3.461969884693189, 4.483422286878463, -0.00015699823027448545
-3.4522777731627476, 4.483103248007718, -0.0001570036927608931
-3.4425857383172853, 4.482782809417147, -0.00015700874471125115
-3.432893771503889, 4.482461154107989, -0.0001570133688726938
-3.4232018648665106, 4.48213844173591, -0.00015701756686320456
-3.413510011317754, 4.4818148115891745, -0.0001570213527689046
-3.4038182044966807, 4.4814903851871195, -0.00015702474852213877
-3.394126438718633, 4.481165268547123, -0.00015702778058862554
-3.3844347089212854, 4.480839554162427, -0.00015703047763721
-3.374743010609846, 4.480513322727601, -0.00015703286892088109
-3.3650513398033737, 4.48018664464389, -0.00015703498318930809
-3.3553596929834564, 4.479859581332426, -0.00015703684797868656
-3.345668067046045, 4.479532186379951, -0.0001570384891813048
-3.3359764592568286, 4.479204506538293, -0.00015703993080562473
-3.3262848672103433, 4.47887658259635, -0.0001570411948793593
-3.3165932887927934, 4.478548450140809, -0.00015704230144164555
-3.3069017221484733, 4.478220140219796, -0.0001570432686011647
-3.2972101656496036, 4.477891679921857, -0.00015704411263139928
-3.2875186178693596, 4.477563092881084, -0.00015704484809259123
-3.2778270775578355, 4.477234399717786, -0.00015704548796219298
-3.268135543620689, 4.476905618422931, -0.00015704604377142495
-3.2584440151002254, 4.476576764693565, -0.0001570465257400011
-3.2487524911586707, 4.4762478522254305, -0.0001570469429047483
-3.2390609710634055, 4.475918892968245, -0.00015704730324167526
-3.2293694541739577, 4.475589897348426, -0.00015704761377899334
-3.2196779399305644, 4.475260874463415, -0.00015704788070231013
-3.2099864278441026, 4.474931832251187, -0.00015704810944744407
-3.2002949174872657, 4.4746027776381405, -0.0001570483047879656
-3.1906034084868087, 4.474273716668162, -0.00015704847091235763
-3.180911900516753, 4.473944654615173, -0.00015704861149162808
-3.1712203932924465, 4.473615596081329, -0.00015704872974198203
-3.161528886565337, 4.4732865450827495, -0.00015704882848022184
-3.151837380118424, 4.4729575051242385, -0.00015704891017082057
-3.1421458737622636, 4.472628479264505, -0.0001570489769702199
-3.1324543673314786, 4.472299470173085, -0.0001570490307638006
-3.12276286068171, 4.471970480179965, -0.00015704907319979977
-3.1130713536869514, 4.471641511318895, -0.0001570491057193979
-3.1033798462372153, 4.471312565365184, -0.00015704912958081074
-3.093688338236505, 4.470983643868662, -0.00015704914588388075
-3.0839968296010283, 4.47065474818243, -0.00015704915558906185
-3.074305320257655, 4.470325879487966, -0.00015704915953512755
-3.0646138101425526, 4.469997038817015, -0.00015704915845454748
-3.054922299200006, 4.469668227070679, -0.00015704915298647704
-3.0452307873813838, 4.469339445036095, -0.00015704914368919187
-3.0355392746442384, 4.46901069340096, -0.00015704913104996887
-3.0258477609515144, 4.468681972766215, -0.00015704911549402345
-3.0161562462708638, 4.468353283657127, -0.0001570490973926142
-3.006464730574048, 4.468024626532921, -0.00015704907706959315
-2.9967732138364114, 4.467696001795219, -0.0001570490548075676
-2.9870816960364257, 4.467367409795375, -0.00015704903085306254
-2.97739017715529, 4.4670388508409005, -0.00015704900542179434
-2.9676986571765855, 4.466710325201045, -0.00015704897870078005
-2.958007136085971, 4.466381833111687, -0.00015704895085466575
-2.9483156138709132, 4.466053374779583, -0.00015704892202589305
-2.938624090520469, 4.46572495038609, -0.00015704889233958408
-2.928932566025062, 4.4653965600903875, -0.00015704886190420764
-2.9192410403763325, 4.4650682040323355, -0.00015704883081502086
-2.909549513566963, 4.464739882334911, -0.00015704879915462433
-2.8998579855905544, 4.46441159510638, -0.00015704876699557113
-2.8901664564415057, 4.46408334244217, -0.00015704873440064437
-2.8804749261149163, 4.4637551244264975, -0.00015704870142502214
-2.8707833946064873, 4.46342694113381, -0.00015704866811644402
-2.8610918619124592, 4.463098792630032, -0.00015704863451726503
-2.851400328029531, 4.462770678973642, -0.00015704860066340087
-2.841708792954805, 4.46244260021664, -0.00015704856658704802
-2.832017256685739, 4.462114556405353, -0.0001570485323162396
-2.8223257192200957, 4.461786547581174, -0.0001570484978746789
-2.812634180555904, 4.461458573781182, -0.00015704846328368216
-2.802942640691433, 4.4611306350387085, -0.0001570484285620677
-2.7932510996251523, 4.460802731383791, -0.00015704839372548962
-2.7835595573557113, 4.460474862843618, -0.00015704835878843637
-2.7738680138819127, 4.460147029442881, -0.00015704832376278732
-2.7641764692026944, 4.459819231204079, -0.00015704828865925613
-2.7544849233171145, 4.459491468147831, -0.0001570482534873352
-2.744793376224334, 4.459163740293085, -0.00015704821825501813
-2.7351018279236037, 4.458836047657356, -0.0001570481829695769
-2.7254102784142527, 4.458508390256886, -0.00015704814763689567
-2.71571872769568, 4.458180768106819, -0.00015704811226274762
-2.7060271757673426, 4.457853181221354, -0.00015704807685151811
-2.6963356226287494, 4.457525629613839, -0.00015704804140764805
-2.6866440682794575, 4.457198113296898, -0.00015704800593435708
-2.6769525127190605, 4.456870632282513, -0.00015704797043497587
-2.6672609559471896, 4.456543186582115, -0.000157047934912391
-2.6575693979635027, 4.456215776206652, -0.00015704789936837882
-2.6478778387676885, 4.455888401166652, -0.0001570478638057704
-2.6381862783594565, 4.455561061472265, -0.00015704782822617558
-2.6284947167385333, 4.455233757133329, -0.00015704779263064905
-2.618803153904669, 4.454906488159399, -0.00015704775702096718
-2.6091115898576245, 4.454579254559789, -0.00015704772139868428
-2.599420024597177, 4.454252056343596, -0.00015704768576429995
-2.589728458123112, 4.453924893519738, -0.0001570476501189244
-2.580036890435229, 4.453597766096962, -0.00015704761446333482
-2.5703453215333303, 4.453270674083879, -0.00015704757879808628
-2.560653751417234, 4.4529436174889865, -0.0001570475431241225
-2.55096218008676, 4.452616596320662, -0.00015704750744172102
-2.5412706075417355, 4.452289610587197, -0.00015704747175149247
-2.531579033781991, 4.4519626602967985, -0.00015704743605376992
-2.521887458807362, 4.451635745457611, -0.00015704740034894193
-2.5121958826176907, 4.4513088660777, -0.00015704736463700852
-2.5025043052128217, 4.450982022165105, -0.00015704732891874684
-2.492812726592601, 4.450655213727798, -0.00015704729319399036
-2.4831211467568775, 4.450328440773718, -0.0001570472574634052
-2.473429565705504, 4.45000170331077, -0.00015704722172654728
-2.463737983438332, 4.449675001346826, -0.00015704718598408274
-2.4540463999552187, 4.449348334889738, -0.00015704715023578952
-2.44435481525602, 4.449021703947325, -0.00015704711448205622
-2.4346632293405936, 4.4486951085274, -0.00015704707872271628
-2.424971642208801, 4.448368548637748, -0.00015704704295826932
-2.4152800538605, 4.448042024286144, -0.00015704700718821574
-2.405588464295554, 4.447715535480356, -0.00015704697141322166
-2.395896873513827, 4.4473890822281295, -0.00015704693563312055
-2.386205281515179, 4.447062664537207, -0.00015704689984769038
-2.3765136882994735, 4.44673628241533, -0.00015704686405748625
-2.3668220938665754, 4.446409935870219, -0.00015704682826200855
-2.357130498216349, 4.4460836249096065, -0.0001570467924617014
-2.3474389013486583, 4.445757349541204, -0.0001570467566563427
-2.3377473032633684, 4.445431109772733, -0.00015704672084621007
-2.328055703960345, 4.445104905611899, -0.0001570466850309704
-2.3183641034394546, 4.444778737066421, -0.0001570466492110678
-2.3086725017005643, 4.444452604143997, -0.00015704661338633574
-2.29898089874354, 4.444126506852338, -0.00015704657755655216
-2.289289294568246, 4.443800445199147, -0.00015704654172210564
-2.279597689174552, 4.443474419192134, -0.00015704650588271862
-2.2699060825623207, 4.443148428838996, -0.0001570464700387797
-2.260214474731423, 4.442822474147441, -0.00015704643418978925
-2.250522865681725, 4.442496555125171, -0.00015704639833613587
-2.240831255413094, 4.44217067177989, -0.000157046362477542
-2.2311396439253945, 4.441844824119303, -0.00015704632661417417
-2.221448031218497, 4.441519012151121, -0.00015704629074642096
-2.2117564172922672, 4.441193235883044, -0.0001570462548734497
-2.2020648021465745, 4.4408674953227765, -0.0001570462189958155
-2.192373185781286, 4.440541790478034, -0.00015704618311351837
-2.182681568196269, 4.44021612135652, -0.0001570461472266138
-2.1729899493913907, 4.439890487965946, -0.00015704611133465773
-2.1632983293665213, 4.4395648903140215, -0.00015704607543814975
-2.153606708121525, 4.439239328408461, -0.00015704603953664575
-2.143915085656271, 4.438913802256974, -0.00015704600363058985
-2.1342234619706293, 4.438588311867284, -0.0001570459677198155
-2.124531837064466, 4.438262857247103, -0.00015704593180421167
-2.114840210937649, 4.437937438404146, -0.00015704589588411144
-2.1051485835900485, 4.437612055346132, -0.0001570458599589042
-2.0954569550215303, 4.437286708080793, -0.00015704582402914502
-2.085765325231963, 4.43696139661584, -0.0001570457880946119
-2.0760736942212152, 4.436636120959, -0.00015704575215541583
-2.066382061989156, 4.436310881118, -0.00015704571621127927
-2.056690428535653, 4.435985677100561, -0.00015704568026247978
-2.0469987938605736, 4.435660508914419, -0.0001570456443092949
-2.037307157963786, 4.435335376567296, -0.000157045608351003
-2.0276155208451607, 4.43501028006693, -0.0001570455723881592
-2.017923882504565, 4.4346852194210555, -0.0001570455364204304
-2.008232242941867, 4.434360194637404, -0.00015704550044809418
-1.998540602156935, 4.434035205723712, -0.00015704546447092849
-1.9888489601496377, 4.433710252687716, -0.00015704542848921088
-1.9791573169198442, 4.433385335537158, -0.00015704539250255278
-1.9694656724674224, 4.43306045427978, -0.00015704535651112073
-1.9597740267922417, 4.432735608923323, -0.0001570453205153033
-1.9500823798941704, 4.432410799475531, -0.00015704528451443434
-1.9403907317730766, 4.432086025944151, -0.00015704524850901347
-1.93069908242883, 4.431761288336934, -0.00015704521249876313
-1.9210074318612984, 4.431436586661623, -0.00015704517648384986
-1.9113157800703509, 4.431111920925974, -0.00015704514046410711
-1.9016241270558567, 4.430787291137739, -0.00015704510443970143
-1.8919324728176834, 4.43046269730467, -0.00015704506841068833
-1.8822408173557021, 4.430138139434524, -0.00015704503237679024
-1.8725491606697793, 4.429813617535063, -0.00015704499633828473
-1.862857502759785, 4.429489131614043, -0.00015704496029483872
-1.8531658436255873, 4.429164681679224, -0.0001570449242468963
-1.843474183267057, 4.428840267738373, -0.00015704488819434648
-1.8337825216840613, 4.4285158897992485, -0.00015704485213674513
-1.8240908588764702, 4.428191547869616, -0.00015704481607448084
-1.8143991948441522, 4.427867241957248, -0.00015704478000760913
-1.8047075295869774, 4.427542972069911, -0.00015704474393613
-1.7950158631048143, 4.427218738215376, -0.00015704470785971036
-1.785324195397531, 4.426894540401419, -0.00015704467177851678
-1.7756325264649981, 4.426570378635811, -0.0001570446356928823
-1.7659408563070835, 4.426246252926329, -0.0001570445996022518
-1.7562491849236577, 4.42592216328075, -0.0001570445635070139
-1.74655751231459, 4.425598109706852, -0.00015704452740700203
-1.736865838479748, 4.42527409221242, -0.00015704449130232723
-1.727174163419002, 4.424950110805235, -0.00015704445519287846
-1.7174824871322227, 4.424626165493079, -0.00015704441907887778
-1.7077908096192775, 4.424302256283738, -0.00015704438295999212
-1.698099130880037, 4.423978383185002, -0.00015704434683638802
-1.68840745091437, 4.423654546204661, -0.00015704431070806546
-1.678715769722147, 4.423330745350501, -0.00015704427457513548
-1.6690240873032363, 4.423006980630321, -0.00015704423843732052
-1.6593324036575074, 4.422683252051912, -0.00015704420229506466
-1.6496407187848312, 4.422359559623068, -0.00015704416614786831
-1.6399490326850759, 4.42203590335159, -0.000157044129995898
-1.6302573453581115, 4.421712283245275, -0.00015704409383920925
-1.6205656568038078, 4.421388699311922, -0.0001570440576780796
-1.6108739670220353, 4.421065151559337, -0.00015704402151206498
-1.6011822760126613, 4.420741639995323, -0.0001570439853412764
-1.5914905837755589, 4.420418164627688, -0.00015704394916588038
-1.5817988903105957, 4.420094725464237, -0.0001570439129856549
-1.5721071956176425, 4.419771322512781, -0.00015704387680076648
-1.562415499696568, 4.419447955781132, -0.0001570438406111596
-1.552723802547243, 4.4191246252771, -0.0001570438044168343
-1.5430321041695367, 4.418801331008499, -0.00015704376821773502
-1.5333404045633194, 4.418478072983151, -0.00015704373201408384
-1.523648703728462, 4.418154851208864, -0.0001570436958056587
-1.5139570016648318, 4.4178316656934635, -0.00015704365959234856
-1.5042652983723008, 4.417508516444768, -0.00015704362337448652
-1.4945735938507396, 4.417185403470599, -0.00015704358715196154
-1.4848818881000172, 4.4168623267787845, -0.0001570435509246626
-1.4751901811200034, 4.41653928637715, -0.0001570435146925897
-1.4654984729105698, 4.416216282273524, -0.00015704347845590938
-1.455806763471586, 4.415893314475733, -0.00015704344221456612
-1.4461150528029214, 4.415570382991609, -0.0001570434059684489
-1.4364233409044471, 4.4152474878289825, -0.0001570433697174467
-1.426731627776033, 4.41492462899569, -0.0001570433334620036
-1.4170399134175493, 4.41460180649957, -0.00015704329720162002
-1.4073481978288669, 4.414279020348455, -0.00015704326093662901
-1.3976564810098555, 4.413956270550188, -0.00015704322466697507
-1.3879647629603857, 4.413633557112608, -0.00015704318839249165
-1.3782730436803283, 4.4133108800435625, -0.0001570431521134008
-1.3685813231695523, 4.4129882393508915, -0.000157043115829536
-1.3588896014279301, 4.41266563504244, -0.0001570430795411748
-1.3491978784553307, 4.4123430671260575, -0.00015704304324765106
-1.3395061542516262, 4.412020535609597, -0.00015704300694990847
-1.3298144288166855, 4.411698040500904, -0.0001570429706472809
-1.3201227021503803, 4.411375581807832, -0.00015704293433993488
-1.3104309742525817, 4.411053159538238, -0.0001570428980278149
-1.3007392451231592, 4.41073077369998, -0.0001570428617110875
-1.2910475147619838, 4.410408424300912, -0.00015704282538958614
-1.281355783168926, 4.410086111348893, -0.00015704278906331082
-1.2716640503438574, 4.409763834851792, -0.00015704275273242807
-1.2619723162866492, 4.409441594817463, -0.0001570427163969379
-1.2522805809971707, 4.40911939125377, -0.00015704268005667377
-1.2425888444752937, 4.4087972241685875, -0.00015704264371163568
-1.2328971067208883, 4.408475093569775, -0.00015704260736199016
-1.2232053677338262, 4.4081529994652096, -0.0001570425710076817
-1.2135136275139773, 4.407830941862757, -0.00015704253464848827
-1.2038218860612147, 4.407508920770293, -0.00015704249828479844
-1.1941301433754075, 4.407186936195694, -0.00015704246191633464
-1.184438399456428, 4.406864988146831, -0.00015704242554298586
-1.1747466543041465, 4.406543076631583, -0.00015704238916514068
-1.1650549079184342, 4.406221201657833, -0.00015704235278246603
-1.1553631602991619, 4.405899363233458, -0.00015704231639512845
-1.1456714114462005, 4.405577561366347, -0.00015704228000312792
-1.1359796613594233, 4.40525579606438, -0.00015704224360646446
-1.1262879100386993, 4.404934067335447, -0.00015704220720508255
-1.1165961574839003, 4.404612375187434, -0.00015704217079892668
-1.106904403694898, 4.404290719628234, -0.00015704213438832992
-1.0972126486715645, 4.403969100665737, -0.00015704209797262614
-1.0875208924137696, 4.403647518307829, -0.00015704206155248146
-1.0778291349213855, 4.403325972562414, -0.00015704202512761833
-1.068137376194284, 4.4030044634373855, -0.00015704198869809227
-1.0584456162323355, 4.402682990940641, -0.00015704195226379225
-1.0487538550354125, 4.402361555080084, -0.0001570419158248293
-1.039062092603386, 4.402040155863614, -0.00015704187938103686
-1.0293703289361276, 4.401718793299131, -0.000157041842932637
-1.019678564033509, 4.401397467394546, -0.00015704180647957422
-1.009986797895402, 4.401076178157761, -0.0001570417700218485
-1.0002950305216776, 4.400754925596686, -0.0001570417335593488
-0.9906032619122083, 4.4004337097192305, -0.0001570416970922972
-0.9809114920668659, 4.400112530533307, -0.00015704166062041613
-0.9712197209855216, 4.399791388046831, -0.00015704162414387213
-0.961527948668047, 4.399470282267714, -0.0001570415876627762
-0.9518361751143145, 4.399149213203878, -0.0001570415511767953
-0.9421444003241956, 4.398828180863239, -0.00015704151468609595
-0.9324526242975623, 4.398507185253712, -0.0001570414781909002
-0.9227608470342863, 4.398186226383226, -0.00015704144169081946
-0.9130690685342397, 4.397865304259702, -0.00015704140518602028
-0.9033772887972948, 4.397544418891068, -0.00015704136867666918
-0.8936855078233231, 4.397223570285248, -0.00015704133216265515
-0.8839937256121971, 4.396902758450172, -0.00015704129564397817
-0.8743019421637885, 4.396581983393768, -0.00015704125912052724
-0.86461015747797, 4.39626124512397, -0.00015704122259230235
-0.8549183715546133, 4.395940543648714, -0.00015704118605947004
-0.8452265843935903, 4.395619878975933, -0.0001570411495220858
-0.8355347959947738, 4.395299251113565, -0.0001570411129798166
-0.8258430063580356, 4.394978660069551, -0.00015704107643293996
-0.8161512154832488, 4.394658105851827, -0.0001570410398815114
-0.8064594233702845, 4.3943375884683356, -0.00015704100332508686
-0.7967676300190154, 4.3940171079270245, -0.0001570409667641104
-0.7870758354293144, 4.393696664235839, -0.0001570409301985265
-0.7773840396010541, 4.393376257402725, -0.00015704089362816864
-0.7676922425341057, 4.393055887435632, -0.00015704085705314785
-0.7580004442283427, 4.392735554342508, -0.00015704082047351964
-0.7483086446836374, 4.39241525813131, -0.00015704078388911746
-0.7386168438998622, 4.392094998809994, -0.00015704074729999684
-0.7289250418768898, 4.391774776386511, -0.00015704071070637982
-0.7192332386145927, 4.391454590868822, -0.00015704067410798883
-0.7095414341128433, 4.391134442264885, -0.0001570406375048794
-0.6998496283715152, 4.390814330582657, -0.00015704060089705152
-0.6901578213904803, 4.3904942558301085, -0.0001570405642846162
-0.6804660131696113, 4.390174218015196, -0.00015704052766735144
-0.6707742037087813, 4.38985421714589, -0.00015704049104547924
-0.661082393007863, 4.389534253230158, -0.0001570404544189996
-0.6513905810667293, 4.389214326275969, -0.00015704041778791256
-0.6416987678852532, 4.388894436291291, -0.00015704038115210706
-0.6320069534633073, 4.388574583284105, -0.00015704034451147209
-0.622315137800765, 4.388254767262379, -0.0001570403078662297
-0.6126233208974983, 4.387934988234091, -0.00015704027121637987
-0.6029315027533814, 4.387615246207221, -0.0001570402345618116
-0.5932396833682864, 4.387295541189748, -0.00015704019790246937
-0.5835478627420873, 4.386975873189652, -0.00015704016123851972
-0.5738560408746564, 4.3866562422149205, -0.00015704012456996264
-0.5641642177658672, 4.3863366482735335, -0.00015704008789657609
-0.5544723934155933, 4.386017091373477, -0.00015704005121869313
-0.5447805678237069, 4.385697571522745, -0.00015704001453609173
-0.535088740990082, 4.385378088729322, -0.00015703997784866086
-0.5253969129145917, 4.385058643001202, -0.00015703994115667808
-0.5157050835971091, 4.384739234346378, -0.00015703990445997684
-0.5060132530375083, 4.384419862772849, -0.0001570398677587792
-0.4963214212356619, 4.384100528288607, -0.0001570398310528076
-0.4866295881914437, 4.383781230901652, -0.00015703979434206206
-0.4769377539047267, 4.383461970619984, -0.00015703975762665356
-0.467245918375385, 4.383142747451605, -0.00015703972090652663
-0.4575540816032915, 4.382823561404518, -0.00015703968418184777
-0.4478622435883202, 4.38250441248673, -0.00015703964745245047
-0.43817040433034454, 4.382185300706247, -0.00015703961071839023
-0.4284785638292381, 4.381866226071081, -0.00015703957397961155
-0.4187867220848747, 4.381547188589237, -0.00015703953723616992
-0.40909487909712794, 4.38122818826873, -0.0001570395004882319
-0.3994030348658714, 4.380909225117574, -0.0001570394637354089
-0.38971118939097904, 4.380590299143786, -0.00015703942697808948
-0.3800193426723244, 4.3802714103553795, -0.0001570393902159406
-0.3703274947097817, 4.379952558760377, -0.0001570393534492398
-0.36063564550322474, 4.379633744366799, -0.00015703931667770954
-0.35094379505252715, 4.379314967182671, -0.00015703927990173838
-0.341251943357563, 4.378996227216013, -0.00015703924312104878
-0.33156009041820617, 4.3786775244748535, -0.0001570392063355297
-0.3218682362343308, 4.378358858967218, -0.0001570391695454587
-0.3121763808058109, 4.378040230701134, -0.0001570391327507803
-0.3024845241325204, 4.377721639684638, -0.00015703909595132792
-0.2927926662143335, 4.377403085925762, -0.00015703905914737915
-0.28310080705112434, 4.377084569432535, -0.00015703902233848988
-0.27340894664276727, 4.376766090212998, -0.0001570389855251042
-0.2637170849891362, 4.37644764827519, -0.00015703894870694457
-0.25402522209010553, 4.376129243627149, -0.00015703891188428853
-0.2443333579455495, 4.375810876276917, -0.00015703887505702507
-0.23464149255534256, 4.375492546232532, -0.00015703883822482112
-0.22494962591935885, 4.375174253502048, -0.00015703880138812076
-0.2152577580374729, 4.374855998093505, -0.00015703876454670196
-0.2055658889095591, 4.374537780014955, -0.0001570387277005647
-0.19587401853549183, 4.374219599274443, -0.00015703869084982003
-0.18618214691514567, 4.3739014558800235, -0.00015703865399463446
-0.17649027404839512, 4.373583349839751, -0.0001570386171345084
-0.1667983999351148, 4.373265281161681, -0.0001570385802697749
-0.1571065245751791, 4.372947249853873, -0.000157038543400434
-0.1474146479684628, 4.3726292559243785, -0.00015703850652648566
-0.1377227701148406, 4.37231129938126, -0.00015703846964787438
-0.12803089101418716, 4.371993380232585, -0.00015703843276437812
-0.11833901066637721, 4.3716754984864155, -0.00015703839587649648
-0.10864712907128561, 4.371357654150816, -0.00015703835898400742
-0.09895524622878694, 4.37103984723385, -0.00015703832208657786
-0.08926336213875634, 4.3707220777435944, -0.0001570382851846519
-0.07957147680106849, 4.370404345688112, -0.000157038248278063
-0.06987959021559835, 4.370086651075478, -0.0001570382113668667
-0.060187702382220876, 4.369768993913766, -0.0001570381744508964
-0.05049581330081103, 4.369451374211057, -0.0001570381375303742
-0.04080392297124391, 4.3691337919754245, -0.00015703810060507806
-0.031112031393394433, 4.368816247214944, -0.00015703806367523
-0.021420138567137804, 4.368498739937703, -0.00015703802674060796
-0.011728244492349096, 4.368181270151783, -0.00015703798980143402
-0.0020363491689035403, 4.367863837865267, -0.00015703795285770816
0.007655547403323789, 4.3675464430862405, -0.00015703791590926386
0.017347445224457476, 4.367229085822792, -0.00015703787895599008
0.027039344294622448, 4.366911766083012, -0.00015703784199827542
0.036731244613943254, 4.366594483874992, -0.0001570378050357868
0.04642314618254454, 4.366277239206826, -0.00015703776806874625
0.056115049000551, 4.365960032086608, -0.0001570377310970983
0.06580695306808727, 4.365642862522435, -0.00015703769412062085
0.07549885838527784, 4.365325730522409, -0.00015703765713970252
0.08519076495224708, 4.3650086360946245, -0.00015703762015395473
0.09488267276911963, 4.364691579247182, -0.000157037583163544
0.10457458183601993, 4.364374559988189, -0.00015703754616858134
0.11426649215307237, 4.364057578325751, -0.00015703750916890025
0.12395840372040115, 4.363740634267974, -0.00015703747216472275
0.1336503165381309, 4.363423727822967, -0.00015703743515571578
0.14334223060638585, 4.363106858998839, -0.0001570373981422124
0.1530341459252901, 4.3627900278037055, -0.0001570373611241016
0.16272606249496796, 4.362473234245677, -0.00015703732410121685
0.17241798031554356, 4.362156478332872, -0.00015703728707378017
0.18210989938714112, 4.361839760073407, -0.00015703725004162505
0.19180181970988464, 4.361523079475402, -0.00015703721300475149
0.20149374128389833, 4.361206436546975, -0.00015703717596343703
0.21118566410930617, 4.360889831296251, -0.00015703713891723758
0.22087758818623204, 4.360573263731351, -0.00015703710186643072
0.23056951351480023, 4.360256733860406, -0.00015703706481107194
0.24026144009513448, 4.359940241691543, -0.00015703702775127226
0.2499533679273587, 4.35962378723289, -0.0001570369906865876
0.2596452970115966, 4.359307370492581, -0.00015703695361735104
0.26933722734797233, 4.358990991478746, -0.0001570369165433405
0.27902915893660946, 4.358674650199522, -0.00015703687946472256
0.2887210917776316, 4.358358346663039, -0.0001570368423816082
0.29841302587116275, 4.3580420808774445, -0.0001570368052937754
0.30810496121732656, 4.3577258528508755, -0.00015703676820127965
0.3177968978162465, 4.357409662591469, -0.0001570367311042875
0.32748883566804593, 4.3570935101073776, -0.0001570366940025214
0.33718077477284897, 4.356777395406742, -0.00015703665689614787
0.3468727151307791, 4.3564613184977095, -0.00015703661978516692
0.3565646567419594, 4.356145279388427, -0.00015703658266952303
0.3662565996065135, 4.355829278087044, -0.0001570365455491607
0.3759485437245649, 4.355513314601714, -0.00015703650842424643
0.385640489096237, 4.355197388940592, -0.00015703647129466924
0.3953324357216527, 4.354881501111836, -0.00015703643416059565
0.4050243836009358, 4.354565651123601, -0.0001570363970218036
0.4147163327342094, 4.3542498389840425, -0.00015703635987829312
0.42440828312159684, 4.353934064701329, -0.00015703632273006418
0.4341002347632211, 4.353618328283617, -0.00015703628557750537
0.44379218765920525, 4.3533026297390744, -0.0001570362484201726
0.45348414180967267, 4.352986969075867, -0.0001570362112581769
0.46317609721474623, 4.352671346302163, -0.00015703617409151827
0.47286805387454944, 4.352355761426131, -0.0001570361369203077
0.48256001178920493, 4.352040214455943, -0.00015703609974443422
0.4922519709588354, 4.351724705399774, -0.0001570360625639533
0.5019439313835642, 4.3514092342657955, -0.00015703602537886496
0.511635893063514, 4.351093801062182, -0.00015703598818911368
0.5213278559988082, 4.3507784057971195, -0.0001570359509948105
0.5310198201895688, 4.350463048478781, -0.00015703591379573334
0.5407117856359196, 4.3501477291153545, -0.00015703587659210427
0.5504037523379823, 4.349832447715018, -0.0001570358393839788
0.56009572029588, 4.349517204285962, -0.00015703580217096835
0.5697876895097355, 4.349201998836368, -0.00015703576495357252
0.5794796599796713, 4.348886831374431, -0.00015703572773140273
0.5891716317058098, 4.3485717019083365, -0.00015703569050457
0.5988636046882737, 4.348256610446277, -0.00015703565327318536
0.6085555789271854, 4.347941556996452, -0.0001570356160371933
0.6182475544226679, 4.347626541567056, -0.0001570355787965383
0.6279395311748429, 4.347311564166284, -0.00015703554155138688
0.6376315091838336, 4.346996624802331, -0.00015703550430146151
0.6473234884497616, 4.3466817234834085, -0.00015703546704703975
0.6570154689727492, 4.346366860217717, -0.00015703542978801055
0.6667074507529192, 4.346052035013453, -0.0001570353925242629
0.6763994337903937, 4.34573724787883, -0.00015703535525590784
0.6860914180852952, 4.345422498822055, -0.00015703531798300085
0.6957834036377454, 4.345107787851339, -0.00015703528070537542
0.7054753904478664, 4.344793114974893, -0.00015703524342314257
0.7151673785157807, 4.344478480200933, -0.00015703520613630229
0.7248593678416099, 4.344163883537666, -0.0001570351688449656
0.7345513584254761, 4.343849324993316, -0.00015703513154891047
0.7442433502675018, 4.343534804576105, -0.0001570350942481924
0.7539353433678083, 4.3432203222942425, -0.0001570350569428669
0.7636273377265177, 4.3429058781559595, -0.0001570350196329895
0.7733193333437522, 4.3425914721694765, -0.00015703498231850466
0.7830113302196331, 4.34227710434302, -0.0001570349449994124
0.792703328354282, 4.341962774684815, -0.0001570349076756017
0.8024460807235847, 4.341841243144331, -0.00015830863614069157
0.8122489873686844, 4.3419624380503885, -0.00015715407295291417
0.8220777032672806, 4.342076620228693, -0.00015740048092888204
0.8319123309563834, 4.342136176847346, -0.00015778686405776288
0.8417129540029824, 4.341612811006849, -0.0001599608321754542
0.8514350673201303, 4.3408847300874545, -0.00015522903276216082
0.8611848504391816, 4.340476992044149, -0.00015916372942931245
0.8709975619115357, 4.340310993281007, -0.00015783207272879185
0.8808353375296766, 4.340125004669281, -0.000158111530457139
0.8906733009773782, 4.339872435611034, -0.00015848243081906244
0.90050959468735, 4.339544867599369, -0.00015878564710719578
0.9103430412910914, 4.339138417906793, -0.0001590496224123661
0.9201724032390386, 4.338650072105983, -0.00015927115865205232
0.9300057812065621, 4.338025321147382, -0.0001575516996210613
0.9398350588465573, 4.337273296436694, -0.0001560390503282938
0.9496688211176955, 4.336423110014399, -0.00015600338782567613
0.9593367924983808, 4.335000837186229, -0.0001626356328679468
0.9689562238960516, 4.333338051492307, -0.00015167927568476847
0.9785599487755192, 4.33170083372231, -0.0001524441199165505
0.988029239865048, 4.329413603144606, -6.30541662476336e-05
0.9978446856097779, 4.3269108822477405, -7.186524286040274e-05
1.0074748192230676, 4.3246472071775806, -7.381328649452845e-05
1.0171101480349274, 4.3224914509255115, -7.450559034727355e-05
1.0267657275906705, 4.32042681017066, -7.503226112515193e-05
1.0365882693991624, 4.318916545725666, -7.433115302957205e-05
1.046626336376051, 4.318162862181563, -7.35170868157442e-05
1.0567031813857701, 4.31751626198749, -7.314444248540664e-05
1.0667794798223165, 4.316813594137034, -7.283681972336531e-05
1.0768400455641463, 4.31600114972707, -6.898204772542993e-05
1.0868372590977475, 4.314988238569008, -7.156930988067023e-05
1.106428177076014, 4.31169698324016, -7.26583361816413e-05
1.1162274829839396, 4.309940443728249, -7.29576002466703e-05
1.1261232826783574, 4.308433776915826, -7.28352630339213e-05
1.146169913988472, 4.30605580874873, -6.776219335136169e-05
1.1561259925573726, 4.304673403403552, -6.948722581856526e-05
1.1660596957885403, 4.303167576756967, -7.17827775157942e-05
1.1759893533402521, 4.301575310241988, -6.840762572474235e-05
1.1858966902625088, 4.299881412314101, -6.948531677825054e-05
1.195784901663238, 4.298090904039904, -7.200676703023046e-05
1.2056632367663922, 4.296213890347475, -6.86747659289777e-05
1.2155159312065713, 4.29423529014055, -6.977691050585877e-05
1.2253465483752273, 4.29216010351201, -7.232091071340818e-05
1.2449541354205225, 4.287735243318923, -7.012678578333098e-05
1.254718658663555, 4.285376022391676, -7.268936836063444e-05
1.2741859853300754, 4.280384088322652, -7.053078625757214e-05
1.2838760879364406, 4.277742292532315, -7.311119037267666e-05
1.293548609713558, 4.275014341544865, -6.98349260171982e-05
1.3031866061020139, 4.272186764703498, -7.098876860534009e-05
1.3127940714562643, 4.269264378478559, -7.358638732585243e-05
1.3223814496941106, 4.266256311970465, -7.03298164584365e-05
1.331931425690044, 4.263149615591701, -7.149962656549658e-05
1.3414481260316984, 4.2599489980221845, -7.411356776615419e-05
1.350942251869063, 4.256663272912002, -7.087613107081836e-05
1.3603961316074218, 4.253280015455657, -7.206087757721802e-05
1.3698140182273586, 4.249803814936128, -7.469005551696828e-05
1.379206855827726, 4.246243156373122, -7.147082156799822e-05
1.3885566308776627, 4.242586145858892, -7.266938794570077e-05
1.3978677196611378, 4.238837246505602, -7.531260758542047e-05
1.4071513003268534, 4.235004608830159, -7.21105848242587e-05
1.4163890331295235, 4.231076877589088, -7.332176181940042e-05
1.4255854123194382, 4.227058383008073, -7.597770256179137e-05
1.4347518380953939, 4.222956932823905, -7.279165309292956e-05
1.4438696600448848, 4.218761718803139, -7.40140573901038e-05
1.452943485503478, 4.2144769326830955, -7.668126745974391e-05
1.461984923981854, 4.21011003291583, -7.350982893639113e-05
1.4709750299238071, 4.2056507667490735, -7.474199096790812e-05
1.4799185209087904, 4.20110318329226, -7.741888660312002e-05
1.4888272047439162, 4.196474386669683, -7.426054780307334e-05
1.497681853122415, 4.19175468324867, -7.550147969570542e-05
1.5064872311065707, 4.186947875452094, -7.818899736461438e-05
1.5152552889978208, 4.182060621833907, -7.504345330827666e-05
1.5239665248414398, 4.177083792462225, -7.629233083877862e-05
1.5326579913730678, 4.172005012855144, -0.00012790481644131546
1.5411684079131882, 4.166985988696879, -0.00011830557631409278
1.5496714727789251, 4.161845947550562, -0.00011927913639853127
1.5580979509521071, 4.156604471676236, -0.00010805204492125853
1.5665072375673805, 4.15126323149869, -0.00010474215730393865
1.5748541021833773, 4.145841804759317, -0.00010733962967823807
1.583139419551401, 4.140342154397343, -0.0001081168595928883
1.59138535095612, 4.134761563442978, -0.00010670658018208101
1.5995621148435224, 4.129099886968065, -0.00010640866213457167
1.607685567602367, 4.123352807008946, -0.0001106673168493888
1.6157574463283233, 4.117532802339955, -0.00010616421929593445
1.6237683996148673, 4.111626179347871, -0.00010877994787622525
1.6317125244877546, 4.1056434016395675, -0.00010955066237539057
1.6396121376193542, 4.0995809487404316, -0.00010817127854068076
1.6474373668457352, 4.093440787931915, -0.00010785896312243137
1.6552040424767105, 4.087217667632164, -0.00011213963788830883
1.6629143967640694, 4.080924174343642, -0.00010761869707753835
1.670558527115735, 4.07454716701814, -0.00011025288220073426
1.6781309923719, 4.068097614640113, -0.00011099103288952916
1.6856540209230533, 4.061570582099929, -0.0001096149788525902
1.6930977250101247, 4.0549699912022446, -0.00010926571437142041
1.700477791000474, 4.0482895557333185, -0.00011354198829105488
1.7077969718042847, 4.041541871168904, -0.0001089856467157424
1.715044791379591, 4.034714349559275, -0.00011161440828805214
1.7222163356613214, 4.027818384134316, -0.00011230505894910259
1.7293336192805806, 4.020847616771736, -0.00011090938091773417
1.7363669061489975, 4.013807903856803, -0.00011050834957798683
1.7433316323082135, 4.006691935778529, -0.00011475761270318685
1.75023112166256, 3.999512248539989, -0.00011015408409131844
1.757054298920856, 3.992256853337492, -0.00011275682793721042
1.7637968507699886, 3.9849375010271055, -0.00011339116704733865
1.7704804579813405, 3.977546442965145, -0.00011195653000739547
1.777075700065893, 3.970091430952517, -0.00011149353192224654
1.7835976542759624, 3.96256417370795, -0.0001156967155086508
1.7900502678723542, 3.9549770767380643, -0.00011103817253699244
1.7964218578524414, 3.9473188255557026, -0.00011359775218472423
1.8027087806219078, 3.939601455209271, -0.00011417028835891685
1.8089322648467878, 3.9318158810122084, -0.00011268075540504796
1.8150633669313825, 3.9239716963154794, -0.00011214962462940958
1.8211167044524423, 3.9160596843316537, -0.00011629133957008486
1.827096892084627, 3.9080920373712114, -0.00011157367955849651
1.8329916335471965, 3.900058189358575, -0.0001140765726008186
1.8387980149412229, 3.891970379616557, -0.00011458558872362579
1.8445367036521951, 3.8838182535611816, -0.00011302921280292866
1.8498267218273217, 3.875451388903303, -0.00011038875961971728
1.8548185880025836, 3.8669151029574844, -0.00011283214191259994
1.859782393831477, 3.8583910514798228, -0.00011303868424189512
1.8647473763425184, 3.849848136097635, -0.00011090674072955498
1.8696877792316984, 3.841298721426816, -0.0001098717519172343
1.8746189733746232, 3.8327337778443265, -0.00011344294350928985
1.879547769862943, 3.824166364279562, -0.00010850137501000612
1.8844634262330335, 3.8155868289008033, -0.00011052608441119993
1.8893652480890288, 3.8070074228591326, -0.00011082425671282703
1.8942741286252374, 3.7984177353381594, -0.00010902549382302285
1.8991643990497948, 3.7898292192101763, -0.00010827323291418
1.904050650215624, 3.781231105725599, -0.00011205818875442697
1.9089393163251827, 3.7726353675917617, -0.00010731703989524943
1.9138187678072796, 3.7640313869816024, -0.0001094885927885314
1.9186879230496985, 3.755430634560805, -0.00010994694679633543
1.92356696979294, 3.7468220247215833, -0.00010831978683301102
1.928430095222107, 3.7382166561710526, -0.00010768335854216549
1.9332913319884073, 3.729603292636158, -0.00011154327496754046
1.9381568248763172, 3.7209936039821274, -0.00010687881228926832
1.943014575707736, 3.712376762918138, -0.00010910479114828453
1.947863330226092, 3.7037640424707363, -0.00010962178977558246
1.952722988149153, 3.6951441624800796, -0.00010805462904833751
1.9575676748908644, 3.6865281574257684, -0.0001074588344465166
1.9624112060173053, 3.6779046417681447, -0.00011134432678649997
1.967259636559141, 3.6692851873465657, -0.0001067066942002648
1.972100825367875, 3.6606589258604445, -0.00010895105707592334
1.9769334719057963, 3.6520370706937615, -0.00010948851022224426
1.981777361298147, 3.643408264589136, -0.00010794119674778502
1.9866066091746764, 3.634783549087376, -0.00010735945794754231
1.9914349423354374, 3.626151480030938, -0.00011125321911403807
1.9962683985203296, 3.6175235896321563, -0.00010662499941865855
2.0010947739245966, 3.6088890133975675, -0.00010887524343167199
2.00591276528494, 3.600258943198967, -0.00010941997376717749
2.0107421046787746, 3.591621978550378, -0.00010787884971352746
2.0155569173473924, 3.5829891886738494, -0.00010730212240556147
2.0203708861116656, 3.574349098341434, -0.00011119831400674407
2.025190057468549, 3.565713217418266, -0.00010657359567711744
2.0300021926622156, 3.557070699387819, -0.00010882549653423723
2.0348060015056246, 3.548432727225944, -0.00010937306376401779
2.039621184680452, 3.539787868170963, -0.0001078335432641575
2.0444218840360633, 3.531147225422546, -0.00010725879819156736
2.049221753439199, 3.5224993015325023, -0.00011115545849887942
2.054026856911086, 3.513855589584978, -0.00010653226640511271
2.0588249300848296, 3.505205265565845, -0.00010878440781492138
2.063614701204601, 3.4965595075268228, -0.00010933331122553458
2.068415846633669, 3.4879068540176137, -0.00010779385423964616
2.07320252718237, 3.4792584442904864, -0.00010722008211461187
2.0779883727694095, 3.470602761600638, -0.00011111654936651894
2.082779467880544, 3.4619512840579243, -0.00010649421138114734
2.0875635256520053, 3.4532932116792203, -0.00010874611409428248
2.092339294540739, 3.444639718871379, -0.00010929586281743786
2.0971264289426705, 3.435979316699821, -0.00010775595403600402
2.1018991094490547, 3.427323181137175, -0.00010718281926513917
2.106670943678299, 3.4186597771421603, -0.00011107887172900899
2.111448037564724, 3.410000568404919, -0.00010645716333829158
2.1162180828015775, 3.40133477952656, -0.0001087086666864967
2.1209798486650553, 3.39267358165896, -0.00010925909753589647
2.125752968334601, 3.3840054588095985, -0.0001077185637538558
2.1305116425035195, 3.375341623869772, -0.00010714595543476202
2.1352694570123862, 3.36667052386597, -0.00011104151848523314
2.144788560795453, 3.349330126309192, -0.00010867141497439281
2.149536310989607, 3.34066124616122, -0.00010922247447742173
2.1542954023312344, 3.3319854248814043, -0.00010768125694360364
2.159040055769268, 3.323313912321446, -0.00010710913939793176
2.173274872371269, 3.2972793821875164, -0.00010863414290246398
2.178008590566944, 3.288602840411269, -0.00010918581429703034
2.1827536369548897, 3.279919341217308, -0.0001076438925560752
2.1874842528367773, 3.2712401714066317, -0.00010707225527412101
2.192213980813285, 3.2625537425331355, -0.00011096678001260019
2.1969489923914107, 3.2538714753996385, -0.00010634668174369644
2.2016769163664662, 3.2451826693836523, -0.00010859677985786131
2.206396585277079, 3.236498486097404, -0.00010914905865117008
2.211127569347208, 3.227807329103548, -0.0001076064250742359
2.215844130309083, 3.2191205221229464, -0.00010703526595767787
2.2205597891351565, 3.2104264590770066, -0.00011092926386746527
2.2252807392547833, 3.2017365463828034, -0.00010630968768876592
2.2299945886187853, 3.1930401085166604, -0.00010855930390291091
2.234700190912179, 3.1843483038325506, -0.00010911218968973069
2.2394170953283155, 3.1756495091908103, -0.00010756884095958208
